CASE_ID,ACCIDENT_YEAR,PROC_DATE,JURIS,COLLISION_DATE,COLLISION_TIME,OFFICER_ID,REPORTING_DISTRICT,DAY_OF_WEEK,CHP_SHIFT,POPULATION,CNTY_CITY_LOC,SPECIAL_COND,BEAT_TYPE,CHP_BEAT_TYPE,CITY_DIVISION_LAPD,CHP_BEAT_CLASS,BEAT_NUMBER,PRIMARY_RD,SECONDARY_RD,DISTANCE,DIRECTION,INTERSECTION,WEATHER_1,WEATHER_2,STATE_HWY_IND,CALTRANS_COUNTY,CALTRANS_DISTRICT,STATE_ROUTE,ROUTE_SUFFIX,POSTMILE_PREFIX,POSTMILE,LOCATION_TYPE,RAMP_INTERSECTION,SIDE_OF_HWY,TOW_AWAY,COLLISION_SEVERITY,NUMBER_KILLED,NUMBER_INJURED,PARTY_COUNT,PRIMARY_COLL_FACTOR,PCF_CODE_OF_VIOL,PCF_VIOL_CATEGORY,PCF_VIOLATION,PCF_VIOL_SUBSECTION,HIT_AND_RUN,TYPE_OF_COLLISION,MVIW,PED_ACTION,ROAD_SURFACE,ROAD_COND_1,ROAD_COND_2,LIGHTING,CONTROL_DEVICE,CHP_ROAD_TYPE,PEDESTRIAN_ACCIDENT,BICYCLE_ACCIDENT,MOTORCYCLE_ACCIDENT,TRUCK_ACCIDENT,NOT_PRIVATE_PROPERTY,ALCOHOL_INVOLVED,STWD_VEHTYPE_AT_FAULT,CHP_VEHTYPE_AT_FAULT,COUNT_SEVERE_INJ,COUNT_VISIBLE_INJ,COUNT_COMPLAINT_PAIN,COUNT_PED_KILLED,COUNT_PED_INJURED,COUNT_BICYCLIST_KILLED,COUNT_BICYCLIST_INJURED,COUNT_MC_KILLED,COUNT_MC_INJURED,PRIMARY_RAMP,SECONDARY_RAMP,LATITUDE,LONGITUDE,COUNTY,CITY,POINT_X,POINT_Y
8685338,2018,2018-10-03,1942,2018-08-02,1715,34269,0156,4,5,7,1942,0,0,0,A,0,1A35,6TH ST,SAN PEDRO ST,0,NA,Y,A,-,N,NA,NA,NA,NA,NA,NA,NA,NA,NA,Y,4,0,1,2,A,-,08,22100,B,N,D,C,A,A,H,-,A,D,0,NA,NA,NA,NA,Y,NA,A,01,0,0,1,0,0,0,0,0,0,-,-,NA,NA,LOS ANGELES,LOS ANGELES,-118.24526977539064,34.042259216308594
8685342,2018,2018-10-03,1942,2018-08-03,1925,33452,0195,5,5,7,1942,0,0,0,A,0,1A85,E PICO BL,S LOS ANGELES ST,0,NA,Y,A,-,N,NA,NA,NA,NA,NA,NA,NA,NA,NA,N,4,0,2,2,A,-,12,21453,A,N,-,C,A,A,H,-,A,A,0,NA,NA,NA,NA,Y,NA,-,-,0,0,2,0,0,0,0,0,0,-,-,NA,NA,LOS ANGELES,LOS ANGELES,-118.25936126708984,34.03575134277344
8685347,2018,2018-10-03,1906,2018-03-11,1826,4422,NA,7,5,5,1906,0,0,0,NA,0,001,FAIRGROVE ST,EDISON POLE #3198689E,21,E,N,A,-,N,NA,NA,NA,NA,NA,NA,NA,NA,NA,N,4,0,1,2,A,-,03,22350,NA,F,C,C,A,A,H,-,A,D,0,NA,NA,NA,NA,Y,NA,A,07,0,0,1,0,0,0,0,0,0,-,-,NA,NA,LOS ANGELES,BALDWIN PARK,NA,NA
8685353,2018,2018-09-10,1942,2018-07-20,2200,38613,1659,5,5,7,1942,0,0,0,P,0,16A59,TUJUNGA CANYON PL,CREEMORE DR,70,W,N,A,-,N,NA,NA,NA,NA,NA,NA,NA,NA,NA,Y,4,0,1,2,A,-,03,22350,NA,N,B,E,A,A,H,-,C,D,0,NA,NA,NA,NA,Y,NA,A,01,0,0,1,0,0,0,0,0,0,-,-,NA,NA,LOS ANGELES,LOS ANGELES,-118.27143096923828,34.24658203125
8685361,2018,2018-10-23,1925,2018-08-04,2008,16993,276,6,5,6,1925,0,0,0,NA,0,002,BRAND BL,LOS FELIZ BL,0,NA,Y,A,-,N,NA,NA,NA,NA,NA,NA,NA,NA,NA,Y,3,0,6,2,A,-,12,21453,A,N,D,C,A,A,H,-,C,A,0,NA,NA,NA,NA,Y,NA,A,NA,0,1,5,0,0,0,0,0,0,-,-,NA,NA,LOS ANGELES,GLENDALE,-118.25496673583984,34.12868881225586
8685365,2018,2018-10-08,1900,2018-08-05,1820,609671,1348,7,5,3,1903,0,0,0,NA,0,134,PIONEER BL,ARTESIA BL,100,N,N,A,-,N,NA,NA,NA,NA,NA,NA,NA,NA,NA,N,3,0,1,2,A,-,08,22100,A,N,D,C,A,A,H,-,A,D,0,NA,NA,Y,NA,Y,NA,A,07,0,1,0,0,0,0,0,0,1,-,-,NA,NA,LOS ANGELES,ARTESIA,-118.08233642578124,33.873382568359375
8685369,2018,2018-10-08,1900,2018-08-04,0723,609678,1333,6,5,5,1908,0,0,0,NA,0,133DE,ROSECRANS AV,WOODRUFF AV,0,NA,Y,A,-,N,NA,NA,NA,NA,NA,NA,NA,NA,NA,Y,3,0,2,2,A,-,12,21453,A,N,D,D,A,A,H,-,A,A,0,NA,NA,NA,NA,Y,NA,A,01,0,2,0,0,0,0,0,0,0,-,-,33.90203094482422,-118.11672973632813,LOS ANGELES,BELLFLOWER,-118.1166763305664,33.90203094482422
8685380,2018,2018-10-04,1900,2018-07-31,1126,611158,2112,2,5,5,1943,0,0,0,NA,0,212T4,MARTIN LUTHER KING JR BL,CALIFORNIA AV,0,NA,Y,A,-,N,NA,NA,NA,NA,NA,NA,NA,NA,NA,N,4,0,1,2,D,-,00,NA,NA,N,D,C,A,A,H,-,A,A,0,NA,NA,NA,NA,Y,NA,-,-,0,0,1,0,0,0,0,0,0,-,-,NA,NA,LOS ANGELES,LYNWOOD,-118.20842742919922,33.93632125854492
8685384,2018,2018-10-04,1900,2018-07-31,1630,535239,2116,2,5,5,1943,0,0,0,NA,0,212E3,LONG BEACH BL,BURTON AV,20,N,N,A,-,N,NA,NA,NA,NA,NA,NA,NA,NA,NA,N,4,0,1,2,A,-,11,21954,A,N,G,B,D,A,H,-,A,A,0,Y,NA,NA,NA,Y,NA,N,60,0,0,1,0,1,0,0,0,0,-,-,NA,NA,LOS ANGELES,LYNWOOD,-118.20936584472656,33.915924072265625
8685388,2018,2018-10-04,1900,2018-07-31,1830,600544,2112,2,5,5,1943,0,0,0,NA,0,212T3,MARTIN LUTHER KING JR BL,CALIFORNIA AV,0,NA,Y,A,-,N,NA,NA,NA,NA,NA,NA,NA,NA,NA,Y,3,0,3,2,A,-,12,21453,A,N,A,C,A,A,H,-,A,A,0,NA,NA,NA,NA,Y,NA,A,01,0,2,1,0,0,0,0,0,0,-,-,NA,NA,LOS ANGELES,LYNWOOD,-118.20842742919922,33.93632125854492
8685392,2018,2018-10-04,1931,2018-07-20,1141,5649,1931,5,5,5,1931,0,0,0,NA,0,002,SLAUSON AV,STATE ST,512,W,N,A,-,N,NA,NA,NA,NA,NA,NA,NA,NA,NA,N,4,0,1,2,A,-,03,22350,NA,N,C,C,A,A,H,-,A,D,0,NA,NA,NA,NA,Y,NA,A,01,0,0,1,0,0,0,0,0,0,-,-,NA,NA,LOS ANGELES,HUNTINGTON PARK,-118.214501,33.989185
8685438,2018,2018-08-24,1942,2018-07-25,1440,42103,1664,3,5,7,1942,0,0,0,P,0,16A89,GLENOAKS BL,PENDLETON ST,400,N,N,A,-,N,NA,NA,NA,NA,NA,NA,NA,NA,NA,Y,4,0,1,2,A,-,09,21801,A,N,D,C,A,A,H,-,A,D,0,NA,NA,NA,NA,Y,NA,A,01,0,0,1,0,0,0,0,0,0,-,-,NA,NA,LOS ANGELES,LOS ANGELES,-118.37537384033205,34.2382698059082
8685459,2018,2018-08-29,1976,2018-08-03,1253,452,1976,5,5,5,1976,0,0,0,NA,0,003,PAINTER AV,TEDEMORY DR,0,NA,Y,A,-,N,NA,NA,NA,NA,NA,NA,NA,NA,NA,N,4,0,1,2,A,-,09,21802,A,N,D,C,A,A,H,-,A,A,0,NA,NA,NA,NA,Y,NA,A,07,0,0,1,0,0,0,0,0,0,-,-,NA,NA,LOS ANGELES,WHITTIER,-118.0326919555664,33.96685028076172
8685463,2018,2018-08-29,1976,2018-08-13,0610,477,NA,1,5,5,1976,0,0,0,NA,0,002,MULBERRY DR,GREENLEAF AV,0,NA,Y,A,-,N,NA,NA,NA,NA,NA,NA,NA,NA,NA,Y,3,0,4,3,A,-,12,21453,A,N,D,C,A,A,H,-,A,A,0,NA,NA,NA,NA,Y,NA,A,01,0,1,3,0,0,0,0,0,0,-,-,NA,NA,LOS ANGELES,WHITTIER,-118.04680633544922,33.95613098144531
8685472,2018,2018-08-29,1963,2018-07-13,1453,348,225,5,5,3,1963,0,0,0,NA,0,TWO,SAN MARINO AV,LORAIN RD,0,NA,Y,A,-,N,NA,NA,NA,NA,NA,NA,NA,NA,NA,Y,4,0,2,3,A,-,03,22350,NA,N,C,C,A,A,H,-,A,D,0,NA,NA,NA,NA,Y,NA,A,08,0,0,2,0,0,0,0,0,0,-,-,NA,NA,LOS ANGELES,SAN MARINO,-118.10472869873048,34.11540985107422
8685474,2018,2018-10-02,1900,2018-08-06,1030,608276,2118,1,5,5,1943,0,0,0,NA,0,212T4,ATLANTIC AV,CARLIN AV,0,NA,Y,A,-,N,NA,NA,NA,NA,NA,NA,NA,NA,NA,Y,4,0,1,3,A,-,09,21801,A,N,A,C,A,A,H,-,A,A,0,NA,NA,NA,NA,Y,NA,A,01,0,0,1,0,0,0,0,0,0,-,-,NA,NA,LOS ANGELES,LYNWOOD,-118.19200897216795,33.91033935546875
8685476,2018,2018-08-29,1963,2018-07-05,0919,348,104,4,5,3,1963,0,0,0,NA,0,ONE,HUNTINGTON DR,GARFIELD AV,0,NA,Y,A,-,N,NA,NA,NA,NA,NA,NA,NA,NA,NA,Y,4,0,2,4,A,-,12,21453,A,N,-,C,A,A,H,-,A,A,0,NA,NA,NA,NA,Y,NA,A,01,0,0,2,0,0,0,0,0,0,-,-,NA,NA,LOS ANGELES,SAN MARINO,-118.13535308837892,34.106510162353516
8685479,2018,2018-08-29,1900,2018-08-07,0700,610045,1333,2,5,5,1908,0,0,0,NA,0,133T2,FLORA VISTA ST,WOODRUFF AV,15,W,N,A,-,N,NA,NA,NA,NA,NA,NA,NA,NA,NA,N,3,0,1,2,A,-,10,21950,A,N,G,B,B,A,H,-,A,A,0,Y,NA,NA,NA,Y,NA,A,01,0,1,0,0,1,0,0,0,0,-,-,NA,NA,LOS ANGELES,BELLFLOWER,-118.11734771728516,33.88191604614258
8685508,2018,2018-08-29,1963,2018-07-19,2002,00290,104,4,5,3,1963,0,0,0,NA,0,001,LOS ROBLES AV,HUNTINGTON DR,0,NA,Y,A,-,N,NA,NA,NA,NA,NA,NA,NA,NA,NA,Y,3,0,1,2,A,-,09,21801,A,N,A,C,A,A,H,-,B,A,0,NA,NA,Y,NA,Y,NA,A,01,0,1,0,0,0,0,0,0,1,-,-,NA,NA,LOS ANGELES,SAN MARINO,-118.13471221923828,34.10689163208008
8685512,2018,2018-08-29,1963,2018-07-16,1306,00346,104,1,5,3,1963,0,0,0,NA,0,ONE,HUNTINGTON DR  E,OAK KNOLL AV,34,W,N,A,-,N,NA,NA,NA,NA,NA,NA,NA,NA,NA,N,4,0,1,2,A,-,03,22350,NA,N,C,C,A,A,H,-,A,A,0,NA,NA,NA,NA,Y,NA,A,01,0,0,1,0,0,0,0,0,0,-,-,NA,NA,LOS ANGELES,SAN MARINO,-118.12696838378906,34.11198043823242
8685546,2018,2018-10-03,1902,2018-08-08,1202,668,32,3,5,5,1902,0,0,0,NA,0,005,2ND AV,NORMAN AV,331,S,N,A,-,N,NA,NA,NA,NA,NA,NA,NA,NA,NA,Y,3,0,2,2,A,-,08,22107,NA,N,G,B,F,A,H,-,A,D,0,Y,NA,NA,NA,Y,NA,-,NA,0,2,0,0,1,0,0,0,0,-,-,NA,NA,LOS ANGELES,ARCADIA,-118.02481079101564,34.11913299560547
8685562,2018,2018-10-03,1931,2018-08-12,1823,5281,1931,7,5,5,1931,0,0,0,NA,0,001,SOTO ST,58TH ST,15,S,N,A,-,N,NA,NA,NA,NA,NA,NA,NA,NA,NA,Y,3,0,1,1,A,-,07,21658,A,N,A,I,A,A,H,-,A,D,0,NA,NA,NA,NA,Y,NA,A,01,0,1,0,0,0,0,0,0,0,-,-,NA,NA,LOS ANGELES,HUNTINGTON PARK,-118.21936798095705,33.990108489990234
8685594,2018,2018-10-03,1900,2018-08-03,1500,606772,2112,5,5,5,1943,0,0,0,NA,0,212D1,CALIFORNIA AV,NORTON AV,0,NA,Y,A,-,N,NA,NA,NA,NA,NA,NA,NA,NA,NA,N,4,0,1,2,A,-,12,22450,A,N,D,G,A,A,-,-,A,A,0,NA,Y,NA,NA,Y,NA,L,04,0,0,1,0,0,0,1,0,0,-,-,NA,NA,LOS ANGELES,LYNWOOD,-118.20850372314452,33.93286895751953
8685598,2018,2018-10-03,1900,2018-08-08,0612,453085,2112,3,5,5,1943,0,0,0,NA,0,212T4,LONG BEACH BL,STATE ST,0,NA,Y,A,-,N,NA,NA,NA,NA,NA,NA,NA,NA,NA,Y,4,0,1,2,D,-,00,NA,NA,N,D,C,A,A,H,-,A,A,0,NA,NA,NA,NA,Y,NA,-,-,0,0,1,0,0,0,0,0,0,-,-,NA,NA,LOS ANGELES,LYNWOOD,-118.21456909179688,33.940189361572266
8685644,2018,2018-08-29,1931,2018-08-16,0013,5325,1931,4,5,5,1931,0,0,0,NA,0,AREA1,E GAGE AV,RUGBY AV,3,W,N,A,-,N,NA,NA,NA,NA,NA,NA,NA,NA,NA,N,4,0,1,2,D,-,00,NA,NA,F,G,B,E,A,H,-,C,D,0,Y,NA,NA,NA,Y,NA,-,-,0,0,1,0,1,0,0,0,0,-,-,NA,NA,LOS ANGELES,HUNTINGTON PARK,-118.2265625,33.98162841796875
8685648,2018,2018-09-11,1931,2018-08-14,1007,5649,1931,2,5,5,1931,0,0,0,NA,0,002,MILES AV,RANDOLPH ST,0,NA,Y,A,-,N,NA,NA,NA,NA,NA,NA,NA,NA,NA,N,4,0,1,2,A,-,12,21453,A,N,D,C,A,A,H,-,A,A,0,NA,NA,NA,NA,Y,NA,-,-,0,0,1,0,0,0,0,0,0,-,-,NA,NA,LOS ANGELES,HUNTINGTON PARK,-118.21923065185548,33.984928131103516
8685652,2018,2018-08-28,1931,2018-08-06,1836,5321,NA,1,5,5,1931,0,0,0,NA,0,NA,RANDOLPH ST,PACIFIC BL,382,E,N,A,-,N,NA,NA,NA,NA,NA,NA,NA,NA,NA,N,4,0,2,2,A,-,09,21804,A,N,D,C,A,A,H,-,A,D,0,NA,NA,NA,NA,Y,NA,A,08,0,0,2,0,0,0,0,0,0,-,-,NA,NA,LOS ANGELES,HUNTINGTON PARK,-118.22395324707033,33.98542022705078
8685660,2018,2018-11-08,1926,2018-08-08,1715,0082,NA,3,5,5,1926,0,0,0,NA,0,002,RT 66,GRAND AV,280,W,N,A,-,N,NA,NA,NA,NA,NA,NA,NA,NA,NA,N,4,0,1,2,A,-,05,21202,A,F,D,G,A,A,H,-,A,D,0,NA,Y,NA,NA,Y,NA,L,04,0,0,1,0,0,0,1,0,0,-,-,NA,NA,LOS ANGELES,GLENDORA,-117.87364196777344,34.12881851196289
8685664,2018,2018-11-08,1926,2018-08-14,1531,0022,NA,2,5,5,1926,0,0,0,NA,0,001,RT 66,PARKER AV,302,E,N,A,-,N,NA,NA,NA,NA,NA,NA,NA,NA,NA,N,4,0,1,2,A,-,03,22350,NA,N,C,C,A,A,H,-,A,D,0,NA,NA,NA,NA,Y,NA,A,01,0,0,1,0,0,0,0,0,0,-,-,NA,NA,LOS ANGELES,GLENDORA,-117.87008666992188,34.12881088256836
8685688,2018,2018-09-04,1955,2018-07-25,1710,30562,97,3,5,6,1955,0,0,0,NA,0,003,RESERVOIR ST,3RD ST,0,NA,Y,A,-,N,NA,NA,NA,NA,NA,NA,NA,NA,NA,N,3,0,1,2,A,-,09,21802,A,N,D,C,A,A,D,-,A,A,0,NA,NA,NA,NA,Y,NA,D,22,0,1,0,0,0,0,0,0,0,-,-,NA,NA,LOS ANGELES,POMONA,-117.7326431274414,34.05733871459961
8685696,2018,2018-09-04,1955,2018-07-31,1236,42144,58,2,5,6,1955,0,0,0,NA,0,001,MISSION BL,PHILLIPS BL,0,NA,Y,A,-,N,NA,NA,NA,NA,NA,NA,NA,NA,NA,Y,4,0,1,2,A,-,12,21453,A,N,D,C,A,A,H,-,A,A,0,NA,NA,NA,NA,Y,NA,A,01,0,0,1,0,0,0,0,0,0,-,-,NA,NA,LOS ANGELES,POMONA,-117.79264068603516,34.050899505615234
8685703,2018,2018-09-04,1928,2018-07-18,1132,239,520,3,5,5,1928,0,0,0,NA,0,503,CRENSHAW BL,139TH ST,400,S,N,A,-,N,NA,NA,NA,NA,NA,NA,NA,NA,NA,Y,4,0,1,3,A,-,08,22107,NA,N,F,E,A,A,H,-,A,D,0,NA,NA,NA,NA,Y,NA,A,01,0,0,1,0,0,0,0,0,0,-,-,33.905548095703125,-118.32650756835938,LOS ANGELES,HAWTHORNE,-118.32650756835938,33.90445327758789
8685707,2018,2018-09-04,1928,2018-07-31,1849,331,522,2,5,5,1928,0,0,0,NA,0,003,MARINE AV,PRAIRIE AV,0,NA,Y,A,-,N,NA,NA,NA,NA,NA,NA,NA,NA,NA,N,4,0,1,4,A,-,08,22107,NA,N,D,C,A,A,H,-,A,A,0,NA,NA,NA,NA,Y,NA,D,22,0,0,1,0,0,0,0,0,0,-,-,33.784629821777344,-118.3438720703125,LOS ANGELES,HAWTHORNE,-118.34384155273438,33.894649505615234
8685715,2018,2019-02-21,1969,2018-08-02,1436,563,1909,4,5,5,1969,0,0,0,NA,0,SOUTH,GARFIELD AV,EASTERN AV,0,NA,Y,A,-,N,NA,NA,NA,NA,NA,NA,NA,NA,NA,N,4,0,1,2,D,-,00,NA,NA,N,B,C,A,A,H,-,A,A,0,NA,NA,NA,Y,Y,NA,-,-,0,0,1,0,0,0,0,0,0,-,-,NA,NA,LOS ANGELES,SOUTH GATE,-118.16388702392578,33.95351028442383
8685811,2018,2018-08-30,1900,2018-06-04,1810,518260,2111,1,5,5,1943,0,0,0,NA,0,212E1,IMPERIAL HWY,LONG BEACH BL,35,W,N,A,-,N,NA,NA,NA,NA,NA,NA,NA,NA,NA,Y,4,0,1,2,A,-,09,21804,A,N,D,C,A,A,H,-,A,A,0,NA,NA,NA,NA,Y,NA,A,01,0,0,1,0,0,0,0,0,0,-,-,NA,NA,LOS ANGELES,LYNWOOD,-118.21176147460938,33.930477142333984
8685924,2018,2018-10-09,1955,2018-08-12,1305,42440,94,7,5,6,1955,0,0,0,NA,0,004,TOWNE AV,PHILLIPS BL,0,NA,Y,A,-,N,NA,NA,NA,NA,NA,NA,NA,NA,NA,Y,4,0,1,2,A,-,12,21453,A,N,D,C,A,A,H,-,A,A,0,NA,NA,NA,NA,Y,NA,A,01,0,0,1,0,0,0,0,0,0,-,-,NA,NA,LOS ANGELES,POMONA,-117.74093627929688,34.04441833496094
8685932,2018,2018-10-09,1900,2018-08-07,1650,600544,2111,2,5,5,1943,0,0,0,NA,0,212T3,IMPERIAL HWY,LONG BEACH BL,120,W,N,A,-,N,NA,NA,NA,NA,NA,NA,NA,NA,NA,N,4,0,1,2,A,-,09,21804,A,N,D,C,A,A,H,-,A,A,0,NA,NA,NA,NA,Y,NA,A,07,0,0,1,0,0,0,0,0,0,-,-,NA,NA,LOS ANGELES,LYNWOOD,-118.21202850341795,33.930416107177734
8685961,2018,2018-09-06,1928,2018-07-31,1438,324,501,2,5,5,1928,0,0,0,NA,0,501,120TH ST,TRURO AV,0,NA,Y,A,-,N,NA,NA,NA,NA,NA,NA,NA,NA,NA,N,4,0,1,2,A,-,12,22450,A,M,D,C,A,A,H,-,A,A,0,NA,NA,NA,NA,Y,NA,A,01,0,0,1,0,0,0,0,0,0,-,-,33.923641204833984,-118.35820770263672,LOS ANGELES,HAWTHORNE,-118.35810089111328,33.923648834228516
8685966,2018,2018-10-05,1928,2018-08-08,0622,406,516,3,5,5,1928,0,0,0,NA,0,503,JEFFERSON AV,139TH ST,0,NA,Y,A,-,N,NA,NA,NA,NA,NA,NA,NA,NA,NA,Y,3,0,1,2,A,-,08,22107,NA,N,D,E,A,A,H,-,A,A,0,NA,NA,NA,NA,Y,Y,A,07,0,1,0,0,0,0,0,0,0,-,-,33.90525817871094,-118.34671783447266,LOS ANGELES,HAWTHORNE,-118.34671783447266,33.90523147583008
8685970,2018,2018-10-05,1928,2018-08-08,1751,384,520,3,5,5,1928,0,0,0,NA,0,503,CRENSHAW BL,ROSECRANS AV,413,N,N,A,-,N,NA,NA,NA,NA,NA,NA,NA,NA,NA,Y,4,0,1,2,A,-,01,23152,A,N,C,C,A,A,H,-,A,A,0,NA,NA,NA,NA,Y,Y,A,01,0,0,1,0,0,0,0,0,0,-,-,33.90187072753906,-118.32649230957033,LOS ANGELES,HAWTHORNE,-118.32652282714844,33.90306091308594
8685974,2018,2018-10-05,1928,2018-08-10,1655,404,530,5,5,5,1928,0,0,0,NA,0,501,IMPERIAL HWY,RAMONA AV,0,NA,Y,A,-,N,NA,NA,NA,NA,NA,NA,NA,NA,NA,N,4,0,2,2,A,-,09,21801,A,N,D,C,A,A,H,-,A,A,0,NA,NA,NA,NA,Y,NA,A,07,0,0,2,0,0,0,0,0,0,-,-,33.930938720703125,-118.3569107055664,LOS ANGELES,HAWTHORNE,-118.35698699951172,33.930938720703125
8685978,2018,2018-10-05,1909,2018-08-05,1300,389,1909,7,5,4,1909,0,0,0,NA,0,NORTH,SUVA ST,SCOTT AV,529,W,N,A,-,N,NA,NA,NA,NA,NA,NA,NA,NA,NA,Y,3,0,2,2,A,-,08,22102,NA,N,D,C,A,-,H,-,A,D,0,NA,NA,NA,NA,Y,NA,A,01,0,1,1,0,0,0,0,0,0,-,-,NA,NA,LOS ANGELES,BELL GARDENS,-118.13961029052734,33.96683120727539
8685982,2018,2018-10-08,1909,2018-08-05,1417,389,1909,7,5,4,1909,0,0,0,NA,0,SOUTH,FLORENCE AV,GARFIELD AV,101,W,N,A,-,N,NA,NA,NA,NA,NA,NA,NA,NA,NA,N,4,0,1,2,A,-,03,22350,NA,N,C,C,A,A,H,-,A,A,0,NA,NA,NA,NA,Y,NA,A,01,0,0,1,0,0,0,0,0,0,-,-,NA,NA,LOS ANGELES,BELL GARDENS,-118.15195465087892,33.965511322021484
8685986,2018,2018-10-08,1909,2018-08-02,1622,568,1909,4,5,4,1909,0,0,0,NA,0,NORTH,GAGE AV,AJAX AV,3,E,N,A,-,N,NA,NA,NA,NA,NA,NA,NA,NA,NA,N,3,0,1,2,A,-,10,21950,C,N,G,B,B,A,H,-,A,A,0,Y,NA,NA,NA,Y,NA,A,01,0,1,0,0,1,0,0,0,0,-,-,NA,NA,LOS ANGELES,BELL GARDENS,-118.16217803955078,33.97534942626953
8685990,2018,2018-10-08,1909,2018-08-08,1136,389,1909,3,5,4,1909,0,0,0,NA,0,SOUTH,GARFIELD AV,EASTERN AV,0,NA,Y,A,-,N,NA,NA,NA,NA,NA,NA,NA,NA,NA,N,4,0,1,2,A,-,03,22350,NA,N,C,C,A,A,H,-,A,D,0,NA,NA,NA,NA,Y,NA,A,01,0,0,1,0,0,0,0,0,0,-,-,NA,NA,LOS ANGELES,BELL GARDENS,-118.16388702392578,33.95351028442383
8685991,2018,2018-10-05,1955,2018-08-13,0832,40620,52,1,5,6,1955,0,0,0,NA,0,005,MISSION BL,DUDLEY ST,650,E,N,A,-,N,NA,NA,NA,NA,NA,NA,NA,NA,NA,Y,3,0,2,3,A,-,08,22107,NA,N,C,E,A,A,D,-,A,D,0,NA,NA,NA,NA,Y,NA,A,01,0,2,0,0,0,0,0,0,0,-,-,NA,NA,LOS ANGELES,POMONA,-117.77362060546876,34.054359436035156
8685994,2018,2018-10-08,1909,2018-08-07,0903,560,1909,2,5,4,1909,0,0,0,NA,0,WEST,FLORENCE AV,AJAX AV,0,NA,Y,A,-,N,NA,NA,NA,NA,NA,NA,NA,NA,NA,N,4,0,1,2,A,-,10,21950,A,N,G,B,B,A,H,-,A,A,0,Y,NA,NA,NA,Y,NA,A,08,0,0,1,0,1,0,0,0,0,-,-,NA,NA,LOS ANGELES,BELL GARDENS,-118.16329193115234,33.9676399230957
8685995,2018,2018-10-05,1955,2018-08-05,1640,41906,35,7,5,6,1955,0,0,0,NA,0,002,PARK AV,ARTESIA ST,0,NA,Y,A,-,N,NA,NA,NA,NA,NA,NA,NA,NA,NA,Y,4,0,1,2,A,-,09,21802,A,N,D,C,A,A,H,-,A,A,0,NA,NA,NA,NA,Y,NA,A,07,0,0,1,0,0,0,0,0,0,-,-,NA,NA,LOS ANGELES,POMONA,-117.75315856933594,34.076778411865234
8685999,2018,2018-10-05,1955,2018-08-05,1328,42489,30,7,5,6,1955,0,0,0,NA,0,002,GROVE ST,MERRIFIELD AV,0,NA,Y,A,-,N,NA,NA,NA,NA,NA,NA,NA,NA,NA,N,4,0,1,2,A,-,09,21804,A,N,B,C,A,A,H,-,-,D,0,NA,NA,NA,NA,Y,NA,A,08,0,0,1,0,0,0,0,0,0,-,-,NA,NA,LOS ANGELES,POMONA,-117.74253845214844,34.10335922241211
8686008,2018,2018-09-13,1942,2018-06-12,1618,33130,4201,2,5,7,1942,0,0,0,NA,0,1X23,CESAR E CHAVEZ,FIGUEROA,126,E,N,A,-,N,NA,NA,NA,NA,NA,NA,NA,NA,NA,N,3,0,1,2,A,-,17,21200,NA,N,B,G,A,A,H,-,A,D,0,NA,Y,NA,NA,Y,NA,L,04,0,1,0,0,0,0,1,0,0,-,-,NA,NA,LOS ANGELES,LOS ANGELES,-118.24601745605467,34.062416076660156
8686014,2018,2018-10-18,1967,2018-08-18,2320,141,NA,6,5,2,1967,0,0,0,NA,0,SOUTH,HILL,OBISPO AV,0,NA,Y,A,-,N,NA,NA,NA,NA,NA,NA,NA,NA,NA,Y,4,0,4,2,A,-,01,23153,A,N,D,C,A,A,H,-,C,A,0,NA,NA,NA,NA,Y,Y,A,01,0,0,4,0,0,0,0,0,0,-,-,NA,NA,LOS ANGELES,SIGNAL HILL,-118.15457916259766,33.797080993652344
8686022,2018,2018-10-18,1941,2018-08-08,1315,5555,NA,3,5,7,1941,0,0,0,NA,0,NA,MARKET ST,LIME AV,0,NA,Y,A,-,N,NA,NA,NA,NA,NA,NA,NA,NA,NA,N,4,0,1,2,A,-,09,21802,A,F,D,C,A,A,H,-,A,A,0,NA,NA,NA,NA,Y,NA,A,NA,0,0,1,0,0,0,0,0,0,-,-,NA,NA,LOS ANGELES,LONG BEACH,-118.18396759033205,33.85435104370117
8686026,2018,2018-10-18,1941,2018-08-06,0947,10916,NA,1,5,7,1941,0,0,0,NA,0,NA,HERMOSA AV,1ST ST,0,NA,Y,A,-,N,NA,NA,NA,NA,NA,NA,NA,NA,NA,N,3,0,1,2,D,-,00,NA,NA,F,C,G,A,A,H,-,A,D,0,NA,Y,NA,NA,Y,NA,-,-,0,1,0,0,0,0,1,0,0,-,-,NA,NA,LOS ANGELES,LONG BEACH,-118.16999053955078,33.765811920166016
8686030,2018,2018-10-18,1941,2018-08-14,1430,5129,NA,2,5,7,1941,0,0,0,NA,0,NA,CARSON,CLARK AV,350,W,N,A,-,N,NA,NA,NA,NA,NA,NA,NA,NA,NA,N,4,0,1,3,A,-,03,22350,NA,N,C,C,A,A,H,-,A,A,0,NA,NA,NA,NA,Y,NA,A,NA,0,0,1,0,0,0,0,0,0,-,-,NA,NA,LOS ANGELES,LONG BEACH,-118.13501739501952,33.8323860168457