CASE_ID,ACCIDENT_YEAR,PROC_DATE,JURIS,COLLISION_DATE,COLLISION_TIME,OFFICER_ID,REPORTING_DISTRICT,DAY_OF_WEEK,CHP_SHIFT,POPULATION,CNTY_CITY_LOC,SPECIAL_COND,BEAT_TYPE,CHP_BEAT_TYPE,CITY_DIVISION_LAPD,CHP_BEAT_CLASS,BEAT_NUMBER,PRIMARY_RD,SECONDARY_RD,DISTANCE,DIRECTION,INTERSECTION,WEATHER_1,WEATHER_2,STATE_HWY_IND,CALTRANS_COUNTY,CALTRANS_DISTRICT,STATE_ROUTE,ROUTE_SUFFIX,POSTMILE_PREFIX,POSTMILE,LOCATION_TYPE,RAMP_INTERSECTION,SIDE_OF_HWY,TOW_AWAY,COLLISION_SEVERITY,NUMBER_KILLED,NUMBER_INJURED,PARTY_COUNT,PRIMARY_COLL_FACTOR,PCF_CODE_OF_VIOL,PCF_VIOL_CATEGORY,PCF_VIOLATION,PCF_VIOL_SUBSECTION,HIT_AND_RUN,TYPE_OF_COLLISION,MVIW,PED_ACTION,ROAD_SURFACE,ROAD_COND_1,ROAD_COND_2,LIGHTING,CONTROL_DEVICE,CHP_ROAD_TYPE,PEDESTRIAN_ACCIDENT,BICYCLE_ACCIDENT,MOTORCYCLE_ACCIDENT,TRUCK_ACCIDENT,NOT_PRIVATE_PROPERTY,ALCOHOL_INVOLVED,STWD_VEHTYPE_AT_FAULT,CHP_VEHTYPE_AT_FAULT,COUNT_SEVERE_INJ,COUNT_VISIBLE_INJ,COUNT_COMPLAINT_PAIN,COUNT_PED_KILLED,COUNT_PED_INJURED,COUNT_BICYCLIST_KILLED,COUNT_BICYCLIST_INJURED,COUNT_MC_KILLED,COUNT_MC_INJURED,PRIMARY_RAMP,SECONDARY_RAMP,LATITUDE,LONGITUDE,COUNTY,CITY,POINT_X,POINT_Y
8690521,2018,2018-09-24,1942,2018-08-07,0035,41072,1268,2,5,7,1942,0,0,0,L,0,12A67,84TH ST,BROADWAY AV,28,W,N,A,-,N,NA,NA,NA,NA,NA,NA,NA,NA,NA,Y,2,0,1,1,A,-,03,22350,NA,N,E,I,A,A,H,-,A,D,0,NA,NA,NA,NA,Y,NA,A,08,1,0,0,0,0,0,0,0,0,-,-,NA,NA,LOS ANGELES,LOS ANGELES,-118.27838897705078,33.963260650634766
8690522,2018,2018-09-20,1942,2018-08-03,0420,40713,1268,5,5,7,1942,0,0,0,L,0,12A45,MANCHESTER BL,SAN PEDRO,15,E,N,A,-,N,NA,NA,NA,NA,NA,NA,NA,NA,NA,Y,4,0,3,2,A,-,12,21453,A,N,D,C,A,A,H,-,C,A,0,NA,NA,NA,NA,Y,NA,A,01,0,0,3,0,0,0,0,0,0,-,-,NA,NA,LOS ANGELES,LOS ANGELES,-118.26944732666016,33.96010971069336
8690525,2018,2018-09-24,1942,2018-08-28,1115,34833,2013,2,5,7,1942,0,0,0,NA,0,20A13,3RD ST,WESTERN AV,0,NA,Y,A,-,N,NA,NA,NA,NA,NA,NA,NA,NA,NA,N,4,0,1,2,A,-,09,21801,NA,N,D,C,A,A,H,-,A,A,0,NA,NA,NA,NA,Y,NA,A,01,0,0,1,0,0,0,0,0,0,-,-,NA,NA,LOS ANGELES,LOS ANGELES,-118.30912017822266,34.0689697265625
8690526,2018,2018-09-20,1942,2018-08-19,1100,41856,0615,7,5,7,1942,0,0,0,F,0,6A15,CAHUENGA BL,PILGRIMAGE TRL,150,N,N,A,-,N,NA,NA,NA,NA,NA,NA,NA,NA,NA,Y,3,0,1,2,A,-,09,21801,A,F,D,C,A,A,H,-,A,D,0,NA,NA,Y,NA,Y,NA,-,99,0,1,0,0,0,0,0,0,1,-,-,NA,NA,LOS ANGELES,LOS ANGELES,-118.33318328857422,34.11207962036133
8690529,2018,2018-09-25,1942,2018-08-29,0825,33169,1445,3,5,7,1942,0,0,0,N,0,14A45,VENICE BL,WADE ST,40,W,N,A,-,N,NA,NA,NA,NA,NA,NA,NA,NA,NA,N,4,0,1,2,A,-,03,22350,NA,F,C,C,A,A,H,-,A,A,0,NA,NA,NA,NA,Y,NA,-,99,0,0,1,0,0,0,0,0,0,-,-,NA,NA,LOS ANGELES,LOS ANGELES,-118.43820190429688,34.0014533996582
8690530,2018,2018-09-20,1942,2018-08-24,1820,38090,0622,5,5,7,1942,0,0,0,F,0,6T7,OUTPOST DR,OUTPOST CIR,67,S,N,A,-,N,NA,NA,NA,NA,NA,NA,NA,NA,NA,Y,3,0,2,3,A,-,03,22350,NA,F,B,C,A,A,H,-,B,D,0,NA,NA,NA,NA,Y,NA,A,01,0,1,1,0,0,0,0,0,0,-,-,NA,NA,LOS ANGELES,LOS ANGELES,-118.3442611694336,34.106361389160156
8690533,2018,2018-09-25,1942,2018-08-04,2030,38090,1494,6,5,7,1942,0,0,0,N,0,NA,IMPERIAL HWY,HILLCREST ST,0,NA,Y,A,-,N,NA,NA,NA,NA,NA,NA,NA,NA,NA,Y,4,0,7,3,A,-,12,22450,A,N,D,C,A,A,H,-,C,A,0,NA,NA,NA,NA,Y,NA,A,01,0,0,7,0,0,0,0,0,0,-,-,NA,NA,LOS ANGELES,LOS ANGELES,-118.42505645751952,33.93144989013672
8690537,2018,2018-09-24,1942,2018-08-19,0032,43078,1256,7,5,7,1942,0,0,0,L,0,12A45,FLORENCE AV,HOOVER ST,0,NA,Y,A,-,N,NA,NA,NA,NA,NA,NA,NA,NA,NA,Y,4,0,2,2,A,-,09,21801,A,N,D,C,A,A,H,-,C,A,0,NA,NA,NA,NA,Y,NA,A,07,0,0,2,0,0,0,0,0,0,-,-,NA,NA,LOS ANGELES,LOS ANGELES,-118.287109375,33.974639892578125
8690538,2018,2018-09-20,1942,2018-08-28,1456,41179,0762,2,5,7,1942,0,0,0,G,0,7A53,STEARNS DR,PICO BL,0,NA,Y,A,-,N,NA,NA,NA,NA,NA,NA,NA,NA,NA,Y,3,0,2,2,A,-,09,21802,A,N,D,C,A,A,H,-,A,A,0,NA,NA,NA,NA,Y,NA,A,01,0,1,1,0,0,0,0,0,0,-,-,NA,NA,LOS ANGELES,LOS ANGELES,-118.37113189697266,34.05236053466797
8690541,2018,2018-09-24,1942,2018-08-17,1710,37865,1215,5,5,7,1942,0,0,0,L,0,12X42,VERMONT AV,53RD ST,0,NA,Y,A,-,N,NA,NA,NA,NA,NA,NA,NA,NA,NA,Y,4,0,2,2,A,-,09,21801,A,N,D,C,A,A,H,-,A,A,0,NA,NA,NA,NA,Y,NA,A,01,0,0,2,0,0,0,0,0,0,-,-,NA,NA,LOS ANGELES,LOS ANGELES,-118.29152,33.99412
8690542,2018,2018-09-20,1942,2018-08-27,1924,37575,1401,1,5,7,1942,0,0,0,N,0,14TL47,NORMANDIE AV,BEVERLY BL,20,S,N,A,-,N,NA,NA,NA,NA,NA,NA,NA,NA,NA,N,4,0,3,2,A,-,07,21658,A,N,B,C,A,A,H,-,C,A,0,NA,NA,NA,NA,Y,NA,A,01,0,0,3,0,0,0,0,0,0,-,-,NA,NA,LOS ANGELES,LOS ANGELES,-118.30040740966795,34.076236724853516
8690545,2018,2018-09-24,1942,2018-08-26,0140,42793,0316,7,5,7,1942,0,0,0,C,0,3A55-W,NORMANDIE AV,24TH ST,50,S,N,A,-,N,NA,NA,NA,NA,NA,NA,NA,NA,NA,Y,4,0,4,2,A,-,05,21650,NA,N,A,C,A,A,H,-,C,D,0,NA,NA,NA,NA,Y,NA,A,01,0,0,4,0,0,0,0,0,0,-,-,NA,NA,LOS ANGELES,LOS ANGELES,-118.3002700805664,34.034423828125
8690546,2018,2018-09-20,1942,2018-08-28,1755,36504,0734,2,5,7,1942,0,0,0,G,0,7A33,3RD ST,HAUSER BL,20,W,N,A,-,N,NA,NA,NA,NA,NA,NA,NA,NA,NA,N,4,0,1,2,A,-,03,22350,NA,F,C,C,A,A,H,-,B,A,0,NA,NA,NA,NA,Y,NA,-,99,0,0,1,0,0,0,0,0,0,-,-,NA,NA,LOS ANGELES,LOS ANGELES,-118.35114288330078,34.06993103027344
8690549,2018,2018-09-24,1942,2018-08-18,0015,42494,0314,6,5,7,1942,0,0,0,C,0,032,ADAMS,7TH AV,0,NA,Y,A,-,N,NA,NA,NA,NA,NA,NA,NA,NA,NA,Y,4,0,2,2,A,-,03,22350,NA,N,A,C,A,A,H,-,C,D,0,NA,NA,NA,NA,Y,NA,A,01,0,0,2,0,0,0,0,0,0,-,-,NA,NA,LOS ANGELES,LOS ANGELES,-118.32480621337892,34.03261184692383
8690550,2018,2018-10-18,1942,2018-08-11,1700,40123,2049,6,5,7,1942,0,0,0,NA,0,20A58,JAMES M WOOD,VERMONT AV,0,NA,Y,A,-,N,NA,NA,NA,NA,NA,NA,NA,NA,NA,N,4,0,1,2,A,-,03,22350,NA,F,C,C,A,A,H,-,A,D,0,NA,NA,NA,NA,Y,NA,-,99,0,0,1,0,0,0,0,0,0,-,-,NA,NA,LOS ANGELES,LOS ANGELES,-118.29163,34.05594
8690553,2018,2018-09-24,1942,2018-08-31,1400,42338,1846,5,5,7,1942,0,0,0,R,0,18A35,COMPTON AV,111TH ST,150,N,N,A,-,N,NA,NA,NA,NA,NA,NA,NA,NA,NA,Y,3,0,1,3,A,-,03,22350,NA,N,C,E,A,A,H,-,A,D,0,NA,NA,NA,NA,Y,NA,A,01,0,1,0,0,0,0,0,0,0,-,-,NA,NA,LOS ANGELES,LOS ANGELES,-118.24630737304688,33.93519973754883
8690554,2018,2018-09-20,1942,2018-08-20,1155,41054,2046,1,5,7,1942,0,0,0,NA,0,20A45,WILSHIRE BL,VERMONT AV,80,W,N,A,-,N,NA,NA,NA,NA,NA,NA,NA,NA,NA,Y,4,0,1,2,A,-,07,21658,A,F,B,C,A,A,H,-,A,A,0,NA,NA,NA,NA,Y,NA,A,01,0,0,1,0,0,0,0,0,0,-,-,NA,NA,LOS ANGELES,LOS ANGELES,-118.2919464111328,34.06179428100586
8690557,2018,2018-09-24,1942,2018-08-12,0530,42147,12249,7,5,7,1942,0,0,0,L,0,12A67,69TH ST,FIGUEROA ST,0,NA,Y,A,-,N,NA,NA,NA,NA,NA,NA,NA,NA,NA,Y,3,0,1,2,A,-,08,22107,NA,F,A,C,A,A,H,-,C,D,0,NA,NA,NA,NA,Y,NA,-,99,0,1,0,0,0,0,0,0,0,-,-,NA,NA,LOS ANGELES,LOS ANGELES,-118.28269958496094,33.97734832763672
8690558,2018,2018-09-20,1942,2018-08-12,1440,37700,2062,7,5,7,1942,0,0,0,NA,0,20A53,MANHATTAN PL,PICO BL,80,S,N,A,-,N,NA,NA,NA,NA,NA,NA,NA,NA,NA,N,4,0,1,2,A,-,05,21650,NA,F,A,C,A,A,H,-,A,D,0,NA,NA,NA,NA,Y,NA,-,99,0,0,1,0,0,0,0,0,0,-,-,NA,NA,LOS ANGELES,LOS ANGELES,-118.31015777587892,34.04698181152344
8690561,2018,2018-09-19,1942,2018-07-16,0840,42685,0884,1,5,7,1942,0,0,0,H,0,8A29,WESTWOOD BL,TENNESSEE AV,0,NA,Y,A,-,N,NA,NA,NA,NA,NA,NA,NA,NA,NA,Y,4,0,2,2,A,-,09,21801,NA,N,A,C,A,A,H,-,A,D,0,NA,NA,NA,NA,Y,NA,A,01,0,0,2,0,0,0,0,0,0,-,-,NA,NA,LOS ANGELES,LOS ANGELES,-118.43045806884766,34.04241943359375
8690562,2018,2018-09-18,1942,2018-07-18,1500,40690,1414,3,5,7,1942,0,0,0,N,0,14A13,7TH AV,ROSE AV,40,S,N,A,-,N,NA,NA,NA,NA,NA,NA,NA,NA,NA,N,4,0,1,2,A,-,04,21703,NA,N,C,G,A,A,H,-,A,D,0,NA,Y,NA,NA,Y,NA,A,01,0,0,1,0,0,0,1,0,0,-,-,NA,NA,LOS ANGELES,LOS ANGELES,-118.46973419189452,34.00023651123047
8690564,2018,2018-09-26,1942,2018-08-26,1830,36504,1466,7,5,7,1942,0,0,0,N,0,14A73,EL MANOR AV,80TH ST,8,N,N,A,-,N,NA,NA,NA,NA,NA,NA,NA,NA,NA,N,4,0,1,2,A,-,12,22450,A,F,D,G,A,A,H,-,B,A,0,NA,Y,NA,NA,Y,NA,-,99,0,0,1,0,0,0,1,0,0,-,-,NA,NA,LOS ANGELES,LOS ANGELES,-118.40095520019533,33.96971130371094
8690565,2018,2018-09-19,1942,2018-07-13,2010,42810,0842,5,5,7,1942,0,0,0,H,0,8A13,WILSHIRE BL,BARRY AV,0,NA,Y,A,-,N,NA,NA,NA,NA,NA,NA,NA,NA,NA,N,4,0,1,2,A,-,09,21802,A,N,D,C,A,A,H,-,C,D,0,NA,NA,NA,NA,Y,NA,A,01,0,0,1,0,0,0,0,0,0,-,-,NA,NA,LOS ANGELES,LOS ANGELES,-118.4600830078125,34.050140380859375
8690566,2018,2018-09-18,1942,2018-07-26,1420,42834,1477,4,5,7,1942,0,0,0,N,0,14A67,LA TIJERA BL,W 79TH ST,0,NA,Y,A,-,N,NA,NA,NA,NA,NA,NA,NA,NA,NA,Y,3,0,1,2,A,-,09,21801,A,N,D,C,A,A,H,-,A,A,0,NA,NA,NA,NA,Y,NA,A,01,0,1,0,0,0,0,0,0,0,-,-,NA,NA,LOS ANGELES,LOS ANGELES,-118.38584136962892,33.96480178833008
8690568,2018,2018-09-26,1942,2018-08-23,1315,39930,0773,4,5,7,1942,0,0,0,G,0,7A73,HAUSER BL,VENICE BL,430,S,N,A,-,N,NA,NA,NA,NA,NA,NA,NA,NA,NA,N,3,0,1,2,A,-,03,22350,NA,F,C,C,A,A,H,-,A,D,0,NA,NA,NA,NA,Y,NA,-,99,0,1,0,0,0,0,0,0,0,-,-,NA,NA,LOS ANGELES,LOS ANGELES,-118.35901641845705,34.042850494384766
8690569,2018,2018-09-19,1942,2018-07-22,0020,43176,824,7,5,7,1942,0,0,0,NA,0,8A1,PCH,CHAUTAUQUA BL,0,NA,Y,A,-,N,NA,NA,NA,NA,NA,NA,NA,NA,NA,N,3,0,1,2,A,-,11,21956,A,N,G,B,D,A,H,-,C,A,0,Y,NA,NA,NA,Y,Y,N,60,0,1,0,0,1,0,0,0,0,-,-,NA,NA,LOS ANGELES,LOS ANGELES,-118.51944732666016,34.02825164794922
8690570,2018,2018-09-18,1942,2018-07-01,1125,36937,2049,7,5,7,1942,0,0,0,NA,0,20A65,VERMONT,FRANCIS,0,NA,Y,A,-,N,NA,NA,NA,NA,NA,NA,NA,NA,NA,N,4,0,1,2,A,-,04,21703,NA,N,C,C,A,A,H,-,A,D,0,NA,NA,NA,NA,Y,NA,-,NA,0,0,1,0,0,0,0,0,0,-,-,NA,NA,LOS ANGELES,LOS ANGELES,-118.29164123535156,34.05680847167969
8690572,2018,2018-09-26,1942,2018-08-21,1325,42656,1412,2,5,7,1942,0,0,0,N,0,14A11,OCEAN FRONT WALK,NAVY ST,50,N,N,A,-,N,NA,NA,NA,NA,NA,NA,NA,NA,NA,N,3,0,1,2,A,-,05,21650,NA,F,A,G,A,A,H,-,A,D,0,NA,Y,NA,NA,Y,NA,-,99,0,1,0,0,0,0,1,0,0,-,-,NA,NA,LOS ANGELES,LOS ANGELES,-118.48159027099608,33.99578857421875
8690573,2018,2018-09-19,1942,2018-07-21,1700,40596,0842,6,5,7,1942,0,0,0,H,0,8EL2,WESTGATE AV,WILSHIRE BL,15,S,N,A,-,N,NA,NA,NA,NA,NA,NA,NA,NA,NA,N,3,0,1,2,A,-,11,21956,A,N,G,B,E,A,H,-,A,A,0,Y,NA,NA,NA,Y,NA,N,60,0,1,0,0,1,0,0,0,0,-,-,NA,NA,LOS ANGELES,LOS ANGELES,-118.46392059326172,34.04698181152344
8690574,2018,2018-09-18,1942,2018-07-09,0805,04604,1494,1,5,7,1942,0,0,0,N,0,5M43,AVION DR,CENTURY BL,0,NA,Y,A,-,N,NA,NA,NA,NA,NA,NA,NA,NA,NA,N,4,0,1,2,D,-,00,NA,NA,N,A,G,A,A,H,-,A,A,0,NA,Y,NA,NA,Y,NA,-,-,0,0,1,0,0,0,1,0,0,-,-,NA,NA,LOS ANGELES,LOS ANGELES,-118.39013671875,33.945579528808594
8690577,2018,2018-09-19,1942,2018-07-24,1520,39655,0848,2,5,7,1942,0,0,0,H,0,8A95,OLYMPIC BL,CENTURY PARK WEST,0,NA,Y,A,-,N,NA,NA,NA,NA,NA,NA,NA,NA,NA,Y,4,0,3,2,A,-,09,21801,A,N,D,C,A,A,H,-,A,A,0,NA,NA,NA,NA,Y,NA,A,01,0,0,3,0,0,0,0,0,0,-,-,NA,NA,LOS ANGELES,LOS ANGELES,-118.41619873046876,34.05318069458008
8690578,2018,2018-09-18,1942,2018-07-24,1350,41003,1465,2,5,7,1942,0,0,0,N,0,7TL38,JEFFERSON BL,CENTINELA BL,115,W,N,A,-,N,NA,NA,NA,NA,NA,NA,NA,NA,NA,N,4,0,1,2,A,-,04,21703,NA,N,C,C,A,A,H,-,A,A,0,NA,NA,NA,NA,Y,NA,A,01,0,0,1,0,0,0,0,0,0,-,-,NA,NA,LOS ANGELES,LOS ANGELES,-118.40917205810548,33.98133087158203
8690581,2018,2018-09-19,1942,2018-07-24,0740,40235,0893,2,5,7,1942,0,0,0,H,0,14T49,SEPULVEDA BL,PEARL ST,230,S,N,A,-,N,NA,NA,NA,NA,NA,NA,NA,NA,NA,Y,4,0,2,2,A,-,08,22103,NA,N,D,C,A,A,H,-,A,D,0,NA,NA,NA,NA,Y,NA,A,01,0,0,2,0,0,0,0,0,0,-,-,NA,NA,LOS ANGELES,LOS ANGELES,-118.43317413330078,34.03390121459961
8690582,2018,2018-09-18,1942,2018-07-19,1220,41003,1443,4,5,7,1942,0,0,0,N,0,7TL38,GARFIELD AV,LINCOLN BL,10,W,N,A,-,N,NA,NA,NA,NA,NA,NA,NA,NA,NA,N,4,0,1,2,A,-,09,21804,A,N,D,C,A,A,H,-,A,D,0,NA,NA,Y,NA,Y,NA,C,03,0,0,1,0,0,0,0,0,1,-,-,NA,NA,LOS ANGELES,LOS ANGELES,-118.4501953125,33.9927864074707
8690585,2018,2018-09-19,1942,2018-07-23,1620,42198,0886,1,5,7,1942,0,0,0,H,0,8A98,MOTOR AV,PICO BL,765,S,N,A,-,N,NA,NA,NA,NA,NA,NA,NA,NA,NA,N,4,0,3,2,A,-,04,21703,NA,N,C,C,A,A,H,-,A,A,0,NA,NA,NA,NA,Y,NA,A,01,0,0,3,0,0,0,0,0,0,-,-,NA,NA,LOS ANGELES,LOS ANGELES,-118.40924072265624,34.04829025268555
8690586,2018,2018-09-18,1942,2018-07-18,0700,42451,1479,3,5,7,1942,0,0,0,N,0,14A67,LA CIENEGA BL,THORNBURN AV,0,NA,Y,A,-,N,NA,NA,NA,NA,NA,NA,NA,NA,NA,N,3,0,2,2,A,-,05,21460,A,N,D,C,A,A,H,-,A,D,0,NA,NA,Y,NA,Y,NA,A,01,0,1,1,0,0,0,0,0,1,-,-,NA,NA,LOS ANGELES,LOS ANGELES,-118.37017059326172,33.96849060058594
8690589,2018,2018-09-19,1942,2018-07-17,1800,38088,1454,2,5,7,1942,0,0,0,N,0,14A28,MINDANAO WY,GLENCOE AV,0,NA,Y,A,-,N,NA,NA,NA,NA,NA,NA,NA,NA,NA,N,4,0,2,2,A,-,09,21801,A,N,D,C,A,A,H,-,A,A,0,NA,NA,NA,NA,Y,NA,A,01,0,0,2,0,0,0,0,0,0,-,-,NA,NA,LOS ANGELES,LOS ANGELES,-118.43727111816406,33.985538482666016
8690590,2018,2018-09-18,1942,2018-07-15,1800,42428,1241,7,5,7,1942,0,0,0,L,0,12XL77,CRENSHAW BL,63RD ST,5,N,N,A,-,N,NA,NA,NA,NA,NA,NA,NA,NA,NA,NA,3,0,1,2,A,-,08,22101,D,F,E,I,A,A,H,-,A,A,0,NA,NA,NA,NA,Y,NA,-,-,0,1,0,0,0,0,0,0,0,-,-,NA,NA,LOS ANGELES,LOS ANGELES,-118.330878,33.982929
8690593,2018,2018-09-19,1942,2018-07-29,2100,37839,NA,7,5,7,1942,0,0,0,NA,0,14A56,LA TIJERA BL,78TH ST,75,N,N,A,-,N,NA,NA,NA,NA,NA,NA,NA,NA,NA,Y,4,0,1,3,A,-,03,22350,NA,N,C,C,A,A,H,-,C,A,0,NA,NA,NA,NA,Y,NA,A,08,0,0,1,0,0,0,0,0,0,-,-,NA,NA,LOS ANGELES,LOS ANGELES,-118.381591796875,33.96861267089844
8690594,2018,2018-09-18,1942,2018-07-23,1545,42169,0833,1,5,7,1942,0,0,0,H,0,8A98,SUNSET BL,HOLMBY PARK LN,150,E,N,A,-,N,NA,NA,NA,NA,NA,NA,NA,NA,NA,Y,3,0,1,1,A,-,03,22350,NA,N,E,I,A,A,H,-,A,A,0,NA,NA,NA,NA,Y,NA,A,01,0,1,0,0,0,0,0,0,0,-,-,NA,NA,LOS ANGELES,LOS ANGELES,-118.42867279052734,34.079341888427734
8690596,2018,2018-09-26,1942,2018-08-14,1225,42656,0659,2,5,7,1942,0,0,0,F,0,6A79,N WESTERN AV,LA MIRADA AV,40,N,N,A,-,N,NA,NA,NA,NA,NA,NA,NA,NA,NA,N,4,0,1,2,A,-,03,22350,NA,F,C,C,A,A,H,-,A,D,0,NA,NA,NA,NA,Y,NA,-,99,0,0,1,0,0,0,0,0,0,-,-,NA,NA,LOS ANGELES,LOS ANGELES,-118.30921173095705,34.09403991699219
8690597,2018,2018-09-19,1942,2018-07-18,1255,37437,1445,3,5,7,1942,0,0,0,N,0,34M124,CENTINELA AV,MATTESON AV,0,NA,Y,A,-,N,NA,NA,NA,NA,NA,NA,NA,NA,NA,Y,4,0,1,2,A,-,09,21804,A,N,D,C,A,A,H,-,A,D,0,NA,NA,NA,NA,Y,NA,A,07,0,0,1,0,0,0,0,0,0,-,-,NA,NA,LOS ANGELES,LOS ANGELES,-118.43238067626952,34.002159118652344
8690598,2018,2018-09-18,1942,2018-07-17,2045,42899,1203,2,5,7,1942,0,0,0,L,0,12A3,WESTERN AV,49TH ST,15,W,N,A,-,N,NA,NA,NA,NA,NA,NA,NA,NA,NA,Y,4,0,1,2,A,-,09,21801,NA,N,D,C,A,A,H,-,C,D,0,NA,NA,Y,NA,Y,NA,C,02,0,0,1,0,0,0,0,0,1,-,-,NA,NA,LOS ANGELES,LOS ANGELES,NA,NA
8690600,2018,2018-09-26,1942,2018-08-02,1125,42834,1477,4,5,7,1942,0,0,0,N,0,14A67,MANCHESTER AV,TRUXTON AV,0,NA,Y,A,-,N,NA,NA,NA,NA,NA,NA,NA,NA,NA,Y,4,0,1,2,A,-,09,21801,A,N,D,C,A,A,H,-,A,A,0,NA,NA,NA,NA,Y,NA,A,01,0,0,1,0,0,0,0,0,0,-,-,NA,NA,LOS ANGELES,LOS ANGELES,-118.3935317993164,33.959930419921875
8690601,2018,2018-09-19,1942,2018-07-17,2240,43275,1488,2,5,7,1942,0,0,0,N,0,14A67,MANCHESTER AV,OSAGE AV,50,W,N,A,-,N,NA,NA,NA,NA,NA,NA,NA,NA,NA,Y,4,0,3,2,A,-,03,22350,NA,N,C,C,A,A,H,-,C,D,0,NA,NA,NA,NA,Y,NA,A,01,0,0,3,0,0,0,0,0,0,-,-,NA,NA,LOS ANGELES,LOS ANGELES,-118.37898254394533,33.95988845825195
8690602,2018,2018-09-18,1942,2018-07-21,0705,43230,1204,6,5,7,1942,0,0,0,L,0,12A53,NORMANDIE AV,VERNON AV,0,NA,Y,A,-,N,NA,NA,NA,NA,NA,NA,NA,NA,NA,N,2,0,2,3,A,-,08,22100,A,F,D,C,A,A,H,-,A,A,0,NA,NA,NA,NA,Y,NA,-,99,1,0,1,0,0,0,0,0,0,-,-,NA,NA,LOS ANGELES,LOS ANGELES,-118.30019378662108,34.003700256347656
8690604,2018,2018-09-26,1942,2018-08-28,0900,38957,2005,2,5,7,1942,0,0,0,NA,0,20A53,MELROSE AV,ARDMORE AV,0,NA,Y,A,-,N,NA,NA,NA,NA,NA,NA,NA,NA,NA,N,3,0,1,2,A,-,06,21750,NA,N,B,C,A,A,H,-,A,A,0,NA,NA,NA,NA,Y,NA,-,NA,0,1,0,0,0,0,0,0,0,-,-,NA,NA,LOS ANGELES,LOS ANGELES,-118.30174255371094,34.08354949951172
8690605,2018,2018-09-19,1942,2018-07-10,2340,43099,0855,2,5,7,1942,0,0,0,H,0,7A54,OHIO AV,WESTWOOD BL,30,S,N,A,-,N,NA,NA,NA,NA,NA,NA,NA,NA,NA,N,4,0,1,2,A,-,11,21456,NA,N,G,B,B,A,H,-,C,A,0,Y,NA,NA,NA,Y,NA,N,60,0,0,1,0,1,0,0,0,0,-,-,NA,NA,LOS ANGELES,LOS ANGELES,-118.44081115722656,34.05405044555664
8690606,2018,2018-09-18,1942,2018-07-17,0310,42444,1218,2,5,7,1942,0,0,0,L,0,12A51,54TH ST,HOOVER ST,20,E,N,A,-,N,NA,NA,NA,NA,NA,NA,NA,NA,NA,N,4,0,1,4,A,-,03,22350,NA,N,B,E,A,A,H,-,C,D,0,NA,NA,NA,NA,Y,NA,A,01,0,0,1,0,0,0,0,0,0,-,-,NA,NA,LOS ANGELES,LOS ANGELES,-118.2870864868164,33.99325180053711
8690608,2018,2018-09-26,1942,2018-08-26,1755,43259,2056,7,5,7,1942,0,0,0,NA,0,20A,VERMONT AV,OLYMPIC BL,0,NA,Y,A,-,N,NA,NA,NA,NA,NA,NA,NA,NA,NA,N,3,0,1,2,A,-,03,22350,NA,N,C,C,A,A,H,-,A,A,0,NA,NA,NA,NA,Y,NA,A,01,0,1,0,0,0,0,0,0,0,-,-,NA,NA,LOS ANGELES,LOS ANGELES,-118.29161834716795,34.05255126953125
8690609,2018,2018-09-19,1942,2018-07-10,2130,39586,0814,2,5,7,1942,0,0,0,H,0,8A98,SUNSET BL,CHURCH LN,0,NA,Y,A,-,N,NA,NA,NA,NA,NA,NA,NA,NA,NA,N,4,0,1,2,A,-,10,21950,A,N,G,B,B,A,H,-,C,A,0,Y,NA,NA,NA,Y,NA,A,01,0,0,1,0,1,0,0,0,0,-,-,NA,NA,LOS ANGELES,LOS ANGELES,-118.46742248535156,34.07244110107422
8690610,2018,2018-09-18,1942,2018-07-05,1615,32142,1862,4,5,7,1942,0,0,0,R,0,18X96,120TH ST,BROADWAY,43,W,N,A,-,N,NA,NA,NA,NA,NA,NA,NA,NA,NA,Y,2,0,1,5,A,-,05,21650,NA,N,A,D,A,A,H,-,A,A,0,NA,NA,NA,Y,Y,NA,A,01,1,0,0,0,0,0,0,0,0,-,-,NA,NA,LOS ANGELES,LOS ANGELES,-118.27838897705078,33.92374038696289
8690612,2018,2018-09-26,1942,2018-08-27,2150,43069,2062,1,5,7,1942,0,0,0,NA,0,20A58,WESTERN AV,CONNECTICUT ST,0,NA,Y,A,-,N,NA,NA,NA,NA,NA,NA,NA,NA,NA,Y,2,0,1,2,A,-,08,22100,B,N,D,C,A,A,H,-,C,A,0,NA,NA,Y,NA,Y,NA,A,07,1,0,0,0,0,0,0,0,1,-,-,NA,NA,LOS ANGELES,LOS ANGELES,-118.3090591430664,34.05173873901367
8690613,2018,2018-09-19,1942,2018-07-21,1700,30264,14732,6,5,7,1942,0,0,0,N,0,14A49,ABBOTT KINNEY BL,CALIFORNIA AV,11,S,N,A,-,N,NA,NA,NA,NA,NA,NA,NA,NA,NA,N,3,0,1,2,A,-,08,22107,NA,N,B,C,A,A,H,-,A,A,0,NA,NA,Y,NA,Y,NA,A,01,0,1,0,0,0,0,0,0,1,-,-,NA,NA,LOS ANGELES,LOS ANGELES,-118.46593475341795,33.990631103515625
8690614,2018,2018-09-18,1942,2018-07-27,1530,43209,1863,5,5,7,1942,0,0,0,R,0,18A63,AVALON BL,116TH ST,10,S,N,A,-,N,NA,NA,NA,NA,NA,NA,NA,NA,NA,N,3,0,1,2,A,-,11,21955,NA,F,G,B,D,A,H,-,A,D,0,Y,NA,NA,NA,Y,NA,-,99,0,1,0,0,1,0,0,0,0,-,-,NA,NA,LOS ANGELES,LOS ANGELES,-118.26519775390624,33.92915344238281