CASE_ID,ACCIDENT_YEAR,PROC_DATE,JURIS,COLLISION_DATE,COLLISION_TIME,OFFICER_ID,REPORTING_DISTRICT,DAY_OF_WEEK,CHP_SHIFT,POPULATION,CNTY_CITY_LOC,SPECIAL_COND,BEAT_TYPE,CHP_BEAT_TYPE,CITY_DIVISION_LAPD,CHP_BEAT_CLASS,BEAT_NUMBER,PRIMARY_RD,SECONDARY_RD,DISTANCE,DIRECTION,INTERSECTION,WEATHER_1,WEATHER_2,STATE_HWY_IND,CALTRANS_COUNTY,CALTRANS_DISTRICT,STATE_ROUTE,ROUTE_SUFFIX,POSTMILE_PREFIX,POSTMILE,LOCATION_TYPE,RAMP_INTERSECTION,SIDE_OF_HWY,TOW_AWAY,COLLISION_SEVERITY,NUMBER_KILLED,NUMBER_INJURED,PARTY_COUNT,PRIMARY_COLL_FACTOR,PCF_CODE_OF_VIOL,PCF_VIOL_CATEGORY,PCF_VIOLATION,PCF_VIOL_SUBSECTION,HIT_AND_RUN,TYPE_OF_COLLISION,MVIW,PED_ACTION,ROAD_SURFACE,ROAD_COND_1,ROAD_COND_2,LIGHTING,CONTROL_DEVICE,CHP_ROAD_TYPE,PEDESTRIAN_ACCIDENT,BICYCLE_ACCIDENT,MOTORCYCLE_ACCIDENT,TRUCK_ACCIDENT,NOT_PRIVATE_PROPERTY,ALCOHOL_INVOLVED,STWD_VEHTYPE_AT_FAULT,CHP_VEHTYPE_AT_FAULT,COUNT_SEVERE_INJ,COUNT_VISIBLE_INJ,COUNT_COMPLAINT_PAIN,COUNT_PED_KILLED,COUNT_PED_INJURED,COUNT_BICYCLIST_KILLED,COUNT_BICYCLIST_INJURED,COUNT_MC_KILLED,COUNT_MC_INJURED,PRIMARY_RAMP,SECONDARY_RAMP,LATITUDE,LONGITUDE,COUNTY,CITY,POINT_X,POINT_Y
8692082,2018,2018-09-24,1941,2018-09-08,2055,11244,NA,6,5,7,1941,0,0,0,NA,0,NA,PARAMOUNT BL,69TH ST,65,S,N,A,-,N,NA,NA,NA,NA,NA,NA,NA,NA,NA,Y,3,0,1,4,A,-,01,23152,NA,N,C,C,A,A,H,-,C,D,0,NA,NA,NA,NA,Y,Y,A,NA,0,1,0,0,0,0,0,0,0,-,-,NA,NA,LOS ANGELES,LONG BEACH,-118.16008758544922,33.8799934387207
8692086,2018,2018-09-21,1942,2018-09-05,1340,31476,0221,3,5,7,1942,0,0,0,B,0,2A1,N VERMONT ST,OAKWOOD ST,100,S,N,A,-,N,NA,NA,NA,NA,NA,NA,NA,NA,NA,N,4,0,1,2,A,-,03,22350,NA,F,C,D,A,A,H,-,A,A,0,NA,NA,NA,NA,Y,NA,-,99,0,0,1,0,0,0,0,0,0,-,-,NA,NA,LOS ANGELES,LOS ANGELES,-118.2917022705078,34.077476501464844
8692090,2018,2018-09-21,1942,2018-09-03,1919,38567,0453,1,5,7,1942,0,0,0,D,0,4A53,STATE ST,E SAN BERNARDINO FREEWAY,0,NA,Y,A,-,N,NA,NA,NA,NA,NA,NA,NA,NA,NA,Y,2,0,3,2,A,-,01,23152,A,N,D,C,A,A,H,-,C,A,0,NA,NA,NA,NA,Y,Y,A,01,2,1,0,0,0,0,0,0,0,-,-,NA,NA,LOS ANGELES,LOS ANGELES,-118.21205139160156,34.054908752441406
8692093,2018,2018-09-20,1942,2018-08-13,1452,43405,NA,1,5,7,1942,0,0,0,NA,0,NA,RIVERSIDE DR,GOLDEN STATE FWY,20,N,N,A,-,N,NA,NA,NA,NA,NA,NA,NA,NA,NA,N,4,0,1,2,A,-,09,21801,A,N,C,-,A,A,H,-,A,A,0,NA,NA,NA,NA,Y,NA,A,01,0,0,1,0,0,0,0,0,0,-,-,NA,NA,LOS ANGELES,LOS ANGELES,NA,NA
8692094,2018,2018-09-21,1942,2018-09-06,0950,39010,0135,4,5,7,1942,0,0,0,A,0,1A35,3RD ST,LOS ANGELES ST,216,E,N,A,-,N,NA,NA,NA,NA,NA,NA,NA,NA,NA,N,3,0,1,2,A,-,21,22106,NA,F,C,G,A,A,H,-,A,A,0,NA,Y,NA,NA,Y,NA,-,99,0,1,0,0,0,0,1,0,0,-,-,NA,NA,LOS ANGELES,LOS ANGELES,-118.24415588378906,34.04817581176758
8692102,2018,2018-09-21,1942,2018-09-03,1700,36336,1915,1,5,7,1942,0,0,0,NA,0,19A1,HUBBARD ST,GLENOAKS BL,175,W,N,A,-,N,NA,NA,NA,NA,NA,NA,NA,NA,NA,Y,4,0,1,2,A,-,09,21804,A,N,D,C,A,A,H,-,A,D,0,NA,NA,NA,NA,Y,NA,A,01,0,0,1,0,0,0,0,0,0,-,-,NA,NA,LOS ANGELES,LOS ANGELES,-118.43961334228516,34.29913330078125
8692106,2018,2018-09-21,1942,2018-09-01,1355,39048,1983,6,5,7,1942,0,0,0,NA,0,19A61,SEPULVEDA BL,ROSCOE BL,27,N,N,A,-,N,NA,NA,NA,NA,NA,NA,NA,NA,NA,Y,4,0,1,1,A,-,08,22107,NA,N,E,I,A,A,H,-,A,A,0,NA,NA,NA,NA,Y,NA,A,01,0,0,1,0,0,0,0,0,0,-,-,NA,NA,LOS ANGELES,LOS ANGELES,-118.46773529052734,34.22146224975586
8692107,2018,2018-09-27,1942,2018-09-06,1500,40165,991,4,5,7,1942,0,0,0,NA,0,9A89,DICKENS ST,SEPULVEDA BL,20,W,N,A,-,N,NA,NA,NA,NA,NA,NA,NA,NA,NA,N,4,0,1,2,A,-,03,22350,NA,F,C,C,A,A,H,-,A,D,0,NA,NA,NA,NA,Y,NA,-,99,0,0,1,0,0,0,0,0,0,-,-,NA,NA,LOS ANGELES,LOS ANGELES,-118.46634674072266,34.15267562866211
8692110,2018,2019-01-17,1942,2018-09-02,1335,30830,1794,7,5,7,1942,0,0,0,Q,0,17A67,RESEDA BL,BRYANT ST,20,S,N,A,-,N,NA,NA,NA,NA,NA,NA,NA,NA,NA,Y,4,0,1,2,A,-,09,21801,A,F,D,C,A,A,H,-,A,D,0,NA,NA,NA,NA,Y,NA,A,01,0,0,1,0,0,0,0,0,0,-,-,NA,NA,LOS ANGELES,LOS ANGELES,-118.53607940673828,34.22731399536133
8692114,2018,2018-09-21,1942,2018-09-04,2040,25907,2138,2,5,7,1942,0,0,0,NA,0,21A29,SATICOY ST,OSO AV,0,NA,Y,A,-,N,NA,NA,NA,NA,NA,NA,NA,NA,NA,Y,3,0,1,2,A,-,01,23152,A,N,D,C,A,A,H,-,C,A,0,NA,NA,NA,NA,Y,Y,A,01,0,1,0,0,0,0,0,0,0,-,-,NA,NA,LOS ANGELES,LOS ANGELES,-118.57537841796876,34.208351135253906
8692161,2018,2018-09-27,1942,2018-08-23,0645,42029,1999,4,5,7,1942,0,0,0,NA,0,19A93,ROSCOE BL,VENTURA CANYON AV,0,NA,Y,B,-,N,NA,NA,NA,NA,NA,NA,NA,NA,NA,Y,3,0,2,2,A,-,12,21453,A,N,D,C,A,A,H,-,A,A,0,NA,NA,NA,NA,Y,NA,-,-,0,1,1,0,0,0,0,0,0,-,-,NA,NA,LOS ANGELES,LOS ANGELES,-118.42881011962892,34.2216682434082
8692162,2018,2018-10-01,1942,2018-08-17,1800,37540,0422,5,5,7,1942,0,0,0,D,0,4A15,MANITOU AV,SICHEL ST,48,E,N,A,-,N,NA,NA,NA,NA,NA,NA,NA,NA,NA,N,2,0,1,2,A,-,09,21804,A,N,G,B,F,A,H,-,A,D,0,Y,NA,NA,NA,Y,NA,A,07,1,0,0,0,1,0,0,0,0,-,-,NA,NA,LOS ANGELES,LOS ANGELES,-118.21286010742188,34.07189178466797
8692163,2018,2018-10-08,1942,2018-08-19,1630,34426,1113,7,5,7,1942,0,0,0,K,0,11A17,COLORADO BL,SIERRA VILLA DR,0,NA,Y,A,-,N,NA,NA,NA,NA,NA,NA,NA,NA,NA,Y,4,0,3,2,A,-,09,21801,A,N,A,-,A,A,H,-,A,A,0,NA,NA,NA,NA,Y,NA,-,-,0,0,3,0,0,0,0,0,0,-,-,NA,NA,LOS ANGELES,LOS ANGELES,-118.22297668457033,34.14210891723633
8692164,2018,2018-09-26,1942,2018-08-10,1915,42202,RD113,5,5,7,1942,0,0,0,NA,0,11A37W,N AV 61,MONTE VISTA,8,E,N,A,-,N,NA,NA,NA,NA,NA,NA,NA,NA,NA,N,3,0,1,2,D,-,00,NA,NA,N,G,B,F,A,H,-,A,A,0,Y,NA,NA,NA,Y,NA,-,-,0,1,0,0,1,0,0,0,0,-,-,NA,NA,LOS ANGELES,LOS ANGELES,-118.19000244140624,34.113929748535156
8692165,2018,2018-09-27,1942,2018-08-31,1725,40165,1998,5,5,7,1942,0,0,0,NA,0,19A93,VAN NUYS BL,LORNE ST,0,NA,Y,A,-,N,NA,NA,NA,NA,NA,NA,NA,NA,NA,N,3,0,1,2,A,-,09,21801,B,N,D,G,A,A,H,-,A,A,0,NA,Y,NA,NA,Y,NA,L,04,0,1,0,0,0,0,1,0,0,-,-,NA,NA,LOS ANGELES,LOS ANGELES,-118.44878387451172,34.21677017211914
8692167,2018,2018-09-25,1942,2018-08-24,0835,37611,1181,5,5,7,1942,0,0,0,K,0,11A71,NORTH ALVARADO ST,SCOTT AV,0,NA,Y,A,-,N,NA,NA,NA,NA,NA,NA,NA,NA,NA,Y,4,0,1,2,A,-,08,22100,A,N,D,C,A,A,H,-,A,D,0,NA,NA,NA,NA,Y,NA,A,01,0,0,1,0,0,0,0,0,0,-,-,NA,NA,LOS ANGELES,LOS ANGELES,-118.26093292236328,34.08176040649414
8692168,2018,2018-11-09,1942,2018-08-23,0005,43353,1136,4,5,7,1942,0,0,0,K,0,11A37,EL PASO DR,ONEONTA DR,10,E,N,A,-,N,NA,NA,NA,NA,NA,NA,NA,NA,NA,Y,4,0,1,2,A,-,03,22350,NA,N,D,E,A,A,H,-,C,D,0,NA,NA,NA,NA,Y,Y,A,07,0,0,1,0,0,0,0,0,0,-,-,NA,NA,LOS ANGELES,LOS ANGELES,-118.21694946289064,34.117523193359375
8692169,2018,2018-09-27,1942,2018-08-06,0715,40119,1961,1,5,7,1942,0,0,0,NA,0,19A61,PLUMMER ST,ORION AV,0,NA,Y,A,-,N,NA,NA,NA,NA,NA,NA,NA,NA,NA,Y,2,0,3,2,A,-,09,21802,A,N,D,C,A,A,H,-,A,D,0,NA,NA,NA,NA,Y,NA,A,01,1,1,1,0,0,0,0,0,0,-,-,NA,NA,LOS ANGELES,LOS ANGELES,-118.471923828125,34.2428092956543
8692170,2018,2018-10-01,1942,2018-08-28,2210,36814,0457,2,5,7,1942,0,0,0,D,0,4A53,N EVERGREEN AV,FOLSOM ST,25,S,N,A,-,N,NA,NA,NA,NA,NA,NA,NA,NA,NA,Y,3,0,1,4,A,-,01,23152,A,N,C,E,A,A,H,-,C,D,0,NA,NA,NA,NA,Y,Y,A,01,0,1,0,0,0,0,0,0,0,-,-,NA,NA,LOS ANGELES,LOS ANGELES,-118.19963073730467,34.044830322265625
8692172,2018,2018-09-24,1942,2018-08-20,2200,43334,1184,1,5,7,1942,0,0,0,K,0,11A95,SUNSET BL,PORTIA ST,0,NA,Y,A,-,N,NA,NA,NA,NA,NA,NA,NA,NA,NA,N,4,0,1,2,A,-,10,21950,A,N,G,B,B,A,H,-,C,A,0,Y,NA,NA,NA,Y,Y,A,01,0,0,1,0,1,0,0,0,0,-,-,NA,NA,LOS ANGELES,LOS ANGELES,-118.2543716430664,34.07545852661133
8692173,2018,2018-09-27,1942,2018-08-11,1635,40398,1935,6,5,7,1942,0,0,0,NA,0,19A43,SAN FERNANDO BL,SHARP AV,10,E,N,A,-,N,NA,NA,NA,NA,NA,NA,NA,NA,NA,N,4,0,2,2,A,-,08,22107,NA,N,C,C,A,A,H,-,A,D,0,NA,NA,NA,NA,Y,NA,A,01,0,0,2,0,0,0,0,0,0,-,-,NA,NA,LOS ANGELES,LOS ANGELES,-118.455309,34.275134
8692174,2018,2019-03-13,1942,2018-08-31,1610,37952,0478,5,5,7,1942,0,0,0,D,0,4A97,SPENCE ST,WHITTIER BL,0,NA,Y,A,-,N,NA,NA,NA,NA,NA,NA,NA,NA,NA,N,4,0,2,3,A,-,10,21950,A,F,G,B,B,A,H,-,A,A,0,Y,NA,NA,NA,Y,NA,-,99,0,0,2,0,2,0,0,0,0,-,-,NA,NA,LOS ANGELES,LOS ANGELES,-118.19853973388672,34.02671813964844
8692175,2018,2018-09-25,1942,2018-08-26,2255,40730,1162,7,5,7,1942,0,0,0,K,0,11A51,FOUNTAIN AV,SUNSET BL,60,E,N,A,-,N,NA,NA,NA,NA,NA,NA,NA,NA,NA,N,3,0,1,2,A,-,11,21954,A,N,G,B,D,A,H,-,C,A,0,Y,NA,NA,NA,Y,NA,N,60,0,1,0,0,1,0,0,0,0,-,-,NA,NA,LOS ANGELES,LOS ANGELES,-118.28392028808594,34.095821380615234
8692176,2018,2018-09-24,1942,2018-08-17,1515,36694,1151,5,5,7,1942,0,0,0,K,0,11XL95,SUNSET BL,KENMORE AV,0,NA,Y,A,-,N,NA,NA,NA,NA,NA,NA,NA,NA,NA,Y,4,0,1,2,A,-,09,21802,A,N,D,C,A,A,H,-,A,D,0,NA,NA,NA,NA,Y,NA,A,01,0,0,1,0,0,0,0,0,0,-,-,NA,NA,LOS ANGELES,LOS ANGELES,-118.29727935791016,34.098148345947266
8692177,2018,2018-09-27,1942,2018-08-08,1620,38640,1979,3,5,7,1942,0,0,0,NA,0,19X4,WENTWORTH ST,ARLETA AV,0,NA,Y,A,-,N,NA,NA,NA,NA,NA,NA,NA,NA,NA,N,4,0,1,2,A,-,05,21202,NA,N,D,G,A,A,H,-,A,A,0,NA,Y,NA,NA,Y,NA,L,04,0,0,1,0,0,0,1,0,0,-,-,NA,NA,LOS ANGELES,LOS ANGELES,-118.41658782958984,34.23310852050781
8692178,2018,2018-10-01,1942,2018-08-10,2340,25115,0152,5,5,7,1942,0,0,0,A,0,1A41,W 6TH ST,GRAND AV,100,E,N,A,-,N,NA,NA,NA,NA,NA,NA,NA,NA,NA,N,4,0,1,2,A,-,11,21954,A,F,G,B,E,A,H,-,C,D,0,Y,NA,NA,NA,Y,NA,N,60,0,0,1,0,1,0,0,0,0,-,-,NA,NA,LOS ANGELES,LOS ANGELES,-118.28983306884766,33.7387809753418
8692179,2018,2018-10-08,1942,2018-08-22,0820,33122,1189,3,5,7,1942,0,0,0,K,0,11A89,RIVERSIDE DR,NORTH FIGUEROA ST,0,NA,Y,A,-,N,NA,NA,NA,NA,NA,NA,NA,NA,NA,N,4,0,2,2,A,-,07,21658,A,N,B,C,A,A,H,-,A,A,0,NA,NA,NA,NA,Y,NA,-,-,0,0,2,0,0,0,0,0,0,-,-,NA,NA,LOS ANGELES,LOS ANGELES,-118.22579193115234,34.081539154052734
8692181,2018,2018-09-27,1942,2018-08-30,1020,41497,1983,4,5,7,1942,0,0,0,NA,0,15TL43,COLUMBUS AV,PARTHENIA ST,0,NA,Y,A,-,N,NA,NA,NA,NA,NA,NA,NA,NA,NA,N,3,0,1,2,A,-,10,21950,A,N,G,B,B,A,H,-,A,A,0,Y,NA,NA,NA,Y,NA,A,01,0,1,0,0,1,0,0,0,0,-,-,NA,NA,LOS ANGELES,LOS ANGELES,-118.46543121337892,34.2282600402832
8692182,2018,2018-10-01,1942,2018-08-05,1740,39759,0192,7,5,7,1942,0,0,0,A,0,1A61,S GRAND AV,17TH ST,40,N,N,A,-,N,NA,NA,NA,NA,NA,NA,NA,NA,NA,N,4,0,1,2,A,-,07,21658,A,N,D,C,A,A,H,-,A,D,0,NA,NA,NA,NA,Y,Y,A,01,0,0,1,0,0,0,0,0,0,-,-,NA,NA,LOS ANGELES,LOS ANGELES,-118.29021453857422,33.72888946533203
8692183,2018,2018-10-08,1942,2018-08-20,1715,43015,1347,1,5,7,1942,0,0,0,M,0,13X28,ALAMEDA ST,25TH ST,500,S,N,A,-,N,NA,NA,NA,NA,NA,NA,NA,NA,NA,N,4,0,1,2,A,-,08,22102,NA,F,D,C,A,A,H,-,A,D,0,NA,NA,Y,NA,Y,NA,-,99,0,0,1,0,0,0,0,0,1,-,-,NA,NA,LOS ANGELES,LOS ANGELES,-118.239764,34.013327
8692184,2018,2018-09-26,1942,2018-08-26,2015,41111,1124,7,5,7,1942,0,0,0,K,0,11A72,FLETCHER DR,ESTARA AV,0,NA,Y,A,-,N,NA,NA,NA,NA,NA,NA,NA,NA,NA,N,4,0,1,2,A,-,10,21950,A,N,G,B,B,A,H,-,C,A,0,Y,NA,NA,NA,Y,Y,A,01,0,0,1,0,1,0,0,0,0,-,-,NA,NA,LOS ANGELES,LOS ANGELES,-118.24124145507813,34.11806106567383
8692185,2018,2018-09-27,1942,2018-08-25,2040,42760,1954,6,5,7,1942,0,0,0,NA,0,19A79,CHATSWORTH ST,SEPULVEDA BL,108,W,N,A,-,N,NA,NA,NA,NA,NA,NA,NA,NA,NA,Y,4,0,1,2,A,-,09,21801,A,N,A,C,A,A,H,-,C,D,0,NA,NA,NA,NA,Y,NA,A,01,0,0,1,0,0,0,0,0,0,-,-,NA,NA,LOS ANGELES,LOS ANGELES,-118.46775817871094,34.264564514160156
8692188,2018,2018-09-26,1942,2018-08-28,1150,38050,1181,2,5,7,1942,0,0,0,K,0,11A71,N ALVARADO ST,SUNSET BL,5,N,N,A,-,N,NA,NA,NA,NA,NA,NA,NA,NA,NA,N,4,0,1,2,A,-,10,21950,A,F,G,B,B,A,H,-,A,A,0,Y,NA,NA,NA,Y,NA,-,99,0,0,1,0,1,0,0,0,0,-,-,NA,NA,LOS ANGELES,LOS ANGELES,-118.2634735107422,34.077632904052734
8692189,2018,2018-09-27,1942,2018-08-19,1850,39281,1967,7,5,7,1942,0,0,0,NA,0,19A79,OSBORNE ST,CANTERBURY AV,20,E,N,A,-,N,NA,NA,NA,NA,NA,NA,NA,NA,NA,N,4,0,1,2,A,-,03,22350,NA,N,C,C,A,A,H,-,A,A,0,NA,NA,NA,NA,Y,NA,A,01,0,0,1,0,0,0,0,0,0,-,-,NA,NA,LOS ANGELES,LOS ANGELES,-118.4326400756836,34.23729705810547
8692190,2018,2018-10-01,1942,2018-08-05,1925,40388,1935,7,5,7,1942,0,0,0,NA,0,19A43,SOUTH BRAND BL,NOBLE AV,0,NA,Y,A,-,N,NA,NA,NA,NA,NA,NA,NA,NA,NA,Y,3,0,1,1,A,-,01,23152,A,N,E,I,A,A,H,-,A,A,0,NA,NA,NA,NA,Y,Y,A,07,0,1,0,0,0,0,0,0,0,-,-,NA,NA,LOS ANGELES,LOS ANGELES,-118.4594268798828,34.27186965942383
8692193,2018,2018-09-27,1942,2018-08-19,1050,30452,1987,7,5,7,1942,0,0,0,NA,0,19A75,WOODMAN AV,CHASE ST,250,S,N,A,-,N,NA,NA,NA,NA,NA,NA,NA,NA,NA,N,4,0,3,2,A,-,09,21801,A,N,D,C,A,A,H,-,A,D,0,NA,NA,NA,NA,Y,NA,A,01,0,0,3,0,0,0,0,0,0,-,-,NA,NA,LOS ANGELES,LOS ANGELES,-118.43384552001952,34.22743606567383
8692194,2018,2018-10-01,1942,2018-08-16,1545,39048,1991,4,5,7,1942,0,0,0,NA,0,19A93,ROSCOE BL,LANGDON AV,0,NA,Y,A,-,N,NA,NA,NA,NA,NA,NA,NA,NA,NA,Y,4,0,1,2,A,-,09,21801,A,N,D,C,A,A,H,-,A,A,0,NA,NA,Y,NA,Y,NA,A,01,0,0,1,0,0,0,0,0,1,-,-,NA,NA,LOS ANGELES,LOS ANGELES,-118.46993255615234,34.22138977050781
8692197,2018,2018-09-27,1942,2018-08-20,1210,37080,1985,1,5,7,1942,0,0,0,NA,0,19A85,ROSCOE BL,LENNOX AV,137,W,N,A,-,N,NA,NA,NA,NA,NA,NA,NA,NA,NA,Y,3,0,1,2,A,-,09,21804,A,N,B,-,A,A,H,-,A,-,0,NA,NA,NA,NA,Y,NA,A,01,0,1,0,0,0,0,0,0,0,-,-,NA,NA,LOS ANGELES,LOS ANGELES,-118.4464111328125,34.221580505371094
8692198,2018,2018-10-01,1942,2018-08-04,2200,42811,1907,6,5,7,1942,0,0,0,NA,0,19A7,HUBBARD ST,GLADSTONE AV,0,NA,Y,A,-,N,NA,NA,NA,NA,NA,NA,NA,NA,NA,Y,3,0,1,2,A,-,10,21950,A,N,G,B,B,A,H,-,C,A,0,Y,NA,NA,NA,Y,NA,A,01,0,1,0,0,1,0,0,0,0,-,-,NA,NA,LOS ANGELES,LOS ANGELES,-118.42733001708984,34.3100700378418
8692201,2018,2018-09-28,1942,2018-08-20,2030,37353,1969,1,5,7,1942,0,0,0,NA,0,19A79,ARLETA AV,BRACKEN ST,225,N,N,A,-,N,NA,NA,NA,NA,NA,NA,NA,NA,NA,Y,4,0,1,2,A,-,03,22350,NA,N,D,E,A,A,H,-,D,A,0,NA,NA,NA,NA,Y,NA,A,01,0,0,1,0,0,0,0,0,0,-,-,NA,NA,LOS ANGELES,LOS ANGELES,-118.4209442138672,34.237239837646484
8692202,2018,2018-10-01,1942,2018-08-06,1945,32372,1905,1,5,7,1942,0,0,0,NA,0,19A7,FOOTHILL BL,ASTORIA ST,530,S,N,A,-,N,NA,NA,NA,NA,NA,NA,NA,NA,NA,N,4,0,1,2,A,-,09,21801,A,N,D,C,A,A,H,-,C,D,0,NA,NA,NA,NA,Y,NA,A,01,0,0,1,0,0,0,0,0,0,-,-,NA,NA,LOS ANGELES,LOS ANGELES,-118.43598175048828,34.31184387207031
8692205,2018,2018-09-28,1942,2018-08-20,2025,37353,1969,1,5,7,1942,0,0,0,NA,0,19A79,ARLETA AV,BRACKEN ST,217,N,N,A,-,N,NA,NA,NA,NA,NA,NA,NA,NA,NA,Y,3,0,1,2,A,-,07,21658,A,N,C,E,A,A,H,-,D,A,0,NA,NA,NA,NA,Y,NA,A,01,0,1,0,0,0,0,0,0,0,-,-,NA,NA,LOS ANGELES,LOS ANGELES,-118.4209213256836,34.23722457885742
8692206,2018,2018-10-01,1942,2018-08-05,1525,40398,1991,7,5,7,1942,0,0,0,NA,0,19A93,ROSCOE BL,LANGDON AV,0,NA,Y,A,-,N,NA,NA,NA,NA,NA,NA,NA,NA,NA,N,4,0,2,2,A,-,09,21801,A,N,D,C,A,A,H,-,A,A,0,NA,NA,NA,NA,Y,NA,A,01,0,0,2,0,0,0,0,0,0,-,-,NA,NA,LOS ANGELES,LOS ANGELES,-118.46993255615234,34.22138977050781
8692209,2018,2018-09-27,1942,2018-08-27,0805,33294,1963,1,5,7,1942,0,0,0,NA,0,19A75,VAN NUYS BL,WOODMAN AV,0,NA,Y,B,-,N,NA,NA,NA,NA,NA,NA,NA,NA,NA,Y,3,0,3,2,A,-,12,21453,A,N,D,C,A,A,H,-,A,A,0,NA,NA,NA,NA,Y,NA,A,01,0,2,1,0,0,0,0,0,0,-,-,NA,NA,LOS ANGELES,LOS ANGELES,-118.44818115234376,34.2470817565918
8692210,2018,2018-10-01,1942,2018-08-21,1725,35433,1918,2,5,7,1942,0,0,0,NA,0,19A7,MACLAY ST,BROMONT AV,0,NA,Y,A,-,N,NA,NA,NA,NA,NA,NA,NA,NA,NA,Y,4,0,1,3,A,-,12,21453,A,N,B,C,A,A,H,-,A,A,0,NA,NA,NA,NA,Y,NA,A,01,0,0,1,0,0,0,0,0,0,-,-,NA,NA,LOS ANGELES,LOS ANGELES,-118.42220306396484,34.297279357910156
8692213,2018,2018-09-28,1942,2018-08-10,0740,30989,1983,5,5,7,1942,0,0,0,NA,0,19A61,BURNET AV,CHASE ST,0,NA,Y,A,-,N,NA,NA,NA,NA,NA,NA,NA,NA,NA,Y,3,0,2,2,A,-,12,22450,A,N,D,C,A,A,H,-,A,A,0,NA,NA,NA,NA,Y,NA,A,01,0,1,1,0,0,0,0,0,0,-,-,NA,NA,LOS ANGELES,LOS ANGELES,-118.4633331298828,34.22460174560547
8692214,2018,2018-10-01,1942,2018-08-15,1750,41125,1981,3,5,7,1942,0,0,0,NA,0,19A61,PARTHENIA ST,ORION AV,0,NA,Y,A,-,N,NA,NA,NA,NA,NA,NA,NA,NA,NA,Y,4,0,4,3,A,-,09,21802,A,N,D,C,A,A,H,-,A,A,0,NA,NA,NA,NA,Y,NA,A,01,0,0,4,0,0,0,0,0,0,-,-,NA,NA,LOS ANGELES,LOS ANGELES,-118.47202301025392,34.228302001953125
8692217,2018,2018-09-28,1942,2018-08-10,1540,40165,1915,5,5,7,1942,0,0,0,NA,0,19A1,GLENOAK BL,HERRON ST,138,S,N,A,-,N,NA,NA,NA,NA,NA,NA,NA,NA,NA,Y,3,0,1,2,A,-,03,22350,NA,N,C,C,A,A,H,-,A,D,0,NA,NA,Y,NA,Y,NA,C,02,0,1,0,0,0,0,0,0,1,-,-,NA,NA,LOS ANGELES,LOS ANGELES,-118.44149017333984,34.301239013671875
8692218,2018,2018-10-01,1942,2018-08-18,1235,33458,1981,6,5,7,1942,0,0,0,NA,0,19A61,PARTHENIA ST,SEPULVEDA BL,200,W,N,A,-,N,NA,NA,NA,NA,NA,NA,NA,NA,NA,N,4,0,1,2,A,-,09,21804,A,N,D,-,A,A,H,-,A,D,0,NA,NA,NA,NA,Y,NA,A,01,0,0,1,0,0,0,0,0,0,-,-,NA,NA,LOS ANGELES,LOS ANGELES,-118.46832275390624,34.22827911376953
8692221,2018,2018-09-28,1942,2018-08-08,1410,37080,1981,3,5,7,1942,0,0,0,NA,0,19A61,SEPULVEDA BL,PARTHENIA ST,135,N,N,A,-,N,NA,NA,NA,NA,NA,NA,NA,NA,NA,Y,3,0,2,2,A,-,09,21804,A,N,A,C,A,A,H,-,A,D,0,NA,NA,NA,NA,Y,NA,A,07,0,1,1,0,0,0,0,0,0,-,-,NA,NA,LOS ANGELES,LOS ANGELES,-118.4676513671875,34.228641510009766
8692222,2018,2018-10-01,1942,2018-08-14,1845,38640,1916,2,5,7,1942,0,0,0,NA,0,19X4,HUBBARD ST,DRONFIELD AV,200,W,N,A,-,N,NA,NA,NA,NA,NA,NA,NA,NA,NA,Y,3,0,2,2,A,-,08,22107,NA,N,B,C,A,A,H,-,A,D,0,NA,NA,NA,NA,Y,NA,A,01,0,1,1,0,0,0,0,0,0,-,-,NA,NA,LOS ANGELES,LOS ANGELES,-118.4337158203125,34.30437469482422
8692224,2018,2018-09-27,1900,2018-08-25,0800,614034,0632,6,5,6,1985,0,0,0,NA,0,61T1,SAND CANYON RD,WARM SPRINGS DR,0,NA,Y,A,-,N,NA,NA,NA,NA,NA,NA,NA,NA,NA,N,3,0,1,2,A,-,09,21800,A,N,D,G,A,A,H,-,A,D,0,NA,Y,NA,NA,Y,NA,L,04,0,1,0,0,0,0,1,0,0,-,-,NA,NA,LOS ANGELES,SANTA CLARITA,-118.41436767578124,34.38964080810547
8692225,2018,2018-09-28,1942,2018-08-11,1455,39629,1998,6,5,7,1942,0,0,0,NA,0,19A61,VAN NUYS BL,LANARK ST,250,N,N,A,-,N,NA,NA,NA,NA,NA,NA,NA,NA,NA,Y,3,0,2,2,A,-,08,22107,NA,N,A,C,A,A,H,-,A,D,0,NA,NA,NA,NA,Y,NA,A,07,0,1,1,0,0,0,0,0,0,-,-,NA,NA,LOS ANGELES,LOS ANGELES,-118.44876098632813,34.21864700317383
8692226,2018,2018-10-01,1942,2018-08-17,1640,40267,1935,5,5,7,1942,0,0,0,NA,0,19X4,SAN FERNANDO MISSION,SEPULVEDA BL,80,E,N,A,-,N,NA,NA,NA,NA,NA,NA,NA,NA,NA,Y,3,0,1,2,A,-,09,21804,A,N,D,C,A,A,H,-,A,A,0,NA,NA,NA,NA,Y,NA,A,01,0,1,0,0,0,0,0,0,0,-,-,NA,NA,LOS ANGELES,LOS ANGELES,-118.49040222167967,34.3150520324707