CASE_ID,ACCIDENT_YEAR,PROC_DATE,JURIS,COLLISION_DATE,COLLISION_TIME,OFFICER_ID,REPORTING_DISTRICT,DAY_OF_WEEK,CHP_SHIFT,POPULATION,CNTY_CITY_LOC,SPECIAL_COND,BEAT_TYPE,CHP_BEAT_TYPE,CITY_DIVISION_LAPD,CHP_BEAT_CLASS,BEAT_NUMBER,PRIMARY_RD,SECONDARY_RD,DISTANCE,DIRECTION,INTERSECTION,WEATHER_1,WEATHER_2,STATE_HWY_IND,CALTRANS_COUNTY,CALTRANS_DISTRICT,STATE_ROUTE,ROUTE_SUFFIX,POSTMILE_PREFIX,POSTMILE,LOCATION_TYPE,RAMP_INTERSECTION,SIDE_OF_HWY,TOW_AWAY,COLLISION_SEVERITY,NUMBER_KILLED,NUMBER_INJURED,PARTY_COUNT,PRIMARY_COLL_FACTOR,PCF_CODE_OF_VIOL,PCF_VIOL_CATEGORY,PCF_VIOLATION,PCF_VIOL_SUBSECTION,HIT_AND_RUN,TYPE_OF_COLLISION,MVIW,PED_ACTION,ROAD_SURFACE,ROAD_COND_1,ROAD_COND_2,LIGHTING,CONTROL_DEVICE,CHP_ROAD_TYPE,PEDESTRIAN_ACCIDENT,BICYCLE_ACCIDENT,MOTORCYCLE_ACCIDENT,TRUCK_ACCIDENT,NOT_PRIVATE_PROPERTY,ALCOHOL_INVOLVED,STWD_VEHTYPE_AT_FAULT,CHP_VEHTYPE_AT_FAULT,COUNT_SEVERE_INJ,COUNT_VISIBLE_INJ,COUNT_COMPLAINT_PAIN,COUNT_PED_KILLED,COUNT_PED_INJURED,COUNT_BICYCLIST_KILLED,COUNT_BICYCLIST_INJURED,COUNT_MC_KILLED,COUNT_MC_INJURED,PRIMARY_RAMP,SECONDARY_RAMP,LATITUDE,LONGITUDE,COUNTY,CITY,POINT_X,POINT_Y
8694380,2018,2018-09-28,1900,2018-07-31,1220,610993,0459,2,5,6,1949,0,0,0,NA,0,43T1,CARMENITA RD,EXCELSIOR DR,400,N,N,A,-,N,NA,NA,NA,NA,NA,NA,NA,NA,NA,Y,4,0,2,2,A,-,09,21801,A,N,D,C,A,A,H,-,A,A,0,NA,NA,NA,NA,Y,NA,D,22,0,0,2,0,0,0,0,0,0,-,-,NA,NA,LOS ANGELES,NORWALK,-118.046630859375,33.896270751953125
8694383,2018,2018-09-13,1942,2018-07-20,1620,42312,1341,5,5,7,1942,0,0,0,M,0,13X94,JEFFERSON BL,BROADWAY,0,NA,Y,A,-,N,NA,NA,NA,NA,NA,NA,NA,NA,NA,Y,4,0,1,2,A,-,04,21703,NA,N,C,C,A,A,H,-,A,D,0,NA,NA,NA,NA,Y,NA,A,01,0,0,1,0,0,0,0,0,0,-,-,NA,NA,LOS ANGELES,LOS ANGELES,-118.27377319335938,34.01914978027344
8694393,2018,2018-10-23,1942,2018-08-24,1520,40164,1321,5,5,7,1942,0,0,0,M,0,NA,21ST ST,FIGUEROA ST,0,NA,Y,A,-,N,NA,NA,NA,NA,NA,NA,NA,NA,NA,Y,4,0,1,3,A,-,09,21801,A,N,D,C,A,A,H,-,A,D,0,NA,NA,NA,NA,Y,NA,A,01,0,0,1,0,0,0,0,0,0,-,-,NA,NA,LOS ANGELES,LOS ANGELES,-118.27352905273438,34.03213882446289
8694404,2018,2018-09-12,1942,2018-07-20,1745,34426,1377,5,5,7,1942,0,0,0,M,0,13A75,ALAMEDA ST,55TH ST,150,N,N,A,-,N,NA,NA,NA,NA,NA,NA,NA,NA,NA,N,4,0,1,2,A,-,03,22350,NA,F,D,C,A,A,H,-,A,D,0,NA,NA,NA,NA,Y,NA,-,99,0,0,1,0,0,0,0,0,0,-,-,NA,NA,LOS ANGELES,LOS ANGELES,-118.238284,33.993365
8694408,2018,2018-09-12,1942,2018-07-18,1045,39710,1313,3,5,7,1942,0,0,0,M,0,1A1,14TH HELENA DR,GRIFFITH AV,0,NA,Y,A,-,N,NA,NA,NA,NA,NA,NA,NA,NA,NA,N,4,0,1,2,A,-,09,21802,NA,N,D,G,A,A,H,-,A,D,0,NA,Y,NA,NA,Y,NA,L,04,0,0,1,0,0,0,1,0,0,-,-,NA,NA,LOS ANGELES,LOS ANGELES,-118.25078,34.02912
8694412,2018,2018-09-13,1942,2018-07-25,1055,43408,1341,3,5,7,1942,0,0,0,M,0,13A41,BROADWAY PL,39TH ST,0,NA,Y,A,-,N,NA,NA,NA,NA,NA,NA,NA,NA,NA,N,4,0,2,2,A,-,09,21804,A,N,D,C,A,A,H,-,A,D,0,NA,NA,NA,NA,Y,NA,A,01,0,0,2,0,0,0,0,0,0,-,-,NA,NA,LOS ANGELES,LOS ANGELES,-118.27678680419922,34.012088775634766
8694416,2018,2018-09-12,1942,2018-07-23,1350,42031,1341,1,5,7,1942,0,0,0,M,0,1373,JEFFERSON BL,BROADWAY ST,0,NA,Y,A,-,N,NA,NA,NA,NA,NA,NA,NA,NA,NA,N,4,0,1,2,A,-,12,21453,A,N,D,C,A,A,H,-,A,A,0,NA,NA,NA,NA,Y,NA,A,01,0,0,1,0,0,0,0,0,0,-,-,NA,NA,LOS ANGELES,LOS ANGELES,-118.27377319335938,34.01914978027344
8694420,2018,2018-09-13,1942,2018-07-18,1604,42441,1395,3,5,7,1942,0,0,0,M,0,13X94,AVALON BL,71ST ST,50,E,N,A,-,N,NA,NA,NA,NA,NA,NA,NA,NA,NA,N,3,0,1,2,A,-,09,21804,NA,N,D,G,A,A,H,-,A,D,0,NA,Y,NA,NA,Y,NA,A,01,0,1,0,0,0,0,1,0,0,-,-,NA,NA,LOS ANGELES,LOS ANGELES,-118.26519012451172,33.97547149658203
8694424,2018,2018-09-12,1942,2018-07-17,1410,43409,1395,2,5,7,1942,0,0,0,M,0,13A27,FLORENCE AV,CENTRAL AV,0,NA,Y,A,-,N,NA,NA,NA,NA,NA,NA,NA,NA,NA,N,4,0,2,2,A,-,09,21801,A,N,D,C,A,A,H,-,A,A,0,NA,NA,NA,NA,Y,NA,A,01,0,0,2,0,0,0,0,0,0,-,-,NA,NA,LOS ANGELES,LOS ANGELES,-118.25646209716795,33.97475814819336
8694428,2018,2018-09-13,1942,2018-07-17,1940,43103,1372,2,5,7,1942,0,0,0,M,0,13A85,SLAUSON AV,AVALON BL,0,NA,Y,A,-,N,NA,NA,NA,NA,NA,NA,NA,NA,NA,N,4,0,1,2,A,-,03,22350,NA,N,B,C,A,A,H,-,A,D,0,NA,NA,NA,NA,Y,NA,A,01,0,0,1,0,0,0,0,0,0,-,-,NA,NA,LOS ANGELES,LOS ANGELES,-118.26521301269533,33.98925018310547
8694432,2018,2018-09-12,1942,2018-07-08,1340,40138,1346,7,5,7,1942,0,0,0,M,0,013,HOOPER AV,41ST ST,0,NA,-,A,-,N,NA,NA,NA,NA,NA,NA,NA,NA,NA,N,4,0,1,2,A,-,12,21453,A,N,H,G,A,A,H,-,A,A,0,NA,Y,NA,NA,Y,NA,L,04,0,0,1,0,0,0,1,0,0,-,-,NA,NA,LOS ANGELES,LOS ANGELES,-118.25213623046876,34.009281158447266
8694436,2018,2018-09-12,1942,2018-07-28,2105,42186,1361,6,5,7,1942,0,0,0,M,0,1A35,WEST TEMPLE AV,BROADWAY,581,E,N,A,-,N,NA,NA,NA,NA,NA,NA,NA,NA,NA,N,4,0,1,3,A,-,03,22350,NA,F,B,B,E,A,H,-,D,D,0,Y,NA,NA,NA,Y,NA,-,99,0,0,1,0,1,0,0,0,0,-,-,NA,NA,LOS ANGELES,LOS ANGELES,-118.24228668212892,34.054595947265625
8694444,2018,2018-09-13,1942,2018-07-07,1435,43155,1391,6,5,7,1942,0,0,0,M,0,13A43,FLORENCE AV,BROADWAY,0,NA,Y,A,-,N,NA,NA,NA,NA,NA,NA,NA,NA,NA,Y,3,0,3,3,A,-,01,23152,A,N,C,C,A,A,H,-,A,A,0,NA,NA,NA,NA,Y,Y,A,08,0,2,1,0,0,0,0,0,0,-,-,NA,NA,LOS ANGELES,LOS ANGELES,-118.27832794189452,33.97465896606445
8694448,2018,2018-10-10,1942,2018-07-30,0040,34906,1322,1,5,7,1942,0,0,0,M,0,13A13,ADAMS BL,MAPLE AV,0,NA,Y,A,-,N,NA,NA,NA,NA,NA,NA,NA,NA,NA,Y,4,0,3,2,A,-,01,23152,A,N,D,C,A,A,H,-,C,A,0,NA,NA,NA,NA,Y,NA,-,-,0,0,3,0,0,0,0,0,0,-,-,NA,NA,LOS ANGELES,LOS ANGELES,-118.26544952392578,34.02341842651367
8694452,2018,2018-10-04,1942,2018-07-20,2215,41997,1363,5,5,7,1942,0,0,0,M,0,13A43,AVALON BL,51ST ST,0,NA,Y,A,-,N,NA,NA,NA,NA,NA,NA,NA,NA,NA,N,3,0,1,2,A,-,00,2950,A,N,G,B,B,A,H,-,C,A,0,Y,NA,NA,NA,Y,NA,A,01,0,1,0,0,1,0,0,0,0,-,-,NA,NA,LOS ANGELES,LOS ANGELES,-118.26522827148438,33.996559143066406
8694456,2018,2018-09-12,1942,2018-07-03,0400,38502,NA,2,5,7,1942,0,0,0,NA,0,NA,SLAUSON AV,TOWNE AV,9,E,N,A,-,N,NA,NA,NA,NA,NA,NA,NA,NA,NA,Y,3,0,1,1,A,-,03,22350,NA,N,E,I,A,A,H,-,A,D,0,NA,NA,NA,NA,Y,NA,A,07,0,1,0,0,0,0,0,0,0,-,-,NA,NA,LOS ANGELES,LOS ANGELES,-118.26751708984376,33.98923873901367
8694460,2018,2018-09-13,1942,2018-07-18,1155,30099,1347,3,5,7,1942,0,0,0,M,0,13A27,S ALAMEDA ST,MARTIN LUTHER KING BL,30,S,N,A,-,N,NA,NA,NA,NA,NA,NA,NA,NA,NA,N,4,0,1,2,A,-,03,22350,NA,N,C,C,A,A,H,-,A,D,0,NA,NA,NA,NA,Y,NA,A,08,0,0,1,0,0,0,0,0,0,-,-,NA,NA,LOS ANGELES,LOS ANGELES,-118.23963928222656,34.00973892211914
8694464,2018,2018-09-12,1942,2018-07-18,1435,34426,1353,3,5,7,1942,0,0,0,M,0,E02032,AVALON BL,43RD PL,0,NA,Y,A,-,N,NA,NA,NA,NA,NA,NA,NA,NA,NA,N,4,0,1,2,A,-,09,21801,A,N,A,C,A,A,H,-,A,D,0,NA,NA,Y,NA,Y,NA,A,01,0,0,1,0,0,0,0,0,1,-,-,NA,NA,LOS ANGELES,LOS ANGELES,-118.26526641845705,34.00476837158203
8694468,2018,2018-09-13,1942,2018-07-16,1140,32973,1365,1,5,7,1942,0,0,0,M,0,13A75,COMPTON AV,50TH ST,40,S,N,A,-,N,NA,NA,NA,NA,NA,NA,NA,NA,NA,N,4,0,2,6,A,-,03,22350,NA,N,D,E,A,A,H,-,A,D,0,NA,NA,NA,NA,Y,NA,A,01,0,0,2,0,0,0,0,0,0,-,-,NA,NA,LOS ANGELES,LOS ANGELES,-118.2477798461914,33.99742126464844
8694472,2018,2018-09-13,1942,2018-07-21,1120,39395,1361,6,5,7,1942,0,0,0,M,0,13A61,S MAIN ST,E 47TH PL,0,NA,Y,A,-,N,NA,NA,NA,NA,NA,NA,NA,NA,NA,N,4,0,2,2,A,-,09,21801,A,N,D,C,A,A,H,-,A,A,0,NA,NA,NA,NA,Y,NA,A,07,0,0,2,0,0,0,0,0,0,-,-,NA,NA,LOS ANGELES,LOS ANGELES,-118.27397918701172,34.00008010864258
8694476,2018,2018-09-13,1942,2018-07-25,1610,39759,1317,3,5,7,1942,0,0,0,M,0,13A9,EAST WASHINGTON BL,LONG BEACH AV,0,NA,Y,A,-,N,NA,NA,NA,NA,NA,NA,NA,NA,NA,N,4,0,1,2,A,-,09,21801,A,N,D,C,A,A,H,-,A,A,0,NA,NA,NA,NA,Y,NA,A,01,0,0,1,0,0,0,0,0,0,-,-,NA,NA,LOS ANGELES,LOS ANGELES,-118.24317932128906,34.020591735839844
8694480,2018,2018-09-12,1942,2018-07-04,2245,43103,1395,3,5,7,1942,0,0,0,M,0,13A85,CENTRAL,64TH ST,0,NA,Y,A,-,N,NA,NA,NA,NA,NA,NA,NA,NA,NA,N,4,0,1,2,A,-,09,21801,NA,F,B,C,A,A,H,-,C,A,0,NA,NA,NA,NA,Y,NA,-,99,0,0,1,0,0,0,0,0,0,-,-,NA,NA,LOS ANGELES,LOS ANGELES,-118.25646209716795,33.981590270996094
8694529,2018,2018-09-13,1942,2018-07-09,1640,37298,1331,1,5,7,1942,0,0,0,M,0,13A9,ADAMS,MAIN,100,E,N,A,-,N,NA,NA,NA,NA,NA,NA,NA,NA,NA,N,4,0,1,2,D,-,00,NA,NA,F,C,C,A,A,-,-,A,A,0,NA,NA,NA,NA,Y,NA,-,-,0,0,1,0,0,0,0,0,0,-,-,NA,NA,LOS ANGELES,LOS ANGELES,-118.26864624023438,34.02484893798828
8694563,2018,2018-10-03,1942,2018-08-08,1850,39062,1317,3,5,7,1942,0,0,0,M,0,13A9,E 14TH ST,MCGARRY ST,10,E,N,A,-,N,NA,NA,NA,NA,NA,NA,NA,NA,NA,N,3,0,1,2,A,-,11,21954,A,F,G,B,E,A,H,-,A,D,0,Y,NA,NA,NA,Y,NA,N,60,0,1,0,0,1,0,0,0,0,-,-,NA,NA,LOS ANGELES,LOS ANGELES,-118.24018096923828,34.025733947753906
8694567,2018,2019-03-01,1942,2018-08-03,1700,32237,1385,5,5,7,1942,0,0,0,M,0,13A85,59TH ST,CENTRAL AV,156,W,N,A,-,N,NA,NA,NA,NA,NA,NA,NA,NA,NA,Y,1,1,2,2,A,-,03,22350,NA,N,A,C,A,A,-,-,A,D,0,NA,NA,NA,NA,Y,NA,A,01,0,0,2,0,0,0,0,0,0,-,-,NA,NA,LOS ANGELES,LOS ANGELES,-118.25697326660156,33.987239837646484
8694571,2018,2018-10-03,1942,2018-08-09,1145,38567,1343,4,5,7,1942,0,0,0,M,0,13A43,MARTIN LUTHER KING BL,GRIFFITH AV,0,NA,Y,A,-,N,NA,NA,NA,NA,NA,NA,NA,NA,NA,N,2,0,1,2,A,-,10,21954,B,N,G,B,D,A,H,-,A,D,0,Y,NA,NA,NA,Y,NA,A,01,1,0,0,0,1,0,0,0,0,-,-,NA,NA,LOS ANGELES,LOS ANGELES,-118.26278686523438,34.011070251464844
8694575,2018,2018-10-03,1942,2018-08-19,1955,33452,1313,7,5,7,1942,0,0,0,M,0,13A13,E 16TH ST,MAPLE AV,0,NA,Y,A,-,N,NA,NA,NA,NA,NA,NA,NA,NA,NA,Y,2,0,1,2,A,-,09,21801,A,N,A,C,A,A,H,-,C,A,0,NA,NA,Y,NA,Y,NA,A,01,1,0,0,0,0,0,0,0,1,-,-,NA,NA,LOS ANGELES,LOS ANGELES,-118.25942230224608,34.031829833984375
8694579,2018,2018-10-03,1942,2018-08-31,1919,38233,1307,5,5,7,1942,0,0,0,M,0,13A9,E OLYMPIC BL,S CENTRAL AV,0,NA,Y,A,-,N,NA,NA,NA,NA,NA,NA,NA,NA,NA,Y,2,0,1,2,A,-,09,21801,A,N,D,C,A,A,H,-,B,A,0,NA,NA,Y,NA,Y,NA,A,01,1,0,0,0,0,0,0,0,1,-,-,NA,NA,LOS ANGELES,LOS ANGELES,-118.2441635131836,34.032039642333984
8694581,2018,2018-09-18,1909,2018-08-22,1753,NA,1909,3,5,4,1909,0,0,0,NA,0,001,SUVA ST,SCOUT AV,0,NA,Y,A,-,N,NA,NA,NA,NA,NA,NA,NA,NA,NA,N,3,0,1,2,A,-,10,21950,A,N,D,G,A,A,H,-,A,A,0,NA,Y,NA,NA,Y,NA,A,01,0,1,0,0,0,0,1,0,0,-,-,NA,NA,LOS ANGELES,BELL GARDENS,-118.13809204101564,33.966129302978516
8694583,2018,2018-10-03,1942,2018-08-18,0915,41629,1367,6,5,7,1942,0,0,0,M,0,13A75,COMPTON AV,48TH PL,137,S,N,A,-,N,NA,NA,NA,NA,NA,NA,NA,NA,NA,N,3,0,2,2,A,-,01,23152,A,N,A,C,A,A,H,-,A,D,0,NA,NA,NA,NA,Y,Y,A,01,0,1,1,0,0,0,0,0,0,-,-,NA,NA,LOS ANGELES,LOS ANGELES,-118.2477798461914,33.99895477294922
8694585,2018,2018-09-18,1900,2018-08-02,2315,625432,1133,4,5,6,1992,0,0,0,NA,0,112T2,10TH ST EAST,AVENUE J 12,0,NA,Y,A,-,N,NA,NA,NA,NA,NA,NA,NA,NA,NA,N,3,0,3,2,A,-,09,21802,A,N,D,C,A,A,H,-,C,A,0,NA,NA,NA,NA,Y,NA,A,01,0,1,2,0,0,0,0,0,0,-,-,NA,NA,LOS ANGELES,LANCASTER,-118.11245727539064,34.67858123779297
8694587,2018,2018-10-03,1942,2018-08-04,2100,39062,1394,6,5,7,1942,0,0,0,M,0,13A93,S SAN PEDRO ST,FLORENCE AV,30,N,N,A,-,N,NA,NA,NA,NA,NA,NA,NA,NA,NA,N,4,0,2,2,A,-,08,22107,NA,F,A,-,A,A,H,-,C,A,0,NA,NA,NA,NA,Y,NA,-,99,0,0,2,0,0,0,0,0,0,-,-,NA,NA,LOS ANGELES,LOS ANGELES,-118.26956939697266,33.97477340698242
8694589,2018,2018-09-18,1941,2018-08-04,1549,11140,901T,6,5,7,1941,0,0,0,NA,0,NA,CHERRY AV,LP DA 1427,37,S,N,A,-,N,NA,NA,NA,NA,NA,NA,NA,NA,NA,NA,4,0,1,2,A,-,06,21755,NA,N,B,G,A,A,H,-,A,D,0,NA,Y,NA,NA,Y,NA,-,NA,0,0,1,0,0,0,1,0,0,-,-,NA,NA,LOS ANGELES,LONG BEACH,NA,NA
8694591,2018,2018-10-03,1922,2018-08-08,1506,576,NA,3,5,6,1922,0,0,0,NA,0,NA,KLINGERMAN ST,MOUNTAIN VIEW RD,85,E,N,A,-,N,NA,NA,NA,NA,NA,NA,NA,NA,NA,Y,3,0,1,2,A,-,09,21804,A,N,D,C,A,A,H,-,A,A,0,NA,NA,NA,NA,Y,NA,A,01,0,1,0,0,0,0,0,0,0,-,-,34.055301666259766,-118.0294189453125,LOS ANGELES,EL MONTE,-118.02957153320313,34.05582809448242
8694595,2018,2018-10-03,1922,2018-08-18,1018,463,NA,6,5,6,1922,0,0,0,NA,0,NA,VALLEY BL,TYLER AV,0,NA,Y,A,-,N,NA,NA,NA,NA,NA,NA,NA,NA,NA,Y,4,0,5,4,A,-,12,21453,A,N,D,C,A,A,H,-,A,A,0,NA,NA,NA,NA,Y,NA,A,07,0,0,5,0,0,0,0,0,0,-,-,34.07490158081055,-118.0351104736328,LOS ANGELES,EL MONTE,-118.03505706787108,34.07490158081055
8694599,2018,2018-10-03,1922,2018-08-13,1500,576,NA,1,5,6,1922,0,0,0,NA,0,NA,PECK RD,ALLOWAY ST,0,NA,Y,A,-,N,NA,NA,NA,NA,NA,NA,NA,NA,NA,Y,3,0,2,2,A,-,09,21453,C,N,D,C,A,A,H,-,A,A,0,NA,NA,NA,NA,Y,NA,A,01,0,2,0,0,0,0,0,0,0,-,-,34.072418212890625,-118.02462005615234,LOS ANGELES,EL MONTE,-118.02461,34.072391
8694603,2018,2018-10-03,1922,2018-08-13,2347,671,1,1,5,6,1922,0,0,0,NA,0,001,LINCOLN AV,LINCOLN AV 3817,0,NA,Y,A,-,N,NA,NA,NA,NA,NA,NA,NA,NA,NA,N,2,0,1,2,A,-,21,22106,NA,N,C,B,F,A,H,-,A,D,0,Y,NA,NA,NA,Y,NA,A,01,1,0,0,0,1,0,0,0,0,-,-,34.07733917236328,-118.0280303955078,LOS ANGELES,EL MONTE,-118.027739,34.07726
8694607,2018,2018-10-03,1922,2018-08-11,1252,683,NA,6,5,6,1922,0,0,0,NA,0,NA,ALLGEYER,MAGNOLIA,20,N,N,A,-,N,NA,NA,NA,NA,NA,NA,NA,NA,NA,Y,3,0,1,2,A,-,08,22107,NA,N,B,C,A,A,H,-,A,D,0,NA,NA,NA,NA,Y,NA,A,07,0,1,0,0,0,0,0,0,0,-,-,34.05852127075195,-118.0205078125,LOS ANGELES,EL MONTE,-118.02045440673828,34.058555603027344
8694611,2018,2018-10-03,1922,2018-08-09,1854,594,NA,4,5,6,1922,0,0,0,NA,0,NA,LOWER AZUSA RD,SANTA ANITA AV,400,W,N,A,-,N,NA,NA,NA,NA,NA,NA,NA,NA,NA,Y,3,0,2,2,A,-,05,21460,A,N,D,C,A,A,H,-,A,D,0,NA,NA,NA,NA,Y,NA,A,01,0,1,1,0,0,0,0,0,0,-,-,NA,NA,LOS ANGELES,EL MONTE,-118.02769470214844,34.092247009277344
8694615,2018,2018-10-03,1922,2018-08-16,2315,671,1,4,5,6,1922,0,0,0,NA,0,001,VALLEY BL,PECK RD,20,S,N,A,-,N,NA,NA,NA,NA,NA,NA,NA,NA,NA,Y,3,0,1,2,A,-,12,21453,A,N,D,C,A,A,H,-,C,A,0,NA,NA,NA,NA,Y,NA,A,01,0,1,0,0,0,0,0,0,0,-,-,34.068878173828125,-118.0280532836914,LOS ANGELES,EL MONTE,-118.02806854248048,34.06889343261719
8694616,2018,2018-09-25,1944,2018-08-07,0751,316,SOUTH,2,5,4,1944,0,0,0,NA,0,003,MANHATTAN BEACH BL,MANHATTAN AV,0,NA,Y,A,-,N,NA,NA,NA,NA,NA,NA,NA,NA,NA,Y,4,0,1,2,A,-,12,21453,A,N,D,C,A,A,H,-,A,A,0,NA,NA,NA,NA,Y,NA,A,07,0,0,1,0,0,0,0,0,0,-,-,NA,NA,LOS ANGELES,MANHATTAN BEACH,-118.41072845458984,33.88473892211914
8694617,2018,2018-09-18,1900,2018-08-09,2120,281365,1624,4,5,5,1977,0,0,0,NA,0,160T1,AVALON BL,LINCOLN ST,0,NA,Y,B,-,N,NA,NA,NA,NA,NA,NA,NA,NA,NA,Y,4,0,1,2,A,-,01,23152,A,N,B,C,A,A,H,-,C,D,0,NA,NA,NA,NA,Y,Y,A,07,0,0,1,0,0,0,0,0,0,-,-,33.80739974975586,-118.26412200927734,LOS ANGELES,CARSON,-118.26415252685548,33.807430267333984
8694619,2018,2018-10-03,1922,2018-08-23,1933,682,NA,4,5,6,1922,0,0,0,NA,0,NA,ROSEMEAD BL,GLENDON WY,100,N,N,A,-,N,NA,NA,NA,NA,NA,NA,NA,NA,NA,N,3,0,1,2,A,-,03,22350,NA,N,C,C,A,A,H,-,A,D,0,NA,NA,NA,NA,Y,NA,A,01,0,1,0,0,0,0,0,0,0,-,-,NA,NA,LOS ANGELES,EL MONTE,-118.07312774658205,34.0743522644043
8694620,2018,2018-09-25,1944,2018-08-07,0956,316,SOUTH,2,5,4,1944,0,0,0,NA,0,003,MANHATTAN BEACH BL,HIGHVIEW AV,10,E,N,A,-,N,NA,NA,NA,NA,NA,NA,NA,NA,NA,Y,4,0,1,2,A,-,05,21460,A,N,D,C,A,A,-,-,A,D,0,NA,NA,NA,NA,Y,NA,A,01,0,0,1,0,0,0,0,0,0,-,-,NA,NA,LOS ANGELES,MANHATTAN BEACH,-118.40532684326172,33.886661529541016
8694621,2018,2018-09-26,1900,2018-08-08,2030,621335,1618,3,5,5,1977,0,0,0,NA,0,167T1,CARSON ST,GARA DR,0,NA,Y,A,-,N,NA,NA,NA,NA,NA,NA,NA,NA,NA,N,4,0,3,2,A,-,08,22107,NA,N,B,C,A,A,H,-,C,A,0,NA,NA,NA,NA,Y,NA,A,01,0,0,3,0,0,0,0,0,0,-,-,33.83169937133789,-118.26809692382813,LOS ANGELES,CARSON,-118.090064,33.831314
8694623,2018,2018-10-03,1922,2018-08-24,1551,616,NA,5,5,6,1922,0,0,0,NA,0,NA,LOWER AZUSA,ELROVIA,300,E,N,A,-,N,NA,NA,NA,NA,NA,NA,NA,NA,NA,N,4,0,1,3,A,-,09,21804,A,N,D,C,A,A,H,-,A,D,0,NA,NA,NA,NA,Y,NA,A,01,0,0,1,0,0,0,0,0,0,-,-,NA,NA,LOS ANGELES,EL MONTE,-118.01668548583984,34.09115982055664
8694624,2018,2018-09-25,1900,2018-08-19,0157,541624,2920,7,5,5,1990,0,0,0,NA,0,292K4,DIAMOND BAR BL,TEMPLE AV,0,NA,Y,A,-,N,NA,NA,NA,NA,NA,NA,NA,NA,NA,Y,4,0,1,2,A,-,12,21453,A,F,D,C,A,A,H,-,C,A,0,NA,NA,NA,NA,Y,NA,A,01,0,0,1,0,0,0,0,0,0,-,-,NA,NA,LOS ANGELES,DIAMOND BAR,-117.79817962646484,34.04045104980469
8694625,2018,2018-09-18,1900,2018-08-11,0710,508443,1624,6,5,5,1977,0,0,0,NA,0,168T,SEPULVEDA BL,DOLORES ST,0,NA,Y,A,-,N,NA,NA,NA,NA,NA,NA,NA,NA,NA,N,4,0,1,2,A,-,05,21650,1,N,A,G,A,A,H,-,A,D,0,NA,Y,NA,NA,Y,NA,L,04,0,0,1,0,0,0,1,0,0,-,-,NA,NA,LOS ANGELES,CARSON,-118.27239990234376,33.80809020996094
8694627,2018,2018-10-03,1922,2018-08-11,1520,684,NA,6,5,6,1922,0,0,0,NA,0,NA,GARVEY AV,MERCED AV,50,W,N,A,-,N,NA,NA,NA,NA,NA,NA,NA,NA,NA,N,3,0,1,2,A,-,11,21956,A,N,B,B,D,A,H,-,A,D,0,Y,NA,NA,NA,Y,NA,N,60,0,1,0,0,1,0,0,0,0,-,-,34.06269836425781,-118.0513916015625,LOS ANGELES,EL MONTE,-118.0515365600586,34.062744140625
8694628,2018,2018-09-25,1900,2018-08-26,1820,NA,2928,7,5,5,1990,0,0,0,NA,0,292K2,BREA CANYON RD,LYCOMING AV,0,NA,Y,A,-,N,NA,NA,NA,NA,NA,NA,NA,NA,NA,Y,4,0,1,2,A,-,08,22100,A,N,D,C,A,A,H,-,A,A,0,NA,NA,Y,NA,Y,NA,A,07,0,0,1,0,0,0,0,0,1,-,-,NA,NA,LOS ANGELES,DIAMOND BAR,-117.84636688232422,34.00286865234375
8694629,2018,2018-09-18,1900,2018-08-10,0530,483802,1610,5,5,5,1977,0,0,0,NA,0,161,MAIN ST,GARDENA BL,6,S,N,A,-,N,NA,NA,NA,NA,NA,NA,NA,NA,NA,Y,4,0,1,2,A,-,08,22107,NA,N,A,C,A,A,H,-,A,A,0,NA,NA,NA,NA,Y,NA,A,01,0,0,1,0,0,0,0,0,0,-,-,33.88190841674805,-118.27574920654295,LOS ANGELES,CARSON,-118.27578735351564,33.88199234008789
8694631,2018,2018-10-03,1905,2018-08-03,1426,2019,111,5,5,4,1905,0,0,0,NA,0,002,N SAN GABRIEL AV,1ST ST,500,N,N,A,-,N,NA,NA,NA,NA,NA,NA,NA,NA,NA,Y,3,0,4,2,A,-,08,22100,B,N,D,C,A,A,H,-,A,D,0,NA,NA,NA,NA,Y,NA,A,01,0,1,3,0,0,0,0,0,0,-,-,34.12168884277344,-117.90872955322266,LOS ANGELES,AZUSA,-117.9089126586914,34.122982025146484
8694632,2018,2018-09-25,1900,2018-08-29,1545,279490,2925,3,5,5,1990,0,0,0,NA,0,292K1,DIAMOND BAR BL,SUGAR PINE PL,0,NA,Y,A,-,N,NA,NA,NA,NA,NA,NA,NA,NA,NA,Y,3,0,1,2,A,-,17,21451,B,N,D,C,A,A,H,-,A,A,0,NA,NA,NA,NA,Y,NA,A,01,0,1,0,0,0,0,0,0,0,-,-,NA,NA,LOS ANGELES,DIAMOND BAR,-117.83727264404295,33.97468948364258
8694633,2018,2018-09-18,1900,2018-08-09,1612,603337,1624,4,5,5,1977,0,0,0,NA,0,168T,LINCOLN ST,FRIES AV,200,E,N,A,-,N,NA,NA,NA,NA,NA,NA,NA,NA,NA,N,3,0,1,2,A,-,09,21804,A,N,D,G,A,A,H,-,A,D,0,NA,Y,NA,NA,Y,NA,L,04,0,1,0,0,0,0,1,0,0,-,-,NA,NA,LOS ANGELES,CARSON,-118.26573181152344,33.80738830566406