CASE_ID,ACCIDENT_YEAR,PROC_DATE,JURIS,COLLISION_DATE,COLLISION_TIME,OFFICER_ID,REPORTING_DISTRICT,DAY_OF_WEEK,CHP_SHIFT,POPULATION,CNTY_CITY_LOC,SPECIAL_COND,BEAT_TYPE,CHP_BEAT_TYPE,CITY_DIVISION_LAPD,CHP_BEAT_CLASS,BEAT_NUMBER,PRIMARY_RD,SECONDARY_RD,DISTANCE,DIRECTION,INTERSECTION,WEATHER_1,WEATHER_2,STATE_HWY_IND,CALTRANS_COUNTY,CALTRANS_DISTRICT,STATE_ROUTE,ROUTE_SUFFIX,POSTMILE_PREFIX,POSTMILE,LOCATION_TYPE,RAMP_INTERSECTION,SIDE_OF_HWY,TOW_AWAY,COLLISION_SEVERITY,NUMBER_KILLED,NUMBER_INJURED,PARTY_COUNT,PRIMARY_COLL_FACTOR,PCF_CODE_OF_VIOL,PCF_VIOL_CATEGORY,PCF_VIOLATION,PCF_VIOL_SUBSECTION,HIT_AND_RUN,TYPE_OF_COLLISION,MVIW,PED_ACTION,ROAD_SURFACE,ROAD_COND_1,ROAD_COND_2,LIGHTING,CONTROL_DEVICE,CHP_ROAD_TYPE,PEDESTRIAN_ACCIDENT,BICYCLE_ACCIDENT,MOTORCYCLE_ACCIDENT,TRUCK_ACCIDENT,NOT_PRIVATE_PROPERTY,ALCOHOL_INVOLVED,STWD_VEHTYPE_AT_FAULT,CHP_VEHTYPE_AT_FAULT,COUNT_SEVERE_INJ,COUNT_VISIBLE_INJ,COUNT_COMPLAINT_PAIN,COUNT_PED_KILLED,COUNT_PED_INJURED,COUNT_BICYCLIST_KILLED,COUNT_BICYCLIST_INJURED,COUNT_MC_KILLED,COUNT_MC_INJURED,PRIMARY_RAMP,SECONDARY_RAMP,LATITUDE,LONGITUDE,COUNTY,CITY,POINT_X,POINT_Y
8697851,2018,2018-10-02,1976,2018-08-13,1410,479,NA,1,5,3,1964,0,0,0,NA,0,NA,BROADWAY,WASHINGTON BL,623,S,N,A,-,N,NA,NA,NA,NA,NA,NA,NA,NA,NA,N,2,0,1,2,A,-,01,23152,A,N,G,B,D,A,H,-,A,D,0,Y,NA,NA,NA,Y,Y,A,01,1,0,0,0,1,0,0,0,0,-,-,NA,NA,LOS ANGELES,SANTA FE SPRINGS,-118.0699462890625,33.969879150390625
8697854,2018,2018-10-03,1900,2018-08-30,0805,637499,1122,4,5,6,1992,0,0,0,NA,0,111RD,LANCASTER BL,ELM AV,0,NA,Y,A,-,N,NA,NA,NA,NA,NA,NA,NA,NA,NA,N,4,0,1,2,A,-,03,22350,A,N,G,B,B,A,H,-,B,A,0,Y,NA,NA,NA,Y,NA,-,NA,0,0,1,0,1,0,0,0,0,-,-,NA,NA,LOS ANGELES,LANCASTER,-118.142033,34.697759
8697855,2018,2018-10-02,1976,2018-08-12,1421,370,NA,7,5,3,1964,0,0,0,NA,0,002,BLOOMFIELD AV,LAKELAND RD,0,NA,Y,A,-,N,NA,NA,NA,NA,NA,NA,NA,NA,NA,NA,3,0,1,2,A,-,12,21453,A,N,D,C,A,A,H,-,A,A,0,NA,NA,NA,NA,Y,NA,A,01,0,1,0,0,0,0,0,0,0,-,-,NA,NA,LOS ANGELES,SANTA FE SPRINGS,-118.06404876708984,33.93191909790039
8697858,2018,2018-10-03,1900,2018-08-19,1915,629461,1135,7,5,6,1992,0,0,0,NA,0,111T1,AVENUE J,25TH ST EAST,0,NA,Y,A,-,N,NA,NA,NA,NA,NA,NA,NA,NA,NA,N,4,0,1,2,A,-,12,22450,A,N,D,G,A,A,H,-,A,D,0,NA,Y,NA,NA,Y,NA,L,04,0,0,1,0,0,0,1,0,0,-,-,NA,NA,LOS ANGELES,LANCASTER,-118.0858917236328,34.68976974487305
8697862,2018,2018-10-03,1900,2018-08-10,2235,629461,1127,5,5,6,1992,0,0,0,NA,0,111T1,AVENUE J,PALO VERDE ST,28,E,N,A,-,N,NA,NA,NA,NA,NA,NA,NA,NA,NA,N,4,0,1,2,A,-,09,21802,A,N,C,C,A,A,H,-,C,D,0,NA,NA,NA,NA,Y,NA,A,01,0,0,1,0,0,0,0,0,0,-,-,NA,NA,LOS ANGELES,LANCASTER,-118.19788360595705,34.68941879272461
8697866,2018,2018-10-03,1900,2018-08-04,0355,625460,1133,6,5,6,1992,0,0,0,NA,0,111T1,AVENUE J-9,RODIN AV,200,W,N,A,-,N,NA,NA,NA,NA,NA,NA,NA,NA,NA,Y,3,0,1,3,A,-,08,22107,NA,N,F,C,A,A,H,-,C,D,0,NA,NA,NA,NA,Y,NA,A,01,0,1,0,0,0,0,0,0,0,-,-,NA,NA,LOS ANGELES,LANCASTER,-118.11954498291016,34.68178176879883
8697870,2018,2018-10-03,1900,2018-08-31,1709,546182,1133,5,5,6,1992,0,0,0,NA,0,112T2,AVENUE J,5TH ST EAST,300,W,N,A,-,N,NA,NA,NA,NA,NA,NA,NA,NA,NA,Y,2,0,1,1,C,-,18,NA,NA,N,E,I,A,A,H,-,A,D,0,NA,NA,NA,NA,Y,NA,-,-,1,0,0,0,0,0,0,0,0,-,-,NA,NA,LOS ANGELES,LANCASTER,-118.12249755859376,34.68946838378906
8697874,2018,2018-10-03,1900,2018-08-29,0946,510509,1126,3,5,6,1992,0,0,0,NA,0,112T4,AVENUE L,15TH ST WEST,32,E,N,A,-,N,NA,NA,NA,NA,NA,NA,NA,NA,NA,Y,4,0,3,3,A,-,01,23152,G,N,B,C,A,A,H,-,A,A,0,NA,NA,NA,NA,Y,NA,D,22,0,0,3,0,0,0,0,0,0,-,-,NA,NA,LOS ANGELES,LANCASTER,-118.15660095214844,34.660369873046875
8697878,2018,2018-10-03,1900,2018-08-28,1258,510509,1132,2,5,6,1992,0,0,0,NA,0,112T4,5TH ST EAST,AVENUE J,0,NA,Y,A,-,N,NA,NA,NA,NA,NA,NA,NA,NA,NA,Y,3,0,2,2,A,-,09,21801,A,N,B,C,A,A,H,-,A,A,0,NA,NA,NA,NA,Y,NA,A,01,0,1,1,0,0,0,0,0,0,-,-,NA,NA,LOS ANGELES,LANCASTER,-118.12149810791016,34.68946838378906
8697882,2018,2018-10-03,1900,2018-08-31,1453,610418,1126,5,5,6,1992,0,0,0,NA,0,111T1,AVENUE J,15TH ST WEST,82,W,N,A,-,N,NA,NA,NA,NA,NA,NA,NA,NA,NA,N,4,0,1,2,A,-,09,21804,A,M,B,C,A,A,H,-,A,D,0,NA,NA,NA,NA,Y,NA,A,07,0,0,1,0,0,0,0,0,0,-,-,NA,NA,LOS ANGELES,LANCASTER,-118.15711212158205,34.68942642211914
8697886,2018,2018-10-03,1900,2018-08-15,0630,602259,0456,3,5,6,1949,0,0,0,NA,0,43T1,ROSECRANS AV,DISNEY AV,26,E,N,A,-,N,NA,NA,NA,NA,NA,NA,NA,NA,NA,N,4,0,1,3,A,-,03,22350,NA,M,B,C,A,A,H,-,A,D,0,NA,NA,Y,NA,Y,NA,D,22,0,0,1,0,0,0,0,0,1,-,-,NA,NA,LOS ANGELES,NORWALK,-118.0710220336914,33.902339935302734
8697914,2018,2018-10-03,1976,2018-08-27,1232,219,NA,1,5,3,1964,0,0,0,NA,0,002,TELEGRAPH RD,CEDARDALE DR,83,W,N,A,-,N,NA,NA,NA,NA,NA,NA,NA,NA,NA,N,3,0,1,2,A,-,03,22350,NA,N,B,C,A,A,H,-,A,A,0,NA,NA,NA,NA,Y,NA,A,01,0,1,0,0,0,0,0,0,0,-,-,NA,NA,LOS ANGELES,SANTA FE SPRINGS,-118.09302520751952,33.9501953125
8697918,2018,2018-10-03,1976,2018-08-24,2139,241,NA,5,5,3,1964,0,0,0,NA,0,003,ALONDRA BL,FREEWAY DR,26,E,N,A,-,N,NA,NA,NA,NA,NA,NA,NA,NA,NA,N,4,0,1,2,A,-,03,22350,NA,N,C,C,A,A,H,-,C,A,0,NA,NA,NA,NA,Y,Y,A,01,0,0,1,0,0,0,0,0,0,-,-,NA,NA,LOS ANGELES,SANTA FE SPRINGS,-118.03367614746094,33.88793182373047
8697929,2018,2018-10-05,1928,2018-09-17,0708,239,509,1,5,5,1928,0,0,0,NA,0,502,NORTHROP AV,CRENSHAW BL,500,W,N,A,-,N,NA,NA,NA,NA,NA,NA,NA,NA,NA,Y,4,0,1,1,A,-,08,22107,NA,N,A,I,A,A,H,-,A,D,0,NA,NA,NA,NA,Y,NA,A,01,0,0,1,0,0,0,0,0,0,-,-,33.9199104309082,-118.32646942138672,LOS ANGELES,HAWTHORNE,-118.328192,33.919677
8697933,2018,2018-10-05,1928,2018-09-16,2052,386,514,7,5,5,1928,0,0,0,NA,0,504,ROSECRANS AV,HAWTHORN BL,0,NA,Y,A,-,N,NA,NA,NA,NA,NA,NA,NA,NA,NA,N,3,0,1,2,A,-,10,21950,A,M,B,G,A,A,H,-,C,A,0,NA,Y,NA,NA,Y,NA,A,01,0,1,0,0,0,0,1,0,0,-,-,33.901878356933594,-118.35252380371094,LOS ANGELES,HAWTHORNE,-118.35241,33.90191
8697937,2018,2018-10-05,1928,2018-09-16,1319,292,516,7,5,5,1928,0,0,0,NA,0,504,HAWTHORN BL,142ND ST,6,S,N,A,-,N,NA,NA,NA,NA,NA,NA,NA,NA,NA,Y,4,0,2,2,A,-,09,21804,A,N,B,C,A,A,H,-,A,D,0,NA,NA,NA,NA,Y,NA,A,01,0,0,2,0,0,0,0,0,0,-,-,NA,NA,LOS ANGELES,HAWTHORNE,-118.352753,33.902756
8697940,2018,2018-10-03,1942,2018-08-28,2245,36504,1494,2,5,7,1942,0,0,0,N,0,14TL47,WORLD WAY,EAST WY,700,E,N,A,-,N,NA,NA,NA,NA,NA,NA,NA,NA,NA,N,4,0,1,2,A,-,07,21658,A,N,G,B,E,A,H,-,C,D,0,Y,NA,NA,NA,Y,NA,A,01,0,0,1,0,1,0,0,0,0,-,-,NA,NA,LOS ANGELES,LOS ANGELES,-118.40354919433594,33.9451904296875
8697944,2018,2018-10-03,1942,2018-08-19,2100,41978,1467,7,5,7,1942,0,0,0,N,0,NA,CENTURY BL,GLASGOW PL,10,E,N,A,-,N,NA,NA,NA,NA,NA,NA,NA,NA,NA,Y,4,0,6,2,A,-,03,22350,NA,N,C,C,A,A,H,-,C,D,0,NA,NA,NA,NA,Y,NA,A,01,0,0,6,0,0,0,0,0,0,-,-,NA,NA,LOS ANGELES,LOS ANGELES,-118.37110900878906,33.94538879394531
8697948,2018,2018-10-03,1942,2018-08-10,1730,40157,1469,5,5,7,1942,0,0,0,N,0,14T47,LA CIENEGA BL,KNOWLTON ST,0,NA,Y,A,-,N,NA,NA,NA,NA,NA,NA,NA,NA,NA,N,4,0,1,2,A,-,09,21801,A,N,D,C,A,A,H,-,A,D,0,NA,NA,NA,NA,Y,NA,A,01,0,0,1,0,0,0,0,0,0,-,-,NA,NA,LOS ANGELES,LOS ANGELES,-118.37020111083984,33.974998474121094
8697949,2018,2018-10-05,1942,2018-09-12,2130,42251,1531,3,5,7,1942,0,0,0,O,0,15A43,OXNARD ST,WHITSETT AV,30,W,N,A,-,N,NA,NA,NA,NA,NA,NA,NA,NA,NA,N,4,0,1,2,A,-,07,21658,A,M,B,C,A,A,H,-,C,D,0,NA,NA,NA,NA,Y,NA,-,99,0,0,1,0,0,0,0,0,0,-,-,NA,NA,LOS ANGELES,LOS ANGELES,-118.40535736083984,34.17940902709961
8697952,2018,2018-10-03,1942,2018-08-27,1155,37900,1441,1,5,7,1942,0,0,0,N,0,14A11,WASHINGTON BL,DELL,78,E,N,A,-,N,NA,NA,NA,NA,NA,NA,NA,NA,NA,N,4,0,1,2,A,-,05,21650,1,N,H,G,A,A,H,-,A,D,0,NA,Y,NA,NA,Y,NA,L,04,0,0,1,0,0,0,1,0,0,-,-,NA,NA,LOS ANGELES,LOS ANGELES,-118.46331787109376,33.98118209838867
8697953,2018,2018-10-05,1942,2018-09-04,1045,30947,1991,2,5,7,1942,0,0,0,NA,0,9A23,ROSCOE BL,SEPULVEDA BL,150,W,N,A,-,N,NA,NA,NA,NA,NA,NA,NA,NA,NA,N,4,0,1,2,A,-,07,21658,A,N,C,C,A,A,H,-,A,D,0,NA,NA,NA,NA,Y,NA,-,-,0,0,1,0,0,0,0,0,0,-,-,NA,NA,LOS ANGELES,LOS ANGELES,-118.4682388305664,34.22138977050781
8697956,2018,2018-10-03,1942,2018-08-25,1200,41376,NA,6,5,7,1942,0,0,0,NA,0,NA,LA TIJERA BL,74TH ST,0,NA,Y,A,-,N,NA,NA,NA,NA,NA,NA,NA,NA,NA,N,4,0,1,2,A,-,09,21801,A,N,D,C,A,A,H,-,A,A,0,NA,NA,NA,NA,Y,NA,A,01,0,0,1,0,0,0,0,0,0,-,-,NA,NA,LOS ANGELES,LOS ANGELES,-118.3794174194336,33.970550537109375
8697957,2018,2018-10-05,1942,2018-09-03,1210,33458,0926,1,5,7,1942,0,0,0,I,0,9A19,VICTORY BL,WOODMAN AV,55,W,N,A,-,N,NA,NA,NA,NA,NA,NA,NA,NA,NA,N,4,0,1,2,A,-,09,21801,A,N,D,C,A,A,H,-,A,D,0,NA,NA,NA,NA,Y,NA,A,01,0,0,1,0,0,0,0,0,0,-,-,NA,NA,LOS ANGELES,LOS ANGELES,-118.4314422607422,34.18667984008789
8697960,2018,2018-10-03,1942,2018-08-25,1240,41856,1431,6,5,7,1942,0,0,0,N,0,14A11,ANDALUSIA AV,CABRILLO AV,95,S,N,A,-,N,NA,NA,NA,NA,NA,NA,NA,NA,NA,N,4,0,1,2,A,-,11,21956,A,N,G,B,D,A,H,-,A,D,0,Y,NA,NA,NA,Y,NA,N,60,0,0,1,0,1,0,0,0,0,-,-,NA,NA,LOS ANGELES,LOS ANGELES,-118.4674072265625,33.98998260498047
8697961,2018,2018-10-05,1942,2018-09-06,2245,40353,0923,4,5,7,1942,0,0,0,I,0,9A23,VICTORY BL,E COLUMBUS AV,272,E,N,A,-,N,NA,NA,NA,NA,NA,NA,NA,NA,NA,Y,4,0,2,2,A,-,09,21804,A,N,D,C,A,A,H,-,C,D,0,NA,NA,NA,NA,Y,NA,A,07,0,0,2,0,0,0,0,0,0,-,-,NA,NA,LOS ANGELES,LOS ANGELES,-118.4631118774414,34.1866569519043
8697964,2018,2018-10-03,1942,2018-08-27,2130,37575,1489,1,5,7,1942,0,0,0,N,0,14TL47,AVIATION BL,ARBOR VITAE ST,0,NA,Y,A,-,N,NA,NA,NA,NA,NA,NA,NA,NA,NA,Y,4,0,3,2,A,-,09,21801,A,N,D,C,A,A,H,-,C,D,0,NA,NA,NA,NA,Y,NA,A,07,0,0,3,0,0,0,0,0,0,-,-,NA,NA,LOS ANGELES,LOS ANGELES,-118.37705230712892,33.952659606933594
8697965,2018,2018-10-05,1942,2018-09-05,0900,38940,0966,3,5,7,1942,0,0,0,I,0,9A63,RIVERSIDE DR,BUFFALO AV,80,W,N,A,-,N,NA,NA,NA,NA,NA,NA,NA,NA,NA,N,4,0,1,2,A,-,08,22107,NA,N,D,C,A,A,H,-,A,D,0,NA,NA,NA,NA,Y,NA,A,01,0,0,1,0,0,0,0,0,0,-,-,NA,NA,LOS ANGELES,LOS ANGELES,-118.43034362792967,34.15761947631836
8697968,2018,2018-10-24,1942,2018-08-24,1430,43476,14,5,5,7,1942,0,0,0,N,0,14A49,CENTINELA AV,VENICE BL,500,N,N,A,-,N,NA,NA,NA,NA,NA,NA,NA,NA,NA,N,4,0,1,2,A,-,08,22107,NA,N,C,C,A,A,H,-,A,A,0,NA,NA,NA,NA,Y,NA,A,01,0,0,1,0,0,0,0,0,0,-,-,NA,NA,LOS ANGELES,LOS ANGELES,-118.43447875976564,34.004913330078125
8697969,2018,2018-10-05,1942,2018-09-04,1820,38135,0915,2,5,7,1942,0,0,0,I,0,9X16,TYRONE AV,N SHERMAN WY,15,S,N,A,-,N,NA,NA,NA,NA,NA,NA,NA,NA,NA,N,3,0,1,2,A,-,12,21453,A,N,G,G,A,A,H,-,A,A,0,NA,Y,NA,NA,Y,NA,-,-,0,1,0,0,0,0,1,0,0,-,-,NA,NA,LOS ANGELES,LOS ANGELES,-118.4443588256836,34.2011604309082
8697972,2018,2018-10-24,1942,2018-08-23,0900,43008,1414,4,5,7,1942,0,0,0,N,0,14S73,LINCOLN BL,JEFFERSON,100,S,N,A,-,N,NA,NA,NA,NA,NA,NA,NA,NA,NA,N,4,0,1,3,A,-,03,22350,A,N,C,C,A,A,H,-,A,D,0,NA,NA,NA,NA,Y,NA,A,01,0,0,1,0,0,0,0,0,0,-,-,NA,NA,LOS ANGELES,LOS ANGELES,-118.44536590576172,33.98787307739258
8697976,2018,2018-10-03,1942,2018-08-06,1200,40690,1412,1,5,7,1942,0,0,0,N,0,14A11,MAIN ST,BROOKS AV,0,NA,Y,A,-,N,NA,NA,NA,NA,NA,NA,NA,NA,NA,Y,4,0,3,2,A,-,09,21801,A,N,D,C,A,A,H,-,A,A,0,NA,NA,NA,NA,Y,NA,A,01,0,0,3,0,0,0,0,0,0,-,-,NA,NA,LOS ANGELES,LOS ANGELES,-118.47412872314452,33.9923095703125
8697980,2018,2018-10-26,1942,2018-08-03,1400,42970,1942,5,5,7,1942,0,0,0,NA,0,14A27W,CULVER BL,RT 90,20,E,N,A,-,Y,LA,7,90,-,-,1.911,R,4,W,Y,4,0,2,2,A,-,08,22100,A,N,B,C,A,A,-,-,A,A,0,NA,NA,NA,NA,Y,NA,A,01,0,0,2,0,0,0,0,0,0,-,-,NA,NA,LOS ANGELES,LOS ANGELES,-118.42579650878906,33.981082916259766
8697984,2018,2018-10-25,1942,2018-08-06,1345,40690,1435,1,5,7,1942,0,0,0,N,0,14A25,SAWTELLE BL,REGENT ST,100,N,N,A,-,N,NA,NA,NA,NA,NA,NA,NA,NA,NA,N,3,0,1,2,A,-,05,21460,A,N,A,C,A,A,H,-,A,D,0,NA,NA,NA,NA,Y,NA,A,01,0,1,0,0,0,0,0,0,0,-,-,NA,NA,LOS ANGELES,LOS ANGELES,-118.42157745361328,34.01372146606445
8697988,2018,2018-10-03,1942,2018-08-23,1100,41957,1438,4,5,7,1942,0,0,0,N,0,14A27,PALMS BL,GLENDON AV,0,NA,Y,A,-,N,NA,NA,NA,NA,NA,NA,NA,NA,NA,Y,3,0,1,2,A,-,09,21801,A,N,D,C,A,A,H,-,A,A,0,NA,NA,NA,NA,Y,NA,A,01,0,1,0,0,0,0,0,0,0,-,-,NA,NA,LOS ANGELES,LOS ANGELES,-118.41385650634766,34.02341842651367
8697992,2018,2018-10-03,1942,2018-08-24,2320,43457,1493,5,5,7,1942,0,0,0,N,0,14A73,VISTA DEL MAR,11TH ST,20,W,N,A,-,N,NA,NA,NA,NA,NA,NA,NA,NA,NA,Y,3,0,4,2,A,-,09,21801,A,N,D,C,A,A,H,-,A,A,0,NA,NA,NA,NA,Y,NA,A,01,0,3,1,0,0,0,0,0,0,-,-,33.92219924926758,-118.43070220947266,LOS ANGELES,LOS ANGELES,NA,NA
8697996,2018,2018-10-24,1942,2018-08-09,1540,06680,1494,4,5,7,1942,0,0,0,N,0,5M21,WORLD WAY,THEME WY,133,W,N,A,-,N,NA,NA,NA,NA,NA,NA,NA,NA,NA,N,3,0,1,2,A,-,07,21658,A,N,B,C,A,A,-,-,A,D,0,NA,NA,Y,NA,Y,NA,A,01,0,1,0,0,0,0,0,0,1,-,-,NA,NA,LOS ANGELES,LOS ANGELES,-118.40351104736328,33.945091247558594
8698000,2018,2018-10-03,1942,2018-08-20,1500,40690,1445,1,5,7,1942,0,0,0,N,0,14A45,PACIFIC AV,S CENTINELA AV,0,NA,Y,A,-,N,NA,NA,NA,NA,NA,NA,NA,NA,NA,Y,3,0,3,3,A,-,09,21802,A,N,D,C,A,A,H,-,A,A,0,NA,NA,NA,NA,Y,NA,A,01,0,1,2,0,0,0,0,0,0,-,-,NA,NA,LOS ANGELES,LOS ANGELES,-118.43283081054688,34.00273132324219
8698001,2018,2018-09-28,1942,2018-09-07,1840,41840,0904,5,5,7,1942,0,0,0,I,0,9X84,BURNET AV,SATICOY ST,50,N,N,A,-,N,NA,NA,NA,NA,NA,NA,NA,NA,NA,N,4,0,2,2,A,-,08,22103,NA,N,D,C,A,A,H,-,A,A,0,NA,NA,NA,NA,Y,NA,-,NA,0,0,2,0,0,0,0,0,0,-,-,NA,NA,LOS ANGELES,LOS ANGELES,-118.46401977539064,34.20846939086914
8698005,2018,2018-10-11,1942,2018-09-02,1156,43380,RD093,7,5,7,1942,0,0,0,NA,0,9A23,VICTORY BL,VAN NUYS BL,0,NA,Y,A,-,N,NA,NA,NA,NA,NA,NA,NA,NA,NA,Y,4,0,1,2,A,-,08,22107,NA,N,A,C,A,A,H,-,A,A,0,NA,NA,NA,NA,Y,NA,-,-,0,0,1,0,0,0,0,0,0,-,-,NA,NA,LOS ANGELES,LOS ANGELES,-118.44873809814452,34.186668395996094
8698016,2018,2018-10-03,1961,2018-08-05,1915,10021,1961,7,5,3,1961,0,0,0,NA,0,003,SAN FERNANDO RD,SOUTH MACLAY AV,160,E,N,A,-,N,NA,NA,NA,NA,NA,NA,NA,NA,NA,Y,4,0,1,2,A,-,00,23104,NA,N,A,I,A,A,H,-,A,A,0,NA,NA,NA,NA,Y,NA,A,07,0,0,1,0,0,0,0,0,0,-,-,NA,NA,LOS ANGELES,SAN FERNANDO,-118.44139099121094,34.282623291015625
8698031,2018,2018-10-02,1942,2018-09-11,0150,43031,1441,2,5,7,1942,0,0,0,N,0,14A67,WASHINGTON BL,DELL AV,75,E,N,A,-,N,NA,NA,NA,NA,NA,NA,NA,NA,NA,N,3,0,1,2,A,-,11,21955,NA,N,G,B,D,A,H,-,C,D,0,Y,NA,NA,NA,Y,Y,N,60,0,1,0,0,1,0,0,0,0,-,-,NA,NA,LOS ANGELES,LOS ANGELES,-118.46332550048828,33.98117446899414
8698035,2018,2018-10-02,1942,2018-09-03,1640,41671,147,1,5,7,1942,0,0,0,N,0,14A67,LA TIJERA BL,MANCHESTER AV,0,NA,Y,B,-,N,NA,NA,NA,NA,NA,NA,NA,NA,NA,N,3,0,1,2,A,-,10,21950,A,N,G,B,B,A,H,-,A,A,0,Y,NA,NA,NA,Y,NA,A,08,0,1,0,0,1,0,0,0,0,-,-,NA,NA,LOS ANGELES,LOS ANGELES,-118.39151000976564,33.959800720214844
8698039,2018,2018-10-02,1942,2018-09-06,2046,38721,1479,4,5,7,1942,0,0,0,N,0,14A67,LA TIJERA BL,SAN DIEGO FRWY,0,NA,Y,A,-,N,NA,NA,NA,NA,NA,NA,NA,NA,NA,N,3,0,1,1,A,-,03,22350,NA,F,E,I,A,A,H,-,C,A,0,NA,NA,NA,NA,Y,NA,A,01,0,1,0,0,0,0,0,0,0,-,-,NA,NA,LOS ANGELES,LOS ANGELES,-118.3779,33.97189
8698043,2018,2018-10-02,1942,2018-09-04,0820,39835,2088,2,5,7,1942,0,0,0,NA,0,20A97,VERMONT AV,VENICE BL,313,N,N,B,-,N,NA,NA,NA,NA,NA,NA,NA,NA,NA,N,4,0,1,2,A,-,08,22107,NA,F,H,G,A,A,H,-,A,D,0,NA,Y,NA,NA,Y,NA,-,99,0,0,1,0,0,0,1,0,0,-,-,NA,NA,LOS ANGELES,LOS ANGELES,-118.29161071777344,34.04512023925781
8698047,2018,2018-10-02,1942,2018-09-16,0015,38721,2064,7,5,7,1942,0,0,0,NA,0,20A53,NORMANDIE AV,12TH ST,203,N,N,A,-,N,NA,NA,NA,NA,NA,NA,NA,NA,NA,N,3,0,1,4,A,-,01,23152,A,F,D,C,A,-,H,-,C,A,0,NA,NA,NA,NA,Y,Y,A,01,0,1,0,0,0,0,0,0,0,-,-,NA,NA,LOS ANGELES,LOS ANGELES,-118.29998779296876,34.049625396728516
8698051,2018,2018-10-02,1900,2018-09-03,1605,510509,1123,1,5,6,1992,0,0,0,NA,0,111T1,AVENUE J,GENOA AV,90,W,N,A,-,N,NA,NA,NA,NA,NA,NA,NA,NA,NA,Y,4,0,3,3,A,-,07,21658,A,N,B,C,A,A,H,-,A,D,0,NA,NA,NA,NA,Y,NA,A,01,0,0,3,0,0,0,0,0,0,-,-,NA,NA,LOS ANGELES,LANCASTER,-118.14609527587892,34.689449310302734
8698081,2018,2018-10-04,1942,2018-08-30,1440,42656,1473,4,5,7,1942,0,0,0,N,0,14A73,LINCOLN BL,W 85TH ST,100,N,N,A,-,N,NA,NA,NA,NA,NA,NA,NA,NA,NA,N,3,0,1,2,A,-,09,21804,A,N,D,C,A,A,H,-,A,D,0,NA,NA,NA,NA,Y,NA,A,01,0,1,0,0,0,0,0,0,0,-,-,NA,NA,LOS ANGELES,LOS ANGELES,-118.42018,33.960857
8698083,2018,2018-10-05,1942,2018-08-30,0650,37789,919,4,5,7,1942,0,0,0,NA,0,10TL37,VANOWEN ST,GREENBUSH AV,134,E,N,A,-,N,NA,NA,NA,NA,NA,NA,NA,NA,NA,Y,4,0,2,2,A,-,09,21804,A,N,D,D,A,A,H,-,A,D,0,NA,NA,NA,NA,Y,NA,A,01,0,0,2,0,0,0,0,0,0,-,-,NA,NA,LOS ANGELES,LOS ANGELES,-118.4253387451172,34.193939208984375
8698085,2018,2018-10-04,1942,2018-08-26,0855,31573,1401,7,5,7,1942,0,0,0,N,0,14A25,MARINA WY,MINDANAO WY,40,E,N,A,-,N,NA,NA,NA,NA,NA,NA,NA,NA,NA,N,4,0,2,2,A,-,04,21703,NA,N,C,C,A,A,H,-,A,A,0,NA,NA,NA,NA,Y,NA,A,01,0,0,2,0,0,0,0,0,0,-,-,NA,NA,LOS ANGELES,LOS ANGELES,-118.437684,33.983788
8698087,2018,2018-10-05,1942,2018-08-06,1125,27792,0905,1,5,7,1942,0,0,0,I,0,10TL35,SHERMAN WY,VAN NUYS BL,0,NA,Y,A,-,N,NA,NA,NA,NA,NA,NA,NA,NA,NA,N,4,0,1,2,D,-,00,NA,NA,N,A,C,A,A,H,-,A,A,0,NA,NA,NA,NA,Y,NA,-,-,0,0,1,0,0,0,0,0,0,-,-,NA,NA,LOS ANGELES,LOS ANGELES,-118.44872283935548,34.20119094848633
8698089,2018,2018-10-04,1942,2018-08-15,1655,36255,1402,3,5,7,1942,0,0,0,N,0,14A28,NATIONAL BL,FEDERAL AV,0,NA,Y,A,-,N,NA,NA,NA,NA,NA,NA,NA,NA,NA,Y,4,0,1,2,A,-,09,21802,A,F,D,C,A,A,H,-,A,A,0,NA,NA,NA,NA,Y,NA,-,99,0,0,1,0,0,0,0,0,0,-,-,NA,NA,LOS ANGELES,LOS ANGELES,-118.43660736083984,34.023681640625
8698091,2018,2018-10-05,1942,2018-08-24,1520,36990,937,5,5,7,1942,0,0,0,NA,0,9A19,VICTORY BL,COSTELLO AV,10,E,N,A,-,N,NA,NA,NA,NA,NA,NA,NA,NA,NA,Y,3,0,1,2,A,-,09,21801,NA,N,D,C,A,A,H,-,A,D,0,NA,NA,NA,NA,Y,NA,-,-,0,1,0,0,0,0,0,0,0,-,-,NA,NA,LOS ANGELES,LOS ANGELES,-118.43777465820313,34.186668395996094
8698093,2018,2018-10-04,1942,2018-08-25,1600,38280,1476,6,5,7,1942,0,0,0,N,0,A73,SEPULVEDA BL,83RD ST,0,NA,Y,A,-,N,NA,NA,NA,NA,NA,NA,NA,NA,NA,NA,4,0,1,2,A,-,10,21950,NA,F,G,B,B,A,H,-,A,A,0,Y,NA,NA,NA,Y,NA,-,99,0,0,1,0,1,0,0,0,0,-,-,NA,NA,LOS ANGELES,LOS ANGELES,-118.39621,33.96349
8698095,2018,2018-11-01,1942,2018-08-29,1640,39048,0903,3,5,7,1942,0,0,0,I,0,9A63,SEPULVEDA BL,MAGNOLIA BL,81,N,N,A,-,N,NA,NA,NA,NA,NA,NA,NA,NA,NA,N,2,0,1,2,A,-,00,20015,A,N,B,G,A,A,H,-,A,D,0,NA,Y,NA,NA,Y,NA,-,-,1,0,0,0,0,0,1,0,0,-,-,NA,NA,LOS ANGELES,LOS ANGELES,-118.46614837646484,34.16508102416992