CASE_ID,ACCIDENT_YEAR,PROC_DATE,JURIS,COLLISION_DATE,COLLISION_TIME,OFFICER_ID,REPORTING_DISTRICT,DAY_OF_WEEK,CHP_SHIFT,POPULATION,CNTY_CITY_LOC,SPECIAL_COND,BEAT_TYPE,CHP_BEAT_TYPE,CITY_DIVISION_LAPD,CHP_BEAT_CLASS,BEAT_NUMBER,PRIMARY_RD,SECONDARY_RD,DISTANCE,DIRECTION,INTERSECTION,WEATHER_1,WEATHER_2,STATE_HWY_IND,CALTRANS_COUNTY,CALTRANS_DISTRICT,STATE_ROUTE,ROUTE_SUFFIX,POSTMILE_PREFIX,POSTMILE,LOCATION_TYPE,RAMP_INTERSECTION,SIDE_OF_HWY,TOW_AWAY,COLLISION_SEVERITY,NUMBER_KILLED,NUMBER_INJURED,PARTY_COUNT,PRIMARY_COLL_FACTOR,PCF_CODE_OF_VIOL,PCF_VIOL_CATEGORY,PCF_VIOLATION,PCF_VIOL_SUBSECTION,HIT_AND_RUN,TYPE_OF_COLLISION,MVIW,PED_ACTION,ROAD_SURFACE,ROAD_COND_1,ROAD_COND_2,LIGHTING,CONTROL_DEVICE,CHP_ROAD_TYPE,PEDESTRIAN_ACCIDENT,BICYCLE_ACCIDENT,MOTORCYCLE_ACCIDENT,TRUCK_ACCIDENT,NOT_PRIVATE_PROPERTY,ALCOHOL_INVOLVED,STWD_VEHTYPE_AT_FAULT,CHP_VEHTYPE_AT_FAULT,COUNT_SEVERE_INJ,COUNT_VISIBLE_INJ,COUNT_COMPLAINT_PAIN,COUNT_PED_KILLED,COUNT_PED_INJURED,COUNT_BICYCLIST_KILLED,COUNT_BICYCLIST_INJURED,COUNT_MC_KILLED,COUNT_MC_INJURED,PRIMARY_RAMP,SECONDARY_RAMP,LATITUDE,LONGITUDE,COUNTY,CITY,POINT_X,POINT_Y
8698585,2018,2018-09-18,1905,2018-07-28,2319,2032,324,6,5,4,1905,0,0,0,NA,0,003,EAST FOOTHILL BL,ROCKVALE AV,192,E,N,A,-,N,NA,NA,NA,NA,NA,NA,NA,NA,NA,N,4,0,1,2,A,-,09,21804,A,N,A,C,A,A,H,-,C,A,0,NA,NA,NA,NA,Y,NA,D,22,0,0,1,0,0,0,0,0,0,-,-,34.1334114074707,-117.89765167236328,LOS ANGELES,AZUSA,-117.89561462402344,34.13347244262695
8698589,2018,2018-09-14,1905,2018-07-18,0518,1157,312,3,5,4,1905,0,0,0,NA,0,002,W FOOTHILL BL,ORANGE AV,77,E,N,B,-,N,NA,NA,NA,NA,NA,NA,NA,NA,NA,N,3,0,1,2,D,-,00,NA,NA,N,D,G,A,A,H,-,C,D,0,NA,Y,NA,NA,Y,NA,-,-,0,1,0,0,0,0,1,0,0,-,-,34.13351821899414,-117.9137725830078,LOS ANGELES,AZUSA,-117.91234588623048,34.13364028930664
8698601,2018,2018-09-17,1922,2018-08-22,1720,651,NA,3,5,6,1922,0,0,0,NA,0,001,TYLER AV,VALLEY BL,0,NA,Y,A,-,N,NA,NA,NA,NA,NA,NA,NA,NA,NA,Y,3,0,1,2,A,-,12,21453,A,N,D,C,A,A,H,-,A,A,0,NA,NA,NA,NA,Y,NA,A,07,0,1,0,0,0,0,0,0,0,-,-,34.07490158081055,-118.0351104736328,LOS ANGELES,EL MONTE,-118.03505706787108,34.07490158081055
8698610,2018,2018-09-27,1934,2018-09-01,0429,788,1934,6,5,1,1934,0,0,0,NA,0,001,LIVE OAK AV,ARROW HWY,21,S,N,A,-,N,NA,NA,NA,NA,NA,NA,NA,NA,NA,Y,4,0,4,2,A,-,09,21801,A,N,A,C,A,A,H,-,C,A,0,NA,NA,NA,NA,Y,NA,A,01,0,0,4,0,0,0,0,0,0,-,-,NA,NA,LOS ANGELES,IRWINDALE,-117.99113464355467,34.11302947998047
8698614,2018,2018-09-24,1934,2018-08-22,0621,745,1934,3,5,1,1934,0,0,0,NA,0,NA,LIVE OAK AV,LIVE OAK LN,0,NA,Y,A,-,N,NA,NA,NA,NA,NA,NA,NA,NA,NA,Y,4,0,1,2,A,-,09,21801,A,N,D,C,A,A,H,-,A,A,0,NA,NA,NA,NA,Y,NA,D,22,0,0,1,0,0,0,0,0,0,-,-,NA,NA,LOS ANGELES,IRWINDALE,-117.97747039794922,34.107791900634766
8698617,2018,2018-09-27,1942,2018-08-23,1805,37540,1309,4,5,7,1942,0,0,0,M,0,13A9,E 8TH ST,MATEO ST,0,NA,Y,A,-,N,NA,NA,NA,NA,NA,NA,NA,NA,NA,Y,2,0,1,3,A,-,12,22450,A,N,D,C,A,A,H,-,A,A,0,NA,NA,NA,NA,Y,NA,A,01,1,0,0,0,0,0,0,0,0,-,-,NA,NA,LOS ANGELES,LOS ANGELES,-118.23223876953124,34.02959060668945
8698698,2018,2018-09-28,1900,2018-08-18,0130,519948,0972,6,5,4,1979,0,0,0,NA,0,91E,ROBERTSON BL,SANTA MONICA BL,478,S,N,A,-,N,NA,NA,NA,NA,NA,NA,NA,NA,NA,N,4,0,1,2,A,-,08,22107,NA,M,G,E,A,A,H,-,C,D,0,NA,NA,NA,Y,Y,NA,A,01,0,0,1,0,0,0,0,0,0,-,-,NA,NA,LOS ANGELES,WEST HOLLYWOOD,-118.38551330566406,34.082645416259766
8698710,2018,2018-09-28,1900,2018-08-17,0957,527698,0972,5,5,4,1979,0,0,0,NA,0,92T4,LA CIENEGA BL,MELROSE AV,225,S,N,A,-,N,NA,NA,NA,NA,NA,NA,NA,NA,NA,Y,4,0,1,3,A,-,08,22107,NA,N,B,C,A,A,H,-,A,D,0,NA,NA,NA,NA,Y,NA,A,01,0,0,1,0,0,0,0,0,0,-,-,34.08123016357422,-118.37660980224608,LOS ANGELES,WEST HOLLYWOOD,-118.37653350830078,34.081321716308594
8698744,2018,2018-09-21,1900,2018-08-04,1406,443069,0973,6,5,4,1979,0,0,0,NA,0,92T3,LA BREA AV,LEXINGTON AV,28,N,N,A,-,N,NA,NA,NA,NA,NA,NA,NA,NA,NA,N,4,0,1,2,A,-,12,21453,A,N,D,C,A,A,H,-,A,D,0,NA,NA,NA,NA,Y,NA,A,01,0,0,1,0,0,0,0,0,0,-,-,NA,NA,LOS ANGELES,WEST HOLLYWOOD,-118.34409332275392,34.09261703491211
8698748,2018,2018-09-21,1900,2018-08-06,2202,509083,0972,1,5,4,1979,0,0,0,NA,0,93T1 P,LA CIENEGA BL,MELROSE AV,15,S,N,A,-,N,NA,NA,NA,NA,NA,NA,NA,NA,NA,Y,4,0,1,2,A,-,09,21801,A,N,D,C,A,A,H,-,C,D,0,NA,NA,NA,NA,Y,NA,A,01,0,0,1,0,0,0,0,0,0,-,-,NA,NA,LOS ANGELES,WEST HOLLYWOOD,-118.37651824951172,34.0818977355957
8698752,2018,2018-09-21,1900,2018-08-03,1549,443069,0976,5,5,4,1979,0,0,0,NA,0,92T3,SANTA MONICA BL,CROFT AV,55,W,N,A,-,N,NA,NA,NA,NA,NA,NA,NA,NA,NA,Y,4,0,2,2,A,-,03,22350,NA,N,C,C,A,A,H,-,A,D,0,NA,NA,NA,NA,Y,NA,A,01,0,0,2,0,0,0,0,0,0,-,-,NA,NA,LOS ANGELES,WEST HOLLYWOOD,-118.37439727783205,34.090389251708984
8698756,2018,2018-09-21,1900,2018-08-09,1811,526486,0972,4,5,4,1979,0,0,0,NA,0,93T1,MELROSE AV,SAN VICENTE BL,0,NA,Y,A,-,N,NA,NA,NA,NA,NA,NA,NA,NA,NA,N,4,0,1,2,D,-,00,NA,NA,N,B,C,A,A,H,-,A,A,0,NA,NA,NA,NA,Y,NA,-,-,0,0,1,0,0,0,0,0,0,-,-,34.08140182495117,-118.3830795288086,LOS ANGELES,WEST HOLLYWOOD,-118.38320159912108,34.08135986328125
8698760,2018,2018-09-20,1900,2018-08-19,1200,507857,0976,7,5,4,1979,0,0,0,NA,0,92T2,FOUNTAIN AV,LA CIENEGA BL,0,NA,Y,A,-,N,NA,NA,NA,NA,NA,NA,NA,NA,NA,N,4,0,1,2,A,-,07,21658,A,N,B,C,A,A,H,-,A,A,0,NA,NA,NA,NA,Y,NA,A,01,0,0,1,0,0,0,0,0,0,-,-,34.09260177612305,-118.3761978149414,LOS ANGELES,WEST HOLLYWOOD,-118.37631225585938,34.09259033203125
8698764,2018,2018-09-20,1900,2018-08-07,1240,507857,0973,2,5,4,1979,0,0,0,NA,0,92T1,LA BREA AV,LEXINGTON AV,175,N,N,A,-,N,NA,NA,NA,NA,NA,NA,NA,NA,NA,N,4,0,1,2,A,-,09,21804,A,N,D,C,A,A,H,-,A,D,0,NA,NA,NA,NA,Y,NA,A,07,0,0,1,0,0,0,0,0,0,-,-,34.09280014038086,-118.34400177001952,LOS ANGELES,WEST HOLLYWOOD,-118.34409332275392,34.093021392822266
8698768,2018,2018-09-20,1900,2018-08-04,2025,526486,0986,6,5,4,1979,0,0,0,NA,0,93T3,DOHENY DR,SUNSET BL,20,S,N,A,-,N,NA,NA,NA,NA,NA,NA,NA,NA,NA,Y,4,0,1,2,A,-,21,22106,NA,M,C,C,A,A,H,-,C,A,0,NA,NA,NA,NA,Y,NA,A,07,0,0,1,0,0,0,0,0,0,-,-,34.09061050415039,-118.3897705078125,LOS ANGELES,WEST HOLLYWOOD,-118.38973999023438,34.090553283691406
8698772,2018,2018-09-20,1900,2018-08-22,0948,527698,0975,3,5,4,1979,0,0,0,NA,0,098,SANTA MONICA BL,CRESCENT HEIGHTS BL,0,NA,Y,A,-,N,NA,NA,NA,NA,NA,NA,NA,NA,NA,Y,4,0,1,2,A,-,08,22107,NA,N,A,C,A,A,H,-,A,A,0,NA,NA,NA,NA,Y,NA,A,01,0,0,1,0,0,0,0,0,0,-,-,34.09077072143555,-118.36592864990234,LOS ANGELES,WEST HOLLYWOOD,-118.36593627929688,34.090789794921875
8698776,2018,2018-09-20,1900,2018-08-09,0931,443069,0976,4,5,4,1979,0,0,0,NA,0,92T3,FOUNTAIN AV,KINGS RD,15,W,N,A,-,N,NA,NA,NA,NA,NA,NA,NA,NA,NA,N,4,0,2,2,A,-,09,21804,A,N,D,C,A,A,H,-,A,D,0,NA,NA,NA,NA,Y,NA,A,01,0,0,2,0,0,0,0,0,0,-,-,NA,NA,LOS ANGELES,WEST HOLLYWOOD,-118.37283325195313,34.093605041503906
8698839,2018,2018-09-21,1900,2018-08-31,2206,526486,0987,5,5,4,1979,0,0,0,NA,0,93T3,OLIVE DR,SUNSET BL,0,NA,Y,A,-,N,NA,NA,NA,NA,NA,NA,NA,NA,NA,Y,4,0,1,2,A,-,08,22107,NA,N,A,C,A,A,H,-,C,D,0,NA,NA,NA,NA,Y,NA,A,01,0,0,1,0,0,0,0,0,0,-,-,34.095001220703125,-118.37394714355467,LOS ANGELES,WEST HOLLYWOOD,-118.37394714355467,34.09495162963867
8698884,2018,2018-11-06,1942,2018-08-18,1200,42965,1684,6,5,7,1942,0,0,0,P,0,16A81,STRATHERN ST,LANKERSHIM BL,0,NA,Y,A,-,N,NA,NA,NA,NA,NA,NA,NA,NA,NA,N,3,0,1,2,A,-,09,21801,A,N,D,-,A,A,H,-,A,D,0,NA,NA,Y,NA,Y,NA,A,01,0,1,0,0,0,0,0,0,1,-,-,NA,NA,LOS ANGELES,LOS ANGELES,-118.38780212402344,34.215728759765625
8698886,2018,2018-09-26,1942,2018-04-09,1810,37323,RD201,1,5,7,1942,0,0,0,NA,0,6A66,2ND ST,LORRAINE BL,42,E,N,A,-,N,NA,NA,NA,NA,NA,NA,NA,NA,NA,Y,4,0,1,1,A,-,03,22350,NA,N,E,J,A,A,H,-,B,D,0,NA,NA,NA,NA,Y,NA,A,07,0,0,1,0,0,0,0,0,0,-,-,NA,NA,LOS ANGELES,LOS ANGELES,-118.31927490234376,34.07133865356445
8698888,2018,2018-09-27,1942,2018-08-28,1850,38772,1656,2,5,7,1942,0,0,0,P,0,16X24,APPERSON,JARDINE,0,NA,Y,A,-,N,NA,NA,NA,NA,NA,NA,NA,NA,NA,N,4,0,2,2,A,-,09,21801,A,N,B,C,A,A,H,-,A,D,0,NA,NA,NA,NA,Y,NA,A,01,0,0,2,0,0,0,0,0,0,-,-,NA,NA,LOS ANGELES,LOS ANGELES,-118.30378723144533,34.25600051879883
8698892,2018,2018-09-27,1942,2018-08-28,1645,39154,NA,2,5,7,1942,0,0,0,NA,0,NA,PAXTON ST,FOOTHILL,25,W,N,A,-,N,NA,NA,NA,NA,NA,NA,NA,NA,NA,Y,4,0,1,3,A,-,09,21801,A,N,D,C,A,A,H,-,A,A,0,NA,NA,NA,NA,Y,NA,A,01,0,0,1,0,0,0,0,0,0,-,-,NA,NA,LOS ANGELES,LOS ANGELES,-118.40824127197266,34.28681564331055
8698896,2018,2018-09-27,1942,2018-08-30,1620,42045,1654,4,5,7,1942,0,0,0,P,0,16T58,DEBELL ST,TELFAIR,660,E,N,A,-,N,NA,NA,NA,NA,NA,NA,NA,NA,NA,N,3,0,1,2,B,-,22,NA,NA,N,G,J,E,A,H,-,A,D,0,Y,NA,NA,NA,Y,NA,N,60,0,1,0,0,1,0,0,0,0,-,-,NA,NA,LOS ANGELES,LOS ANGELES,-118.40723419189452,34.24879455566406
8698898,2018,2018-09-21,1942,2018-06-07,1900,42726,2038,4,5,7,1942,0,0,0,NA,0,20A97,HOOVER ST,VENICE AV,0,NA,Y,A,-,N,NA,NA,NA,NA,NA,NA,NA,NA,NA,NA,4,0,1,2,A,-,09,21804,A,N,D,C,A,A,H,-,A,A,0,NA,NA,NA,NA,Y,NA,A,01,0,0,1,0,0,0,0,0,0,-,-,NA,NA,LOS ANGELES,LOS ANGELES,-118.28414916992188,34.043800354003906
8698900,2018,2018-09-27,1942,2018-08-21,1815,36332,1633,2,5,7,1942,0,0,0,P,0,19A66,BORDEN ST,CARL ST,350,S,N,A,-,N,NA,NA,NA,NA,NA,NA,NA,NA,NA,Y,4,0,4,10,A,-,03,22350,NA,N,B,E,A,A,H,-,B,D,0,NA,NA,NA,NA,Y,NA,A,01,0,0,4,0,0,0,0,0,0,-,-,NA,NA,LOS ANGELES,LOS ANGELES,-118.40607452392578,34.27384948730469
8698904,2018,2018-11-13,1941,2018-08-25,1558,11020,NA,6,5,7,1941,0,0,0,NA,0,NA,OREGON AV,DEL AMO BL,0,NA,Y,A,-,N,NA,NA,NA,NA,NA,NA,NA,NA,NA,N,3,0,1,2,A,-,09,21804,A,N,D,G,A,A,H,-,A,B,0,NA,Y,NA,NA,Y,NA,A,NA,0,1,0,0,0,0,1,0,0,-,-,NA,NA,LOS ANGELES,LONG BEACH,-118.20024871826172,33.8466911315918
8698917,2018,2018-09-27,1900,2018-08-13,2236,621425,1328,1,5,5,1935,0,0,0,NA,0,132T1,209TH ST,PIONEER BL,175,E,N,A,-,N,NA,NA,NA,NA,NA,NA,NA,NA,NA,N,4,0,1,2,A,-,01,21200,5,N,D,G,A,A,H,-,C,D,0,NA,Y,NA,NA,Y,Y,L,04,0,0,1,0,0,0,1,0,0,-,-,33.83974838256836,-118.08126068115234,LOS ANGELES,LAKEWOOD,-118.08141326904295,33.83967208862305
8698921,2018,2018-09-24,1900,2018-08-21,1745,532457,1337,2,5,5,1908,0,0,0,NA,0,133T2P,ALONDRA BL,EUCALYPTUS AV,236,W,N,A,-,N,NA,NA,NA,NA,NA,NA,NA,NA,NA,N,3,0,1,2,A,-,11,21954,A,N,G,B,C,A,H,-,A,A,0,Y,NA,NA,NA,Y,NA,N,60,0,1,0,0,1,0,0,0,0,-,-,33.88941955566406,-118.12290954589844,LOS ANGELES,BELLFLOWER,-118.12281799316406,33.889366149902344
8698925,2018,2018-09-24,1900,2018-08-04,2000,532783,1328,6,5,5,1935,0,0,0,NA,0,132T1,NORWALK BL,DEL AMO BL,470,S,N,A,-,N,NA,NA,NA,NA,NA,NA,NA,NA,NA,Y,4,0,4,2,A,-,04,21703,NA,N,C,C,A,A,H,-,C,D,0,NA,NA,NA,NA,Y,NA,A,07,0,0,4,0,0,0,0,0,0,-,-,NA,NA,LOS ANGELES,LAKEWOOD,-118.07210540771484,33.8448600769043
8698929,2018,2018-09-21,1900,2018-08-08,2231,622431,1337,3,5,5,1908,0,0,0,NA,0,133K,BELLFLOWER BL,LINDEN ST,53,N,N,A,-,N,NA,NA,NA,NA,NA,NA,NA,NA,NA,Y,3,0,1,3,A,-,08,22107,NA,N,B,E,A,A,H,-,C,D,0,NA,NA,NA,NA,Y,NA,A,01,0,1,0,0,0,0,0,0,0,-,-,33.89149856567383,-118.12529754638672,LOS ANGELES,BELLFLOWER,-118.12530517578124,33.89129638671875
8698933,2018,2018-09-25,1969,2018-03-18,0049,10195,TRAFF,7,5,5,1969,0,0,0,NA,0,004,ATLANTIC AV,BRANYON AV,347,S,N,A,-,N,NA,NA,NA,NA,NA,NA,NA,NA,NA,Y,2,0,1,2,A,-,01,23152,A,N,B,C,A,A,H,-,C,D,0,NA,NA,NA,NA,Y,Y,A,01,1,0,0,0,0,0,0,0,0,-,-,NA,NA,LOS ANGELES,SOUTH GATE,-118.18202972412108,33.948734283447266
8698936,2018,2018-10-12,1975,2018-09-02,1533,436,WCPD,7,5,6,1975,0,0,0,NA,0,006,CYNTHIA CT,AMANDA ST,97,N,N,A,-,N,NA,NA,NA,NA,NA,NA,NA,NA,NA,N,3,0,1,2,A,-,11,21954,A,N,G,B,D,A,H,-,A,D,0,Y,NA,NA,NA,Y,NA,N,60,0,1,0,0,1,0,0,0,0,-,-,NA,NA,LOS ANGELES,WEST COVINA,-117.88802337646484,34.014244079589844
8698939,2018,2018-09-27,1942,2018-08-30,1720,41685,1972,4,5,7,1942,0,0,0,NA,0,1972,NORDHOFF ST,NOBLE AV,0,NA,Y,A,-,N,NA,NA,NA,NA,NA,NA,NA,NA,NA,N,4,0,1,2,A,-,08,22107,NA,N,G,B,B,A,H,-,A,A,0,Y,NA,NA,NA,Y,NA,A,01,0,0,1,0,1,0,0,0,0,-,-,NA,NA,LOS ANGELES,LOS ANGELES,-118.46096801757813,34.23548126220703
8698940,2018,2018-10-08,1942,2018-09-06,1700,38857,1764,4,5,7,1942,0,0,0,Q,0,17A81,CORBIN AV,NORDHOFF ST,75,N,N,A,-,N,NA,NA,NA,NA,NA,NA,NA,NA,NA,N,3,0,1,3,A,-,03,22350,NA,N,C,C,A,A,H,-,A,A,0,NA,NA,NA,NA,Y,NA,-,99,0,1,0,0,0,0,0,0,0,-,-,NA,NA,LOS ANGELES,LOS ANGELES,-118.5623016357422,34.235687255859375
8698941,2018,2018-09-26,1969,2018-04-17,1512,20279,TRAFF,2,5,5,1969,0,0,0,NA,0,001,LONG BEACH BL,WILLOW PL,0,N,N,A,-,N,NA,NA,NA,NA,NA,NA,NA,NA,NA,Y,3,0,1,2,A,-,09,21804,A,N,D,C,A,A,H,-,A,D,0,NA,NA,NA,NA,Y,NA,A,01,0,1,0,0,0,0,0,0,0,-,-,NA,NA,LOS ANGELES,SOUTH GATE,-118.21961975097656,33.95454025268555
8698943,2018,2018-10-26,1942,2018-08-26,1600,43160,1902,7,5,7,1942,0,0,0,NA,0,19A1,ROXFORD,RT 210,0,NA,Y,A,-,Y,LA,7,210,-,R,1.794,R,4,E,N,4,0,1,2,A,-,03,22350,NA,N,C,C,A,A,H,-,A,A,0,NA,NA,NA,NA,Y,NA,A,01,0,0,1,0,0,0,0,0,0,-,EF,NA,NA,LOS ANGELES,LOS ANGELES,-118.46285247802734,34.32371520996094
8698945,2018,2018-09-26,1969,2018-04-11,1922,10195,TRAFF,3,5,5,1969,0,0,0,NA,0,004,FIRESTONE BL,RAYO AV,50,E,N,A,-,N,NA,NA,NA,NA,NA,NA,NA,NA,NA,N,4,0,3,2,D,-,00,NA,NA,N,B,C,A,A,H,-,C,D,0,NA,NA,NA,NA,Y,NA,-,-,0,0,3,0,0,0,0,0,0,-,-,NA,NA,LOS ANGELES,SOUTH GATE,-118.17560577392578,33.950496673583984
8698947,2018,2018-09-27,1942,2018-08-23,1505,40972,1623,4,5,7,1942,0,0,0,P,0,16A23,VAN NUYS BL,LEHIGH AV,113,E,N,A,-,N,NA,NA,NA,NA,NA,NA,NA,NA,NA,N,3,0,1,2,A,-,17,22517,NA,N,H,-,A,A,H,-,A,A,0,NA,Y,NA,NA,Y,NA,A,01,0,1,0,0,0,0,1,0,0,-,-,NA,NA,LOS ANGELES,LOS ANGELES,-118.41698455810548,34.26982498168945
8698949,2018,2018-09-26,1969,2018-04-30,1641,10156,TRAFF,1,5,5,1969,0,0,0,NA,0,005,GARFIELD AV,SOUTHERN AV,0,NA,Y,A,-,N,NA,NA,NA,NA,NA,NA,NA,NA,NA,N,4,0,5,5,A,-,12,21453,A,N,D,C,A,A,H,-,A,A,0,NA,NA,NA,NA,Y,NA,A,01,0,0,5,0,0,0,0,0,0,-,-,NA,NA,LOS ANGELES,SOUTH GATE,-118.166259765625,33.94449996948242
8698951,2018,2018-09-27,1942,2018-08-22,1125,33294,1623,3,5,7,1942,0,0,0,P,0,16A23,GLENOAKS BL,VAN NUYS BL,0,NA,Y,A,-,N,NA,NA,NA,NA,NA,NA,NA,NA,NA,Y,3,0,2,2,A,-,09,21801,A,N,D,C,A,A,H,-,A,A,0,NA,NA,NA,NA,Y,NA,A,01,0,2,0,0,0,0,0,0,0,-,-,NA,NA,LOS ANGELES,LOS ANGELES,-118.41168975830078,34.27368927001953
8698953,2018,2018-09-26,1969,2018-04-30,1907,10100,PATRO,1,5,5,1969,0,0,0,NA,0,002,LONG BEACH BL,SANTA ANA ST,75,S,N,B,-,N,NA,NA,NA,NA,NA,NA,NA,NA,NA,Y,3,0,2,2,A,-,09,21804,A,N,D,C,A,A,H,-,A,D,0,NA,NA,NA,NA,Y,NA,A,01,0,1,1,0,0,0,0,0,0,-,-,NA,NA,LOS ANGELES,SOUTH GATE,-118.22521209716795,33.96478271484375
8698955,2018,2018-09-27,1942,2018-08-17,1830,41852,1657,5,5,7,1942,0,0,0,P,0,16X36,VALMONT ST,COMMERCE AV,50,W,N,A,-,N,NA,NA,NA,NA,NA,NA,NA,NA,NA,N,3,0,1,2,A,-,11,21954,A,N,G,B,D,A,H,-,A,D,0,Y,NA,NA,NA,Y,NA,N,60,0,1,0,0,1,0,0,0,0,-,-,NA,NA,LOS ANGELES,LOS ANGELES,-118.28880310058594,34.25230026245117
8698957,2018,2018-09-26,1969,2018-04-30,1453,20226,TRAFF,1,5,5,1969,0,0,0,NA,0,004,ATLANTIC AV,BRANYON AV,0,NA,Y,A,-,N,NA,NA,NA,NA,NA,NA,NA,NA,NA,Y,4,0,3,2,A,-,09,21802,A,N,D,C,A,A,H,-,A,A,0,NA,NA,NA,NA,Y,NA,A,01,0,0,3,0,0,0,0,0,0,-,-,NA,NA,LOS ANGELES,SOUTH GATE,-118.182373046875,33.94963836669922
8698959,2018,2018-09-27,1942,2018-08-20,0845,39025,1653,1,5,7,1942,0,0,0,P,0,16A23W,BRANFORD ST,TELFAIR AV,250,W,N,B,-,N,NA,NA,NA,NA,NA,NA,NA,NA,NA,N,4,0,1,2,A,-,04,21703,NA,N,C,C,A,A,H,-,A,D,0,NA,NA,NA,NA,Y,NA,A,07,0,0,1,0,0,0,0,0,0,-,-,NA,NA,LOS ANGELES,LOS ANGELES,-118.40731811523438,34.2452278137207
8698962,2018,2018-09-25,1942,2018-08-17,2220,30983,1566,5,5,7,1942,0,0,0,O,0,15A,VINELAND AV,RIVERSIDE DR,0,NA,Y,A,-,N,NA,NA,NA,NA,NA,NA,NA,NA,NA,Y,4,0,3,3,A,-,09,21801,A,N,D,C,A,A,H,-,C,A,0,NA,NA,NA,NA,Y,NA,A,01,0,0,3,0,0,0,0,0,0,-,-,NA,NA,LOS ANGELES,LOS ANGELES,-118.37033081054688,34.152408599853516
8698963,2018,2018-10-09,1942,2018-08-22,1110,43362,1548,3,5,7,1942,0,0,0,O,0,15A44,E CHANDLER BL,FAIR AV,0,NA,Y,A,-,N,NA,NA,NA,NA,NA,NA,NA,NA,NA,N,4,0,1,2,A,-,09,21801,A,N,B,C,A,A,H,-,A,D,0,NA,NA,NA,NA,Y,NA,A,01,0,0,1,0,0,0,0,0,0,-,-,NA,NA,LOS ANGELES,LOS ANGELES,-118.37428283691406,34.168121337890625
8698964,2018,2019-01-16,1965,2018-08-31,2250,3967,0B1N,5,5,5,1965,0,0,0,NA,0,B001,RT 1,CALIFORNIA INCLINE,0,NA,Y,A,-,Y,LA,7,1,-,-,36.11,I,5,N,N,4,0,1,2,A,-,01,23152,A,N,B,C,A,A,H,-,C,A,0,NA,NA,NA,NA,Y,Y,A,01,0,0,1,0,0,0,0,0,0,-,-,NA,NA,LOS ANGELES,SANTA MONICA,-118.50666046142578,34.02029037475586
8698966,2018,2018-09-25,1942,2018-08-21,0850,42029,1523,2,5,7,1942,0,0,0,O,0,15A33,VICTORY BL,WHITSETT AV,0,NA,Y,B,-,N,NA,NA,NA,NA,NA,NA,NA,NA,NA,Y,3,0,2,2,A,-,09,21801,A,N,D,C,A,A,H,-,A,A,0,NA,NA,NA,NA,Y,NA,A,07,0,1,1,0,0,0,0,0,0,-,-,NA,NA,LOS ANGELES,LOS ANGELES,-118.40525817871094,34.18667984008789
8698967,2018,2018-10-08,1942,2018-08-21,1440,42857,1523,2,5,7,1942,0,0,0,O,0,15A39,VICTORY BL,BELLAIRE AV,300,E,N,A,-,N,NA,NA,NA,NA,NA,NA,NA,NA,NA,Y,3,0,3,4,A,-,-,NA,NA,N,C,C,A,A,-,-,A,D,0,NA,NA,NA,NA,Y,NA,A,01,0,1,2,0,0,0,0,0,0,-,-,NA,NA,LOS ANGELES,LOS ANGELES,-118.40843963623048,34.186859130859375
8698970,2018,2018-10-26,1942,2018-08-13,1550,42844,1547,1,5,7,1942,0,0,0,O,0,15A39,MAGNOLIA BL,RT 170,0,NA,Y,A,-,Y,LA,7,170,-,R,15.262,R,4,S,Y,3,0,1,2,A,-,07,21658,A,N,B,C,A,A,H,-,A,D,0,NA,NA,NA,NA,Y,NA,A,01,0,1,0,0,0,0,0,0,0,-,-,NA,NA,LOS ANGELES,LOS ANGELES,-118.38217163085938,34.163429260253906
8698971,2018,2018-09-25,1942,2018-08-15,1520,39352,1551,3,5,7,1942,0,0,0,O,0,15A43,RIVERSIDE DR,BELLINGHAM AV,0,NA,Y,A,-,N,NA,NA,NA,NA,NA,NA,NA,NA,NA,N,4,0,2,2,A,-,09,21801,A,N,C,C,A,A,H,-,A,D,0,NA,NA,NA,NA,Y,NA,A,01,0,0,2,0,0,0,0,0,0,-,-,NA,NA,LOS ANGELES,LOS ANGELES,-118.39871978759766,34.15761184692383
8698974,2018,2018-10-18,1942,2018-08-28,1520,39048,0969,2,5,7,1942,0,0,0,I,0,9A37,MAGNOLIA BL,GOODLAND AV,75,E,N,A,-,N,NA,NA,NA,NA,NA,NA,NA,NA,NA,Y,4,0,2,3,A,-,05,21651,A,N,A,C,A,A,H,-,A,A,0,NA,NA,NA,NA,Y,NA,A,01,0,0,2,0,0,0,0,0,0,-,-,NA,NA,LOS ANGELES,LOS ANGELES,-118.4118194580078,34.16489028930664
8698975,2018,2018-09-25,1942,2018-08-16,1155,42604,1555,4,5,7,1942,0,0,0,O,0,15A39,MAGNOLIA BL,BACKMAN AV,0,NA,Y,A,-,N,NA,NA,NA,NA,NA,NA,NA,NA,NA,N,3,0,2,2,A,-,12,21453,A,N,D,C,A,A,H,-,A,A,0,NA,NA,NA,NA,Y,NA,A,01,0,2,0,0,0,0,0,0,0,-,-,NA,NA,LOS ANGELES,LOS ANGELES,-118.3774,34.16494