CASE_ID,ACCIDENT_YEAR,PROC_DATE,JURIS,COLLISION_DATE,COLLISION_TIME,OFFICER_ID,REPORTING_DISTRICT,DAY_OF_WEEK,CHP_SHIFT,POPULATION,CNTY_CITY_LOC,SPECIAL_COND,BEAT_TYPE,CHP_BEAT_TYPE,CITY_DIVISION_LAPD,CHP_BEAT_CLASS,BEAT_NUMBER,PRIMARY_RD,SECONDARY_RD,DISTANCE,DIRECTION,INTERSECTION,WEATHER_1,WEATHER_2,STATE_HWY_IND,CALTRANS_COUNTY,CALTRANS_DISTRICT,STATE_ROUTE,ROUTE_SUFFIX,POSTMILE_PREFIX,POSTMILE,LOCATION_TYPE,RAMP_INTERSECTION,SIDE_OF_HWY,TOW_AWAY,COLLISION_SEVERITY,NUMBER_KILLED,NUMBER_INJURED,PARTY_COUNT,PRIMARY_COLL_FACTOR,PCF_CODE_OF_VIOL,PCF_VIOL_CATEGORY,PCF_VIOLATION,PCF_VIOL_SUBSECTION,HIT_AND_RUN,TYPE_OF_COLLISION,MVIW,PED_ACTION,ROAD_SURFACE,ROAD_COND_1,ROAD_COND_2,LIGHTING,CONTROL_DEVICE,CHP_ROAD_TYPE,PEDESTRIAN_ACCIDENT,BICYCLE_ACCIDENT,MOTORCYCLE_ACCIDENT,TRUCK_ACCIDENT,NOT_PRIVATE_PROPERTY,ALCOHOL_INVOLVED,STWD_VEHTYPE_AT_FAULT,CHP_VEHTYPE_AT_FAULT,COUNT_SEVERE_INJ,COUNT_VISIBLE_INJ,COUNT_COMPLAINT_PAIN,COUNT_PED_KILLED,COUNT_PED_INJURED,COUNT_BICYCLIST_KILLED,COUNT_BICYCLIST_INJURED,COUNT_MC_KILLED,COUNT_MC_INJURED,PRIMARY_RAMP,SECONDARY_RAMP,LATITUDE,LONGITUDE,COUNTY,CITY,POINT_X,POINT_Y
8698978,2018,2018-09-25,1942,2018-08-30,0630,30452,1523,4,5,7,1942,0,0,0,O,0,15A33,COLDWATER CANYON AV,VICTORY BL,290,S,N,A,-,N,NA,NA,NA,NA,NA,NA,NA,NA,NA,Y,4,0,1,2,A,-,09,21804,A,N,D,C,A,A,H,-,A,D,0,NA,NA,NA,NA,Y,NA,A,01,0,0,1,0,0,0,0,0,0,-,-,NA,NA,LOS ANGELES,LOS ANGELES,-118.4137954711914,34.18588638305664
8698979,2018,2018-09-25,1976,2018-08-25,1606,450,1976,6,5,5,1976,0,0,0,NA,0,001,PAINTER AV,EARLHAM DR,0,NA,Y,A,-,N,NA,NA,NA,NA,NA,NA,NA,NA,NA,N,4,0,3,2,A,-,09,21801,A,N,D,C,A,A,H,-,A,D,0,NA,NA,NA,NA,Y,NA,A,07,0,0,3,0,0,0,0,0,0,-,-,NA,NA,LOS ANGELES,WHITTIER,-118.0326690673828,33.976318359375
8698980,2018,2018-09-25,1942,2018-08-23,1835,41128,1033,4,5,7,1942,0,0,0,J,0,17X22,VICTORY BL,WILBUR AV,0,NA,Y,A,-,N,NA,NA,NA,NA,NA,NA,NA,NA,NA,N,4,0,1,2,A,-,04,21703,NA,N,C,D,A,A,H,-,A,A,0,NA,NA,NA,NA,Y,NA,A,08,0,0,1,0,0,0,0,0,0,-,-,NA,NA,LOS ANGELES,LOS ANGELES,-118.54473876953124,34.186580657958984
8698982,2018,2018-09-25,1942,2018-08-27,1445,38995,1567,1,5,7,1942,0,0,0,O,0,15A67,LANKERSHIM BL,MOORPARK ST,0,NA,Y,A,-,N,NA,NA,NA,NA,NA,NA,NA,NA,NA,Y,4,0,2,2,A,-,17,21451,A,N,D,C,A,A,H,-,A,A,0,NA,NA,NA,NA,Y,NA,A,01,0,0,2,0,0,0,0,0,0,-,-,NA,NA,LOS ANGELES,LOS ANGELES,-118.36586761474608,34.1503791809082
8698983,2018,2018-09-25,1976,2018-08-28,0740,898,NA,2,5,5,1976,0,0,0,NA,0,001,NORWALK BL,ORANGE DR,0,NA,Y,A,-,N,NA,NA,NA,NA,NA,NA,NA,NA,NA,Y,4,0,1,2,A,-,09,21801,A,N,D,C,A,A,H,-,A,A,0,NA,NA,NA,NA,Y,NA,A,01,0,0,1,0,0,0,0,0,0,-,-,NA,NA,LOS ANGELES,WHITTIER,-118.06172943115234,33.99225997924805
8698984,2018,2018-10-08,1942,2018-08-30,1820,38012,1033,4,5,7,1942,0,0,0,J,0,10X88,VICTORY BL,WILBUR AV,0,NA,Y,A,-,N,NA,NA,NA,NA,NA,NA,NA,NA,NA,Y,3,0,1,2,A,-,12,21453,A,N,D,C,A,A,H,-,A,A,0,NA,NA,NA,NA,Y,NA,-,NA,0,1,0,0,0,0,0,0,0,-,-,NA,NA,LOS ANGELES,LOS ANGELES,-118.54473876953124,34.186580657958984
8698986,2018,2018-09-25,1942,2018-08-26,1405,33458,1595,7,5,7,1942,0,0,0,O,0,15A85,VENTURA BL,CARPENTER AV,125,W,N,A,-,N,NA,NA,NA,NA,NA,NA,NA,NA,NA,N,3,0,2,3,A,-,04,21703,NA,N,C,C,D,A,H,-,A,D,0,Y,NA,NA,NA,Y,NA,A,07,0,1,1,0,0,0,0,0,0,-,-,NA,NA,LOS ANGELES,LOS ANGELES,-118.39115142822266,34.14284133911133
8698990,2018,2018-09-25,1942,2018-08-30,0855,30452,1543,4,5,7,1942,0,0,0,O,0,15A43,CHANDLER BL,HERMITAGE AV,100,W,N,A,-,N,NA,NA,NA,NA,NA,NA,NA,NA,NA,Y,4,0,1,3,A,-,08,22107,NA,N,C,E,A,A,H,-,A,D,0,NA,NA,NA,NA,Y,NA,A,01,0,0,1,0,0,0,0,0,0,-,-,NA,NA,LOS ANGELES,LOS ANGELES,-118.4006805419922,34.16864776611328
8698994,2018,2018-09-25,1942,2018-08-26,1920,40353,1523,7,5,7,1942,0,0,0,O,0,15A33,OXNARD ST,W WHITSETT AV,290,W,N,A,-,N,NA,NA,NA,NA,NA,NA,NA,NA,NA,Y,3,0,3,2,A,-,09,21804,A,N,D,C,A,A,H,-,C,D,0,NA,NA,NA,NA,Y,NA,A,01,0,1,2,0,0,0,0,0,0,-,-,NA,NA,LOS ANGELES,LOS ANGELES,-118.40621948242188,34.17940902709961
8698997,2018,2018-09-26,1942,2018-08-31,1125,38714,1078,5,5,7,1942,0,0,0,J,0,10A99,VENTURA BL,HAYVENHURST AV,0,NA,Y,A,-,N,NA,NA,NA,NA,NA,NA,NA,NA,NA,Y,4,0,1,2,A,-,04,21703,NA,N,C,C,A,A,-,-,A,D,0,NA,NA,NA,NA,Y,NA,-,-,0,0,1,0,0,0,0,0,0,-,-,NA,NA,LOS ANGELES,LOS ANGELES,-118.49231719970705,34.15755081176758
8698998,2018,2018-09-25,1942,2018-08-31,2330,39410,1509,5,5,7,1942,0,0,0,O,0,9T57,SHERMAN PL,CLYBOURN AV,75,W,N,A,-,N,NA,NA,NA,NA,NA,NA,NA,NA,NA,Y,4,0,1,2,A,-,03,22350,NA,N,D,C,A,A,H,-,C,D,0,NA,NA,NA,NA,Y,NA,A,01,0,0,1,0,0,0,0,0,0,-,-,NA,NA,LOS ANGELES,LOS ANGELES,-118.36270141601564,34.2031364440918
8698999,2018,2018-09-25,1953,2018-08-06,1932,3055,1953,1,5,6,1953,0,0,0,NA,0,003,GREEN ST,CHESTER AV,0,NA,Y,A,-,N,NA,NA,NA,NA,NA,NA,NA,NA,NA,N,3,0,2,4,A,-,08,22107,NA,N,D,B,F,A,H,-,A,D,0,Y,NA,NA,NA,Y,NA,A,01,0,2,0,0,2,0,0,0,0,-,-,NA,NA,LOS ANGELES,PASADENA,-118.12452697753906,34.14459991455078
8699001,2018,2018-09-26,1942,2018-08-30,1650,40290,1035,4,5,7,1942,0,0,0,J,0,10A21,KITTRIDGE ST,NESTLE AV,5,E,N,A,-,N,NA,NA,NA,NA,NA,NA,NA,NA,NA,N,3,0,1,2,A,-,03,22350,NA,N,A,B,B,A,H,-,A,D,0,Y,NA,NA,NA,Y,NA,A,01,0,1,0,0,1,0,0,0,0,-,-,NA,NA,LOS ANGELES,LOS ANGELES,-118.53079986572266,34.190250396728516
8699002,2018,2018-10-18,1942,2018-08-21,0645,30989,1511,2,5,7,1942,0,0,0,O,0,15A21,COLDWATER CANYON AV,SHERMAN WY,160,N,N,A,-,N,NA,NA,NA,NA,NA,NA,NA,NA,NA,Y,4,0,1,2,A,-,09,21804,A,N,D,C,A,A,H,-,A,D,0,NA,NA,NA,NA,Y,NA,A,07,0,0,1,0,0,0,0,0,0,-,-,NA,NA,LOS ANGELES,LOS ANGELES,-118.41380310058594,34.201629638671875
8699003,2018,2018-09-25,1953,2018-08-11,0902,8426,1953,6,5,6,1953,0,0,0,NA,0,1A21,CORSON ST,EL MOLINO AV,0,NA,Y,A,-,N,NA,NA,NA,NA,NA,NA,NA,NA,NA,Y,4,0,2,2,A,-,12,21453,A,N,D,C,A,A,H,-,A,A,0,NA,NA,NA,NA,Y,NA,A,07,0,0,2,0,0,0,0,0,0,-,-,NA,NA,LOS ANGELES,PASADENA,-118.13690185546876,34.151248931884766
8699005,2018,2018-09-26,1942,2018-08-29,0015,42796,1075,3,5,7,1942,0,0,0,J,0,10A83,VENTURA BL,GARDEN GROVE ST,50,E,N,A,-,N,NA,NA,NA,NA,NA,NA,NA,NA,NA,Y,4,0,2,2,A,-,03,22350,NA,N,C,D,A,A,H,-,C,A,0,NA,NA,NA,NA,Y,NA,A,01,0,0,2,0,0,0,0,0,0,-,-,NA,NA,LOS ANGELES,LOS ANGELES,-118.52877807617188,34.16590118408203
8699006,2018,2018-10-12,1942,2018-08-16,1910,41948,1588,4,5,7,1942,0,0,0,O,0,15A67,BARHAM BL,BLAIR DR,0,NA,Y,A,-,N,NA,NA,NA,NA,NA,NA,NA,NA,NA,Y,4,0,1,2,A,-,04,21703,NA,N,C,C,A,A,H,-,A,A,0,NA,NA,NA,NA,Y,NA,A,01,0,0,1,0,0,0,0,0,0,-,-,NA,NA,LOS ANGELES,LOS ANGELES,-118.34523010253906,34.13093185424805
8699009,2018,2018-09-26,1942,2018-08-28,2240,42279,1027,2,5,7,1942,0,0,0,J,0,10A17,GAULT ST,AMESTOY ST,329,E,N,A,-,N,NA,NA,NA,NA,NA,NA,NA,NA,NA,Y,4,0,1,2,A,-,03,22350,NA,N,C,A,A,A,H,-,C,D,0,NA,NA,NA,Y,Y,NA,A,01,0,0,1,0,0,0,0,0,0,-,-,NA,NA,LOS ANGELES,LOS ANGELES,-118.5044174194336,34.199378967285156
8699010,2018,2018-09-26,1942,2018-08-16,1120,43215,NA,4,5,7,1942,0,0,0,NA,0,NA,OXNARD,TUJUNGA,0,NA,Y,A,-,N,NA,NA,NA,NA,NA,NA,NA,NA,NA,Y,3,0,1,2,A,-,09,21801,A,N,A,C,A,A,H,-,A,A,0,NA,NA,NA,NA,Y,NA,A,01,0,1,0,0,0,0,0,0,0,-,-,NA,NA,LOS ANGELES,LOS ANGELES,-118.37904357910156,34.17945098876953
8699013,2018,2018-10-12,1942,2018-08-23,0030,41170,NA,4,5,7,1942,0,0,0,NA,0,1028,BALBOA BL,VANOWEN ST,0,NA,Y,A,-,N,NA,NA,NA,NA,NA,NA,NA,NA,NA,Y,4,0,1,2,A,-,12,21453,A,N,D,C,A,A,H,-,C,A,0,NA,NA,NA,NA,Y,NA,-,-,0,0,1,0,0,0,0,0,0,-,-,NA,NA,LOS ANGELES,LOS ANGELES,-118.50112152099608,34.19390106201172
8699014,2018,2018-09-26,1942,2018-08-17,1410,42615,1538,5,5,7,1942,0,0,0,O,0,15A39,BAKMAN AV,BURBANK BL,0,NA,Y,A,-,N,NA,NA,NA,NA,NA,NA,NA,NA,NA,N,4,0,1,2,A,-,09,21801,A,N,D,C,A,A,H,-,A,D,0,NA,NA,Y,NA,Y,NA,A,01,0,0,1,0,0,0,0,0,1,-,-,NA,NA,LOS ANGELES,LOS ANGELES,-118.37789154052734,34.17216110229492
8699017,2018,2018-09-26,1942,2018-08-25,1420,40093,1034,6,5,7,1942,0,0,0,J,0,10SL39,VICTORY BL,RESEDA BL,0,NA,Y,A,-,N,NA,NA,NA,NA,NA,NA,NA,NA,NA,N,4,0,1,2,A,-,04,21703,NA,N,C,C,A,A,H,-,A,D,0,NA,NA,NA,NA,Y,NA,A,01,0,0,1,0,0,0,0,0,0,-,-,NA,NA,LOS ANGELES,LOS ANGELES,-118.53601837158205,34.18656921386719
8699018,2018,2018-09-26,1942,2018-08-13,2100,43110,1513,1,5,7,1942,0,0,0,O,0,15A21,VANOWEN ST,WHITSETT AV,0,NA,Y,A,-,N,NA,NA,NA,NA,NA,NA,NA,NA,NA,N,4,0,1,2,A,-,12,21453,A,N,D,B,A,A,H,-,C,A,0,NA,Y,NA,NA,Y,NA,L,04,0,0,1,0,0,0,1,0,0,-,-,NA,NA,LOS ANGELES,LOS ANGELES,-118.40528106689452,34.19395065307617
8699021,2018,2018-09-26,1942,2018-08-27,2040,38620,1008,1,5,7,1942,0,0,0,J,0,10X1,BALBOA BL,STAGG ST,0,NA,Y,A,-,N,NA,NA,NA,NA,NA,NA,NA,NA,NA,N,4,0,1,2,A,-,08,22107,NA,N,D,C,A,A,H,-,D,D,0,NA,NA,NA,NA,Y,NA,A,01,0,0,1,0,0,0,0,0,0,-,-,NA,NA,LOS ANGELES,LOS ANGELES,-118.50135803222656,34.21205139160156
8699022,2018,2018-10-12,1942,2018-08-30,1655,36121,NA,4,5,7,1942,0,0,0,NA,0,15Z5,MAGNOLIA AV,VANTAGE AV,50,E,N,A,-,N,NA,NA,NA,NA,NA,NA,NA,NA,NA,Y,3,0,2,3,A,-,09,21801,A,N,D,C,A,A,H,-,A,D,0,NA,NA,NA,NA,Y,NA,A,01,0,1,1,0,0,0,0,0,0,-,-,NA,NA,LOS ANGELES,LOS ANGELES,-118.39813232421876,34.164886474609375
8699025,2018,2018-09-26,1942,2018-08-18,1630,35433,1566,6,5,7,1942,0,0,0,O,0,15A67,VINELAND BL,RIVERSIDE DR,0,NA,Y,A,-,N,NA,NA,NA,NA,NA,NA,NA,NA,NA,Y,3,0,2,2,A,-,09,21801,A,N,D,-,A,A,H,-,A,-,0,NA,NA,NA,NA,Y,NA,A,01,0,2,0,0,0,0,0,0,0,-,-,NA,NA,LOS ANGELES,LOS ANGELES,-118.37033081054688,34.152408599853516
8699026,2018,2018-09-26,1942,2018-08-29,1050,37660,1596,3,5,7,1942,0,0,0,O,0,15A85,VINELAND AV,VENTURA BL,0,NA,Y,A,-,N,NA,NA,NA,NA,NA,NA,NA,NA,NA,Y,4,0,1,2,A,-,09,21801,A,N,D,C,A,A,H,-,A,A,0,NA,NA,NA,NA,Y,NA,A,01,0,0,1,0,0,0,0,0,0,-,-,NA,NA,LOS ANGELES,LOS ANGELES,-118.37020874023438,34.14044952392578
8699029,2018,2018-09-26,1942,2018-08-16,1824,43147,1513,4,5,7,1942,0,0,0,O,0,15A12,VANOWEN ST,WHITSETT AV,0,NA,Y,A,-,N,NA,NA,NA,NA,NA,NA,NA,NA,NA,Y,3,0,2,2,A,-,09,21801,A,N,A,C,A,A,H,-,A,A,0,NA,NA,NA,NA,Y,NA,A,01,0,2,0,0,0,0,0,0,0,-,-,NA,NA,LOS ANGELES,LOS ANGELES,-118.40528106689452,34.19395065307617
8699030,2018,2018-09-26,1942,2018-08-31,0235,38119,1555,5,5,7,1942,0,0,0,O,0,15A21,TUJUNGA AV,OTSEGO ST,150,S,N,A,-,N,NA,NA,NA,NA,NA,NA,NA,NA,NA,Y,4,0,1,3,A,-,03,22350,NA,N,C,E,A,A,H,-,C,D,0,NA,NA,NA,NA,Y,NA,A,01,0,0,1,0,0,0,0,0,0,-,-,NA,NA,LOS ANGELES,LOS ANGELES,-118.37901306152344,34.16259002685547
8699033,2018,2018-09-26,1942,2018-08-16,2110,37464,1538,4,5,7,1942,0,0,0,O,0,15A39,OXNARD ST,VINELAND AV,0,NA,Y,A,-,N,NA,NA,NA,NA,NA,NA,NA,NA,NA,N,4,0,1,2,A,-,04,21703,NA,N,C,C,A,A,H,-,C,A,0,NA,NA,NA,NA,Y,NA,A,01,0,0,1,0,0,0,0,0,0,-,-,NA,NA,LOS ANGELES,LOS ANGELES,-118.37030029296876,34.1794319152832
8699034,2018,2018-10-12,1942,2018-08-22,1708,41566,1555,3,5,7,1942,0,0,0,O,0,15A68,CAMARILLO ST,VINELAND AV,0,NA,Y,A,-,N,NA,NA,NA,NA,NA,NA,NA,NA,NA,N,4,0,1,2,A,-,09,21801,A,N,D,C,A,A,H,-,A,A,0,NA,NA,NA,NA,Y,NA,A,01,0,0,1,0,0,0,0,0,0,-,-,NA,NA,LOS ANGELES,LOS ANGELES,-118.37046051025392,34.15766143798828
8699037,2018,2018-09-26,1942,2018-08-16,1700,43233,1535,4,5,7,1942,0,0,0,O,0,15A39,BURBANK BL,TROOST AV,0,NA,Y,A,-,N,NA,NA,NA,NA,NA,NA,NA,NA,NA,N,4,0,1,2,A,-,03,22350,A,N,C,C,A,A,H,-,A,A,0,NA,NA,NA,NA,Y,NA,-,NA,0,0,1,0,0,0,0,0,0,-,-,NA,NA,LOS ANGELES,LOS ANGELES,-118.38661956787108,34.172149658203125
8699038,2018,2018-09-26,1942,2018-08-22,2320,41788,1595,3,5,7,1942,0,0,0,O,0,19A12,LAUREL CANYON BL,LAUREL TERRACE DR,185,N,N,A,-,N,NA,NA,NA,NA,NA,NA,NA,NA,NA,Y,4,0,1,2,A,-,03,22350,NA,N,H,J,A,A,H,-,C,D,0,NA,NA,NA,NA,Y,NA,-,NA,0,0,1,0,0,0,0,0,0,-,-,NA,NA,LOS ANGELES,LOS ANGELES,-118.39312744140624,34.13772201538086
8699039,2018,2018-09-25,1965,2018-09-02,1518,3870,0B1L,7,5,5,1965,0,0,0,NA,0,B001,OCEAN AV,SANTA MONICA BL,155,S,N,A,-,N,NA,NA,NA,NA,NA,NA,NA,NA,NA,N,3,0,1,2,A,-,17,22517,NA,N,B,G,A,A,H,-,A,D,0,NA,Y,NA,NA,Y,NA,A,07,0,1,0,0,0,0,1,0,0,-,-,37.00539016723633,-121.0216064453125,LOS ANGELES,SANTA MONICA,-118.49771881103516,34.01375961303711
8699049,2018,2018-10-22,1900,2018-09-03,1846,609678,1348,1,5,3,1903,0,0,0,NA,0,134,183RD ST,NORWALK BL,0,NA,Y,A,-,N,NA,NA,NA,NA,NA,NA,NA,NA,NA,N,4,0,1,2,A,-,12,21453,A,N,D,C,A,A,H,-,A,A,0,NA,NA,NA,NA,Y,NA,-,-,0,0,1,0,0,0,0,0,0,-,-,33.86600875854492,-118.07254791259766,LOS ANGELES,ARTESIA,-118.07245635986328,33.86579132080078
8699053,2018,2018-09-26,1900,2018-09-02,0000,274533,1334,7,5,5,1908,0,0,0,NA,0,133T1,CLARK AV,MAYNE ST,0,NA,Y,A,-,N,NA,NA,NA,NA,NA,NA,NA,NA,NA,Y,4,0,1,3,A,-,12,22450,A,M,D,C,A,A,H,-,C,A,0,NA,NA,NA,NA,Y,NA,A,01,0,0,1,0,0,0,0,0,0,-,-,NA,NA,LOS ANGELES,BELLFLOWER,-118.13397216796876,33.885459899902344
8699055,2018,2019-01-10,1942,2018-09-04,1415,43233,1569,2,5,7,1942,0,0,0,O,0,15A44,N CLYBOURN AV,RIVERSIDE DR,0,NA,Y,A,-,N,NA,NA,NA,NA,NA,NA,NA,NA,NA,N,4,0,2,2,A,-,09,21802,A,N,D,C,A,A,H,-,A,D,0,NA,NA,NA,NA,Y,NA,-,NA,0,0,2,0,0,0,0,0,0,-,-,NA,NA,LOS ANGELES,LOS ANGELES,-118.34919738769533,34.152191162109375
8699083,2018,2018-10-01,1965,2018-09-07,1145,3985,0B2A,5,5,5,1965,0,0,0,NA,0,B002,BAY ST,4TH ST,150,E,N,A,-,N,NA,NA,NA,NA,NA,NA,NA,NA,NA,N,3,0,1,1,A,-,03,22350,NA,N,H,A,A,A,H,-,A,A,0,NA,NA,NA,NA,Y,NA,M,94,0,1,0,0,0,0,0,0,0,-,-,NA,NA,LOS ANGELES,SANTA MONICA,-118.48614501953124,34.009185791015625
8699087,2018,2018-10-01,1965,2018-09-02,1200,3958,0B1H,7,5,5,1965,0,0,0,NA,0,B001,OLYMPIC BL,5TH ST,324,E,N,A,-,N,NA,NA,NA,NA,NA,NA,NA,NA,NA,N,4,0,1,2,A,-,17,22517,NA,N,H,G,A,A,H,-,A,D,0,NA,Y,NA,NA,Y,NA,A,01,0,0,1,0,0,0,1,0,0,-,-,37.00434112548828,-121.01271057128906,LOS ANGELES,SANTA MONICA,-118.48886871337892,34.01345443725586
8699110,2018,2018-11-08,1926,2018-09-12,2121,0131,3,3,5,5,1926,0,0,0,NA,0,003,RT 66,ELWOOD AV,0,NA,Y,A,-,N,NA,NA,NA,NA,NA,NA,NA,NA,NA,Y,4,0,1,2,A,-,12,21453,A,N,D,C,A,A,H,-,A,A,0,NA,NA,NA,NA,Y,NA,A,01,0,0,1,0,0,0,0,0,0,-,-,NA,NA,LOS ANGELES,GLENDORA,-117.85073089599608,34.128841400146484
8699114,2018,2018-09-27,1926,2018-09-11,1824,0131,3,2,5,5,1926,0,0,0,NA,0,003,FOOTHILL BL,SAN JOSE DR,43,W,N,A,-,N,NA,NA,NA,NA,NA,NA,NA,NA,NA,Y,4,0,2,2,A,-,06,21755,A,N,B,C,A,A,H,-,A,D,0,NA,NA,NA,NA,Y,NA,-,NA,0,0,2,0,0,0,0,0,0,-,-,NA,NA,LOS ANGELES,GLENDORA,-117.8415298461914,34.13610076904297
8699119,2018,2018-09-25,1900,2018-09-04,1652,403161,1432,2,5,4,1937,0,0,0,NA,0,143T1,TEMPLE AV,DEL VALLE AV,0,NA,Y,A,-,N,NA,NA,NA,NA,NA,NA,NA,NA,NA,N,4,0,1,2,A,-,09,21801,A,N,D,C,A,A,H,-,A,A,0,NA,NA,NA,NA,Y,NA,A,01,0,0,1,0,0,0,0,0,0,-,-,34.028079986572266,-117.94419860839844,LOS ANGELES,LA PUENTE,-117.94416809082033,34.02809143066406
8699122,2018,2018-09-27,1942,2018-08-26,1930,37353,1623,7,5,7,1942,0,0,0,P,0,16A23,VAN NUYS BL,GLENOAKS BL,150,E,N,A,-,N,NA,NA,NA,NA,NA,NA,NA,NA,NA,N,3,0,1,2,A,-,05,21650,1,N,H,G,A,A,H,-,C,D,0,NA,Y,NA,NA,Y,NA,L,04,0,1,0,0,0,0,1,0,0,-,-,NA,NA,LOS ANGELES,LOS ANGELES,-118.4113311767578,34.27397155761719
8699123,2018,2018-10-02,1942,2018-09-06,0800,42051,1775,4,5,7,1942,0,0,0,Q,0,17A95,BALBOA BL,CALAHAN ST,290,N,N,A,-,N,NA,NA,NA,NA,NA,NA,NA,NA,NA,Y,4,0,1,2,A,-,07,21658,A,F,B,C,A,A,H,-,A,A,0,NA,NA,NA,NA,Y,NA,-,NA,0,0,1,0,0,0,0,0,0,-,-,NA,NA,LOS ANGELES,LOS ANGELES,-118.50249481201172,34.237796783447266
8699124,2018,2018-10-26,1941,2018-09-08,2316,10575,NA,6,5,7,1941,0,0,0,NA,0,NA,W DEL AMO BL,LONG BEACH BL,0,NA,-,A,-,N,NA,NA,NA,NA,NA,NA,NA,NA,NA,N,2,0,1,2,A,-,11,21955,NA,N,A,B,D,A,H,-,C,A,0,Y,NA,NA,NA,Y,NA,N,NA,1,0,0,0,1,0,0,0,0,-,-,NA,NA,LOS ANGELES,LONG BEACH,-118.19387817382813,33.84680938720703
8699126,2018,2018-09-27,1942,2018-08-27,0800,42818,1623,1,5,7,1942,0,0,0,P,0,16A23,HERRICK AV,VAN NUYS BL,340,S,N,A,-,N,NA,NA,NA,NA,NA,NA,NA,NA,NA,N,3,0,1,2,A,-,11,21954,A,N,G,B,D,A,H,-,-,D,0,Y,NA,NA,NA,Y,NA,N,60,0,1,0,0,1,0,0,0,0,-,-,NA,NA,LOS ANGELES,LOS ANGELES,-118.41423797607422,34.270591735839844
8699127,2018,2018-10-02,1942,2018-09-07,1755,43362,1527,5,5,7,1942,0,0,0,O,0,15A44,CLEON AV,BURBANK BL,0,NA,Y,A,-,N,NA,NA,NA,NA,NA,NA,NA,NA,NA,N,4,0,1,2,A,-,09,21804,A,F,D,C,A,A,H,-,A,D,0,NA,NA,NA,NA,Y,Y,-,99,0,0,1,0,0,0,0,0,0,-,-,NA,NA,LOS ANGELES,LOS ANGELES,-118.36865234375,34.17216110229492
8699128,2018,2018-10-08,1941,2018-09-08,2322,11265,NA,6,5,7,1941,0,0,0,NA,0,NA,MAGNOLIA AV,7TH ST,0,NA,Y,A,-,N,NA,NA,NA,NA,NA,NA,NA,NA,NA,N,4,0,1,2,A,-,12,21453,A,N,D,C,A,A,H,-,C,A,0,NA,NA,NA,NA,Y,NA,D,NA,0,0,1,0,0,0,0,0,0,-,-,NA,NA,LOS ANGELES,LONG BEACH,-118.1980438232422,33.775360107421875
8699130,2018,2018-09-27,1942,2018-08-27,0845,39473,1668,1,5,7,1942,0,0,0,P,0,16A59,TUJUNGA CANYON BL,ELMHURST ST,150,S,N,A,-,N,NA,NA,NA,NA,NA,NA,NA,NA,NA,Y,4,0,1,2,A,-,03,22350,NA,N,C,C,A,A,H,-,A,D,0,NA,NA,NA,NA,Y,NA,A,01,0,0,1,0,0,0,0,0,0,-,-,NA,NA,LOS ANGELES,LOS ANGELES,-118.27287292480467,34.23994445800781
8699131,2018,2018-10-10,1942,2018-09-10,1955,36733,1538,1,5,7,1942,0,0,0,O,0,15A39,VINELAND AV,OXNARD ST,0,NA,Y,A,-,N,NA,NA,NA,NA,NA,NA,NA,NA,NA,N,4,0,1,2,A,-,05,21650,NA,N,B,C,A,A,H,-,C,A,0,NA,NA,NA,NA,Y,NA,-,99,0,0,1,0,0,0,0,0,0,-,-,NA,NA,LOS ANGELES,LOS ANGELES,-118.37030029296876,34.1794319152832
8699132,2018,2018-11-05,1941,2018-09-09,0519,11029,NA,7,5,7,1941,0,0,0,NA,0,NA,ATLANTIC AV,8TH ST,0,NA,Y,E,-,N,NA,NA,NA,NA,NA,NA,NA,NA,NA,Y,4,0,2,4,A,-,-,NA,NA,N,D,C,A,A,H,-,C,A,0,NA,NA,NA,NA,Y,NA,-,-,0,0,2,0,0,0,0,0,0,-,-,NA,NA,LOS ANGELES,LONG BEACH,-118.18505096435548,33.776580810546875
8699134,2018,2018-09-27,1942,2018-08-29,0930,37789,1677,3,5,7,1942,0,0,0,P,0,16A77,GLENOAKS BL,HOLLYWOOD WY,0,NA,Y,A,-,N,NA,NA,NA,NA,NA,NA,NA,NA,NA,N,4,0,1,2,A,-,09,21801,A,N,D,-,A,A,H,-,A,D,0,NA,NA,NA,NA,Y,NA,A,01,0,0,1,0,0,0,0,0,0,-,-,NA,NA,LOS ANGELES,LOS ANGELES,-118.34893035888672,34.21350860595703
8699135,2018,2018-10-10,1942,2018-09-03,2235,39281,1549,1,5,7,1942,0,0,0,O,0,15A39,BURBANK BL,FULCHER AV,25,W,N,A,-,N,NA,NA,NA,NA,NA,NA,NA,NA,NA,N,4,0,1,2,A,-,03,22350,NA,F,C,C,A,A,H,-,C,A,0,NA,NA,NA,NA,Y,NA,-,99,0,0,1,0,0,0,0,0,0,-,-,NA,NA,LOS ANGELES,LOS ANGELES,-118.37313079833984,34.172149658203125
8699136,2018,2018-10-08,1941,2018-09-09,1230,10729,NA,7,5,7,1941,0,0,0,NA,0,NA,PACIFIC COAST HWY,W CEDAR AV,6,E,N,A,-,N,NA,NA,NA,NA,NA,NA,NA,NA,NA,Y,4,0,1,2,A,-,09,21801,A,N,D,C,A,A,H,-,A,A,0,NA,NA,NA,NA,Y,NA,A,NA,0,0,1,0,0,0,0,0,0,-,-,NA,NA,LOS ANGELES,LONG BEACH,-118.19505310058594,33.78987121582031