CASE_ID,ACCIDENT_YEAR,PROC_DATE,JURIS,COLLISION_DATE,COLLISION_TIME,OFFICER_ID,REPORTING_DISTRICT,DAY_OF_WEEK,CHP_SHIFT,POPULATION,CNTY_CITY_LOC,SPECIAL_COND,BEAT_TYPE,CHP_BEAT_TYPE,CITY_DIVISION_LAPD,CHP_BEAT_CLASS,BEAT_NUMBER,PRIMARY_RD,SECONDARY_RD,DISTANCE,DIRECTION,INTERSECTION,WEATHER_1,WEATHER_2,STATE_HWY_IND,CALTRANS_COUNTY,CALTRANS_DISTRICT,STATE_ROUTE,ROUTE_SUFFIX,POSTMILE_PREFIX,POSTMILE,LOCATION_TYPE,RAMP_INTERSECTION,SIDE_OF_HWY,TOW_AWAY,COLLISION_SEVERITY,NUMBER_KILLED,NUMBER_INJURED,PARTY_COUNT,PRIMARY_COLL_FACTOR,PCF_CODE_OF_VIOL,PCF_VIOL_CATEGORY,PCF_VIOLATION,PCF_VIOL_SUBSECTION,HIT_AND_RUN,TYPE_OF_COLLISION,MVIW,PED_ACTION,ROAD_SURFACE,ROAD_COND_1,ROAD_COND_2,LIGHTING,CONTROL_DEVICE,CHP_ROAD_TYPE,PEDESTRIAN_ACCIDENT,BICYCLE_ACCIDENT,MOTORCYCLE_ACCIDENT,TRUCK_ACCIDENT,NOT_PRIVATE_PROPERTY,ALCOHOL_INVOLVED,STWD_VEHTYPE_AT_FAULT,CHP_VEHTYPE_AT_FAULT,COUNT_SEVERE_INJ,COUNT_VISIBLE_INJ,COUNT_COMPLAINT_PAIN,COUNT_PED_KILLED,COUNT_PED_INJURED,COUNT_BICYCLIST_KILLED,COUNT_BICYCLIST_INJURED,COUNT_MC_KILLED,COUNT_MC_INJURED,PRIMARY_RAMP,SECONDARY_RAMP,LATITUDE,LONGITUDE,COUNTY,CITY,POINT_X,POINT_Y
8699138,2018,2018-09-27,1942,2018-06-26,0135,39410,NA,2,5,7,1942,0,0,0,NA,0,NA,LA TUNA CANYON,HONOLULU AV,1920,W,N,A,-,N,NA,NA,NA,NA,NA,NA,NA,NA,NA,Y,3,0,1,1,A,-,08,22107,NA,N,F,J,A,A,H,-,C,D,0,NA,NA,NA,NA,Y,NA,A,01,0,1,0,0,0,0,0,0,0,-,-,NA,NA,LOS ANGELES,LOS ANGELES,-118.27653503417967,34.23397445678711
8699139,2018,2018-10-10,1942,2018-09-13,2140,34561,1656,4,5,7,1942,0,0,0,P,0,16A35,FOOTHILL BL,ORO VISTA AV,55,W,N,A,-,N,NA,NA,NA,NA,NA,NA,NA,NA,NA,Y,2,0,1,2,A,-,11,21955,NA,N,G,B,E,-,H,-,C,A,0,Y,NA,NA,NA,Y,NA,N,60,1,0,0,0,1,0,0,0,0,-,-,NA,NA,LOS ANGELES,LOS ANGELES,-118.3159408569336,34.25968933105469
8699140,2018,2018-10-08,1941,2018-09-09,1037,10916,NA,7,5,7,1941,0,0,0,NA,0,NA,7TH ST,CERRITOS AV,62,E,N,A,-,N,NA,NA,NA,NA,NA,NA,NA,NA,NA,N,4,0,2,2,A,-,04,21703,NA,N,C,C,A,A,H,-,A,A,0,NA,NA,NA,NA,Y,NA,A,NA,0,0,2,0,0,0,0,0,0,-,-,NA,NA,LOS ANGELES,LONG BEACH,-118.1777801513672,33.77534866333008
8699143,2018,2018-10-02,1942,2018-09-15,2500,42309,1623,6,5,7,1942,0,0,0,P,0,16A23,VAN NUYS BL,HERRICK AV,25,E,N,A,-,N,NA,NA,NA,NA,NA,NA,NA,NA,NA,N,4,0,1,2,A,-,11,21954,A,F,G,B,D,A,H,-,C,A,0,Y,NA,NA,NA,Y,NA,N,60,0,0,1,0,1,0,0,0,0,-,-,NA,NA,LOS ANGELES,LOS ANGELES,-118.4149169921875,34.27133560180664
8699144,2018,2018-10-08,1941,2018-09-07,1916,11018,NA,5,5,7,1941,0,0,0,NA,0,NA,ARTESIA BL,ORANGE AV,3,W,N,A,-,N,NA,NA,NA,NA,NA,NA,NA,NA,NA,N,4,0,1,2,A,-,08,22107,NA,N,D,G,A,-,A,H,A,A,0,NA,Y,NA,NA,Y,NA,A,NA,0,0,1,0,0,0,1,0,0,-,-,NA,NA,LOS ANGELES,LONG BEACH,-118.17739868164064,33.87467956542969
8699147,2018,2018-10-02,1942,2018-09-06,1800,40841,1089,4,5,7,1942,0,0,0,J,0,10X94,VENTURA BL,SHERMAN OAKS AV,50,W,N,A,-,N,NA,NA,NA,NA,NA,NA,NA,NA,NA,N,4,0,1,2,A,-,04,21703,NA,F,C,C,A,A,H,-,A,D,0,NA,NA,NA,NA,Y,NA,-,99,0,0,1,0,0,0,0,0,0,-,-,NA,NA,LOS ANGELES,LOS ANGELES,-118.46912384033205,34.154296875
8699148,2018,2018-10-08,1941,2018-09-07,1520,11020,NA,5,5,7,1941,0,0,0,NA,0,NA,ATLANTIC AV,37TH ST,73392,N,N,A,-,N,NA,NA,NA,NA,NA,NA,NA,NA,NA,Y,3,0,2,1,-,-,-,NA,NA,N,E,I,A,A,H,-,A,A,0,NA,NA,NA,NA,Y,NA,-,-,0,1,1,0,0,0,0,0,0,-,-,NA,NA,LOS ANGELES,LONG BEACH,-118.18502807617188,33.81541061401367
8699151,2018,2018-10-05,1942,2018-09-15,2045,35481,1523,6,5,7,1942,0,0,0,O,0,15A33,WHITSETT AV,VICTORY BL,0,NA,Y,A,-,N,NA,NA,NA,NA,NA,NA,NA,NA,NA,N,3,0,1,2,A,-,10,21950,A,F,G,B,B,A,H,-,C,A,0,Y,NA,NA,NA,Y,NA,A,01,0,1,0,0,1,0,0,0,0,-,-,NA,NA,LOS ANGELES,LOS ANGELES,-118.40525817871094,34.18667984008789
8699155,2018,2018-10-01,1942,2018-09-14,1905,40876,1907,5,5,7,1942,0,0,0,NA,0,19A7,HUBBARD ST,GLADSTONE AV,300,W,N,A,-,N,NA,NA,NA,NA,NA,NA,NA,NA,NA,Y,4,0,2,2,A,-,09,21801,B,F,D,C,A,A,H,-,C,D,0,NA,NA,NA,NA,Y,NA,A,07,0,0,2,0,0,0,0,0,0,-,-,NA,NA,LOS ANGELES,LOS ANGELES,-118.42800903320313,34.309471130371094
8699163,2018,2018-10-05,1942,2018-09-09,1700,34599,1721,7,5,7,1942,0,0,0,Q,0,17A23,SANTA SUSANA PASS RD,IVERSON RD,3696,W,N,A,-,N,NA,NA,NA,NA,NA,NA,NA,NA,NA,N,2,0,1,1,A,-,03,22350,NA,N,E,I,A,A,H,-,A,D,0,NA,NA,NA,NA,Y,NA,A,01,1,0,0,0,0,0,0,0,0,-,-,NA,NA,LOS ANGELES,LOS ANGELES,-118.62789154052734,34.2710075378418
8699167,2018,2018-10-10,1942,2018-09-08,2135,40028,1792,6,5,7,1942,0,0,0,Q,0,17A99,CORBIN AV,PARTHENIA ST,0,NA,Y,A,-,N,NA,NA,NA,NA,NA,NA,NA,NA,NA,N,4,0,4,2,A,-,09,21804,A,N,D,C,A,A,H,-,C,D,0,NA,NA,NA,NA,Y,NA,-,NA,0,0,4,0,0,0,0,0,0,-,-,NA,NA,LOS ANGELES,LOS ANGELES,-118.56228637695313,34.22822952270508
8699171,2018,2018-10-10,1942,2018-09-04,1950,41852,1675,2,5,7,1942,0,0,0,P,0,X24,SUNLAND BL,GLENOAKS BL,0,NA,Y,A,-,N,NA,NA,NA,NA,NA,NA,NA,NA,NA,N,4,0,1,2,A,-,04,21703,NA,N,C,C,A,A,H,-,C,A,0,NA,NA,NA,NA,Y,NA,A,01,0,0,1,0,0,0,0,0,0,-,-,NA,NA,LOS ANGELES,LOS ANGELES,-118.36650848388672,34.22993087768555
8699175,2018,2018-10-01,1942,2018-09-12,0150,41462,1548,3,5,7,1942,0,0,0,O,0,15A39,LANKERSHIM BL,CHANDLER BL,0,NA,Y,A,-,N,NA,NA,NA,NA,NA,NA,NA,NA,NA,Y,4,0,1,2,A,-,03,22350,NA,F,C,C,A,A,H,-,C,A,0,NA,NA,NA,NA,Y,NA,-,99,0,0,1,0,0,0,0,0,0,-,-,NA,NA,LOS ANGELES,LOS ANGELES,-118.37706756591795,34.16889953613281
8699183,2018,2018-10-10,1941,2018-09-05,0504,10793,901-T,3,5,7,1941,0,0,0,NA,0,NA,LIVINGSTON DR,TERMINO AV,0,NA,Y,A,-,N,NA,NA,NA,NA,NA,NA,NA,NA,NA,Y,4,0,1,2,A,-,12,21453,A,N,D,C,A,A,H,-,C,A,0,NA,NA,NA,NA,Y,NA,D,NA,0,0,1,0,0,0,0,0,0,-,-,NA,NA,LOS ANGELES,LONG BEACH,-118.14591217041016,33.7606315612793
8699187,2018,2018-10-05,1941,2018-09-04,1945,11224,901T,2,5,7,1941,0,0,0,NA,0,NA,WILLOW ST,MAGNOLIA AV,0,NA,Y,A,-,N,NA,NA,NA,NA,NA,NA,NA,NA,NA,N,4,0,2,2,A,-,03,22350,NA,N,C,C,A,A,D,-,B,A,0,NA,NA,NA,NA,Y,NA,A,NA,0,0,2,0,0,0,0,0,0,-,-,NA,NA,LOS ANGELES,LONG BEACH,-118.19811248779295,33.80445098876953
8699191,2018,2018-10-05,1941,2018-09-06,1919,5326,901T,4,5,7,1941,0,0,0,NA,0,NA,STUDEBAKER RD,WARDLOW RD,0,NA,Y,A,-,N,NA,NA,NA,NA,NA,NA,NA,NA,NA,N,3,0,1,2,A,-,09,21453,B,N,D,G,A,A,H,-,C,A,0,NA,Y,NA,NA,Y,NA,A,NA,0,1,0,0,0,0,1,0,0,-,-,NA,NA,LOS ANGELES,LONG BEACH,-118.09918975830078,33.81888198852539
8699192,2018,2018-10-08,1941,2018-09-05,2234,5226,NA,3,5,7,1941,0,0,0,NA,0,NA,ALAMITOS AV,OCEAN BL,125,N,N,A,-,N,NA,NA,NA,NA,NA,NA,NA,NA,NA,N,4,0,1,2,A,-,11,21955,NA,N,G,B,D,A,H,-,C,D,0,Y,NA,NA,NA,Y,NA,N,NA,0,0,1,0,1,0,0,0,0,-,-,NA,NA,LOS ANGELES,LONG BEACH,-118.1829071044922,33.76667022705078
8699194,2018,2018-09-28,1941,2018-08-28,1553,5883,NA,2,5,7,1941,0,0,0,NA,0,NA,BARCELONA PL,ALAMITOS AV,30,E,N,A,-,N,NA,NA,NA,NA,NA,NA,NA,NA,NA,N,4,0,1,2,B,-,22,NA,NA,N,D,G,A,A,H,-,A,D,0,NA,Y,NA,NA,Y,NA,L,NA,0,0,1,0,0,0,1,0,0,-,-,NA,NA,LOS ANGELES,LONG BEACH,-118.17633056640624,33.787601470947266
8699195,2018,2018-10-05,1941,2018-09-06,0611,11136,901T,4,5,7,1941,0,0,0,NA,0,NA,DOWNEY AV,SOUTH ST,0,NA,Y,A,-,N,NA,NA,NA,NA,NA,NA,NA,NA,NA,Y,4,0,2,2,D,-,00,NA,NA,N,D,C,A,A,H,-,A,A,0,NA,NA,NA,NA,Y,NA,-,-,0,0,2,0,0,0,0,0,0,-,-,NA,NA,LOS ANGELES,LONG BEACH,-118.15117645263672,33.86022186279297
8699196,2018,2018-10-08,1941,2018-09-05,1242,6204,NA,3,5,7,1941,0,0,0,NA,0,NA,WARDLOW RD,KAREN AV,0,NA,Y,A,-,N,NA,NA,NA,NA,NA,NA,NA,NA,NA,Y,4,0,1,2,A,-,09,21804,A,N,D,C,A,A,H,-,A,A,0,NA,NA,NA,NA,Y,NA,A,NA,0,0,1,0,0,0,0,0,0,-,-,NA,NA,LOS ANGELES,LONG BEACH,-118.0955810546875,33.818870544433594
8699199,2018,2018-10-05,1941,2018-09-08,1829,10916,901-T,6,5,7,1941,0,0,0,NA,0,NA,7TH ST,WALNUT AV,0,NA,Y,A,-,N,NA,NA,NA,NA,NA,NA,NA,NA,NA,N,3,0,1,2,D,-,00,NA,NA,N,G,B,B,A,H,-,A,A,0,Y,NA,NA,NA,Y,NA,-,-,0,1,0,0,1,0,0,0,0,-,-,NA,NA,LOS ANGELES,LONG BEACH,-118.17202758789064,33.77534866333008
8699200,2018,2018-10-08,1941,2018-09-04,1345,10845,NA,2,5,7,1941,0,0,0,NA,0,NA,XIMENO AV,10TH ST,0,NA,-,A,-,N,NA,NA,NA,NA,NA,NA,NA,NA,NA,Y,4,0,3,2,A,-,08,22107,NA,N,A,C,A,A,H,-,A,D,0,NA,NA,NA,NA,Y,NA,A,NA,0,0,3,0,0,0,0,0,0,-,-,NA,NA,LOS ANGELES,LONG BEACH,-118.14157104492188,33.77894973754883
8699201,2018,2018-10-11,1941,2018-09-03,0853,6214,NA,1,5,7,1941,0,0,0,NA,0,NA,DOWNEY AV,69TH ST,26,N,N,A,-,N,NA,NA,NA,NA,NA,NA,NA,NA,NA,N,4,0,1,2,A,-,03,22350,NA,N,D,C,A,A,H,-,A,D,0,NA,NA,NA,Y,Y,NA,A,NA,0,0,1,0,0,0,0,0,0,-,-,NA,NA,LOS ANGELES,LONG BEACH,-118.15129852294922,33.88022994995117
8699207,2018,2018-10-01,1900,2018-09-09,2100,600544,2112,7,5,5,1943,0,0,0,NA,0,212T3,LONG BEACH BL,PLATT AV,25,S,N,A,-,N,NA,NA,NA,NA,NA,NA,NA,NA,NA,N,4,0,1,2,A,-,03,22350,NA,M,C,C,A,A,H,-,C,A,0,NA,NA,NA,NA,Y,NA,D,22,0,0,1,0,0,0,0,0,0,-,-,NA,NA,LOS ANGELES,LYNWOOD,-118.19542694091795,33.85105514526367
8699208,2018,2018-10-25,1900,2018-09-18,1500,489573,0454,2,5,6,1949,0,0,0,NA,0,45T1,IMPERIAL HWY,PIONEER BL,51,E,N,A,-,N,NA,NA,NA,NA,NA,NA,NA,NA,NA,N,4,0,2,2,A,-,21,22106,NA,N,C,C,A,A,H,-,A,A,0,NA,NA,NA,NA,Y,NA,I,20,0,0,2,0,0,0,0,0,0,-,-,NA,NA,LOS ANGELES,NORWALK,-118.08173370361328,33.917091369628906
8699216,2018,2018-10-02,1900,2018-08-24,0816,609664,0454,5,5,6,1949,0,0,0,NA,0,43T1,FIRESTONE BL,FUNSTON AV,0,NA,Y,A,-,N,NA,NA,NA,NA,NA,NA,NA,NA,NA,Y,4,0,1,2,A,-,09,21801,A,N,D,C,A,A,H,-,A,D,0,NA,NA,NA,NA,Y,NA,A,01,0,0,1,0,0,0,0,0,0,-,-,NA,NA,LOS ANGELES,NORWALK,-118.07286834716795,33.907840728759766
8699221,2018,2018-10-02,1941,2018-09-11,2058,11224,NA,2,5,7,1941,0,0,0,NA,0,NA,SANTA FE AV,HILL ST,200,S,N,A,-,N,NA,NA,NA,NA,NA,NA,NA,NA,NA,Y,3,0,1,1,A,-,01,23152,A,N,F,J,A,A,H,-,C,D,0,NA,NA,NA,NA,Y,Y,M,NA,0,1,0,0,0,0,0,0,0,-,-,NA,NA,LOS ANGELES,LONG BEACH,-118.21552276611328,33.79658126831055
8699229,2018,2018-10-15,1941,2018-09-06,1335,5407,NA,4,5,7,1941,0,0,0,NA,0,NA,XIMENO AV,PCH,150,S,N,A,-,N,NA,NA,NA,NA,NA,NA,NA,NA,NA,Y,4,0,1,2,A,-,09,21804,A,N,C,C,A,A,H,-,A,A,0,NA,NA,NA,NA,Y,NA,A,01,0,0,1,0,0,0,0,0,0,-,-,NA,NA,LOS ANGELES,LONG BEACH,-118.13986206054688,33.78749465942383
8699281,2018,2018-10-09,1941,2018-09-14,0704,6147,NA,5,5,7,1941,0,0,0,NA,0,NA,4TH ST,LINDEN AV,168,W,N,A,-,N,NA,NA,NA,NA,NA,NA,NA,NA,NA,Y,3,0,1,1,A,-,07,21658,A,N,A,I,A,-,H,-,A,A,0,NA,NA,NA,NA,Y,NA,A,NA,0,1,0,0,0,0,0,0,0,-,-,NA,NA,LOS ANGELES,LONG BEACH,-118.1868896484375,33.7717399597168
8699282,2018,2018-10-09,1941,2018-09-11,1100,11233,NA,2,5,7,1941,0,0,0,NA,0,NA,CHERRY AV,33RD ST,333,S,N,A,-,N,NA,NA,NA,NA,NA,NA,NA,NA,NA,Y,4,0,2,3,A,-,03,22350,NA,N,C,C,A,A,H,-,A,D,0,NA,NA,NA,NA,Y,NA,A,NA,0,0,2,0,0,0,0,0,0,-,-,NA,NA,LOS ANGELES,LONG BEACH,-118.167633,33.816202
8699285,2018,2019-02-08,1941,2018-09-10,1330,6061,NA,1,5,7,1941,0,0,0,NA,0,NA,ORANGE AV,E 52ND ST,2,N,N,A,-,N,NA,NA,NA,NA,NA,NA,NA,NA,NA,N,1,1,0,2,A,-,12,21453,A,N,-,G,A,A,H,-,A,A,0,NA,Y,NA,NA,Y,NA,-,NA,0,0,0,0,0,1,0,0,0,-,-,NA,NA,LOS ANGELES,LONG BEACH,-118.17716217041016,33.85003662109375
8699286,2018,2018-11-13,1941,2018-09-11,1103,11223,NA,2,5,7,1941,0,0,0,NA,0,NA,GUNDRY AV,15TH ST,0,NA,Y,A,-,N,NA,NA,NA,NA,NA,NA,NA,NA,NA,N,4,0,1,2,A,-,09,21802,A,N,D,G,A,A,H,-,A,A,0,NA,Y,NA,NA,Y,NA,A,NA,0,0,1,0,0,0,1,0,0,-,-,NA,NA,LOS ANGELES,LONG BEACH,-118.17417144775392,33.786251068115234
8699287,2018,2018-10-08,1900,2018-09-10,0735,476235,2924,1,5,5,1990,0,0,0,NA,0,292T1,DIAMOND BAR BL,MOUNTAIN LAUREL WY,0,NA,Y,A,-,N,NA,NA,NA,NA,NA,NA,NA,NA,NA,Y,4,0,1,3,A,-,12,21453,A,N,D,C,A,A,H,-,A,A,0,NA,NA,NA,NA,Y,NA,A,01,0,0,1,0,0,0,0,0,0,-,-,NA,NA,LOS ANGELES,DIAMOND BAR,-117.81704711914064,33.99230194091797
8699301,2018,2018-10-09,1941,2018-09-14,1936,10040,NA,5,5,7,1941,0,0,0,NA,0,NA,PACIFIC AV,7TH ST,0,NA,Y,A,-,N,NA,NA,NA,NA,NA,NA,NA,NA,NA,Y,4,0,1,2,A,-,08,22107,NA,N,B,C,A,A,H,-,C,A,0,NA,NA,NA,NA,Y,NA,A,NA,0,0,1,0,0,0,0,0,0,-,-,NA,NA,LOS ANGELES,LONG BEACH,-118.19373321533205,33.775360107421875
8699305,2018,2018-10-09,1941,2018-09-12,2103,11266,NA,3,5,7,1941,0,0,0,NA,0,NA,ATLANTIC AV,68TH ST,450,N,N,A,-,N,NA,NA,NA,NA,NA,NA,NA,NA,NA,Y,4,0,1,2,A,-,07,21658,A,F,B,C,A,A,H,-,C,D,0,NA,NA,NA,NA,Y,NA,A,NA,0,0,1,0,0,0,0,0,0,-,-,NA,NA,LOS ANGELES,LONG BEACH,-118.1860122680664,33.87942123413086
8699309,2018,2018-10-09,1941,2018-09-17,1212,6147,NA,1,5,7,1941,0,0,0,NA,0,NA,10TH ST EAST,LONG BEACH BL,0,NA,Y,A,-,N,NA,NA,NA,NA,NA,NA,NA,NA,NA,N,4,0,1,2,A,-,11,21955,NA,M,H,B,D,A,H,-,A,A,0,Y,NA,NA,NA,Y,NA,A,NA,0,0,1,0,1,0,0,0,0,-,-,NA,NA,LOS ANGELES,LONG BEACH,-118.18948364257813,33.778968811035156
8699313,2018,2018-10-29,1941,2018-09-05,1103,11240,NA,3,5,7,1941,0,0,0,NA,0,NA,CHERRY,FLORIDA ST,0,NA,Y,A,-,N,NA,NA,NA,NA,NA,NA,NA,NA,NA,Y,3,0,2,4,A,-,-,NA,NA,N,C,C,A,A,H,-,A,D,0,NA,NA,NA,NA,Y,NA,-,-,0,1,1,0,0,0,0,0,0,-,-,NA,NA,LOS ANGELES,LONG BEACH,-118.16767120361328,33.770809173583984
8699317,2018,2018-10-09,1941,2018-09-09,1800,10788,NA,7,5,7,1941,0,0,0,NA,0,NA,SHERMAN PL,PCH,0,NA,Y,A,-,N,NA,NA,NA,NA,NA,NA,NA,NA,NA,N,4,0,1,2,A,-,21,22106,NA,N,H,C,A,A,H,-,A,D,0,NA,NA,NA,NA,Y,NA,A,NA,0,0,1,0,0,0,0,0,0,-,-,NA,NA,LOS ANGELES,LONG BEACH,-118.16622161865234,33.789859771728516
8699321,2018,2018-10-09,1941,2018-09-09,1827,10952,NA,7,5,7,1941,0,0,0,NA,0,NA,ANAHEIM ST,MIRAMAR AV,0,NA,Y,A,-,N,NA,NA,NA,NA,NA,NA,NA,NA,NA,N,4,0,3,2,A,-,08,22107,NA,N,D,C,A,A,H,-,A,D,0,NA,NA,NA,NA,Y,NA,A,NA,0,0,3,0,0,0,0,0,0,-,-,NA,NA,LOS ANGELES,LONG BEACH,-118.14756011962892,33.78260040283203
8699325,2018,2018-10-09,1941,2018-09-11,0741,11223,NA,2,5,7,1941,0,0,0,NA,0,NA,PACIFIC COAST HWY,LEMON AV,0,NA,Y,A,-,N,NA,NA,NA,NA,NA,NA,NA,NA,NA,Y,4,0,1,2,A,-,09,21801,A,N,D,C,A,A,H,-,A,A,0,NA,NA,NA,NA,Y,NA,A,NA,0,0,1,0,0,0,0,0,0,-,-,NA,NA,LOS ANGELES,LONG BEACH,-118.17852020263672,33.78987121582031
8699327,2018,2018-10-08,1902,2018-09-13,1550,734,20,4,5,5,1902,0,0,0,NA,0,004,DUARTE RD,BALDWIN AV,597,E,N,A,-,N,NA,NA,NA,NA,NA,NA,NA,NA,NA,N,3,0,1,2,A,-,06,21951,NA,N,G,B,C,A,H,-,A,A,0,Y,NA,NA,NA,Y,NA,A,01,0,1,0,0,1,0,0,0,0,-,-,NA,NA,LOS ANGELES,ARCADIA,-118.05299377441406,34.1263542175293
8699329,2018,2018-10-09,1941,2018-09-11,0709,5767,NA,2,5,7,1941,0,0,0,NA,0,NA,10TH ST EAST,ORANGE AV,178,E,N,A,-,N,NA,NA,NA,NA,NA,NA,NA,NA,NA,Y,4,0,2,4,A,-,06,21750,NA,N,D,C,A,A,H,-,A,D,0,NA,NA,NA,NA,Y,NA,A,NA,0,0,2,0,0,0,0,0,0,-,-,NA,NA,LOS ANGELES,LONG BEACH,-118.17577362060548,33.77899932861328
8699333,2018,2018-10-09,1941,2018-09-11,0524,5895,NA,2,5,7,1941,0,0,0,NA,0,NA,CHERRY AV,POLE #757145E,30,S,N,A,-,N,NA,NA,NA,NA,NA,NA,NA,NA,NA,Y,3,0,1,2,A,-,11,21954,A,N,A,B,D,A,H,-,D,D,0,Y,NA,NA,NA,Y,NA,N,NA,0,1,0,0,1,0,0,0,0,-,-,NA,NA,LOS ANGELES,LONG BEACH,NA,NA
8699341,2018,2018-10-09,1941,2018-09-13,0609,10793,NA,4,5,7,1941,0,0,0,NA,0,NA,REDONDO AV,11TH ST,0,NA,Y,A,-,N,NA,NA,NA,NA,NA,NA,NA,NA,NA,N,3,0,1,2,A,-,00,16025,A,N,B,B,-,A,H,-,B,D,0,Y,NA,NA,NA,Y,NA,A,NA,0,1,0,0,1,0,0,0,0,-,-,NA,NA,LOS ANGELES,LONG BEACH,-118.15242767333984,33.78076934814453
8699342,2018,2018-10-09,1941,2018-09-14,0655,11239,NA,5,5,7,1941,0,0,0,NA,0,NA,ANAHEIM ST,WALNUT AV,0,NA,Y,A,-,N,NA,NA,NA,NA,NA,NA,NA,NA,NA,N,2,0,1,2,A,-,12,21453,A,N,G,B,B,A,H,-,A,A,0,Y,NA,NA,NA,Y,NA,A,NA,1,0,0,0,1,0,0,0,0,-,-,NA,NA,LOS ANGELES,LONG BEACH,-118.1719970703125,33.78261184692383
8699346,2018,2018-10-09,1941,2018-09-13,2113,6066,NA,4,5,7,1941,0,0,0,NA,0,NA,ATHERTON,MCNAB,0,NA,Y,A,-,N,NA,NA,NA,NA,NA,NA,NA,NA,NA,Y,4,0,1,2,A,-,09,21804,A,N,D,C,A,A,H,-,C,A,0,NA,NA,NA,NA,Y,NA,A,NA,0,0,1,0,0,0,0,0,0,-,-,NA,NA,LOS ANGELES,LONG BEACH,-118.11260986328124,33.78889846801758
8699349,2018,2018-10-09,1941,2018-09-12,0927,6075,NA,3,5,7,1941,0,0,0,NA,0,NA,ANAHEIM ST,CANAL AV,0,NA,Y,A,-,N,NA,NA,NA,NA,NA,NA,NA,NA,NA,Y,4,0,2,2,A,-,09,21801,A,N,D,C,A,A,H,-,A,A,0,NA,NA,NA,NA,Y,NA,D,NA,0,0,2,0,0,0,0,0,0,-,-,NA,NA,LOS ANGELES,LONG BEACH,-118.21382904052734,33.782711029052734
8699350,2018,2018-10-09,1941,2018-09-11,0855,6117,NA,2,5,7,1941,0,0,0,NA,0,NA,MARKET ST,WALNUT AV,0,NA,Y,A,-,N,NA,NA,NA,NA,NA,NA,NA,NA,NA,Y,4,0,2,2,A,-,09,21802,A,N,D,C,A,A,H,-,A,A,0,NA,NA,NA,NA,Y,NA,A,NA,0,0,2,0,0,0,0,0,0,-,-,NA,NA,LOS ANGELES,LONG BEACH,-118.17347717285156,33.8543815612793
8699353,2018,2018-11-13,1941,2018-09-11,1720,5226,NA,2,5,7,1941,0,0,0,NA,0,NA,BROADWAY,BONITO AV,0,NA,Y,A,-,N,NA,NA,NA,NA,NA,NA,NA,NA,NA,Y,4,0,1,2,D,-,00,NA,NA,N,A,C,A,A,H,-,A,A,0,NA,NA,NA,NA,Y,NA,-,-,0,0,1,0,0,0,0,0,0,-,-,NA,NA,LOS ANGELES,LONG BEACH,-118.180419921875,33.76892852783203
8699354,2018,2018-10-09,1941,2018-09-12,1625,5243,NA,3,5,7,1941,0,0,0,NA,0,NA,ATLANTIC,ROOSEVELT ST,0,NA,Y,A,-,N,NA,NA,NA,NA,NA,NA,NA,NA,NA,Y,4,0,2,2,A,-,03,22350,NA,N,C,C,A,A,H,-,-,A,0,NA,NA,NA,NA,Y,NA,A,NA,0,0,2,0,0,0,0,0,0,-,-,NA,NA,LOS ANGELES,LONG BEACH,-118.1850814819336,33.828948974609375
8699357,2018,2018-10-09,1941,2018-09-11,1347,5462,NA,2,5,7,1941,0,0,0,NA,0,NA,WOODRUFF LN,WARDLOW RD,0,NA,Y,A,-,N,NA,NA,NA,NA,NA,NA,NA,NA,NA,Y,3,0,2,2,A,-,12,21453,A,N,D,C,A,A,H,-,A,A,0,NA,NA,NA,NA,Y,NA,A,NA,0,1,1,0,0,0,0,0,0,-,-,NA,NA,LOS ANGELES,LONG BEACH,-118.11676788330078,33.818878173828125
8699358,2018,2018-10-09,1941,2018-09-11,1630,10778,NA,2,5,7,1941,0,0,0,NA,0,NA,CHERRY AV,ARTESIA BL,25,E,N,A,-,N,NA,NA,NA,NA,NA,NA,NA,NA,NA,Y,4,0,1,2,A,-,01,23152,NA,N,A,C,A,A,H,-,A,A,0,NA,NA,NA,NA,Y,Y,A,NA,0,0,1,0,0,0,0,0,0,-,-,NA,NA,LOS ANGELES,LONG BEACH,-118.16867065429688,33.87471008300781
8699419,2018,2018-10-02,1941,2018-07-21,0948,NA,NA,6,5,7,1941,0,0,0,NA,0,NA,ANAHEIM ST,OHIO AV,0,NA,-,A,-,N,NA,NA,NA,NA,NA,NA,NA,NA,NA,N,4,0,2,3,A,-,04,21703,NA,N,C,C,A,A,H,-,A,A,0,NA,NA,NA,NA,Y,NA,A,NA,0,0,2,0,0,0,0,0,0,-,-,NA,NA,LOS ANGELES,LONG BEACH,-118.16008758544922,33.78261184692383
8699427,2018,2018-10-17,1947,2018-07-14,1840,1409,NA,6,5,5,1947,0,0,0,NA,0,00C,W BEVERLY ST,N 4TH ST N,0,NA,Y,A,-,N,NA,NA,NA,NA,NA,NA,NA,NA,NA,N,3,0,3,2,A,-,12,21453,A,N,F,C,A,A,H,-,A,A,0,NA,NA,NA,NA,Y,NA,A,01,0,1,2,0,0,0,0,0,0,-,-,34.01631164550781,-118.10173797607422,LOS ANGELES,MONTEBELLO,-118.10173797607422,34.016300201416016
8699431,2018,2018-10-17,1947,2018-07-16,0950,1416,NA,1,5,5,1947,0,0,0,NA,0,00A,W LINCOLN AV,N WILCOX AV N,0,NA,Y,A,-,N,NA,NA,NA,NA,NA,NA,NA,NA,NA,Y,3,0,3,2,A,-,12,21453,A,N,D,C,A,A,H,-,A,A,0,NA,NA,NA,NA,Y,NA,A,01,0,1,2,0,0,0,0,0,0,-,-,34.0242805480957,-118.12178802490234,LOS ANGELES,MONTEBELLO,-118.12181091308594,34.024269104003906
8699435,2018,2018-10-17,1947,2018-07-10,1355,1416,NA,2,5,5,1947,0,0,0,NA,0,00F,W NEIL ARMSTRONG ST,N PARAMOUNT BL N,0,NA,Y,A,-,N,NA,NA,NA,NA,NA,NA,NA,NA,NA,Y,4,0,1,2,A,-,09,21801,A,N,B,C,A,A,H,-,A,A,0,NA,NA,NA,NA,Y,NA,A,01,0,0,1,0,0,0,0,0,0,-,-,34.03715133666992,-118.09327697753906,LOS ANGELES,MONTEBELLO,-118.09340667724608,34.03709030151367