CASE_ID,ACCIDENT_YEAR,PROC_DATE,JURIS,COLLISION_DATE,COLLISION_TIME,OFFICER_ID,REPORTING_DISTRICT,DAY_OF_WEEK,CHP_SHIFT,POPULATION,CNTY_CITY_LOC,SPECIAL_COND,BEAT_TYPE,CHP_BEAT_TYPE,CITY_DIVISION_LAPD,CHP_BEAT_CLASS,BEAT_NUMBER,PRIMARY_RD,SECONDARY_RD,DISTANCE,DIRECTION,INTERSECTION,WEATHER_1,WEATHER_2,STATE_HWY_IND,CALTRANS_COUNTY,CALTRANS_DISTRICT,STATE_ROUTE,ROUTE_SUFFIX,POSTMILE_PREFIX,POSTMILE,LOCATION_TYPE,RAMP_INTERSECTION,SIDE_OF_HWY,TOW_AWAY,COLLISION_SEVERITY,NUMBER_KILLED,NUMBER_INJURED,PARTY_COUNT,PRIMARY_COLL_FACTOR,PCF_CODE_OF_VIOL,PCF_VIOL_CATEGORY,PCF_VIOLATION,PCF_VIOL_SUBSECTION,HIT_AND_RUN,TYPE_OF_COLLISION,MVIW,PED_ACTION,ROAD_SURFACE,ROAD_COND_1,ROAD_COND_2,LIGHTING,CONTROL_DEVICE,CHP_ROAD_TYPE,PEDESTRIAN_ACCIDENT,BICYCLE_ACCIDENT,MOTORCYCLE_ACCIDENT,TRUCK_ACCIDENT,NOT_PRIVATE_PROPERTY,ALCOHOL_INVOLVED,STWD_VEHTYPE_AT_FAULT,CHP_VEHTYPE_AT_FAULT,COUNT_SEVERE_INJ,COUNT_VISIBLE_INJ,COUNT_COMPLAINT_PAIN,COUNT_PED_KILLED,COUNT_PED_INJURED,COUNT_BICYCLIST_KILLED,COUNT_BICYCLIST_INJURED,COUNT_MC_KILLED,COUNT_MC_INJURED,PRIMARY_RAMP,SECONDARY_RAMP,LATITUDE,LONGITUDE,COUNTY,CITY,POINT_X,POINT_Y
8702075,2018,2018-09-27,1942,2018-08-12,1020,42283,0325,7,5,7,1942,0,0,0,C,0,12A45,ADAMS BL,MENLO AV,27,W,N,A,-,N,NA,NA,NA,NA,NA,NA,NA,NA,NA,Y,4,0,1,2,A,-,07,21658,A,N,B,C,A,A,H,-,A,D,0,NA,NA,NA,NA,Y,NA,A,01,0,0,1,0,0,0,0,0,0,-,-,NA,NA,LOS ANGELES,LOS ANGELES,-118.29042816162108,34.03274917602539
8702076,2018,2018-10-12,1942,2018-09-09,0150,43475,395,7,5,7,1942,0,0,0,NA,0,3A99,WESTERN AV,41ST PL,0,NA,Y,A,-,N,NA,NA,NA,NA,NA,NA,NA,NA,NA,Y,4,0,1,3,A,-,03,22350,NA,F,C,C,A,A,H,-,C,D,0,NA,NA,NA,NA,Y,NA,-,99,0,0,1,0,0,0,0,0,0,-,-,NA,NA,LOS ANGELES,LOS ANGELES,-118.30893707275392,34.008460998535156
8702077,2018,2018-09-27,1942,2018-08-20,0050,42839,0427,1,5,7,1942,0,0,0,D,0,4A15,TOURMALINE LN,HUNTINGTON DR,50,S,N,A,-,N,NA,NA,NA,NA,NA,NA,NA,NA,NA,Y,4,0,1,1,A,-,03,22350,NA,N,E,J,A,A,H,-,C,D,0,NA,NA,NA,NA,Y,Y,-,NA,0,0,1,0,0,0,0,0,0,-,-,NA,NA,LOS ANGELES,LOS ANGELES,-118.19341278076172,34.079811096191406
8702079,2018,2019-01-23,1947,2018-08-20,0923,1302,NA,1,5,5,1947,0,0,0,NA,0,00E,W FERGUSON AVE,S VAIL AV S,0,NA,Y,A,-,N,NA,NA,NA,NA,NA,NA,NA,NA,NA,N,4,0,1,2,A,-,-,NA,NA,M,G,G,A,A,H,-,A,D,0,NA,Y,NA,NA,Y,NA,A,08,0,0,1,0,0,0,1,0,0,-,-,NA,NA,LOS ANGELES,MONTEBELLO,-118.1213836669922,34.00748825073242
8702114,2018,2018-10-16,1942,2018-08-25,2103,42903,1181,6,5,7,1942,0,0,0,K,0,11XL89,NORTH ALVARADO ST,RESERVOIR ST,12,N,N,A,-,N,NA,NA,NA,NA,NA,NA,NA,NA,NA,N,4,0,1,2,A,-,03,22350,NA,M,C,C,A,A,H,-,C,A,0,NA,NA,NA,NA,Y,NA,-,-,0,0,1,0,0,0,0,0,0,-,-,NA,NA,LOS ANGELES,LOS ANGELES,-118.26258850097656,34.079078674316406
8702146,2018,2018-10-16,1942,2018-08-29,2130,37409,1101,3,5,7,1942,0,0,0,K,0,11A1,FOREST LAWN DR,MOUNT SINAI,450,W,N,A,-,N,NA,NA,NA,NA,NA,NA,NA,NA,NA,N,4,0,1,2,A,-,04,21703,NA,M,C,C,A,A,H,-,C,D,0,NA,NA,NA,NA,Y,NA,-,99,0,0,1,0,0,0,0,0,0,-,-,NA,NA,LOS ANGELES,LOS ANGELES,-118.31940460205078,34.152652740478516
8702153,2018,2018-10-11,1942,2018-08-21,2045,43388,0261,2,5,7,1942,0,0,0,B,0,2A75,S HOOVER ST,LEEWARD ST,29,S,N,A,-,N,NA,NA,NA,NA,NA,NA,NA,NA,NA,Y,3,0,1,1,A,-,01,23152,C,N,A,I,A,A,H,-,C,D,0,NA,NA,NA,NA,Y,Y,A,01,0,1,0,0,0,0,0,0,0,-,-,NA,NA,LOS ANGELES,LOS ANGELES,-118.2842025756836,34.058658599853516
8702162,2018,2018-10-03,1900,2018-09-05,1610,621335,1617,3,5,5,1977,0,0,0,NA,0,167T1,CARSON ST,FIGUEROA ST,250,W,N,A,-,N,NA,NA,NA,NA,NA,NA,NA,NA,NA,N,4,0,1,2,A,-,12,21453,A,N,D,C,A,A,H,-,A,A,0,NA,NA,NA,NA,Y,NA,A,01,0,0,1,0,0,0,0,0,0,-,-,33.83169937133789,-118.28780364990234,LOS ANGELES,CARSON,-118.28694915771484,33.83158874511719
8702163,2018,2018-10-02,1942,2018-08-30,1730,39759,0148,4,5,7,1942,0,0,0,A,0,1A29,STANFORD AV,E 5TH ST,0,NA,Y,A,-,N,NA,NA,NA,NA,NA,NA,NA,NA,NA,N,4,0,2,2,A,-,12,22450,A,N,D,C,A,A,H,-,A,A,0,NA,NA,NA,NA,Y,NA,A,01,0,0,2,0,0,0,0,0,0,-,-,NA,NA,LOS ANGELES,LOS ANGELES,-118.2412109375,34.04254913330078
8702164,2018,2018-10-02,1942,2018-07-21,1053,41179,0841,6,5,7,1942,0,0,0,H,0,8A53,CENTINELLA AV,WILSHIRE BL,57,S,N,A,-,N,NA,NA,NA,NA,NA,NA,NA,NA,NA,Y,4,0,2,3,A,-,09,21804,A,N,D,C,A,A,H,-,A,D,0,NA,NA,NA,NA,Y,NA,A,07,0,0,2,0,0,0,0,0,0,-,-,NA,NA,LOS ANGELES,LOS ANGELES,-118.47113800048828,34.04111099243164
8702167,2018,2018-10-02,1942,2018-08-24,1730,43468,0139,5,5,7,1942,0,0,0,A,0,1A12,4TH ST,4TH PL,0,NA,Y,A,-,N,NA,NA,NA,NA,NA,NA,NA,NA,NA,Y,4,0,1,2,A,-,09,21802,A,N,A,C,A,A,H,-,A,A,0,NA,NA,NA,NA,Y,NA,A,01,0,0,1,0,0,0,0,0,0,-,-,NA,NA,LOS ANGELES,LOS ANGELES,-118.24571228027344,34.04697036743164
8702168,2018,2018-10-02,1942,2018-07-18,1210,39655,0833,3,5,7,1942,0,0,0,H,0,8A29,VETERAN AV,OHIO AV,153,N,N,A,-,N,NA,NA,NA,NA,NA,NA,NA,NA,NA,Y,4,0,1,3,A,-,03,22350,NA,N,C,C,A,A,H,-,A,D,0,NA,NA,NA,NA,Y,NA,A,01,0,0,1,0,0,0,0,0,0,-,-,NA,NA,LOS ANGELES,LOS ANGELES,-118.44350433349608,34.05282974243164
8702170,2018,2018-10-03,1900,2018-09-18,2001,618888,1611,2,5,5,1977,0,0,0,NA,0,164T1,AVALON BL,ALONDRA BL,0,NA,Y,A,-,N,NA,NA,NA,NA,NA,NA,NA,NA,NA,Y,4,0,1,2,D,-,00,NA,NA,N,C,C,A,A,H,-,B,A,0,NA,NA,NA,NA,Y,NA,-,-,0,0,1,0,0,0,0,0,0,-,-,33.88600158691406,-118.26519775390624,LOS ANGELES,CARSON,-118.26541900634766,33.88597106933594
8702171,2018,2018-10-02,1942,2018-08-30,1935,34426,0111,4,5,7,1942,0,0,0,A,0,1A1,SUNSET BL,FIGUEROA ST,0,NA,Y,A,-,N,NA,NA,NA,NA,NA,NA,NA,NA,NA,N,4,0,1,2,A,-,09,21801,A,N,D,C,A,A,H,-,C,A,0,NA,NA,NA,NA,Y,NA,A,01,0,0,1,0,0,0,0,0,0,-,-,NA,NA,LOS ANGELES,LOS ANGELES,-118.24630737304688,34.062660217285156
8702172,2018,2018-10-02,1942,2018-07-24,0739,35197,RD126,2,5,7,1942,0,0,0,NA,0,12A3,MANCHESTER AV,HARVARD BL,245,E,N,A,-,N,NA,NA,NA,NA,NA,NA,NA,NA,NA,Y,4,0,1,3,A,-,17,21658,B,N,A,C,A,A,H,-,A,D,0,NA,NA,NA,NA,Y,NA,A,01,0,0,1,0,0,0,0,0,0,-,-,NA,NA,LOS ANGELES,LOS ANGELES,-118.30602264404295,33.9599723815918
8702175,2018,2018-10-02,1942,2018-08-29,1440,39759,0132,3,5,7,1942,0,0,0,A,0,1A1,S OLIVE ST,W 2ND ST,0,NA,Y,A,-,N,NA,NA,NA,NA,NA,NA,NA,NA,NA,N,4,0,1,2,A,-,10,21950,A,F,G,B,B,A,H,-,A,A,0,Y,NA,NA,NA,Y,NA,-,99,0,0,1,0,1,0,0,0,0,-,-,NA,NA,LOS ANGELES,LOS ANGELES,-118.24887084960938,34.05377960205078
8702176,2018,2018-10-02,1942,2018-07-03,0100,41245,LOSAN,2,5,7,1942,0,0,0,NA,0,6A48,SUNSET BL,LA BREA AV,0,NA,Y,A,-,N,NA,NA,NA,NA,NA,NA,NA,NA,NA,N,4,0,2,2,A,-,03,22350,NA,F,C,C,A,A,-,-,C,A,0,NA,NA,NA,NA,Y,NA,-,99,0,0,2,0,0,0,0,0,0,-,-,NA,NA,LOS ANGELES,LOS ANGELES,-118.34413909912108,34.09798049926758
8702178,2018,2018-10-17,1942,2018-08-22,1745,43304,0295,3,5,7,1942,0,0,0,B,0,2A76,18TH ST,UNION AV,0,NA,Y,A,-,N,NA,NA,NA,NA,NA,NA,NA,NA,NA,N,4,0,5,2,A,-,08,22107,NA,N,B,C,A,A,H,-,A,D,0,NA,NA,NA,NA,Y,Y,A,01,0,0,5,0,0,0,0,0,0,-,-,NA,NA,LOS ANGELES,LOS ANGELES,-118.28044128417967,34.039581298828125
8702179,2018,2018-10-02,1942,2018-08-18,1540,34426,0192,6,5,7,1942,0,0,0,A,0,1A61,FLOWER ST,VENICE BL,62,N,N,A,-,N,NA,NA,NA,NA,NA,NA,NA,NA,NA,N,3,0,3,3,A,-,07,21658,A,N,C,C,A,A,H,-,A,D,0,NA,NA,NA,NA,Y,NA,A,01,0,1,2,0,0,0,0,0,0,-,-,NA,NA,LOS ANGELES,LOS ANGELES,-118.26873779296876,34.037139892578125
8702180,2018,2018-10-25,1942,2018-07-18,2145,43270,NA,3,5,7,1942,0,0,0,NA,0,NA,WILSHIRE BL,COURT YARD PL,4,W,N,A,-,N,NA,NA,NA,NA,NA,NA,NA,NA,NA,N,4,0,1,2,A,-,03,22350,NA,N,D,G,A,A,H,-,C,A,0,NA,Y,NA,NA,Y,NA,A,01,0,0,1,0,0,0,1,0,0,-,-,NA,NA,LOS ANGELES,LOS ANGELES,-118.3538055419922,34.06241989135742
8702184,2018,2018-10-02,1942,2018-07-20,2215,37511,0823,5,5,7,1942,0,0,0,H,0,8A1,N CHAUTAUQUA BL,VANCE ST,180,S,N,A,-,N,NA,NA,NA,NA,NA,NA,NA,NA,NA,Y,4,0,1,2,A,-,05,21650,NA,N,A,C,A,-,H,-,C,A,0,NA,NA,NA,NA,Y,NA,A,01,0,0,1,0,0,0,0,0,0,-,-,NA,NA,LOS ANGELES,LOS ANGELES,-118.51848602294922,34.03108215332031
8702186,2018,2018-10-02,1942,2018-08-18,1435,40008,0192,6,5,7,1942,0,0,0,A,0,1A61,S FIGUEROA ST,W 17TH ST,0,NA,Y,A,-,N,NA,NA,NA,NA,NA,NA,NA,NA,NA,N,4,0,1,2,A,-,05,21650,NA,N,D,B,D,A,H,-,A,D,0,Y,NA,NA,NA,Y,NA,N,60,0,0,1,0,1,0,0,0,0,-,-,NA,NA,LOS ANGELES,LOS ANGELES,-118.270751953125,34.036399841308594
8702188,2018,2018-10-02,1942,2018-07-28,2025,42416,0835,6,5,7,1942,0,0,0,H,0,8A13,SANTA MONICA BL,WESTWOOD BL,0,NA,Y,A,-,N,NA,NA,NA,NA,NA,NA,NA,NA,NA,N,4,0,1,2,D,-,00,NA,NA,F,G,B,B,A,H,-,C,A,0,Y,NA,NA,NA,Y,NA,-,-,0,0,1,0,1,0,0,0,0,-,-,NA,NA,LOS ANGELES,LOS ANGELES,-118.43698120117188,34.04981994628906
8702190,2018,2018-10-02,1942,2018-08-21,1950,37636,0261,2,5,7,1942,0,0,0,B,0,2A39,6TH ST,CORONADO ST,0,NA,-,A,-,N,NA,NA,NA,NA,NA,NA,NA,NA,NA,Y,2,0,3,2,A,-,09,21801,A,N,D,C,A,A,H,-,C,A,0,NA,NA,NA,NA,Y,NA,A,07,1,1,1,0,0,0,0,0,0,-,-,NA,NA,LOS ANGELES,LOS ANGELES,-118.28038787841795,34.06201934814453
8702192,2018,2018-10-02,1942,2018-07-18,1345,40690,0855,3,5,7,1942,0,0,0,H,0,8A29,SANTA MONICA BL,MALCOLM AV,20,E,N,A,-,N,NA,NA,NA,NA,NA,NA,NA,NA,NA,N,4,0,1,2,A,-,03,22350,NA,N,C,C,A,A,H,-,A,D,0,NA,NA,NA,NA,Y,NA,A,01,0,0,1,0,0,0,0,0,0,-,-,NA,NA,LOS ANGELES,LOS ANGELES,-118.434814453125,34.0505256652832
8702194,2018,2018-10-02,1942,2018-08-23,0800,38050,0171,4,5,7,1942,0,0,0,A,0,1A61,W OLYMPIC BL,GEORGIA ST,150,E,N,A,-,N,NA,NA,NA,NA,NA,NA,NA,NA,NA,N,3,0,1,2,A,-,08,22107,NA,N,B,G,A,A,H,-,B,D,0,NA,Y,NA,NA,Y,NA,A,01,0,1,0,0,0,0,1,0,0,-,-,NA,NA,LOS ANGELES,LOS ANGELES,-118.26645660400392,34.045719146728516
8702198,2018,2018-10-02,1942,2018-08-31,0836,31152,0154,5,5,7,1942,0,0,0,A,0,1A35,LOS ANGELES ST,6TH ST,10,N,N,A,-,N,NA,NA,NA,NA,NA,NA,NA,NA,NA,N,4,0,2,3,A,-,10,21950,A,N,G,B,B,A,H,-,A,A,0,Y,NA,NA,NA,Y,NA,A,01,0,0,2,0,2,0,0,0,0,-,-,NA,NA,LOS ANGELES,LOS ANGELES,-118.248945,34.044592
8702202,2018,2018-10-02,1942,2018-08-30,2000,38183,1921,4,5,7,1942,0,0,0,NA,0,19A1,ROXFORD ST,ENCINITAS AV,30,W,N,A,-,N,NA,NA,NA,NA,NA,NA,NA,NA,NA,N,4,0,1,2,A,-,08,22100,A,F,D,C,A,A,H,-,C,D,0,NA,NA,NA,NA,Y,NA,-,99,0,0,1,0,0,0,0,0,0,-,-,NA,NA,LOS ANGELES,LOS ANGELES,-118.47893524169922,34.30377960205078
8702204,2018,2018-10-02,1928,2018-07-11,2046,314,504,3,5,5,1928,0,0,0,NA,0,502,120TH ST,YORK AV,0,NA,Y,A,-,N,NA,NA,NA,NA,NA,NA,NA,NA,NA,Y,4,0,1,2,D,-,00,NA,NA,N,D,C,A,A,H,-,C,A,0,NA,NA,NA,NA,Y,NA,-,-,0,0,1,0,0,0,0,0,0,-,-,33.923648834228516,-118.34504699707033,LOS ANGELES,HAWTHORNE,-118.34503173828124,33.92367935180664
8702207,2018,2018-10-03,1942,2018-09-06,0335,42916,2129,4,5,7,1942,0,0,0,NA,0,21A1,SATICOY ST,OAKDALE AV,150,W,N,A,-,N,NA,NA,NA,NA,NA,NA,NA,NA,NA,Y,4,0,1,6,A,-,07,21658,A,F,B,C,A,A,H,-,C,A,0,NA,NA,NA,NA,Y,NA,-,99,0,0,1,0,0,0,0,0,0,-,-,NA,NA,LOS ANGELES,LOS ANGELES,-118.56717681884766,34.20832824707031
8702212,2018,2018-10-02,1942,2018-08-24,1825,42657,0111,5,5,7,1942,0,0,0,A,0,1A2W5,N BROADWAY,BERNARD ST,0,NA,Y,A,-,N,NA,NA,NA,NA,NA,NA,NA,NA,NA,Y,4,0,3,2,A,-,08,22107,NA,N,B,C,A,A,H,-,A,A,0,NA,NA,NA,NA,Y,Y,A,07,0,0,3,0,0,0,0,0,0,-,-,NA,NA,LOS ANGELES,LOS ANGELES,-118.23587036132813,34.06678009033203
8702216,2018,2018-11-08,1942,2018-08-21,0900,41935,0138,2,5,7,1942,0,0,0,A,0,1FBL7,4TH ST,LOS ANGELES,0,NA,Y,A,-,N,NA,NA,NA,NA,NA,NA,NA,NA,NA,N,4,0,1,2,A,-,10,21950,A,N,G,B,B,A,H,-,A,A,0,Y,NA,NA,NA,Y,NA,A,01,0,0,1,0,1,0,0,0,0,-,-,NA,NA,LOS ANGELES,LOS ANGELES,-118.24620056152344,34.047271728515625
8702224,2018,2018-10-02,1942,2018-08-28,1535,40008,0162,2,5,7,1942,0,0,0,A,0,1A61,S FIGUEROA ST,7TH ST,180,S,N,A,-,N,NA,NA,NA,NA,NA,NA,NA,NA,NA,N,3,0,1,2,A,-,11,21956,A,N,D,B,D,A,H,-,A,D,0,Y,NA,NA,NA,Y,NA,N,60,0,1,0,0,1,0,0,0,0,-,-,NA,NA,LOS ANGELES,LOS ANGELES,-118.26026153564452,34.04901885986328
8702228,2018,2018-10-23,1942,2018-08-25,1319,31713,0127,6,5,7,1942,0,0,0,A,0,1A1,LOS ANGELES ST,TEMPLE ST,0,NA,Y,A,-,N,NA,NA,NA,NA,NA,NA,NA,NA,NA,N,3,0,1,2,A,-,09,21801,A,N,-,-,A,A,H,-,A,A,0,NA,NA,NA,NA,Y,NA,A,01,0,1,0,0,0,0,0,0,0,-,-,NA,NA,LOS ANGELES,LOS ANGELES,-118.24086761474608,34.05339050292969
8702232,2018,2018-10-02,1942,2018-08-26,1625,40858,0174,7,5,7,1942,0,0,0,A,0,1EL2W4,SPRING ST,8TH ST,20,E,N,A,-,N,NA,NA,NA,NA,NA,NA,NA,NA,NA,N,4,0,1,2,A,-,03,22350,NA,N,C,C,A,A,H,-,A,A,0,NA,NA,NA,NA,Y,NA,A,01,0,0,1,0,0,0,0,0,0,-,-,NA,NA,LOS ANGELES,LOS ANGELES,-118.25364685058594,34.043113708496094
8702233,2018,2018-10-12,1942,2018-08-19,1610,43037,1716,7,5,7,1942,0,0,0,Q,0,17X82,BALBOA BL,RINALDI ST,0,NA,Y,A,-,N,NA,NA,NA,NA,NA,NA,NA,NA,NA,Y,4,0,2,3,A,-,08,22107,NA,N,A,C,A,A,H,-,A,A,0,NA,NA,NA,NA,Y,NA,A,01,0,0,2,0,0,0,0,0,0,-,-,NA,NA,LOS ANGELES,LOS ANGELES,-118.50212097167967,34.279300689697266
8702236,2018,2018-10-02,1942,2018-08-27,0830,42404,0152,1,5,7,1942,0,0,0,A,0,1A29,GRAND AV,6TH ST,0,NA,Y,A,-,N,NA,NA,NA,NA,NA,NA,NA,NA,NA,N,3,0,1,2,A,-,08,22107,NA,N,A,G,A,A,H,-,A,A,0,NA,Y,NA,NA,Y,NA,L,04,0,1,0,0,0,0,1,0,0,-,-,NA,NA,LOS ANGELES,LOS ANGELES,-118.2901611328125,33.7387809753418
8702237,2018,2018-10-11,1942,2018-08-30,0730,37686,1721,4,5,7,1942,0,0,0,Q,0,35M46,TOPANGA CANYON BL,CHATSWORTH ST,290,S,N,A,-,N,NA,NA,NA,NA,NA,NA,NA,NA,NA,Y,3,0,2,3,A,-,06,21755,A,N,B,C,A,A,H,-,A,D,0,NA,NA,NA,Y,Y,NA,D,22,0,1,1,0,0,0,0,0,0,-,-,NA,NA,LOS ANGELES,LOS ANGELES,-118.60607147216795,34.26362609863281
8702240,2018,2018-10-02,1942,2018-08-26,1100,42409,0118,7,5,7,1942,0,0,0,A,0,1X92W4,NORTH SPRING ST,AURORA ST,155,S,N,A,-,N,NA,NA,NA,NA,NA,NA,NA,NA,NA,N,3,0,2,2,A,-,08,22102,NA,N,B,C,A,A,H,-,A,A,0,NA,NA,NA,NA,Y,NA,A,01,0,1,1,0,0,0,0,0,0,-,-,NA,NA,LOS ANGELES,LOS ANGELES,-118.2265853881836,34.06979751586914
8702241,2018,2019-01-22,1942,2018-08-28,0530,38273,1663,2,5,7,1942,0,0,0,P,0,16TL25,SHELDON ST,SAN FERNANDO RD,32,W,N,A,-,N,NA,NA,NA,NA,NA,NA,NA,NA,NA,N,4,0,1,2,A,-,11,21954,A,N,G,B,D,A,A,-,C,D,0,Y,NA,NA,NA,Y,NA,N,60,0,0,1,0,1,0,0,0,0,-,-,NA,NA,LOS ANGELES,LOS ANGELES,-118.39379119873048,34.23924255371094
8702243,2018,2018-09-28,1942,2018-09-02,1320,41294,9999,7,5,7,1942,0,0,0,NA,0,12A31,64TH ST,RIMPAU BL,0,NA,Y,A,-,N,NA,NA,NA,NA,NA,NA,NA,NA,NA,N,4,0,1,2,A,-,09,21802,A,N,A,C,A,A,H,-,A,D,0,NA,NA,NA,NA,Y,NA,A,01,0,0,1,0,0,0,0,0,0,-,-,NA,NA,LOS ANGELES,LOS ANGELES,-118.3396224975586,33.98170852661133
8702245,2018,2019-01-17,1942,2018-08-31,1435,43161,1713,5,5,7,1942,0,0,0,Q,0,17A81,AMIGO AV,RINALDI ST,0,NA,Y,A,-,N,NA,NA,NA,NA,NA,NA,NA,NA,NA,N,3,0,1,2,A,-,12,21453,A,N,B,C,A,A,H,-,A,A,0,NA,NA,NA,NA,Y,Y,-,-,0,1,0,0,0,0,0,0,0,-,-,NA,NA,LOS ANGELES,LOS ANGELES,-118.5384521484375,34.27566909790039
8702248,2018,2018-09-28,1942,2018-09-05,0911,38050,0191,3,5,7,1942,0,0,0,A,0,1A61,S FIGUEROA ST,18TH ST,102,N,N,B,-,N,NA,NA,NA,NA,NA,NA,NA,NA,NA,Y,2,0,1,2,A,-,05,21651,B,N,D,C,A,A,H,-,A,A,0,NA,NA,Y,NA,Y,NA,A,01,1,0,0,0,0,0,0,0,1,-,-,NA,NA,LOS ANGELES,LOS ANGELES,-118.27123260498048,34.035675048828125
8702249,2018,2018-10-12,1942,2018-08-28,1120,34467,1767,2,5,7,1942,0,0,0,Q,0,35M31,PLUMMER ST,RESEDA BL,0,NA,Y,A,-,N,NA,NA,NA,NA,NA,NA,NA,NA,NA,N,4,0,1,2,A,-,10,21950,A,N,G,B,B,A,H,-,A,A,0,Y,NA,NA,NA,Y,NA,D,22,0,0,1,0,1,0,0,0,0,-,-,NA,NA,LOS ANGELES,LOS ANGELES,-118.53607940673828,34.242740631103516
8702253,2018,2018-10-12,1942,2018-08-24,1900,41622,1687,5,5,7,1942,0,0,0,P,0,16X78,VINELAND AV,ARMINTA ST,50,E,N,A,-,N,NA,NA,NA,NA,NA,NA,NA,NA,NA,N,4,0,1,2,A,-,09,21804,A,N,B,C,A,A,H,-,A,D,0,NA,NA,NA,NA,Y,NA,A,01,0,0,1,0,0,0,0,0,0,-,-,NA,NA,LOS ANGELES,LOS ANGELES,-118.37033081054688,34.2138786315918
8702261,2018,2018-10-02,1900,2018-07-26,1842,275875,1335,4,5,5,1908,0,0,0,NA,0,133T1,ARTESIA BL,VIRGINIA AV,0,NA,Y,A,-,N,NA,NA,NA,NA,NA,NA,NA,NA,NA,Y,3,0,1,2,A,-,09,21802,A,N,D,C,A,A,H,-,A,A,0,NA,NA,Y,NA,Y,NA,A,NA,0,1,0,0,0,0,0,0,1,-,-,NA,NA,LOS ANGELES,BELLFLOWER,-118.13964080810548,33.87482833862305
8702264,2018,2018-09-28,1951,2018-09-20,1709,746,1951,4,5,3,1951,0,0,0,NA,0,001,DALTON RD,N CLOYDEN,201,S,N,A,-,N,NA,NA,NA,NA,NA,NA,NA,NA,NA,N,3,0,1,1,A,-,03,22350,NA,N,H,J,A,A,H,-,A,D,0,NA,NA,NA,NA,Y,NA,-,NA,0,1,0,0,0,0,0,0,0,-,-,NA,NA,LOS ANGELES,PALOS VERDES EST,-118.41835021972656,33.78101348876953
8702265,2018,2018-10-02,1900,2018-07-27,1900,609671,1332,5,5,5,1908,0,0,0,NA,0,133T2,SOMERSET BL,LAKEWOOD BL,200,E,N,A,-,N,NA,NA,NA,NA,NA,NA,NA,NA,NA,Y,4,0,2,2,A,-,09,21804,A,N,D,C,A,A,H,-,A,D,0,NA,NA,NA,NA,Y,NA,A,01,0,0,2,0,0,0,0,0,0,-,-,NA,NA,LOS ANGELES,BELLFLOWER,-118.14200592041016,33.89651870727539
8702269,2018,2018-10-02,1900,2018-07-23,1809,602250,1322,1,5,5,1935,0,0,0,NA,0,132T1,CLARK AV,HEDDA ST,0,NA,Y,A,-,N,NA,NA,NA,NA,NA,NA,NA,NA,NA,Y,3,0,4,2,A,-,09,21801,A,N,D,C,A,A,H,-,A,A,0,NA,NA,NA,NA,Y,NA,A,01,0,3,1,0,0,0,0,0,0,-,-,NA,NA,LOS ANGELES,LAKEWOOD,-118.1338119506836,33.86415100097656
8702273,2018,2018-10-02,1900,2018-07-14,1726,552726,1363,6,5,5,1952,0,0,0,NA,0,136T1,ORANGE AV,SOMERSET BL,0,NA,Y,A,-,N,NA,NA,NA,NA,NA,NA,NA,NA,NA,Y,2,0,6,3,A,-,12,21453,A,N,A,G,A,A,H,-,A,A,0,NA,Y,NA,NA,Y,Y,L,04,1,2,3,0,0,0,1,0,0,-,-,NA,NA,LOS ANGELES,PARAMOUNT,-118.17752075195313,33.89636993408203
8702276,2018,2018-09-28,1942,2018-09-18,2145,42565,1743,2,5,7,1942,0,0,0,Q,0,17A35,RESEDA BL,DEVONSHIRE ST,16,S,N,A,-,N,NA,NA,NA,NA,NA,NA,NA,NA,NA,N,4,0,1,2,A,-,21,22106,NA,F,C,C,A,A,H,-,C,A,0,NA,NA,Y,NA,Y,NA,-,99,0,0,1,0,0,0,0,0,1,-,-,NA,NA,LOS ANGELES,LOS ANGELES,-118.5360870361328,34.25721740722656
8702280,2018,2019-05-08,1942,2018-09-15,1540,32774,1641,6,5,7,1942,0,0,0,P,0,16A23,VAN NUYS BL,REMICK AV,55,E,N,A,-,N,NA,NA,NA,NA,NA,NA,NA,NA,NA,N,4,0,1,2,A,-,03,22350,NA,F,D,C,A,A,H,-,A,D,0,NA,NA,NA,NA,Y,NA,-,99,0,0,1,0,0,0,0,0,0,-,-,NA,NA,LOS ANGELES,LOS ANGELES,-118.43367004394533,34.25769805908203
8702284,2018,2018-09-28,1942,2018-09-19,1925,42344,2187,3,5,7,1942,0,0,0,NA,0,21A97,VENTURA BL,CANOGA AV,0,NA,Y,A,-,N,NA,NA,NA,NA,NA,NA,NA,NA,NA,Y,3,0,2,2,A,-,01,23152,A,N,D,C,A,A,H,-,A,A,0,NA,NA,NA,NA,Y,Y,A,01,0,1,1,0,0,0,0,0,0,-,-,NA,NA,LOS ANGELES,LOS ANGELES,-118.59744262695313,34.16786193847656
8702285,2018,2018-10-02,1900,2018-07-30,2100,625546,1332,1,5,5,1908,0,0,0,NA,0,133T2,DARNELL ST,CLARK AV,535,E,N,A,-,N,NA,NA,NA,NA,NA,NA,NA,NA,NA,N,3,0,1,2,A,-,09,21801,A,N,F,C,A,A,H,-,C,D,0,NA,NA,NA,NA,Y,NA,A,01,0,1,0,0,0,0,0,0,0,-,-,NA,NA,LOS ANGELES,BELLFLOWER,-118.13226318359376,33.892478942871094