CASE_ID,ACCIDENT_YEAR,PROC_DATE,JURIS,COLLISION_DATE,COLLISION_TIME,OFFICER_ID,REPORTING_DISTRICT,DAY_OF_WEEK,CHP_SHIFT,POPULATION,CNTY_CITY_LOC,SPECIAL_COND,BEAT_TYPE,CHP_BEAT_TYPE,CITY_DIVISION_LAPD,CHP_BEAT_CLASS,BEAT_NUMBER,PRIMARY_RD,SECONDARY_RD,DISTANCE,DIRECTION,INTERSECTION,WEATHER_1,WEATHER_2,STATE_HWY_IND,CALTRANS_COUNTY,CALTRANS_DISTRICT,STATE_ROUTE,ROUTE_SUFFIX,POSTMILE_PREFIX,POSTMILE,LOCATION_TYPE,RAMP_INTERSECTION,SIDE_OF_HWY,TOW_AWAY,COLLISION_SEVERITY,NUMBER_KILLED,NUMBER_INJURED,PARTY_COUNT,PRIMARY_COLL_FACTOR,PCF_CODE_OF_VIOL,PCF_VIOL_CATEGORY,PCF_VIOLATION,PCF_VIOL_SUBSECTION,HIT_AND_RUN,TYPE_OF_COLLISION,MVIW,PED_ACTION,ROAD_SURFACE,ROAD_COND_1,ROAD_COND_2,LIGHTING,CONTROL_DEVICE,CHP_ROAD_TYPE,PEDESTRIAN_ACCIDENT,BICYCLE_ACCIDENT,MOTORCYCLE_ACCIDENT,TRUCK_ACCIDENT,NOT_PRIVATE_PROPERTY,ALCOHOL_INVOLVED,STWD_VEHTYPE_AT_FAULT,CHP_VEHTYPE_AT_FAULT,COUNT_SEVERE_INJ,COUNT_VISIBLE_INJ,COUNT_COMPLAINT_PAIN,COUNT_PED_KILLED,COUNT_PED_INJURED,COUNT_BICYCLIST_KILLED,COUNT_BICYCLIST_INJURED,COUNT_MC_KILLED,COUNT_MC_INJURED,PRIMARY_RAMP,SECONDARY_RAMP,LATITUDE,LONGITUDE,COUNTY,CITY,POINT_X,POINT_Y
8702372,2018,2018-10-02,1942,2018-08-17,2220,41455,0889,5,5,7,1942,0,0,0,H,0,8EL1,LA CIENEGA BL,SAWYER ST,150,N,N,A,-,N,NA,NA,NA,NA,NA,NA,NA,NA,NA,N,4,0,1,2,A,-,09,21804,A,N,H,G,A,A,H,-,C,A,0,NA,Y,NA,NA,Y,NA,A,01,0,0,1,0,0,0,1,0,0,-,-,NA,NA,LOS ANGELES,LOS ANGELES,-118.3764419555664,34.04296112060547
8702373,2018,2018-10-02,1942,2018-09-10,1210,31465,0705,1,5,7,1942,0,0,0,G,0,7A1,ROMAINE AV,LA BREA BL,5,E,N,A,-,N,NA,NA,NA,NA,NA,NA,NA,NA,NA,N,3,0,1,2,A,-,03,22350,NA,F,C,G,A,A,H,-,A,A,0,NA,Y,NA,NA,Y,NA,-,99,0,1,0,0,0,0,1,0,0,-,-,NA,NA,LOS ANGELES,LOS ANGELES,-118.34407043457033,34.088890075683594
8702374,2018,2018-10-02,1942,2018-09-07,1750,42424,0721,5,5,7,1942,0,0,0,G,0,NA,LA CIENEGA BL,COLGATE AV,0,NA,Y,A,-,N,NA,NA,NA,NA,NA,NA,NA,NA,NA,N,4,0,1,2,A,-,10,21950,A,N,G,B,B,A,-,-,A,D,0,Y,NA,NA,NA,Y,NA,A,07,0,0,1,0,1,0,0,0,0,-,-,NA,NA,LOS ANGELES,LOS ANGELES,-118.37638854980467,34.070831298828125
8702375,2018,2018-10-02,1942,2018-08-22,1600,43439,1764,3,5,7,1942,0,0,0,Q,0,17A74,CORBIN AV,PRAIRIE PL,300,N,N,A,-,N,NA,NA,NA,NA,NA,NA,NA,NA,NA,Y,3,0,2,2,A,-,09,21801,A,N,D,C,A,A,H,-,A,A,0,NA,NA,NA,NA,Y,NA,A,01,0,1,1,0,0,0,0,0,0,-,-,NA,NA,LOS ANGELES,LOS ANGELES,-118.56230926513672,34.23996353149414
8702376,2018,2018-10-02,1942,2018-08-21,2030,42498,0642,2,5,7,1942,0,0,0,F,0,6A31,SUNSET BL,CURSON AV,0,NA,Y,A,-,N,NA,NA,NA,NA,NA,NA,NA,NA,NA,N,3,0,1,2,C,-,18,NA,NA,N,G,B,D,A,H,-,B,A,0,Y,NA,NA,NA,Y,Y,-,-,0,1,0,0,1,0,0,0,0,-,-,NA,NA,LOS ANGELES,LOS ANGELES,-118.3550262451172,34.09804153442383
8702377,2018,2018-10-02,1942,2018-09-04,1405,36599,1776,2,5,7,1942,0,0,0,Q,0,17A95,LABRADOR ST,PETIT AV,0,NA,Y,A,-,N,NA,NA,NA,NA,NA,NA,NA,NA,NA,N,4,0,1,2,A,-,12,22450,A,F,D,C,A,A,H,-,A,D,0,NA,NA,NA,NA,Y,NA,A,01,0,0,1,0,0,0,0,0,0,-,-,NA,NA,LOS ANGELES,LOS ANGELES,-118.49810028076172,34.24930191040039
8702378,2018,2018-10-17,1942,2018-09-07,0115,42212,1496,5,5,7,1942,0,0,0,N,0,14A67,VICKSBURG AV,96TH ST,0,W,N,A,-,N,NA,NA,NA,NA,NA,NA,NA,NA,NA,Y,4,0,1,2,A,-,05,21651,A,N,A,C,A,A,H,-,C,-,0,NA,Y,NA,NA,Y,NA,A,01,0,0,1,0,0,0,1,0,0,-,-,NA,NA,LOS ANGELES,LOS ANGELES,-118.3939208984375,33.948848724365234
8702379,2018,2018-10-02,1942,2018-08-24,2015,42323,1781,5,5,7,1942,0,0,0,Q,0,17A49,NORDHOFF ST,WINNETKA AV,0,NA,Y,A,-,N,NA,NA,NA,NA,NA,NA,NA,NA,NA,N,3,0,1,2,A,-,08,22107,NA,N,C,C,A,A,H,-,C,A,0,NA,NA,Y,NA,Y,NA,C,02,0,1,0,0,0,0,0,0,1,-,-,NA,NA,LOS ANGELES,LOS ANGELES,-118.57106018066406,34.2318000793457
8702380,2018,2018-10-02,1942,2018-08-22,0935,42389,0666,3,5,7,1942,0,0,0,F,0,6A49,FOUNTAIN AV,GOWER ST,10,S,N,A,-,N,NA,NA,NA,NA,NA,NA,NA,NA,NA,N,3,0,1,2,A,-,12,21453,A,N,D,G,A,A,H,-,A,A,0,NA,Y,NA,NA,Y,NA,A,07,0,1,0,0,0,0,1,0,0,-,-,NA,NA,LOS ANGELES,LOS ANGELES,-118.3222885131836,34.09437942504883
8702381,2018,2018-10-02,1942,2018-09-13,2100,38262,2029,4,5,7,1942,0,0,0,NA,0,20A39,4TH ST,VERMONT AV,25,E,N,A,-,N,NA,NA,NA,NA,NA,NA,NA,NA,NA,N,3,0,1,2,A,-,09,21801,A,F,H,G,A,A,H,-,C,A,0,NA,Y,NA,NA,Y,NA,A,01,0,1,0,0,0,0,1,0,0,-,-,NA,NA,LOS ANGELES,LOS ANGELES,-118.29159545898438,34.06731414794922
8702382,2018,2018-10-02,1942,2018-09-13,1700,42287,1441,4,5,7,1942,0,0,0,N,0,14A56,WASHINGTON BL,PALAWAN WY,70,E,N,A,-,N,NA,NA,NA,NA,NA,NA,NA,NA,NA,N,3,0,1,2,A,-,09,21801,A,N,H,G,A,A,H,-,A,D,0,NA,Y,NA,NA,Y,NA,A,07,0,1,0,0,0,0,1,0,0,-,-,NA,NA,LOS ANGELES,LOS ANGELES,-118.45848846435548,33.98423767089844
8702383,2018,2018-10-02,1942,2018-08-22,1745,42044,1771,3,5,7,1942,0,0,0,Q,0,17A81,MASON AV,PAYERAS ST,100,S,N,A,-,N,NA,NA,NA,NA,NA,NA,NA,NA,NA,Y,4,0,3,2,A,-,03,22350,NA,N,C,C,A,A,H,-,A,D,0,NA,NA,NA,NA,Y,NA,A,01,0,0,3,0,0,0,0,0,0,-,-,NA,NA,LOS ANGELES,LOS ANGELES,-118.5797882080078,34.244224548339844
8702384,2018,2018-10-02,1942,2018-08-23,1859,13474,0668,4,5,7,1942,0,0,0,F,0,6A81,SUNSET BL,WILTON DR,0,NA,Y,A,-,N,NA,NA,NA,NA,NA,NA,NA,NA,NA,N,3,0,1,2,A,-,08,22107,NA,N,G,G,A,A,H,-,A,A,0,NA,Y,NA,NA,Y,NA,A,01,0,1,0,0,0,0,1,0,0,-,-,NA,NA,LOS ANGELES,LOS ANGELES,-118.3135986328125,34.098079681396484
8702385,2018,2018-10-02,1942,2018-09-02,0705,37377,1735,7,5,7,1942,0,0,0,Q,0,17A81,BALBOA BL,SAN FERNANDO MISSION BL,0,NA,Y,B,-,N,NA,NA,NA,NA,NA,NA,NA,NA,NA,Y,4,0,1,2,A,-,09,21801,A,N,B,-,A,A,H,-,A,A,0,NA,NA,NA,NA,Y,NA,A,01,0,0,1,0,0,0,0,0,0,-,-,NA,NA,LOS ANGELES,LOS ANGELES,-118.502197265625,34.27204895019531
8702386,2018,2018-10-02,1942,2018-09-13,2100,41210,0833,4,5,7,1942,0,0,0,H,0,8T35,WILSHIRE BL,VETERAN AV,40,W,N,A,-,N,NA,NA,NA,NA,NA,NA,NA,NA,NA,Y,4,0,2,3,A,-,03,22350,NA,N,C,C,A,A,H,-,C,A,0,NA,NA,Y,NA,Y,NA,A,01,0,0,2,0,0,0,0,0,1,-,-,NA,NA,LOS ANGELES,LOS ANGELES,-118.4478759765625,34.0577278137207
8702388,2018,2018-10-02,1942,2018-08-24,1630,40690,0622,5,5,7,1942,0,0,0,F,0,6A31,LAUREL CANYON BL,MOUNT OLYMPUS DR,0,NA,Y,A,-,N,NA,NA,NA,NA,NA,NA,NA,NA,NA,N,4,0,1,2,D,-,00,NA,NA,N,D,C,A,A,H,-,A,A,0,NA,NA,Y,NA,Y,NA,-,-,0,0,1,0,0,0,0,0,1,-,-,NA,NA,LOS ANGELES,LOS ANGELES,-118.36604309082033,34.10367965698242
8702389,2018,2018-10-02,1942,2018-09-20,1850,32774,1543,4,5,7,1942,0,0,0,O,0,15A43,BURBANK BL,CORTEEN PL,0,NA,Y,A,-,N,NA,NA,NA,NA,NA,NA,NA,NA,NA,Y,3,0,1,4,A,-,09,21802,A,F,A,C,A,A,H,-,A,D,0,NA,NA,NA,NA,Y,NA,-,99,0,1,0,0,0,0,0,0,0,-,-,NA,NA,LOS ANGELES,LOS ANGELES,-118.40200042724608,34.1721305847168
8702390,2018,2018-10-02,1942,2018-09-04,1520,39611,1446,2,5,7,1942,0,0,0,N,0,14A45,VENICE BL,GRAND VIEW BL,400,E,N,B,-,N,NA,NA,NA,NA,NA,NA,NA,NA,NA,N,3,0,1,2,A,-,04,21703,NA,N,B,C,A,A,H,-,A,D,0,NA,NA,Y,NA,Y,NA,C,02,0,1,0,0,0,0,0,0,1,-,-,NA,NA,LOS ANGELES,LOS ANGELES,-118.43022918701172,34.005558013916016
8702391,2018,2018-10-23,1942,2018-08-27,1820,43177,RD175,1,5,7,1942,0,0,0,NA,0,17A95,DEVONSHIRE ST,MONTGOMERY AV,0,NA,Y,A,-,N,NA,NA,NA,NA,NA,NA,NA,NA,NA,Y,4,0,1,3,A,-,09,21801,A,N,D,C,A,A,H,-,B,A,0,NA,NA,NA,NA,Y,NA,A,01,0,0,1,0,0,0,0,0,0,-,-,NA,NA,LOS ANGELES,LOS ANGELES,-118.4816665649414,34.25736999511719
8702392,2018,2018-10-17,1942,2018-08-14,0855,43332,0646,2,5,7,1942,0,0,0,F,0,6A45,HIGHLAND AV,FOUNTAIN AV,5,NA,N,A,-,N,NA,NA,NA,NA,NA,NA,NA,NA,NA,N,3,0,1,2,A,-,09,21801,B,N,G,B,B,A,H,-,A,A,0,Y,NA,NA,NA,Y,NA,A,08,0,1,0,0,1,0,0,0,0,-,-,NA,NA,LOS ANGELES,LOS ANGELES,-118.33863830566406,34.0943717956543
8702393,2018,2018-10-02,1942,2018-09-20,1945,37304,1551,4,5,7,1942,0,0,0,O,0,15A43,WHITSETT AV,RIVERSIDE DR,0,NA,Y,A,-,N,NA,NA,NA,NA,NA,NA,NA,NA,NA,N,4,0,1,2,A,-,09,21801,A,F,B,C,A,A,H,-,B,A,0,NA,NA,NA,NA,Y,NA,A,01,0,0,1,0,0,0,0,0,0,-,-,NA,NA,LOS ANGELES,LOS ANGELES,-118.40525817871094,34.15761184692383
8702394,2018,2018-10-02,1942,2018-09-12,1035,39835,0817,3,5,7,1942,0,0,0,H,0,8A29,KINROSS AV,WESTWOOD BL,0,NA,Y,A,-,N,NA,NA,NA,NA,NA,NA,NA,NA,NA,N,4,0,1,2,A,-,10,21950,A,N,G,B,B,A,H,-,A,A,0,Y,NA,NA,NA,Y,NA,A,01,0,0,1,0,1,0,0,0,0,-,-,NA,NA,LOS ANGELES,LOS ANGELES,-118.44547271728516,34.060791015625
8702395,2018,2018-10-02,1942,2018-08-31,1520,41491,1756,5,5,7,1942,0,0,0,Q,0,017,DEVONSHIRE AV,BALBOA,100,W,N,A,-,N,NA,NA,NA,NA,NA,NA,NA,NA,NA,Y,4,0,1,2,A,-,09,21804,A,N,D,D,A,A,H,-,A,D,0,NA,NA,NA,NA,Y,NA,-,NA,0,0,1,0,0,0,0,0,0,-,-,NA,NA,LOS ANGELES,LOS ANGELES,-118.5026626586914,34.257537841796875
8702396,2018,2018-10-02,1942,2018-08-23,1420,40415,0666,4,5,7,1942,0,0,0,F,0,6A36,FOUNTAIN AV,VINE ST,16,W,N,A,-,N,NA,NA,NA,NA,NA,NA,NA,NA,NA,N,3,0,1,2,A,-,11,21456,B,N,G,B,B,A,H,-,A,D,0,Y,NA,NA,NA,Y,NA,N,60,0,1,0,0,1,0,0,0,0,-,-,NA,NA,LOS ANGELES,LOS ANGELES,-118.32667541503906,34.09436798095703
8702398,2018,2018-10-02,1942,2018-09-12,2035,39586,0858,3,5,7,1942,0,0,0,H,0,8EL3,PICO BL,CLARK AV,0,NA,Y,A,-,N,NA,NA,NA,NA,NA,NA,NA,NA,NA,N,3,0,1,2,A,-,07,21658,A,N,C,C,A,A,H,-,C,D,0,NA,NA,Y,NA,Y,NA,A,07,0,1,0,0,0,0,0,0,1,-,-,NA,NA,LOS ANGELES,LOS ANGELES,-118.3847885131836,34.054969787597656
8702399,2018,2018-10-02,1942,2018-08-28,1815,38139,LOS A,2,5,7,1942,0,0,0,NA,0,1791,WINNETKA AV,PARTHENIA ST,0,NA,Y,A,-,N,NA,NA,NA,NA,NA,NA,NA,NA,NA,Y,3,0,1,3,A,-,08,22107,NA,N,B,D,A,A,H,-,A,A,0,NA,NA,NA,NA,Y,NA,A,07,0,1,0,0,0,0,0,0,0,-,-,NA,NA,LOS ANGELES,LOS ANGELES,-118.57105255126952,34.22822189331055
8702400,2018,2018-10-02,1942,2018-08-25,1950,37754,643,6,5,7,1942,0,0,0,NA,0,6A45,SUNSET BL,FULLER AV,0,NA,Y,A,-,N,NA,NA,NA,NA,NA,NA,NA,NA,NA,N,4,0,1,2,A,-,17,22517,NA,N,E,J,A,A,H,-,C,D,0,NA,NA,Y,NA,Y,NA,A,01,0,0,1,0,0,0,0,0,1,-,-,NA,NA,LOS ANGELES,LOS ANGELES,-118.34957885742188,34.097999572753906
8702401,2018,2018-10-16,1942,2018-08-29,1650,43460,1727,3,5,7,1942,0,0,0,Q,0,17A48,CHATSWORTH ST,WILBUR AV,0,NA,Y,A,-,N,NA,NA,NA,NA,NA,NA,NA,NA,NA,N,4,0,1,2,A,-,10,21950,A,N,G,B,B,A,H,-,A,A,0,Y,NA,NA,NA,Y,NA,-,-,0,0,1,0,1,0,0,0,0,-,-,NA,NA,LOS ANGELES,LOS ANGELES,-118.54483795166016,34.264530181884766
8702404,2018,2018-10-02,1942,2018-07-27,0950,40491,2027,5,5,7,1942,0,0,0,NA,0,20A69,MARIPOSA AV,WILSHIRE BL,0,NA,Y,A,-,N,NA,NA,NA,NA,NA,NA,NA,NA,NA,N,3,0,1,2,A,-,10,21950,A,N,G,B,B,A,H,-,A,A,0,Y,NA,NA,NA,Y,NA,N,60,0,1,0,0,1,0,0,0,0,-,-,NA,NA,LOS ANGELES,LOS ANGELES,-118.29917907714844,34.06175994873047
8702405,2018,2018-10-02,1942,2018-08-24,1445,42514,1749,5,5,7,1942,0,0,0,Q,0,17A49,HASKELL AV,DEVONSHIRE ST,0,NA,Y,A,-,N,NA,NA,NA,NA,NA,NA,NA,NA,NA,N,3,0,1,2,A,-,09,21801,NA,N,H,G,A,A,H,-,A,A,0,NA,Y,NA,NA,Y,NA,A,01,0,1,0,0,0,0,1,0,0,-,-,NA,NA,LOS ANGELES,LOS ANGELES,-118.4760971069336,34.25735092163086
8702408,2018,2018-10-02,1942,2018-07-21,1220,31465,2076,6,5,7,1942,0,0,0,NA,0,20A97,VERMONT AV,PICO BL,265,S,N,A,-,N,NA,NA,NA,NA,NA,NA,NA,NA,NA,N,3,0,1,2,A,-,21,22106,NA,N,G,B,F,A,H,-,A,D,0,Y,NA,NA,NA,Y,NA,A,01,0,1,0,0,1,0,0,0,0,-,-,NA,NA,LOS ANGELES,LOS ANGELES,-118.29161071777344,34.046531677246094
8702412,2018,2018-10-02,1942,2018-07-15,2055,42869,NA,7,5,7,1942,0,0,0,NA,0,20A33,NEW HAMPSHIRE,1ST ST,300,N,N,A,-,N,NA,NA,NA,NA,NA,NA,NA,NA,NA,N,3,0,1,2,A,-,09,21804,A,N,D,G,A,A,H,-,C,D,0,NA,Y,NA,NA,Y,NA,L,04,0,1,0,0,0,0,1,0,0,-,-,NA,NA,LOS ANGELES,LOS ANGELES,-118.29293823242188,34.07356262207031
8702413,2018,2018-10-02,1942,2018-08-30,1737,40045,1747,4,5,7,1942,0,0,0,Q,0,17X96,CHATSWORTH ST,BALBOA BL,600,E,N,A,-,N,NA,NA,NA,NA,NA,NA,NA,NA,NA,Y,4,0,3,2,A,-,21,22106,NA,N,D,C,A,A,H,-,A,D,0,NA,NA,NA,NA,Y,NA,A,01,0,0,3,0,0,0,0,0,0,-,-,NA,NA,LOS ANGELES,LOS ANGELES,-118.50028228759766,34.264747619628906
8702424,2018,2018-10-02,1942,2018-07-29,2230,37677,2093,7,5,7,1942,0,0,0,NA,0,20A13,WASHINGTON BL,NORMANDIE AV,0,NA,Y,A,-,N,NA,NA,NA,NA,NA,NA,NA,NA,NA,N,4,0,1,2,A,-,10,21950,A,F,E,J,B,A,H,-,C,A,0,Y,NA,NA,NA,Y,NA,-,99,0,0,1,0,1,0,0,0,0,-,-,NA,NA,LOS ANGELES,LOS ANGELES,-118.30084228515624,34.03998947143555
8702425,2018,2018-10-02,1942,2018-08-22,0430,35464,1668,3,5,7,1942,0,0,0,P,0,16A77W,FOOTHILL BL,DAY ST,10,N,N,-,-,N,NA,NA,NA,NA,NA,NA,NA,NA,NA,N,3,0,1,2,A,-,11,21955,NA,N,G,B,D,A,H,-,C,A,0,Y,NA,NA,NA,Y,NA,N,60,0,1,0,0,1,0,0,0,0,-,-,NA,NA,LOS ANGELES,LOS ANGELES,-118.29795837402344,34.25456237792969
8702429,2018,2018-10-17,1942,2018-08-23,1950,40804,1655,4,5,7,1942,0,0,0,P,0,16A35,SUNLAND BL,SHADOW ISLAND DR,400,W,N,A,-,N,NA,NA,NA,NA,NA,NA,NA,NA,NA,Y,3,0,2,2,A,-,09,21804,A,N,D,C,A,A,H,-,C,D,0,NA,NA,NA,NA,Y,NA,A,01,0,2,0,0,0,0,0,0,0,-,-,NA,NA,LOS ANGELES,LOS ANGELES,-118.34751892089844,34.248836517333984
8702432,2018,2018-10-02,1942,2018-07-30,0655,41054,0668,1,5,7,1942,0,0,0,F,0,6A79,LEXINGTON AV,NORTH WESTERN AV,0,NA,Y,A,-,N,NA,NA,NA,NA,NA,NA,NA,NA,NA,N,2,0,1,2,A,-,10,21950,A,N,G,B,B,A,H,-,A,D,0,Y,NA,NA,NA,Y,NA,A,07,1,0,0,0,1,0,0,0,0,-,-,NA,NA,LOS ANGELES,LOS ANGELES,-118.30918884277344,34.092899322509766
8702433,2018,2018-10-02,1942,2018-08-22,2019,40935,1668,3,5,7,1942,0,0,0,P,0,16A59,FOOTHILL BL,TUJUNGA BL,30,W,N,A,-,N,NA,NA,NA,NA,NA,NA,NA,NA,NA,Y,4,0,2,2,A,-,12,21453,A,N,B,B,A,A,H,-,C,A,0,NA,NA,NA,NA,Y,NA,A,01,0,0,2,0,0,0,0,0,0,-,-,NA,NA,LOS ANGELES,LOS ANGELES,-118.27621,34.246506
8702436,2018,2018-10-02,1942,2018-07-29,2220,43343,0724,7,5,7,1942,0,0,0,G,0,7A33,BEVERLY BL,STANLEY AV,0,NA,Y,A,-,N,NA,NA,NA,NA,NA,NA,NA,NA,NA,N,2,0,1,2,A,-,11,21954,A,F,G,B,D,A,H,-,C,A,0,Y,NA,NA,NA,Y,NA,N,60,1,0,0,0,1,0,0,0,0,-,-,NA,NA,LOS ANGELES,LOS ANGELES,-118.35633850097656,34.07612991333008
8702437,2018,2018-10-23,1942,2018-08-23,2035,42374,1783,4,5,7,1942,0,0,0,Q,0,17A35,TAMPA AV,NORTHRIDGE FASHION CENTER,15,N,N,A,-,N,NA,NA,NA,NA,NA,NA,NA,NA,NA,N,4,0,3,3,A,-,09,21804,A,N,A,A,A,A,G,-,C,A,0,NA,NA,NA,NA,Y,NA,A,01,0,0,3,0,0,0,0,0,0,-,-,NA,NA,LOS ANGELES,LOS ANGELES,NA,NA
8702440,2018,2018-10-02,1942,2018-07-25,1726,39655,2029,3,5,7,1942,0,0,0,NA,0,20A39,6TH ST,COMMONWEALTH AV,161,E,N,A,-,N,NA,NA,NA,NA,NA,NA,NA,NA,NA,N,4,0,1,2,A,-,05,21650,1,N,D,G,A,A,H,-,A,D,0,NA,Y,NA,NA,Y,NA,L,04,0,0,1,0,0,0,1,0,0,-,-,NA,NA,LOS ANGELES,LOS ANGELES,-118.28514099121094,34.0637092590332
8702441,2018,2018-10-02,1942,2018-08-25,2105,41852,1617,6,5,7,1942,0,0,0,P,0,16X24,FOOTHILL BL,FENWICK ST,500,N,N,A,-,N,NA,NA,NA,NA,NA,NA,NA,NA,NA,Y,4,0,1,2,A,-,08,22107,NA,N,B,C,A,A,H,-,C,D,0,NA,NA,NA,NA,Y,NA,A,07,0,0,1,0,0,0,0,0,0,-,-,NA,NA,LOS ANGELES,LOS ANGELES,-118.32726287841795,34.262184143066406
8702444,2018,2018-10-23,1942,2018-07-24,1840,40445,2038,2,5,7,1942,0,0,0,NA,0,20A44,WILSHIRE BL,VERMONT AV,0,NA,Y,A,-,N,NA,NA,NA,NA,NA,NA,NA,NA,NA,N,3,0,1,2,A,-,10,21950,A,F,G,B,-,A,H,-,A,A,0,Y,NA,NA,NA,Y,NA,-,99,0,1,0,0,1,0,0,0,0,-,-,NA,NA,LOS ANGELES,LOS ANGELES,-118.29167938232422,34.06180191040039
8702445,2018,2018-10-16,1942,2018-08-24,1800,42939,1676,5,5,7,1942,0,0,0,P,0,16X78,GLENOAKS BL,VINEDALE ST,0,NA,Y,A,-,N,NA,NA,NA,NA,NA,NA,NA,NA,NA,Y,4,0,2,2,A,-,12,21453,A,N,D,C,A,A,H,-,A,A,0,NA,NA,NA,NA,Y,NA,-,-,0,0,2,0,0,0,0,0,0,-,-,NA,NA,LOS ANGELES,LOS ANGELES,-118.36527252197266,34.228660583496094
8702448,2018,2018-10-02,1942,2018-07-16,1840,42011,2081,1,5,7,1942,0,0,0,NA,0,20XL3W,GRAMERCY PL,18TH ST,0,NA,Y,A,-,N,NA,NA,NA,NA,NA,NA,NA,NA,NA,N,4,0,3,2,A,-,09,21802,A,N,D,C,A,A,H,-,A,A,0,NA,NA,NA,NA,Y,NA,A,08,0,0,3,0,0,0,0,0,0,-,-,NA,NA,LOS ANGELES,LOS ANGELES,-118.31302642822266,34.041709899902344
8702452,2018,2018-10-02,1942,2018-07-21,2220,40957,2026,6,5,7,1942,0,0,0,NA,0,20A53,NEW HAMPSHIRE AV,4TH ST,0,NA,Y,A,-,N,NA,NA,NA,NA,NA,NA,NA,NA,NA,N,4,0,1,2,A,-,10,21950,A,N,G,B,B,A,H,-,C,D,0,Y,NA,NA,NA,Y,NA,A,01,0,0,1,0,1,0,0,0,0,-,-,NA,NA,LOS ANGELES,LOS ANGELES,-118.2929229736328,34.067359924316406
8702456,2018,2018-10-02,1942,2018-07-12,1910,43222,2055,4,5,7,1942,0,0,0,NA,0,20A33,NORMANDIE AV,OLYMPIC BL,0,NA,Y,A,-,N,NA,NA,NA,NA,NA,NA,NA,NA,NA,Y,4,0,1,2,A,-,09,21801,A,N,D,C,A,A,H,-,A,A,0,NA,NA,NA,NA,Y,NA,A,01,0,0,1,0,0,0,0,0,0,-,-,NA,NA,LOS ANGELES,LOS ANGELES,-118.30003356933594,34.05263900756836
8702457,2018,2018-10-02,1900,2018-08-27,1645,476226,2610,1,5,6,1950,0,0,0,NA,0,263T1,AVENUE S,CASA VERDE DR,778,W,N,A,-,N,NA,NA,NA,NA,NA,NA,NA,NA,NA,Y,4,0,2,2,A,-,08,22100,A,N,D,C,A,A,G,-,A,D,0,NA,NA,NA,NA,Y,NA,A,01,0,0,2,0,0,0,0,0,0,-,-,34.55799102783203,-118.10295104980467,LOS ANGELES,PALMDALE,-118.10289001464844,34.55807876586914
8702460,2018,2018-10-02,1942,2018-07-14,0145,42869,2019,6,5,7,1942,0,0,0,NA,0,20A33,BEVERLY BL,NORTH VIRGIL AV,0,NA,Y,A,-,N,NA,NA,NA,NA,NA,NA,NA,NA,NA,Y,4,0,4,3,A,-,03,22350,NA,N,A,C,A,A,H,-,C,D,0,NA,NA,NA,NA,Y,NA,A,01,0,0,4,0,0,0,0,0,0,-,-,NA,NA,LOS ANGELES,LOS ANGELES,-118.2868194580078,34.0748291015625
8702464,2018,2018-10-02,1942,2018-07-06,1050,40476,2021,5,5,7,1942,0,0,0,NA,0,20A44,4TH ST,WINDSOR BL,40,W,N,A,-,N,NA,NA,NA,NA,NA,NA,NA,NA,NA,N,4,0,1,2,A,-,21,22106,NA,N,B,G,A,A,H,-,A,D,0,NA,Y,NA,NA,Y,NA,A,08,0,0,1,0,0,0,1,0,0,-,-,NA,NA,LOS ANGELES,LOS ANGELES,-118.32156372070313,34.06711959838867
8702468,2018,2018-10-16,1942,2018-07-06,1140,43348,0725,5,5,7,1942,0,0,0,G,0,7A33,GARDNER ST,1ST ST,0,NA,Y,A,-,N,NA,NA,NA,NA,NA,NA,NA,NA,NA,N,4,0,1,1,C,-,18,NA,NA,N,E,I,A,A,H,-,A,D,0,NA,NA,NA,NA,Y,NA,-,-,0,0,1,0,0,0,0,0,0,-,-,NA,NA,LOS ANGELES,LOS ANGELES,-118.35320281982422,34.07355880737305
8702472,2018,2018-10-16,1942,2018-07-06,1830,42586,2044,5,5,7,1942,0,0,0,NA,0,6A67,8TH ST,KINGSLEY DR,0,NA,Y,A,-,N,NA,NA,NA,NA,NA,NA,NA,NA,NA,N,4,0,1,2,A,-,09,21802,A,N,D,G,A,A,H,-,A,A,0,NA,Y,NA,NA,Y,NA,A,08,0,0,1,0,0,0,1,0,0,-,-,NA,NA,LOS ANGELES,LOS ANGELES,-118.30307006835938,34.057701110839844
8702476,2018,2018-10-02,1942,2018-07-13,1045,42896,2014,5,5,7,1942,0,0,0,NA,0,20SL25,3RD ST,KINGSLEY DR,0,NA,Y,A,-,N,NA,NA,NA,NA,NA,NA,NA,NA,NA,Y,4,0,2,2,A,-,12,21453,A,N,D,C,A,A,H,-,A,A,0,NA,NA,NA,NA,Y,NA,A,01,0,0,2,0,0,0,0,0,0,-,-,NA,NA,LOS ANGELES,LOS ANGELES,-118.30290985107422,34.06901168823242
8702480,2018,2018-10-02,1942,2018-07-25,1835,42850,2015,3,5,7,1942,0,0,0,NA,0,7A86,NORMANDIE AV,1ST ST,130,N,N,A,-,N,NA,NA,NA,NA,NA,NA,NA,NA,NA,N,4,0,2,2,D,-,00,NA,NA,N,B,C,A,A,H,-,A,D,0,NA,NA,NA,NA,Y,NA,-,-,0,0,2,0,0,0,0,0,0,-,-,NA,NA,LOS ANGELES,LOS ANGELES,-118.30039978027344,34.0740966796875