CASE_ID,ACCIDENT_YEAR,PROC_DATE,JURIS,COLLISION_DATE,COLLISION_TIME,OFFICER_ID,REPORTING_DISTRICT,DAY_OF_WEEK,CHP_SHIFT,POPULATION,CNTY_CITY_LOC,SPECIAL_COND,BEAT_TYPE,CHP_BEAT_TYPE,CITY_DIVISION_LAPD,CHP_BEAT_CLASS,BEAT_NUMBER,PRIMARY_RD,SECONDARY_RD,DISTANCE,DIRECTION,INTERSECTION,WEATHER_1,WEATHER_2,STATE_HWY_IND,CALTRANS_COUNTY,CALTRANS_DISTRICT,STATE_ROUTE,ROUTE_SUFFIX,POSTMILE_PREFIX,POSTMILE,LOCATION_TYPE,RAMP_INTERSECTION,SIDE_OF_HWY,TOW_AWAY,COLLISION_SEVERITY,NUMBER_KILLED,NUMBER_INJURED,PARTY_COUNT,PRIMARY_COLL_FACTOR,PCF_CODE_OF_VIOL,PCF_VIOL_CATEGORY,PCF_VIOLATION,PCF_VIOL_SUBSECTION,HIT_AND_RUN,TYPE_OF_COLLISION,MVIW,PED_ACTION,ROAD_SURFACE,ROAD_COND_1,ROAD_COND_2,LIGHTING,CONTROL_DEVICE,CHP_ROAD_TYPE,PEDESTRIAN_ACCIDENT,BICYCLE_ACCIDENT,MOTORCYCLE_ACCIDENT,TRUCK_ACCIDENT,NOT_PRIVATE_PROPERTY,ALCOHOL_INVOLVED,STWD_VEHTYPE_AT_FAULT,CHP_VEHTYPE_AT_FAULT,COUNT_SEVERE_INJ,COUNT_VISIBLE_INJ,COUNT_COMPLAINT_PAIN,COUNT_PED_KILLED,COUNT_PED_INJURED,COUNT_BICYCLIST_KILLED,COUNT_BICYCLIST_INJURED,COUNT_MC_KILLED,COUNT_MC_INJURED,PRIMARY_RAMP,SECONDARY_RAMP,LATITUDE,LONGITUDE,COUNTY,CITY,POINT_X,POINT_Y
8703559,2018,2018-10-12,1926,2018-06-17,1047,0043,1,7,5,5,1926,0,0,0,NA,0,001,GLENDORA AV,ROUTE 66,0,NA,Y,A,-,N,NA,NA,NA,NA,NA,NA,NA,NA,NA,N,3,0,1,2,A,-,12,21453,A,N,D,G,A,A,H,-,A,A,0,NA,Y,NA,NA,Y,NA,L,04,0,1,0,0,0,0,1,0,0,-,-,NA,NA,LOS ANGELES,GLENDORA,-117.86380767822266,34.12881088256836
8703573,2018,2018-10-09,1900,2018-09-19,1956,620752,1192,3,5,6,1992,0,0,0,NA,0,111T2,AVENUE L,TUMBLEWEED CT,82,E,N,A,-,N,NA,NA,NA,NA,NA,NA,NA,NA,NA,Y,4,0,4,2,A,-,08,22107,NA,N,D,C,A,A,H,-,C,D,0,NA,NA,NA,NA,Y,NA,D,22,0,0,4,0,0,0,0,0,0,-,-,NA,NA,LOS ANGELES,LANCASTER,-118.18478,34.660231
8703579,2018,2018-10-10,1900,2018-09-18,1339,550490,1134,2,5,6,1992,0,0,0,NA,0,111T2,4TH ST EAST,AVENUE L,0,NA,Y,A,-,N,NA,NA,NA,NA,NA,NA,NA,NA,NA,Y,3,0,2,2,A,-,09,21801,A,N,A,C,A,A,H,-,A,A,0,NA,NA,NA,NA,Y,NA,A,07,0,2,0,0,0,0,0,0,0,-,-,NA,NA,LOS ANGELES,LANCASTER,-118.12342834472656,34.660400390625
8703585,2018,2018-10-10,1900,2018-09-13,0730,616178,1137,4,5,6,1992,0,0,0,NA,0,111T2,AVENUE K,20TH ST EAST,0,NA,Y,A,-,N,NA,NA,NA,NA,NA,NA,NA,NA,NA,N,3,0,1,3,A,-,09,21801,A,N,A,C,A,A,H,-,A,A,0,NA,NA,NA,NA,Y,NA,-,-,0,1,0,0,0,0,0,0,0,-,-,NA,NA,LOS ANGELES,LANCASTER,-118.09490966796876,34.675289154052734
8703589,2018,2018-10-10,1900,2018-09-18,1710,550490,1126,2,5,6,1992,0,0,0,NA,0,111T2,AVENUE J,20TH ST WEST,570,E,N,A,-,N,NA,NA,NA,NA,NA,NA,NA,NA,NA,N,4,0,1,2,A,-,09,21801,A,N,D,C,A,A,H,-,A,D,0,NA,NA,NA,NA,Y,NA,D,22,0,0,1,0,0,0,0,0,0,-,-,NA,NA,LOS ANGELES,LANCASTER,-118.16376495361328,34.68941879272461
8703602,2018,2018-10-09,1900,2018-09-14,1805,449495,0454,5,5,6,1949,0,0,0,NA,0,43T1PM,ROSECRANS AV,GREENSTONE AV,16,E,N,A,-,N,NA,NA,NA,NA,NA,NA,NA,NA,NA,Y,4,0,1,3,A,-,03,22350,NA,N,C,C,A,A,H,-,A,D,0,NA,NA,NA,NA,Y,NA,A,07,0,0,1,0,0,0,0,0,0,-,-,NA,NA,LOS ANGELES,NORWALK,-118.05774688720705,33.90242004394531
8703606,2018,2018-10-09,1900,2018-09-12,1643,608235,0454,3,5,6,1949,0,0,0,NA,0,45T1P,CARMENITA RD,ROSECRANS AV,150,S,N,A,-,N,NA,NA,NA,NA,NA,NA,NA,NA,NA,N,3,0,1,2,A,-,11,21954,A,N,G,B,D,A,H,-,A,A,0,Y,NA,NA,NA,Y,NA,N,60,0,1,0,0,1,0,0,0,0,-,-,NA,NA,LOS ANGELES,NORWALK,-118.04663848876952,33.902069091796875
8703610,2018,2018-10-10,1900,2018-09-10,1717,602251,0451,1,5,6,1949,0,0,0,NA,0,43T1,IMPERIAL HWY,WOODS AV,240,W,N,A,-,N,NA,NA,NA,NA,NA,NA,NA,NA,NA,N,4,0,1,2,A,-,09,21801,A,N,D,C,A,A,H,-,A,D,0,NA,NA,NA,NA,Y,NA,A,01,0,0,1,0,0,0,0,0,0,-,-,NA,NA,LOS ANGELES,NORWALK,-118.08477020263672,33.91709899902344
8703614,2018,2018-10-09,1900,2018-09-05,1930,514238,0453,3,5,6,1949,0,0,0,NA,0,43T1,ORR AND DAY RD,VISTA VERDE DR,2,N,N,A,-,N,NA,NA,NA,NA,NA,NA,NA,NA,NA,Y,4,0,1,1,A,-,08,22107,NA,N,A,I,A,A,H,-,C,D,0,NA,NA,NA,NA,Y,NA,A,01,0,0,1,0,0,0,0,0,0,-,-,NA,NA,LOS ANGELES,NORWALK,-118.09056091308594,33.91554641723633
8703618,2018,2018-10-09,1900,2018-09-07,1512,608235,0454,5,5,6,1949,0,0,0,NA,0,45K3,ROSECRANS AV,SHOEMAKER AV,250,E,N,A,-,N,NA,NA,NA,NA,NA,NA,NA,NA,NA,N,4,0,2,2,A,-,04,21703,NA,N,C,C,A,A,H,-,A,D,0,NA,NA,NA,NA,Y,NA,A,01,0,0,2,0,0,0,0,0,0,-,-,NA,NA,LOS ANGELES,NORWALK,-118.05449676513672,33.902435302734375
8703622,2018,2018-10-10,1900,2018-09-07,1200,440103,0451,5,5,6,1949,0,0,0,NA,0,43T1D,STUDEBAKER RD,IMPERIAL HWY,51,S,N,A,-,N,NA,NA,NA,NA,NA,NA,NA,NA,NA,Y,4,0,2,3,A,-,03,22350,NA,N,C,C,A,A,H,-,A,A,0,NA,NA,NA,NA,Y,NA,A,07,0,0,2,0,0,0,0,0,0,-,-,NA,NA,LOS ANGELES,NORWALK,-118.09931182861328,33.91704177856445
8703626,2018,2018-10-09,1900,2018-09-11,1225,548793,0460,2,5,4,1936,0,0,0,NA,0,46T1,LEFFINGWELL RD,ARMSDALE AV,20,W,N,A,-,N,NA,NA,NA,NA,NA,NA,NA,NA,NA,N,3,0,1,2,A,-,10,21950,A,N,G,B,D,A,H,-,A,A,0,Y,NA,NA,NA,Y,NA,A,01,0,1,0,0,1,0,0,0,0,-,-,NA,NA,LOS ANGELES,LA MIRADA,-118.020751953125,33.924774169921875
8703630,2018,2018-10-09,1900,2018-09-18,1020,615127,0453,2,5,6,1949,0,0,0,NA,0,43T1,ROSECRANS AV,FLATBUSH AV,0,NA,Y,A,-,N,NA,NA,NA,NA,NA,NA,NA,NA,NA,Y,4,0,1,2,A,-,12,21453,A,N,D,C,A,A,H,-,A,A,0,NA,NA,NA,NA,Y,NA,A,01,0,0,1,0,0,0,0,0,0,-,-,NA,NA,LOS ANGELES,NORWALK,-118.10662078857422,33.90208053588867
8703634,2018,2018-12-10,1900,2018-09-17,0654,548793,0463,1,5,4,1936,0,0,0,NA,0,46T1D,IMPERIAL HWY,OXFORD RD,0,NA,Y,A,-,N,NA,NA,NA,NA,NA,NA,NA,NA,NA,Y,3,0,2,2,A,-,12,21453,A,N,D,C,A,A,H,-,B,A,0,NA,NA,NA,NA,Y,NA,-,-,0,1,1,0,0,0,0,0,0,-,-,NA,NA,LOS ANGELES,LA MIRADA,-117.99899291992188,33.91719055175781
8703638,2018,2018-10-09,1900,2018-09-07,1839,542188,0462,5,5,4,1936,0,0,0,NA,0,46T1,FIGUERAS RD,ROSECRANS AV,0,NA,Y,A,-,N,NA,NA,NA,NA,NA,NA,NA,NA,NA,Y,4,0,5,2,A,-,12,21453,A,N,D,C,A,A,H,-,A,A,0,NA,NA,NA,NA,Y,NA,A,01,0,0,5,0,0,0,0,0,0,-,-,NA,NA,LOS ANGELES,LA MIRADA,-118.01495361328124,33.89862823486328
8703642,2018,2018-10-09,1900,2018-09-12,1130,272611,0458,3,5,6,1949,0,0,0,NA,0,43T1D,ALONDRA BL,CLARKDALE AV,0,NA,Y,A,-,N,NA,NA,NA,NA,NA,NA,NA,NA,NA,Y,4,0,1,2,A,-,09,21801,A,N,D,C,A,A,H,-,A,A,0,NA,NA,NA,NA,Y,NA,A,01,0,0,1,0,0,0,0,0,0,-,-,NA,NA,LOS ANGELES,NORWALK,-118.08004760742188,33.887718200683594
8703649,2018,2018-10-03,1942,2018-08-16,1520,38690,1802,4,5,7,1942,0,0,0,R,0,18A17,BROADWAY,91ST ST,0,NA,Y,A,-,N,NA,NA,NA,NA,NA,NA,NA,NA,NA,N,4,0,2,2,A,-,09,21802,A,N,D,C,A,A,H,-,A,D,0,NA,NA,NA,NA,Y,NA,A,01,0,0,2,0,0,0,0,0,0,-,-,NA,NA,LOS ANGELES,LOS ANGELES,-118.27821,33.95426
8703653,2018,2018-10-03,1942,2018-08-16,1630,43080,1801,4,5,7,1942,0,0,0,R,0,18A1,W MANCHESTER AV,MENLO AV,40,W,N,A,-,N,NA,NA,NA,NA,NA,NA,NA,NA,NA,N,4,0,2,2,A,-,09,21804,A,N,D,C,A,A,H,-,A,D,0,NA,NA,NA,NA,Y,NA,A,01,0,0,2,0,0,0,0,0,0,-,-,NA,NA,LOS ANGELES,LOS ANGELES,-118.29055786132813,33.96002960205078
8703661,2018,2018-10-03,1942,2018-08-31,0730,41483,1849,5,5,7,1942,0,0,0,R,0,18A49,GRAPE ST,113TH ST,45,N,N,A,-,N,NA,NA,NA,NA,NA,NA,NA,NA,NA,Y,4,0,3,2,A,-,03,22350,NA,N,C,E,A,A,H,-,A,D,0,NA,NA,NA,NA,Y,NA,A,01,0,0,3,0,0,0,0,0,0,-,-,NA,NA,LOS ANGELES,LOS ANGELES,-118.23634338378906,33.932594299316406
8703665,2018,2018-10-03,1942,2018-08-27,2010,43241,1827,1,5,7,1942,0,0,0,R,0,18A35,BEACH ST,CENTURY BL,0,NA,Y,A,-,N,NA,NA,NA,NA,NA,NA,NA,NA,NA,N,4,0,4,2,A,-,09,21802,A,N,D,C,A,A,H,-,C,A,0,NA,NA,NA,NA,Y,NA,A,01,0,0,4,0,0,0,0,0,0,-,-,NA,NA,LOS ANGELES,LOS ANGELES,-118.24188995361328,33.945701599121094
8703669,2018,2018-10-03,1942,2018-08-25,2020,42144,1838,6,5,7,1942,0,0,0,R,0,18X95,107TH ST,HICKORY,0,NA,Y,A,-,N,NA,NA,NA,NA,NA,NA,NA,NA,NA,N,3,0,1,2,A,-,12,22450,NA,N,A,C,A,A,-,-,C,A,0,NA,NA,NA,NA,Y,NA,A,01,0,1,0,0,0,0,0,0,0,-,-,NA,NA,LOS ANGELES,LOS ANGELES,-118.23590850830078,33.938880920410156
8703673,2018,2018-11-05,1942,2018-08-04,2045,43338,1824,6,5,7,1942,0,0,0,R,0,18A49,CENTRAL AV,CENTURY BL,0,NA,N,A,-,N,NA,NA,NA,NA,NA,NA,NA,NA,NA,N,4,0,1,2,A,-,11,21955,NA,F,G,B,C,A,H,-,C,A,0,Y,NA,NA,NA,Y,NA,N,60,0,0,1,0,1,0,0,0,0,-,-,NA,NA,LOS ANGELES,LOS ANGELES,-118.25408172607422,33.94565963745117
8703677,2018,2018-10-03,1942,2018-08-03,2330,43207,NA,5,5,7,1942,0,0,0,NA,0,LOSANG,COLDEN AV,MAIN ST,25,N,N,A,-,N,NA,NA,NA,NA,NA,NA,NA,NA,NA,Y,4,0,1,2,A,-,03,22350,NA,N,C,C,A,A,H,-,B,A,0,NA,NA,NA,NA,Y,NA,A,01,0,0,1,0,0,0,0,0,0,-,-,NA,NA,LOS ANGELES,LOS ANGELES,-118.27388763427734,33.949188232421875
8703679,2018,2018-10-08,1906,2018-09-15,0550,2896,NA,6,5,5,1906,0,0,0,NA,0,003,RAMONA BL,MAINE AV,0,NA,Y,A,-,N,NA,NA,NA,NA,NA,NA,NA,NA,NA,N,4,0,1,2,A,-,10,21950,A,N,G,B,B,A,H,-,A,A,0,Y,NA,NA,NA,Y,NA,A,01,0,0,1,0,1,0,0,0,0,-,-,NA,NA,LOS ANGELES,BALDWIN PARK,-117.96041107177734,34.086849212646484
8703688,2018,2018-09-28,1942,2018-09-11,0750,43050,1657,2,5,7,1942,0,0,0,P,0,16A59,TUJUNGA CANYON,FOOTHILL BL,0,NA,Y,A,-,N,NA,NA,NA,NA,NA,NA,NA,NA,NA,N,4,0,1,2,A,-,06,21750,NA,N,B,D,A,B,H,-,A,D,0,NA,NA,NA,NA,Y,NA,A,01,0,0,1,0,0,0,0,0,0,-,-,NA,NA,LOS ANGELES,LOS ANGELES,-118.27610778808594,34.24647903442383
8703716,2018,2018-09-27,1942,2018-09-17,1425,39177,0378,1,5,7,1942,0,0,0,C,0,25TL24,KING BL,W VERMONT AV,27,W,N,A,-,N,NA,NA,NA,NA,NA,NA,NA,NA,NA,Y,4,0,2,3,A,-,09,21801,A,N,A,C,A,A,H,-,A,D,0,NA,NA,Y,NA,Y,NA,A,01,0,0,2,0,0,0,0,0,1,-,-,NA,NA,LOS ANGELES,LOS ANGELES,-118.291627,34.010868
8703720,2018,2018-09-27,1942,2018-09-23,0705,39397,0308,7,5,7,1942,0,0,0,C,0,3A19,W 22ND ST,S UNION AV,0,NA,Y,A,-,N,NA,NA,NA,NA,NA,NA,NA,NA,NA,Y,3,0,1,3,A,-,12,22450,A,N,D,C,A,A,H,-,A,A,0,NA,NA,NA,NA,Y,NA,A,01,0,1,0,0,0,0,0,0,0,-,-,NA,NA,LOS ANGELES,LOS ANGELES,-118.28292083740234,34.035728454589844
8703724,2018,2018-09-27,1942,2018-09-01,2130,42313,1245,6,5,7,1942,0,0,0,L,0,13X62,FLORENCE AV,NORMANDIE AV,50,W,N,A,-,N,NA,NA,NA,NA,NA,NA,NA,NA,NA,N,4,0,1,2,A,-,03,22350,NA,F,C,C,A,A,H,-,C,A,0,NA,NA,NA,NA,Y,NA,-,99,0,0,1,0,0,0,0,0,0,-,-,NA,NA,LOS ANGELES,LOS ANGELES,-118.30046081542967,33.974578857421875
8703728,2018,2018-09-28,1942,2018-09-04,1735,41805,1203,2,5,7,1942,0,0,0,L,0,12XL5,WESTERN AV,58TH ST,25,S,N,A,-,N,NA,NA,NA,NA,NA,NA,NA,NA,NA,Y,4,0,1,3,A,-,09,21804,A,N,A,C,A,A,H,-,A,D,0,NA,NA,NA,NA,Y,NA,A,01,0,0,1,0,0,0,0,0,0,-,-,NA,NA,LOS ANGELES,LOS ANGELES,-118.308949,33.989639
8703732,2018,2018-10-17,1942,2018-09-06,1350,42450,1267,4,5,7,1942,0,0,0,L,0,1243,W 82ND ST,S HOOVER AV,5,S,N,A,-,N,NA,NA,NA,NA,NA,NA,NA,NA,NA,Y,4,0,1,2,A,-,12,21453,A,N,D,C,A,A,H,-,A,A,0,NA,NA,NA,NA,Y,NA,-,-,0,0,1,0,0,0,0,0,0,-,-,NA,NA,LOS ANGELES,LOS ANGELES,-118.287109375,33.964271545410156
8703736,2018,2018-09-28,1942,2018-09-13,0635,35393,1203,4,5,7,1942,0,0,0,L,0,12A3,WESTERN AV,50TH ST,120,S,N,A,-,N,NA,NA,NA,NA,NA,NA,NA,NA,NA,N,4,0,2,3,A,-,03,22350,NA,F,C,C,A,A,H,-,A,D,0,NA,NA,NA,NA,Y,NA,A,01,0,0,2,0,0,0,0,0,0,-,-,NA,NA,LOS ANGELES,LOS ANGELES,-118.308935,33.997901
8703740,2018,2018-09-28,1942,2018-09-13,1550,37146,1265,4,5,7,1942,0,0,0,L,0,25TL22,NORMANDIE AV,83RD ST,0,NA,Y,A,-,N,NA,NA,NA,NA,NA,NA,NA,NA,NA,N,4,0,3,2,A,-,09,21801,A,N,D,C,A,A,H,-,A,A,0,NA,NA,NA,NA,Y,NA,A,01,0,0,3,0,0,0,0,0,0,-,-,NA,NA,LOS ANGELES,LOS ANGELES,-118.3002700805664,33.96364974975586
8703744,2018,2018-09-28,1942,2018-09-13,1830,42665,1239,4,5,7,1942,0,0,0,L,0,12A49,SLAUSON AV,FIGUEROA ST,250,W,N,A,-,N,NA,NA,NA,NA,NA,NA,NA,NA,NA,N,4,0,1,2,A,-,03,22350,NA,F,C,D,A,A,H,-,A,A,0,NA,NA,NA,NA,Y,NA,-,99,0,0,1,0,0,0,0,0,0,-,-,NA,NA,LOS ANGELES,LOS ANGELES,-118.28350067138672,33.989158630371094
8703748,2018,2018-10-17,1942,2018-09-15,1005,36722,1243,6,5,7,1942,0,0,0,L,0,12A45,S WESTERN AV,W 66TH ST,0,NA,Y,A,-,N,NA,NA,NA,NA,NA,NA,NA,NA,NA,Y,4,0,1,2,A,-,09,21802,A,N,D,C,A,A,H,-,A,A,0,NA,NA,NA,NA,Y,NA,A,01,0,0,1,0,0,0,0,0,0,-,-,NA,NA,LOS ANGELES,LOS ANGELES,-118.30896759033205,33.97911071777344
8703762,2018,2018-10-03,1942,2018-09-02,1445,41941,1801,7,5,7,1942,0,0,0,R,0,18A41,MANCHESTER,MAIN,100,W,N,A,-,N,NA,NA,NA,NA,NA,NA,NA,NA,NA,Y,4,0,1,2,A,-,08,22107,NA,N,B,C,A,A,H,-,A,A,0,NA,NA,NA,NA,Y,NA,A,01,0,0,1,0,0,0,0,0,0,-,-,NA,NA,LOS ANGELES,LOS ANGELES,-118.27420806884766,33.96009063720703
8703782,2018,2018-11-02,1929,2018-09-16,1432,206,SW,7,5,3,1929,0,0,0,NA,0,001,HERMOSA AV,13TH ST,62,N,N,A,-,N,NA,NA,NA,NA,NA,NA,NA,NA,NA,N,4,0,1,3,A,-,06,21755,A,N,B,G,A,A,H,-,A,A,0,NA,Y,NA,NA,Y,NA,L,04,0,0,1,0,0,0,1,0,0,-,-,NA,NA,LOS ANGELES,HERMOSA BEACH,-118.40032196044922,33.863136291503906
8703787,2018,2018-10-05,1942,2018-08-11,2210,41800,1804,6,5,7,1942,0,0,0,R,0,18A3,CENTRAL AV,87TH PL,50,N,N,A,-,N,NA,NA,NA,NA,NA,NA,NA,NA,NA,N,4,0,1,2,A,-,10,21950,C,N,B,B,C,A,H,-,C,D,0,Y,NA,NA,NA,Y,NA,A,01,0,0,1,0,1,0,0,0,0,-,-,NA,NA,LOS ANGELES,LOS ANGELES,-118.25641632080078,33.95847702026367
8703807,2018,2018-10-05,1942,2018-08-24,0815,43262,1837,5,5,7,1942,0,0,0,R,0,18A1,GRANDEE AV,114TH ST,0,NA,Y,B,-,N,NA,NA,NA,NA,NA,NA,NA,NA,NA,N,4,0,2,2,A,-,09,21800,B,N,D,C,A,A,H,-,A,D,0,NA,NA,NA,NA,Y,NA,A,01,0,0,2,0,0,0,0,0,0,-,-,NA,NA,LOS ANGELES,LOS ANGELES,-118.24347686767578,33.931121826171875
8703811,2018,2018-10-05,1942,2018-08-22,2015,38329,1862,3,5,7,1942,0,0,0,R,0,18H45,GRAND AV,113TH ST,20,S,N,A,-,N,NA,NA,NA,NA,NA,NA,NA,NA,NA,Y,4,0,1,1,A,-,03,22350,NA,N,A,J,A,A,D,-,C,D,0,NA,NA,NA,NA,Y,NA,A,07,0,0,1,0,0,0,0,0,0,-,-,NA,NA,LOS ANGELES,LOS ANGELES,-118.28170776367188,33.93193435668945
8703818,2018,2018-10-03,1942,2018-09-11,1625,43040,1832,2,5,7,1942,0,0,0,R,0,NA,104TH ST,WALL ST,0,NA,Y,A,-,N,NA,NA,NA,NA,NA,NA,NA,NA,NA,Y,3,0,3,2,A,-,12,22450,A,N,D,C,A,A,H,-,A,A,0,NA,NA,NA,NA,Y,NA,A,01,0,1,2,0,0,0,0,0,0,-,-,NA,NA,LOS ANGELES,LOS ANGELES,-118.27171325683594,33.94194030761719
8703819,2018,2018-11-05,1942,2018-08-17,2100,42946,1942,5,5,7,1942,0,0,0,NA,0,1823,AVALON,103RD ST,10,N,N,A,-,N,NA,NA,NA,NA,NA,NA,NA,NA,NA,N,3,0,1,2,A,-,10,21950,A,N,G,B,B,A,H,-,C,A,0,Y,NA,NA,NA,Y,NA,-,-,0,1,0,0,1,0,0,0,0,-,-,NA,NA,LOS ANGELES,LOS ANGELES,-118.2651824951172,33.94287872314453
8703822,2018,2018-10-03,1942,2018-09-11,1830,42809,1881,2,5,7,1942,0,0,0,R,0,18X96,ORCHARD AV,REDONDO BEACH BL,0,NA,Y,A,-,N,NA,NA,NA,NA,NA,NA,NA,NA,NA,Y,4,0,1,2,A,-,09,21801,NA,N,D,C,A,A,H,-,A,A,0,NA,NA,NA,NA,Y,NA,A,01,0,0,1,0,0,0,0,0,0,-,-,NA,NA,LOS ANGELES,LOS ANGELES,-118.288330078125,33.892578125
8703823,2018,2018-10-05,1942,2018-08-16,1530,41483,1831,4,5,7,1942,0,0,0,R,0,NA,EL SEGUNDO BL,HARBOR FWY,0,NA,N,A,-,N,NA,NA,NA,NA,NA,NA,NA,NA,NA,N,4,0,1,3,A,-,03,22350,NA,N,C,C,A,A,H,-,A,A,0,NA,NA,NA,NA,Y,NA,A,01,0,0,1,0,0,0,0,0,0,-,-,NA,NA,LOS ANGELES,LOS ANGELES,-118.28564,33.91642
8703826,2018,2018-12-28,1942,2018-09-12,0225,39656,1881,3,5,7,1942,0,0,0,R,0,18A97,REDONDO BEACH BL,RT 110,0,NA,Y,A,-,Y,LA,7,110,-,-,11.376,R,4,S,Y,3,0,1,2,A,-,12,21453,A,N,F,C,A,A,-,-,C,A,0,NA,NA,NA,NA,Y,NA,A,01,0,1,0,0,0,0,0,0,0,-,-,NA,NA,LOS ANGELES,LOS ANGELES,-118.28597259521484,33.894683837890625
8703827,2018,2018-10-05,1942,2018-08-27,0140,42247,1861,1,5,7,1942,0,0,0,R,0,18X96,120TH ST,HOOVER ST,100,W,N,A,-,N,NA,NA,NA,NA,NA,NA,NA,NA,NA,N,4,0,2,3,A,-,07,21658,NA,N,C,E,A,A,H,-,C,D,0,NA,NA,NA,NA,Y,NA,A,01,0,0,2,0,0,0,0,0,0,-,-,NA,NA,LOS ANGELES,LOS ANGELES,-118.28733825683594,33.923709869384766
8703830,2018,2018-11-01,1942,2018-09-12,1310,40440,1881,3,5,7,1942,0,0,0,R,0,18A97,S VERMONT AV,W ALONDRA BL,0,NA,Y,A,-,N,NA,NA,NA,NA,NA,NA,NA,NA,NA,Y,3,0,2,2,A,-,12,21453,A,N,D,C,A,A,H,-,A,A,0,NA,NA,NA,NA,Y,NA,-,-,0,2,0,0,0,0,0,0,0,-,-,NA,NA,LOS ANGELES,LOS ANGELES,-118.29139709472656,33.88521957397461
8703831,2018,2018-11-05,1942,2018-08-10,1530,42661,1842,5,5,7,1942,0,0,0,R,0,18A41,BROADWAY,109TH PL,0,NA,Y,A,-,N,NA,NA,NA,NA,NA,NA,NA,NA,NA,N,3,0,5,2,A,-,04,21703,NA,N,C,C,A,A,H,-,A,D,0,NA,NA,NA,NA,Y,NA,A,01,0,1,4,0,0,0,0,0,0,-,-,NA,NA,LOS ANGELES,LOS ANGELES,-118.27838134765624,33.93650817871094
8703834,2018,2018-10-03,1942,2018-09-13,1955,41870,1862,4,5,7,1942,0,0,0,R,0,18A63,S MAIN ST,117TH ST,72,N,N,A,-,N,NA,NA,NA,NA,NA,NA,NA,NA,NA,N,3,0,1,2,A,-,11,21954,A,N,G,B,D,A,H,-,C,D,0,Y,NA,NA,NA,Y,NA,N,60,0,1,0,0,1,0,0,0,0,-,-,NA,NA,LOS ANGELES,LOS ANGELES,-118.2739028930664,33.92759704589844
8703838,2018,2018-11-06,1951,2018-09-22,1617,746,706,6,5,3,1951,0,0,0,NA,0,002,PALOS VERDES DR W,DEL MAR WY,235,N,N,A,-,N,NA,NA,NA,NA,NA,NA,NA,NA,NA,Y,3,0,1,2,A,-,05,21460,A,N,D,C,A,A,H,-,A,D,0,NA,NA,Y,NA,Y,NA,C,02,0,1,0,0,0,0,0,0,1,-,-,NA,NA,LOS ANGELES,PALOS VERDES EST,-118.40992736816406,33.788841247558594
8703857,2018,2018-10-08,1900,2018-08-09,2107,629461,1126,4,5,6,1992,0,0,0,NA,0,111T1,10TH ST WEST,AVENUE K-8,0,NA,Y,A,-,N,NA,NA,NA,NA,NA,NA,NA,NA,NA,Y,4,0,2,3,A,-,09,21801,A,N,D,C,A,A,H,-,C,A,0,NA,NA,NA,NA,Y,NA,A,08,0,0,2,0,0,0,0,0,0,-,-,NA,NA,LOS ANGELES,LANCASTER,-118.1478271484375,34.6675910949707
8703861,2018,2018-10-08,1900,2018-08-18,2342,629461,1121,6,5,6,1992,0,0,0,NA,0,111T1,10TH ST WEST,AVENUE H-8,0,NA,Y,A,-,N,NA,NA,NA,NA,NA,NA,NA,NA,NA,N,3,0,1,2,A,-,12,22450,A,N,D,J,A,A,H,-,C,D,0,NA,NA,Y,NA,Y,NA,C,03,0,1,0,0,0,0,0,0,1,-,-,NA,NA,LOS ANGELES,LANCASTER,-118.14826965332033,34.710838317871094
8703865,2018,2018-10-08,1900,2018-08-19,2345,629461,1123,7,5,6,1992,0,0,0,NA,0,111T1,SIERRA HWY,AVENUE J-8,778,S,N,A,-,N,NA,NA,NA,NA,NA,NA,NA,NA,NA,Y,3,0,1,2,A,-,11,21954,A,N,G,B,D,A,H,-,C,D,0,Y,NA,NA,NA,Y,NA,N,60,0,1,0,0,1,0,0,0,0,-,-,NA,NA,LOS ANGELES,LANCASTER,-118.13367462158205,34.6800537109375
8703869,2018,2018-10-08,1900,2018-08-27,1814,629461,1122,1,5,6,1992,0,0,0,NA,0,111T1,10TH ST WEST,LANCASTER BL,508,N,N,A,-,N,NA,NA,NA,NA,NA,NA,NA,NA,NA,N,4,0,1,2,A,-,09,21804,A,N,D,G,A,A,H,-,A,D,0,NA,Y,NA,NA,Y,NA,L,04,0,0,1,0,0,0,1,0,0,-,-,NA,NA,LOS ANGELES,LANCASTER,-118.14807891845705,34.698551177978516
8703877,2018,2018-10-26,1942,2018-08-30,1705,41592,2146,4,5,7,1942,0,0,0,NA,0,21A42,SHERMAN WY,JORDAN AV,0,NA,N,A,-,N,NA,NA,NA,NA,NA,NA,NA,NA,NA,Y,3,0,5,4,A,-,09,21801,A,N,D,B,F,A,H,-,A,A,0,Y,NA,NA,NA,Y,NA,A,01,0,5,0,0,2,0,0,0,0,-,-,NA,NA,LOS ANGELES,LOS ANGELES,-118.60285186767578,34.201019287109375
8703881,2018,2018-10-08,1942,2018-08-26,1855,43226,2158,7,5,7,1942,0,0,0,NA,0,21A2,DE SOTO AV,OXNARD ST,0,NA,Y,A,-,N,NA,NA,NA,NA,NA,NA,NA,NA,NA,Y,3,0,2,2,A,-,09,21801,A,N,B,C,A,A,H,-,A,A,0,NA,NA,NA,NA,Y,NA,A,01,0,1,1,0,0,0,0,0,0,-,-,NA,NA,LOS ANGELES,LOS ANGELES,-118.59039306640624,34.17924118041992