CASE_ID,ACCIDENT_YEAR,PROC_DATE,JURIS,COLLISION_DATE,COLLISION_TIME,OFFICER_ID,REPORTING_DISTRICT,DAY_OF_WEEK,CHP_SHIFT,POPULATION,CNTY_CITY_LOC,SPECIAL_COND,BEAT_TYPE,CHP_BEAT_TYPE,CITY_DIVISION_LAPD,CHP_BEAT_CLASS,BEAT_NUMBER,PRIMARY_RD,SECONDARY_RD,DISTANCE,DIRECTION,INTERSECTION,WEATHER_1,WEATHER_2,STATE_HWY_IND,CALTRANS_COUNTY,CALTRANS_DISTRICT,STATE_ROUTE,ROUTE_SUFFIX,POSTMILE_PREFIX,POSTMILE,LOCATION_TYPE,RAMP_INTERSECTION,SIDE_OF_HWY,TOW_AWAY,COLLISION_SEVERITY,NUMBER_KILLED,NUMBER_INJURED,PARTY_COUNT,PRIMARY_COLL_FACTOR,PCF_CODE_OF_VIOL,PCF_VIOL_CATEGORY,PCF_VIOLATION,PCF_VIOL_SUBSECTION,HIT_AND_RUN,TYPE_OF_COLLISION,MVIW,PED_ACTION,ROAD_SURFACE,ROAD_COND_1,ROAD_COND_2,LIGHTING,CONTROL_DEVICE,CHP_ROAD_TYPE,PEDESTRIAN_ACCIDENT,BICYCLE_ACCIDENT,MOTORCYCLE_ACCIDENT,TRUCK_ACCIDENT,NOT_PRIVATE_PROPERTY,ALCOHOL_INVOLVED,STWD_VEHTYPE_AT_FAULT,CHP_VEHTYPE_AT_FAULT,COUNT_SEVERE_INJ,COUNT_VISIBLE_INJ,COUNT_COMPLAINT_PAIN,COUNT_PED_KILLED,COUNT_PED_INJURED,COUNT_BICYCLIST_KILLED,COUNT_BICYCLIST_INJURED,COUNT_MC_KILLED,COUNT_MC_INJURED,PRIMARY_RAMP,SECONDARY_RAMP,LATITUDE,LONGITUDE,COUNTY,CITY,POINT_X,POINT_Y
8712620,2018,2018-10-22,1942,2018-09-27,1330,34332,2088,4,5,7,1942,0,0,0,NA,0,20A97,S HOOVER ST,18TH ST,215,S,N,A,-,N,NA,NA,NA,NA,NA,NA,NA,NA,NA,N,4,0,1,2,A,-,11,21954,A,N,D,B,E,A,D,-,A,A,0,Y,NA,NA,NA,Y,NA,N,60,0,0,1,0,1,0,0,0,0,-,-,NA,NA,LOS ANGELES,LOS ANGELES,-118.28414154052734,34.04124069213867
8712624,2018,2018-10-22,1942,2018-09-27,1625,40099,0299,4,5,7,1942,0,0,0,B,0,2A92,WEST WASHINGTON BL,S UNION AV,0,NA,Y,A,-,N,NA,NA,NA,NA,NA,NA,NA,NA,NA,Y,4,0,2,2,A,-,09,21801,A,N,D,C,A,A,H,-,A,A,0,NA,NA,NA,NA,Y,NA,A,01,0,0,2,0,0,0,0,0,0,-,-,NA,NA,LOS ANGELES,LOS ANGELES,-118.28115844726564,34.038509368896484
8712628,2018,2018-10-22,1942,2018-09-23,1929,41661,0238,7,5,7,1942,0,0,0,B,0,2A39,COLTON ST,BOYLSTON ST,70,NA,N,A,-,N,NA,NA,NA,NA,NA,NA,NA,NA,NA,Y,4,0,1,3,A,-,12,22450,A,N,A,-,A,A,H,-,B,D,0,NA,NA,NA,NA,Y,NA,A,01,0,0,1,0,0,0,0,0,0,-,-,NA,NA,LOS ANGELES,LOS ANGELES,-118.25444793701172,34.06214904785156
8712631,2018,2018-10-22,1942,2018-09-26,0710,38050,0285,3,5,7,1942,0,0,0,B,0,2A92,W 12TH ST,UNION,4,W,N,B,-,N,NA,NA,NA,NA,NA,NA,NA,NA,NA,N,3,0,1,2,A,-,09,21804,A,N,D,G,A,A,H,-,A,D,0,NA,Y,NA,NA,Y,NA,L,04,0,1,0,0,0,0,1,0,0,-,-,NA,NA,LOS ANGELES,LOS ANGELES,-118.27605438232422,34.04621505737305
8712632,2018,2018-10-22,1942,2018-09-23,1615,40164,0279,7,5,7,1942,0,0,0,B,0,24TL54,WASHINGTON BL,HOOVER ST,0,NA,Y,A,-,N,NA,NA,NA,NA,NA,NA,NA,NA,NA,Y,4,0,2,2,A,-,12,21453,A,N,D,C,A,A,H,-,A,A,0,NA,NA,NA,NA,Y,NA,A,01,0,0,2,0,0,0,0,0,0,-,-,NA,NA,LOS ANGELES,LOS ANGELES,-118.28411865234376,34.03984832763672
8712635,2018,2018-10-22,1942,2018-09-27,1545,40008,0162,4,5,7,1942,0,0,0,A,0,1A61,S HOPE ST,W 7TH ST,35,N,N,A,-,N,NA,NA,NA,NA,NA,NA,NA,NA,NA,N,4,0,1,2,A,-,11,21954,A,N,G,B,D,A,H,-,A,D,0,Y,NA,NA,NA,Y,NA,N,60,0,0,1,0,1,0,0,0,0,-,-,NA,NA,LOS ANGELES,LOS ANGELES,-118.25760650634766,34.048065185546875
8712636,2018,2018-10-22,1942,2018-09-20,0935,30380,0291,4,5,7,1942,0,0,0,B,0,2A92,WEST WASHINGTON BL,S HOOVER ST,0,NA,Y,A,-,N,NA,NA,NA,NA,NA,NA,NA,NA,NA,Y,3,0,1,2,A,-,09,21803,A,N,D,-,A,A,H,-,A,A,0,NA,NA,NA,NA,Y,NA,A,07,0,1,0,0,0,0,0,0,0,-,-,NA,NA,LOS ANGELES,LOS ANGELES,-118.28411865234376,34.03984832763672
8712639,2018,2018-10-22,1942,2018-09-30,2000,38050,0144,7,5,7,1942,0,0,0,A,0,1A35,S MAIN ST,WINSTON ST,75,N,N,A,-,N,NA,NA,NA,NA,NA,NA,NA,NA,NA,N,3,0,1,2,A,-,11,21955,NA,N,G,B,D,A,H,-,C,D,0,Y,NA,NA,NA,Y,NA,N,60,0,1,0,0,1,0,0,0,0,-,-,NA,NA,LOS ANGELES,LOS ANGELES,-118.24757385253906,34.047752380371094
8712640,2018,2018-10-22,1942,2018-09-23,1000,40275,0271,7,5,7,1942,0,0,0,B,0,2A75,W OLYMPIC BL,S HOOVER ST,0,NA,Y,A,-,N,NA,NA,NA,NA,NA,NA,NA,NA,NA,Y,3,0,2,2,A,-,09,21801,A,N,D,C,A,A,H,-,A,A,0,NA,NA,NA,NA,Y,NA,A,08,0,1,1,0,0,0,0,0,0,-,-,NA,NA,LOS ANGELES,LOS ANGELES,-118.28421783447266,34.052398681640625
8712650,2018,2018-11-27,1925,2018-10-09,1750,21601,255,2,5,6,1925,0,0,0,NA,0,003,COLORADO ST,EVERETT ST,186,W,N,A,-,N,NA,NA,NA,NA,NA,NA,NA,NA,NA,Y,4,0,1,2,A,-,08,22107,NA,N,C,E,A,A,H,-,A,D,0,NA,NA,NA,Y,Y,NA,A,01,0,0,1,0,0,0,0,0,0,-,-,NA,NA,LOS ANGELES,GLENDALE,-118.24617004394533,34.142669677734375
8712695,2018,2018-10-26,1900,2018-10-11,1600,546256,0522,4,5,4,1971,0,0,0,NA,0,53T1PM,ENCINITAS AV,LIVE OAK AV,145,S,N,A,-,N,NA,NA,NA,NA,NA,NA,NA,NA,NA,Y,3,0,1,2,A,-,09,21801,A,N,A,D,A,A,H,-,A,D,0,NA,NA,NA,NA,Y,NA,D,22,0,1,0,0,0,0,0,0,0,-,-,34.101470947265625,-118.06797790527344,LOS ANGELES,TEMPLE CITY,-118.06793212890624,34.10151290893555
8712699,2018,2018-10-25,1900,2018-09-01,0206,609615,0530,6,5,5,1959,0,0,0,NA,0,53EM,MUSCATEL AV,MISSION DR,200,N,N,A,-,N,NA,NA,NA,NA,NA,NA,NA,NA,NA,Y,3,0,1,3,A,-,01,23152,A,N,C,E,A,A,H,-,C,D,0,NA,NA,NA,NA,Y,Y,A,07,0,1,0,0,0,0,0,0,0,-,-,34.08660125732422,-118.0777587890625,LOS ANGELES,ROSEMEAD,-118.07775115966795,34.08656692504883
8712703,2018,2018-10-25,1924,2018-09-18,1224,80400,17,2,5,5,1924,0,0,0,NA,0,8L2D,139TH ST,HALLDALE AV,12,W,N,A,-,N,NA,NA,NA,NA,NA,NA,NA,NA,NA,Y,3,0,1,2,A,-,03,22350,NA,N,B,C,A,A,H,-,A,D,0,NA,NA,Y,Y,Y,NA,C,02,0,1,0,0,0,0,0,0,1,-,-,33.905540466308594,-118.30258178710938,LOS ANGELES,GARDENA,-118.30265045166016,33.905548095703125
8712704,2018,2018-10-26,1900,2018-10-06,1240,135095,2603,6,5,6,1950,0,0,0,NA,0,264T1,35TH ST EAST,AVENUE S,0,NA,Y,A,-,N,NA,NA,NA,NA,NA,NA,NA,NA,NA,N,4,0,1,2,A,-,09,21801,A,N,D,C,A,A,H,-,A,A,0,NA,NA,NA,NA,Y,NA,A,07,0,0,1,0,0,0,0,0,0,-,-,NA,NA,LOS ANGELES,PALMDALE,-118.0673828125,34.558101654052734
8712707,2018,2018-10-24,1924,2018-09-18,1545,80403,G2,2,5,5,1924,0,0,0,NA,0,8L3D,EL SEGUNDO BL,WILTON PL,221,E,N,A,-,N,NA,NA,NA,NA,NA,NA,NA,NA,NA,Y,4,0,2,2,A,-,09,21802,A,N,D,C,A,A,H,-,A,D,0,NA,NA,NA,NA,Y,NA,A,07,0,0,2,0,0,0,0,0,0,-,-,33.91645050048828,-118.3137435913086,LOS ANGELES,GARDENA,-118.3130111694336,33.9162483215332
8712711,2018,2018-10-24,1924,2018-09-19,2223,80431,49,3,5,5,1924,0,0,0,NA,0,8T3,168TH ST,MAYFLOWER CIR,50,W,N,A,-,N,NA,NA,NA,NA,NA,NA,NA,NA,NA,N,3,0,1,2,A,-,11,21954,A,N,G,B,D,A,H,-,C,D,0,Y,NA,NA,NA,Y,Y,N,60,0,1,0,0,1,0,0,0,0,-,-,33.86697006225586,-118.29842376708984,LOS ANGELES,GARDENA,-118.29863739013672,33.87892532348633
8712715,2018,2018-10-25,1924,2018-09-21,1753,80420,G8,5,5,5,1924,0,0,0,NA,0,8A7S,135TH ST,WESTERN AV,300,N,N,A,-,N,NA,NA,NA,NA,NA,NA,NA,NA,NA,Y,4,0,1,2,A,-,03,22350,NA,N,C,C,A,A,H,-,A,D,0,NA,NA,NA,NA,Y,Y,D,22,0,0,1,0,0,0,0,0,0,-,-,33.90911865234375,-118.30911254882813,LOS ANGELES,GARDENA,-118.30912017822266,33.9091796875
8712729,2018,2018-11-16,1907,2018-10-01,1326,241,2,1,5,4,1907,0,0,0,NA,0,NA,FLORENCE AV,SHERMAN WY,38,E,N,A,-,N,NA,NA,NA,NA,NA,NA,NA,NA,NA,N,3,0,1,3,A,-,03,22350,NA,N,C,C,A,A,H,-,A,D,0,NA,NA,NA,NA,Y,NA,A,01,0,1,0,0,0,0,0,0,0,-,-,33.96847915649414,-118.17662048339844,LOS ANGELES,BELL,-118.17598724365234,33.96903991699219
8712758,2018,2018-11-16,1975,2018-10-07,0559,684,CITRU,7,5,6,1975,0,0,0,NA,0,003,SUNSET AV,CAMERON AV,0,NA,Y,A,-,N,NA,NA,NA,NA,NA,NA,NA,NA,NA,Y,4,0,3,2,A,-,12,21453,A,N,D,C,A,A,H,-,C,A,0,NA,NA,NA,NA,Y,NA,A,01,0,0,3,0,0,0,0,0,0,-,-,NA,NA,LOS ANGELES,WEST COVINA,-117.94032287597656,34.06694030761719
8712762,2018,2018-11-16,1975,2018-10-04,0741,1000,CITRU,4,5,6,1975,0,0,0,NA,0,001,AZUSA AV,PUENTE AV,0,NA,Y,A,-,N,NA,NA,NA,NA,NA,NA,NA,NA,NA,Y,3,0,2,4,A,-,03,22350,NA,N,C,C,A,A,H,-,A,A,0,NA,NA,NA,NA,Y,NA,-,NA,0,1,1,0,0,0,0,0,0,-,-,34.082489013671875,-117.90769958496094,LOS ANGELES,WEST COVINA,-117.9078369140625,34.082759857177734
8712766,2018,2018-11-16,1975,2018-10-08,0815,436,CITRU,1,5,6,1975,0,0,0,NA,0,003,CALIFORNIA AV,PLAZA DR,335,W,N,A,-,N,NA,NA,NA,NA,NA,NA,NA,NA,NA,N,4,0,1,2,A,-,03,22350,NA,N,C,C,A,A,H,-,A,D,0,NA,NA,NA,NA,Y,NA,A,01,0,0,1,0,0,0,0,0,0,-,-,NA,NA,LOS ANGELES,WEST COVINA,-117.92886352539064,34.06941223144531
8712770,2018,2018-11-16,1975,2018-10-04,1012,1000,CITRU,4,5,6,1975,0,0,0,NA,0,006,VALLEY BL,NOGALES ST,0,NA,Y,A,-,N,NA,NA,NA,NA,NA,NA,NA,NA,NA,Y,4,0,1,2,D,-,00,NA,NA,N,A,C,A,A,H,-,A,A,0,NA,NA,NA,NA,Y,NA,-,-,0,0,1,0,0,0,0,0,0,-,-,34.002830505371094,-117.8859405517578,LOS ANGELES,WEST COVINA,-117.88768005371094,34.00307083129883
8712783,2018,2018-11-15,1900,2018-10-11,0825,405037,2922,4,5,5,1990,0,0,0,NA,0,292K3,GOLDEN SPRINGS DR,DIAMOND BAR BL,80,E,N,B,-,N,NA,NA,NA,NA,NA,NA,NA,NA,NA,N,4,0,1,2,A,-,03,22350,A,N,C,C,A,A,-,-,A,A,0,NA,NA,NA,NA,Y,NA,A,01,0,0,1,0,0,0,0,0,0,-,-,NA,NA,LOS ANGELES,DIAMOND BAR,-117.80838012695313,34.019065856933594
8712787,2018,2018-11-15,1900,2018-10-09,0226,461784,29220,2,5,5,1990,0,0,0,NA,0,292T1,WILLOW CREEK RD,GOLDEN SPRINGS DR,0,NA,Y,A,-,N,NA,NA,NA,NA,NA,NA,NA,NA,NA,Y,3,0,1,1,A,-,08,22107,NA,N,E,I,A,A,H,-,C,D,0,NA,NA,NA,NA,Y,NA,A,01,0,1,0,0,0,0,0,0,0,-,-,NA,NA,LOS ANGELES,DIAMOND BAR,-117.796630859375,34.03107833862305
8712791,2018,2018-11-15,1900,2018-10-03,0930,281409,2917,3,5,4,1974,0,0,0,NA,0,291K2D,LA PUENTE RD,SAN ROQUE DR,0,NA,Y,B,-,N,NA,NA,NA,NA,NA,NA,NA,NA,NA,Y,4,0,1,2,A,-,09,21802,A,N,D,C,A,B,H,-,A,-,0,NA,NA,NA,NA,Y,NA,A,01,0,0,1,0,0,0,0,0,0,-,-,NA,NA,LOS ANGELES,WALNUT,-117.87313842773438,34.01520919799805
8712816,2018,2018-10-25,1975,2018-09-26,1817,675,NA,3,5,6,1975,0,0,0,NA,0,005,TEMPLE AV,E WOODRIDGE CIR,0,NA,Y,A,-,N,NA,NA,NA,NA,NA,NA,NA,NA,NA,Y,4,0,2,2,A,-,09,21801,NA,N,D,C,A,A,H,-,C,D,0,NA,NA,NA,NA,Y,NA,-,NA,0,0,2,0,0,0,0,0,0,-,-,NA,NA,LOS ANGELES,WEST COVINA,-117.91030883789064,34.028839111328125
8712922,2018,2018-10-26,1900,2018-10-11,1653,612438,0541,4,5,3,1921,0,0,0,NA,0,58T1PM,MOUNTAIN AV,EVERGREEN AV,262,S,N,A,-,N,NA,NA,NA,NA,NA,NA,NA,NA,NA,Y,3,0,1,2,A,-,09,21801,A,N,A,C,A,A,H,-,A,A,0,NA,NA,NA,NA,Y,NA,A,01,0,1,0,0,0,0,0,0,0,-,-,34.134239196777344,-117.98625946044922,LOS ANGELES,DUARTE,-117.986328125,34.13431167602539
8712935,2018,2018-10-22,1923,2018-09-19,0452,499,307,3,5,3,1923,0,0,0,NA,0,NA,MAPLE AV,NASH ST,423,W,N,A,-,N,NA,NA,NA,NA,NA,NA,NA,NA,NA,Y,3,0,1,2,A,-,03,22350,NA,N,C,E,A,A,H,-,C,D,0,NA,NA,NA,NA,Y,NA,A,01,0,1,0,0,0,0,0,0,0,-,-,33.92692184448242,-118.3875732421875,LOS ANGELES,EL SEGUNDO,-118.3888702392578,33.92689895629883
8712939,2018,2018-10-22,1923,2018-09-04,2223,512,E107,2,5,3,1923,0,0,0,NA,0,3L6M,WALNUT AV,VIRGINIA ST,60,W,N,A,-,N,NA,NA,NA,NA,NA,NA,NA,NA,NA,Y,3,0,1,2,A,-,01,23152,A,N,A,E,A,A,H,-,C,A,0,NA,NA,NA,NA,Y,Y,A,01,0,1,0,0,0,0,0,0,0,-,-,33.92890930175781,-118.41951751708984,LOS ANGELES,EL SEGUNDO,-118.41973114013672,33.92890930175781
8712943,2018,2018-10-22,1907,2018-09-30,1737,241,2,7,5,4,1907,0,0,0,NA,0,NA,GAGE AV,HOME AV,15,E,N,A,-,N,NA,NA,NA,NA,NA,NA,NA,NA,NA,Y,3,0,2,2,A,-,09,21802,NA,N,D,C,A,A,H,-,A,D,0,NA,NA,NA,NA,Y,NA,A,01,0,1,1,0,0,0,0,0,0,-,-,33.9764289855957,-118.17224884033205,LOS ANGELES,BELL,-118.17218780517578,33.976585388183594
8712948,2018,2018-10-29,1929,2018-09-26,1650,173,NA,3,5,3,1929,0,0,0,NA,0,003,PACIFIC COAST HWY,PACIFIC COAST HWY 1601,0,NA,N,A,-,N,NA,NA,NA,NA,NA,NA,NA,NA,NA,N,3,0,1,2,A,-,-,NA,NA,F,G,B,E,A,H,-,C,A,0,Y,NA,NA,NA,Y,NA,A,01,0,1,0,0,1,0,0,0,0,-,-,NA,NA,LOS ANGELES,HERMOSA BEACH,-118.393643,33.866972
8712952,2018,2018-10-29,1929,2018-09-17,1828,10204,SOUTH,1,5,3,1929,0,0,0,NA,0,002,MANHATTAN AV,19TH ST,0,NA,Y,A,-,N,NA,NA,NA,NA,NA,NA,NA,NA,NA,N,3,0,1,2,A,-,12,22450,A,N,D,C,A,A,H,-,A,A,0,NA,NA,Y,NA,Y,NA,A,01,0,1,0,0,0,0,0,0,1,-,-,NA,NA,LOS ANGELES,HERMOSA BEACH,-118.40084838867188,33.86748123168945
8712961,2018,2018-11-02,1925,2018-10-06,0337,27526,145,6,5,6,1925,0,0,0,NA,0,004,DEL MONTE DR,ROYAL BL,740,E,N,A,-,N,NA,NA,NA,NA,NA,NA,NA,NA,NA,Y,4,0,1,1,A,-,03,22350,NA,N,-,I,A,A,H,-,C,D,0,NA,NA,NA,NA,Y,NA,A,01,0,0,1,0,0,0,0,0,0,-,-,NA,NA,LOS ANGELES,GLENDALE,-118.2317352294922,34.16724395751953
8712965,2018,2018-11-02,1925,2018-10-10,2132,19980,159,3,5,6,1925,0,0,0,NA,0,004,HARVEY DR,GLENOAKS BL,20,S,N,A,-,N,NA,NA,NA,NA,NA,NA,NA,NA,NA,Y,4,0,1,2,A,-,03,22350,NA,N,C,C,A,A,H,-,C,A,0,NA,NA,NA,NA,Y,NA,A,01,0,0,1,0,0,0,0,0,0,-,-,NA,NA,LOS ANGELES,GLENDALE,-118.22608947753906,34.15251922607422
8712969,2018,2018-11-02,1925,2018-10-14,1219,27526,218,7,5,6,1925,0,0,0,NA,0,002,SALEM ST,KENILWORTH AV,0,NA,Y,B,-,N,NA,NA,NA,NA,NA,NA,NA,NA,NA,Y,4,0,1,2,A,-,09,21802,A,N,D,C,A,A,H,-,A,D,0,NA,NA,NA,NA,Y,NA,A,01,0,0,1,0,0,0,0,0,0,-,-,NA,NA,LOS ANGELES,GLENDALE,-118.26600646972656,34.14889144897461
8712973,2018,2018-11-02,1925,2018-10-12,1216,14545,248,5,5,6,1925,0,0,0,NA,0,003,COLORADO ST,BRAND BL,75,E,N,A,-,N,NA,NA,NA,NA,NA,NA,NA,NA,NA,Y,4,0,1,2,A,-,09,21801,A,N,D,-,A,A,H,-,A,A,0,NA,NA,NA,NA,Y,NA,A,01,0,0,1,0,0,0,0,0,0,-,-,NA,NA,LOS ANGELES,GLENDALE,-118.25505065917967,34.14255905151367
8712977,2018,2018-11-02,1925,2018-10-12,2100,25703,155,5,5,6,1925,0,0,0,NA,0,004,BROADWAY,COLUMBUS,0,NA,Y,C,-,N,NA,NA,NA,NA,NA,NA,NA,NA,NA,N,4,0,1,2,A,-,05,21650,1,N,D,G,A,B,H,-,B,A,0,NA,Y,NA,NA,Y,NA,L,NA,0,0,1,0,0,0,1,0,0,-,-,NA,NA,LOS ANGELES,GLENDALE,-118.26132965087892,34.14685821533203
8712981,2018,2018-11-02,1900,2018-10-03,2015,546256,531,3,5,5,1959,0,0,0,NA,0,53T1PM,BARTLETT AV,NORWOOD PL,0,NA,Y,B,-,N,NA,NA,NA,NA,NA,NA,NA,NA,NA,N,3,0,2,2,A,-,09,21801,A,N,D,D,A,A,H,-,C,D,0,NA,NA,Y,NA,Y,NA,A,01,0,2,0,0,0,0,0,0,2,-,-,34.07603073120117,-118.08000946044922,LOS ANGELES,ROSEMEAD,-118.07997131347656,34.0760383605957
8712985,2018,2018-11-02,1900,2018-10-03,1425,546256,0530,3,5,5,1959,0,0,0,NA,0,53T1PM,VALLEY BL,MUSCATEL AV,0,NA,Y,B,-,N,NA,NA,NA,NA,NA,NA,NA,NA,NA,Y,4,0,4,2,A,-,09,21801,A,N,A,D,A,A,H,-,A,A,0,NA,NA,NA,NA,Y,NA,A,01,0,0,4,0,0,0,0,0,0,-,-,34.080711364746094,-118.07763671875,LOS ANGELES,ROSEMEAD,-118.07762145996094,34.08068084716797
8712989,2018,2018-11-02,1900,2018-10-05,1801,530855,523,5,5,4,1971,0,0,0,NA,0,52T1PM,LAS TUNAS DR,CLOVERLY AV,0,NA,Y,A,-,N,NA,NA,NA,NA,NA,NA,NA,NA,NA,N,4,0,2,2,A,-,09,21801,A,N,D,C,A,A,H,-,A,A,0,NA,NA,NA,NA,Y,NA,A,01,0,0,2,0,0,0,0,0,0,-,-,34.106300354003906,-118.06320190429688,LOS ANGELES,TEMPLE CITY,-118.063720703125,34.10628890991211
8712993,2018,2018-11-02,1900,2018-10-12,1230,546256,560,5,5,3,1968,0,0,0,NA,0,55T1PM,KLINGERMAN ST,EDWARDS AV,316,E,N,A,-,N,NA,NA,NA,NA,NA,NA,NA,NA,NA,Y,3,0,1,2,C,-,18,NA,NA,N,A,E,A,A,H,-,A,D,0,NA,NA,NA,NA,Y,NA,-,-,0,1,0,0,0,0,0,0,0,-,-,34.055519104003906,-118.04802703857422,LOS ANGELES,SOUTH EL MONTE,-118.04805755615234,34.05548095703125
8712997,2018,2018-11-02,1900,2018-10-07,1500,487834,0532,7,5,5,1959,0,0,0,NA,0,53T1PM,LAFAYETTE ST,HELLMAN AV,40,N,N,A,-,N,NA,NA,NA,NA,NA,NA,NA,NA,NA,N,4,0,1,2,A,-,21,22106,NA,N,B,C,A,A,H,-,A,D,0,NA,NA,NA,NA,Y,NA,A,01,0,0,1,0,0,0,0,0,0,-,-,34.070068359375,-118.09410858154295,LOS ANGELES,ROSEMEAD,-118.09410095214844,34.07001876831055
8713013,2018,2018-11-02,1900,2018-10-01,1303,551881,1414,1,5,1,1932,0,0,0,NA,0,141T3,HACIENDA BL,VALLEY BL,106,S,N,C,-,N,NA,NA,NA,NA,NA,NA,NA,NA,NA,N,4,0,1,1,C,-,18,NA,NA,N,F,I,A,A,G,-,A,D,0,NA,NA,Y,NA,Y,NA,-,-,0,0,1,0,0,0,0,0,1,-,-,34.019371032714844,-117.95879364013672,LOS ANGELES,INDUSTRY,-117.95838928222656,34.019554138183594
8713025,2018,2018-11-02,1900,2018-10-11,0420,541624,2922,4,5,5,1990,0,0,0,NA,0,292K2,GRAND AV,CAHILL PL,21,N,N,B,-,N,NA,NA,NA,NA,NA,NA,NA,NA,NA,Y,4,0,1,1,A,-,08,22107,NA,N,A,I,A,A,H,-,C,D,0,NA,NA,NA,NA,Y,Y,A,01,0,0,1,0,0,0,0,0,0,-,-,NA,NA,LOS ANGELES,DIAMOND BAR,-117.8166046142578,34.00309371948242
8713029,2018,2018-11-02,1900,2018-10-13,1713,476235,2928,6,5,5,1990,0,0,0,NA,0,292K2,BREA CANYON RD,GOLDEN SPRINGS DR,58,N,N,A,-,N,NA,NA,NA,NA,NA,NA,NA,NA,NA,Y,4,0,1,2,A,-,09,21804,A,N,D,C,A,A,H,-,B,D,0,NA,NA,Y,NA,Y,NA,A,01,0,0,1,0,0,0,0,0,1,-,-,NA,NA,LOS ANGELES,DIAMOND BAR,-117.84442138671876,34.00005340576172
8713032,2018,2018-10-25,1925,2018-10-01,1601,21995,217,1,5,6,1925,0,0,0,NA,0,002,WILSON AVE,CONCORD ST,0,NA,Y,A,-,N,NA,NA,NA,NA,NA,NA,NA,NA,NA,N,4,0,1,2,A,-,03,22350,NA,N,C,C,A,A,H,-,A,A,0,NA,NA,NA,NA,Y,NA,A,08,0,0,1,0,0,0,0,0,0,-,-,NA,NA,LOS ANGELES,GLENDALE,-118.27114105224608,34.14794158935547
8713049,2018,2018-10-24,1925,2018-09-30,1024,27526,1,7,5,6,1925,0,0,0,NA,0,168,CENTRAL AV,STOCKER ST,0,NA,Y,A,-,N,NA,NA,NA,NA,NA,NA,NA,NA,NA,N,3,0,1,2,A,-,10,21950,A,N,G,B,B,A,H,-,A,-,0,Y,NA,NA,NA,Y,NA,A,01,0,1,0,0,1,0,0,0,0,-,-,NA,NA,LOS ANGELES,GLENDALE,-118.2568817138672,34.163700103759766
8713053,2018,2018-10-24,1925,2018-09-29,1006,27346,128,6,5,6,1925,0,0,0,NA,0,005,ANGELUS AV,SUNVIEW DR,0,NA,Y,A,-,N,NA,NA,NA,NA,NA,NA,NA,NA,NA,N,4,0,1,3,A,-,08,22107,NA,N,D,C,A,A,H,-,A,D,0,NA,NA,NA,NA,Y,NA,A,01,0,0,1,0,0,0,0,0,0,-,-,NA,NA,LOS ANGELES,GLENDALE,-118.23438262939452,34.202880859375
8713057,2018,2018-10-24,1924,2018-09-28,1708,80434,G11,5,5,5,1924,0,0,0,NA,0,0G2,EL SEGUNDO BL,VERMONT AV,299,W,N,A,-,N,NA,NA,NA,NA,NA,NA,NA,NA,NA,N,4,0,2,3,A,-,03,22350,NA,F,C,C,A,A,H,-,A,D,0,NA,NA,NA,NA,Y,NA,-,NA,0,0,2,0,0,0,0,0,0,-,-,33.866371154785156,-118.29176330566406,LOS ANGELES,GARDENA,-118.29282379150392,33.916419982910156
8713061,2018,2018-10-24,1924,2018-09-26,1600,80382,G40,3,5,5,1924,0,0,0,NA,0,8L6D,NORMANDIE AV,160TH ST,0,NA,Y,A,-,N,NA,NA,NA,NA,NA,NA,NA,NA,NA,N,4,0,1,2,A,-,09,21801,A,N,D,C,A,A,H,-,A,D,0,NA,NA,NA,NA,Y,NA,A,08,0,0,1,0,0,0,0,0,0,-,-,33.885719299316406,-118.2995376586914,LOS ANGELES,GARDENA,-118.29950714111328,33.885719299316406
8713065,2018,2018-10-24,1924,2018-09-22,0236,80331,09,6,5,5,1924,0,0,0,NA,0,002,NORMANDIE AV,132ND ST,0,NA,Y,A,-,N,NA,NA,NA,NA,NA,NA,NA,NA,NA,N,4,0,1,2,A,-,08,22107,NA,F,D,C,A,A,H,-,C,A,0,NA,NA,NA,NA,Y,NA,-,99,0,0,1,0,0,0,0,0,0,-,-,33.912628173828125,-118.30039215087892,LOS ANGELES,GARDENA,-118.30040740966795,33.912620544433594
8713069,2018,2018-10-24,1924,2018-09-21,1147,80434,G10,5,5,5,1924,0,0,0,NA,0,0G2,BUDLONG AV,EL SEGUNDO BL,13,W,N,A,-,N,NA,NA,NA,NA,NA,NA,NA,NA,NA,N,3,0,3,2,C,-,18,NA,NA,N,C,C,A,A,H,-,A,A,0,NA,NA,NA,NA,Y,NA,-,-,0,1,2,0,0,0,0,0,0,-,-,33.91643142700195,-118.29637145996094,LOS ANGELES,GARDENA,-118.2964096069336,33.916439056396484