CASE_ID,ACCIDENT_YEAR,PROC_DATE,JURIS,COLLISION_DATE,COLLISION_TIME,OFFICER_ID,REPORTING_DISTRICT,DAY_OF_WEEK,CHP_SHIFT,POPULATION,CNTY_CITY_LOC,SPECIAL_COND,BEAT_TYPE,CHP_BEAT_TYPE,CITY_DIVISION_LAPD,CHP_BEAT_CLASS,BEAT_NUMBER,PRIMARY_RD,SECONDARY_RD,DISTANCE,DIRECTION,INTERSECTION,WEATHER_1,WEATHER_2,STATE_HWY_IND,CALTRANS_COUNTY,CALTRANS_DISTRICT,STATE_ROUTE,ROUTE_SUFFIX,POSTMILE_PREFIX,POSTMILE,LOCATION_TYPE,RAMP_INTERSECTION,SIDE_OF_HWY,TOW_AWAY,COLLISION_SEVERITY,NUMBER_KILLED,NUMBER_INJURED,PARTY_COUNT,PRIMARY_COLL_FACTOR,PCF_CODE_OF_VIOL,PCF_VIOL_CATEGORY,PCF_VIOLATION,PCF_VIOL_SUBSECTION,HIT_AND_RUN,TYPE_OF_COLLISION,MVIW,PED_ACTION,ROAD_SURFACE,ROAD_COND_1,ROAD_COND_2,LIGHTING,CONTROL_DEVICE,CHP_ROAD_TYPE,PEDESTRIAN_ACCIDENT,BICYCLE_ACCIDENT,MOTORCYCLE_ACCIDENT,TRUCK_ACCIDENT,NOT_PRIVATE_PROPERTY,ALCOHOL_INVOLVED,STWD_VEHTYPE_AT_FAULT,CHP_VEHTYPE_AT_FAULT,COUNT_SEVERE_INJ,COUNT_VISIBLE_INJ,COUNT_COMPLAINT_PAIN,COUNT_PED_KILLED,COUNT_PED_INJURED,COUNT_BICYCLIST_KILLED,COUNT_BICYCLIST_INJURED,COUNT_MC_KILLED,COUNT_MC_INJURED,PRIMARY_RAMP,SECONDARY_RAMP,LATITUDE,LONGITUDE,COUNTY,CITY,POINT_X,POINT_Y
8713073,2018,2018-10-24,1924,2018-09-11,0736,80454,G33,2,5,5,1924,0,0,0,NA,0,8L5D,REDONDO BEACH BL,LA SALLE AV,118,E,N,A,-,N,NA,NA,NA,NA,NA,NA,NA,NA,NA,Y,4,0,2,2,A,-,09,21801,B,N,D,C,A,A,H,-,A,D,0,NA,NA,NA,NA,Y,NA,A,01,0,0,2,0,0,0,0,0,0,-,-,33.889488220214844,-118.30615234375,LOS ANGELES,GARDENA,-118.30581665039064,33.88958740234375
8713077,2018,2018-10-24,1924,2018-09-09,1340,80400,19,7,5,5,1924,0,0,0,NA,0,8L2D,ROSECRANS AV,BUDLONG AV,0,NA,Y,A,-,N,NA,NA,NA,NA,NA,NA,NA,NA,NA,N,3,0,2,2,A,-,03,22350,NA,N,C,C,A,A,H,-,A,A,0,NA,NA,NA,NA,Y,NA,A,01,0,1,1,0,0,0,0,0,0,-,-,33.90190124511719,-118.29605102539064,LOS ANGELES,GARDENA,-118.29608154296876,33.90195846557617
8713081,2018,2018-10-24,1924,2018-09-08,1004,80434,G21,6,5,5,1924,0,0,0,NA,0,0G3,MARIGOLD AV,MARINE AV,154,N,N,A,-,N,NA,NA,NA,NA,NA,NA,NA,NA,NA,N,3,0,1,2,A,-,11,21950,B,N,G,B,D,A,H,-,A,D,0,Y,NA,NA,NA,Y,NA,N,60,0,1,0,0,1,0,0,0,0,-,-,33.89466857910156,-118.32376098632813,LOS ANGELES,GARDENA,-118.32379150390624,33.89508056640625
8713085,2018,2018-10-24,1924,2018-09-05,2240,80456,G26,3,5,5,1924,0,0,0,NA,0,0G4,NORMANDIE AV,145TH ST,108,N,N,A,-,N,NA,NA,NA,NA,NA,NA,NA,NA,NA,Y,3,0,1,2,A,-,08,22100,B,N,D,D,A,A,H,-,C,D,0,NA,NA,Y,NA,Y,NA,A,01,0,1,0,0,0,0,0,0,1,-,-,33.90039825439453,-118.30040740966795,LOS ANGELES,GARDENA,-118.30043792724608,33.90067672729492
8713089,2018,2018-10-24,1924,2018-09-05,0927,80434,G34,3,5,5,1924,0,0,0,NA,0,0G4,NORMANDIE AV,MARINE AV,463,S,N,A,-,N,NA,NA,NA,NA,NA,NA,NA,NA,NA,Y,4,0,3,2,A,-,09,21804,A,N,D,C,A,A,H,-,A,D,0,NA,NA,NA,NA,Y,NA,A,01,0,0,3,0,0,0,0,0,0,-,-,33.89466857910156,-118.30042266845705,LOS ANGELES,GARDENA,-118.30045318603516,33.89337921142578
8713092,2018,2018-12-05,1925,2018-10-06,0854,27346,229,6,5,6,1925,0,0,0,NA,0,004,MONTEREY,GLENDALE,0,NA,Y,A,-,N,NA,NA,NA,NA,NA,NA,NA,NA,NA,Y,4,0,1,2,A,-,12,21453,A,N,D,C,A,A,H,-,A,A,0,NA,NA,NA,NA,Y,NA,-,-,0,0,1,0,0,0,0,0,0,-,-,NA,NA,LOS ANGELES,GLENDALE,-118.2419204711914,34.15618896484375
8713093,2018,2018-10-25,1900,2018-09-30,1233,489544,0533,7,5,5,1959,0,0,0,NA,0,63T1,GARVEY AV,SAN GABRIEL BL,17,W,N,A,-,N,NA,NA,NA,NA,NA,NA,NA,NA,NA,Y,3,0,3,3,A,-,09,21804,A,N,D,C,A,A,H,-,A,A,0,NA,NA,NA,NA,Y,NA,A,01,0,3,0,0,0,0,0,0,0,-,-,34.05263900756836,-118.09049987792967,LOS ANGELES,ROSEMEAD,-118.09056854248048,34.06264114379883
8713096,2018,2018-11-26,1925,2018-10-05,1433,25469,154,5,5,6,1925,0,0,0,NA,0,004,E GLENOAKS BL,WALTONIA DR,456,W,N,A,-,N,NA,NA,NA,NA,NA,NA,NA,NA,NA,N,3,0,1,2,A,-,17,22517,NA,N,B,C,A,A,H,-,A,A,0,NA,NA,NA,NA,Y,NA,A,01,0,1,0,0,0,0,0,0,0,-,-,NA,NA,LOS ANGELES,GLENDALE,-118.22157287597656,34.15129470825195
8713100,2018,2018-11-26,1925,2018-10-05,1939,24582,120,5,5,6,1925,0,0,0,NA,0,005,RAMSDELL AV,MONTROSE AV,30,N,N,A,-,N,NA,NA,NA,NA,NA,NA,NA,NA,NA,N,4,0,1,2,A,-,03,22350,NA,N,C,C,A,A,H,-,C,A,0,NA,NA,NA,NA,Y,NA,A,01,0,0,1,0,0,0,0,0,0,-,-,NA,NA,LOS ANGELES,GLENDALE,-118.2443389892578,34.218780517578125
8713113,2018,2018-11-27,1925,2018-09-20,2033,23218,251,4,5,6,1925,0,0,0,NA,0,003,ORANGE GROVE AV,EVERETT ST,0,NA,Y,A,-,N,NA,NA,NA,NA,NA,NA,NA,NA,NA,Y,4,0,2,2,A,-,09,21802,B,N,D,C,A,A,H,-,C,D,0,NA,NA,NA,NA,Y,NA,A,01,0,0,2,0,0,0,0,0,0,-,-,NA,NA,LOS ANGELES,GLENDALE,-118.2455825805664,34.143550872802734
8713116,2018,2018-11-26,1900,2018-10-12,1300,530855,0523,5,5,4,1971,0,0,0,NA,0,052T1A,BALDWIN AV,OLIVE ST,0,NA,Y,A,-,N,NA,NA,NA,NA,NA,NA,NA,NA,NA,Y,3,0,3,2,A,-,09,21801,A,N,A,C,A,A,H,-,A,A,0,NA,NA,NA,NA,Y,NA,A,01,0,1,2,0,0,0,0,0,0,-,-,34.09906005859375,-118.05046081542967,LOS ANGELES,TEMPLE CITY,-118.0505599975586,34.09904098510742
8713120,2018,2018-11-26,1900,2018-10-01,1315,546525,2611,1,5,6,1950,0,0,0,NA,0,262T1,PALMDALE BL,MEDICAL CENTER DR,0,NA,Y,A,-,N,NA,NA,NA,NA,NA,NA,NA,NA,NA,Y,4,0,2,2,A,-,12,21453,A,N,D,C,A,A,H,-,A,A,0,NA,NA,NA,NA,Y,NA,A,07,0,0,2,0,0,0,0,0,0,-,-,NA,NA,LOS ANGELES,PALMDALE,-118.14356994628906,34.585689544677734
8713148,2018,2018-11-05,1942,2018-09-29,1430,42516,1374,6,5,7,1942,0,0,0,M,0,1373,56TH ST,AVALON BL,370,E,N,A,-,N,NA,NA,NA,NA,NA,NA,NA,NA,NA,Y,4,0,1,2,A,-,21,22106,NA,N,C,C,A,A,H,-,A,B,0,NA,NA,NA,NA,Y,NA,D,22,0,0,1,0,0,0,0,0,0,-,-,NA,NA,LOS ANGELES,LOS ANGELES,-118.26398468017578,33.99155807495117
8713152,2018,2018-11-16,1942,2018-09-24,1620,43319,NEWTO,1,5,7,1942,0,0,0,NA,0,13A75,HOOPER AV,56TH ST,0,NA,Y,A,-,N,NA,NA,NA,NA,NA,NA,NA,NA,NA,N,3,0,2,2,A,-,09,21802,A,N,D,C,A,A,H,-,A,-,0,NA,NA,NA,NA,Y,NA,A,01,0,2,0,0,0,0,0,0,0,-,-,NA,NA,LOS ANGELES,LOS ANGELES,-118.25214385986328,33.99205017089844
8713156,2018,2018-11-05,1942,2018-09-28,0935,42270,1303,5,5,7,1942,0,0,0,M,0,13A13,CENTRAL AV,12TH ST,0,NA,Y,A,-,N,NA,NA,NA,NA,NA,NA,NA,NA,NA,N,4,0,1,2,A,-,09,21804,A,N,A,G,A,A,H,-,A,A,0,NA,Y,NA,NA,Y,NA,D,22,0,0,1,0,0,0,1,0,0,-,-,NA,NA,LOS ANGELES,LOS ANGELES,-118.24526977539064,34.03017044067383
8713164,2018,2018-11-05,1942,2018-09-22,1330,38538,13A9,6,5,7,1942,0,0,0,M,0,1309,SANTA FE,OLYMPIC,0,NA,Y,A,-,N,NA,NA,NA,NA,NA,NA,NA,NA,NA,Y,4,0,3,2,A,-,09,21801,A,N,A,C,A,A,H,-,A,A,0,NA,NA,NA,NA,Y,NA,A,07,0,0,3,0,0,0,0,0,0,-,-,NA,NA,LOS ANGELES,LOS ANGELES,-118.22994232177734,34.02561950683594
8713168,2018,2018-11-09,1942,2018-09-30,0720,40882,1347,7,5,7,1942,0,0,0,M,0,13A43,E MARTIN LUTHER KING JR BL,LONG BEACH AV,300,E,N,A,-,N,NA,NA,NA,NA,NA,NA,NA,NA,NA,Y,4,0,1,3,A,-,03,22350,NA,N,C,E,A,A,H,-,A,D,0,NA,NA,NA,NA,Y,NA,D,22,0,0,1,0,0,0,0,0,0,-,-,NA,NA,LOS ANGELES,LOS ANGELES,-118.2432098388672,34.009918212890625
8713184,2018,2018-10-30,1941,2018-10-15,0840,5407,NA,1,5,7,1941,0,0,0,NA,0,NA,FACULTY AV,ARBOR RD,379,S,N,A,-,N,NA,NA,NA,NA,NA,NA,NA,NA,NA,Y,3,0,2,5,A,-,09,21804,A,N,D,C,A,A,H,-,A,A,0,NA,NA,NA,NA,Y,NA,A,01,0,1,1,0,0,0,0,0,0,-,-,NA,NA,LOS ANGELES,LONG BEACH,-118.13717651367188,33.84199905395508
8713198,2018,2018-11-06,1900,2018-09-25,0830,526288,1336,2,5,5,1908,0,0,0,NA,0,133T2,BELLFLOWER BL,BEVERLY ST,25,S,N,A,-,N,NA,NA,NA,NA,NA,NA,NA,NA,NA,N,4,0,1,2,A,-,21,22106,NA,N,C,C,A,A,H,-,A,A,0,NA,NA,NA,NA,Y,NA,A,01,0,0,1,0,0,0,0,0,0,-,-,NA,NA,LOS ANGELES,BELLFLOWER,-118.1252212524414,33.87568283081055
8713199,2018,2018-11-05,1900,2018-09-10,1130,547820,1364,1,5,5,1952,0,0,0,NA,0,136B,SOMERSET BL,ORANGE AV,0,NA,Y,A,-,N,NA,NA,NA,NA,NA,NA,NA,NA,NA,Y,4,0,4,3,A,-,12,21453,A,N,D,C,A,A,H,-,A,A,0,NA,NA,NA,NA,Y,NA,A,07,0,0,4,0,0,0,0,0,0,-,-,NA,NA,LOS ANGELES,PARAMOUNT,-118.17752075195313,33.89636993408203
8713214,2018,2018-10-26,1900,2018-10-07,0730,546525,2619,7,5,6,1950,0,0,0,NA,0,262T1,SIERRA HWY,AVE N,180,N,N,A,-,N,NA,NA,NA,NA,NA,NA,NA,NA,NA,Y,3,0,1,1,A,-,08,22107,NA,N,E,I,A,A,H,-,A,A,0,NA,NA,NA,NA,Y,NA,A,07,0,1,0,0,0,0,0,0,0,-,-,34.636558532714844,-118.1267318725586,LOS ANGELES,PALMDALE,-118.1260223388672,34.63161087036133
8713218,2018,2018-10-26,1900,2018-10-08,1330,443105,2610,1,5,6,1950,0,0,0,NA,0,263T1,10TH ST EAST,AVE Q,629,S,N,A,-,N,NA,NA,NA,NA,NA,NA,NA,NA,NA,Y,4,0,1,2,A,-,08,21460,5,N,D,C,A,A,H,-,A,D,0,NA,NA,NA,NA,Y,NA,A,01,0,0,1,0,0,0,0,0,0,-,-,34.58549880981445,-118.1119384765625,LOS ANGELES,PALMDALE,-118.11199188232422,34.58553695678711
8713221,2018,2018-10-29,1941,2018-09-28,1710,10539,NA,5,5,7,1941,0,0,0,NA,0,NA,SOUTH ST,ORANGE AV,0,NA,Y,A,-,N,NA,NA,NA,NA,NA,NA,NA,NA,NA,Y,4,0,1,4,A,-,08,22107,NA,F,-,C,A,A,H,-,A,A,0,NA,NA,NA,NA,Y,NA,A,NA,0,0,1,0,0,0,0,0,0,-,-,NA,NA,LOS ANGELES,LONG BEACH,-118.17729949951172,33.860111236572266
8713222,2018,2018-10-26,1900,2018-10-04,0754,519514,2607,4,5,6,1950,0,0,0,NA,0,260M5,AVE R-8,50TH ST EAST,0,NA,Y,A,-,N,NA,NA,NA,NA,NA,NA,NA,NA,NA,Y,4,0,1,2,A,-,09,21804,A,N,D,C,A,A,H,-,A,A,0,NA,NA,NA,NA,Y,NA,A,01,0,0,1,0,0,0,0,0,0,-,-,34.56529998779297,-118.04070281982422,LOS ANGELES,PALMDALE,-118.0407,34.56532
8713225,2018,2018-10-29,1941,2018-09-05,1418,5870,NA,3,5,7,1941,0,0,0,NA,0,NA,ATLANTIC AV,MARKET ST,18,S,N,A,-,N,NA,NA,NA,NA,NA,NA,NA,NA,NA,N,4,0,1,2,A,-,05,21202,A,N,D,G,A,A,H,-,A,A,0,NA,Y,NA,NA,Y,NA,L,NA,0,0,1,0,0,0,1,0,0,-,-,NA,NA,LOS ANGELES,LONG BEACH,-118.18499755859376,33.85429000854492
8713226,2018,2018-10-26,1900,2018-10-02,0700,467578,2608,2,5,6,1950,0,0,0,NA,0,262T1,AVE R-8,SAN YSIDRO WY,550,W,N,B,-,N,NA,NA,NA,NA,NA,NA,NA,NA,NA,N,4,0,1,2,A,-,05,21202,A,N,G,G,A,A,H,-,A,D,0,NA,Y,NA,NA,Y,NA,L,04,0,0,1,0,0,0,1,0,0,-,-,34.56568145751953,-118.07034301757813,LOS ANGELES,PALMDALE,-118.07017517089844,34.56556701660156
8713229,2018,2018-10-29,1941,2018-09-30,2100,11234,NA,7,5,7,1941,0,0,0,NA,0,NA,SANTA FE,WILLOW ST,0,NA,Y,A,-,N,NA,NA,NA,NA,NA,NA,NA,NA,NA,Y,4,0,1,3,B,-,22,NA,NA,N,D,C,A,A,H,-,C,A,0,NA,NA,NA,NA,Y,NA,-,-,0,0,1,0,0,0,0,0,0,-,-,NA,NA,LOS ANGELES,LONG BEACH,-118.21552276611328,33.80440139770508
8713230,2018,2018-10-26,1900,2018-10-05,0750,546525,2612,5,5,6,1950,0,0,0,NA,0,262T1,25TH ST WEST,AVE P-8,0,NA,Y,A,-,N,NA,NA,NA,NA,NA,NA,NA,NA,NA,N,4,0,1,2,A,-,10,21950,A,N,G,B,B,A,H,-,A,A,0,Y,NA,NA,NA,Y,NA,A,01,0,0,1,0,1,0,0,0,0,-,-,34.59429168701172,-118.17420196533205,LOS ANGELES,PALMDALE,-118.17413330078124,34.59434127807617
8713234,2018,2018-10-26,1900,2018-10-04,0800,602363,2607,4,5,6,1950,0,0,0,NA,0,262T1,AVE R,50TH ST EAST,0,NA,Y,A,-,N,NA,NA,NA,NA,NA,NA,NA,NA,NA,Y,2,0,2,2,A,-,09,21802,A,N,D,C,A,A,H,-,B,D,0,NA,NA,Y,NA,Y,NA,C,02,1,0,1,0,0,0,0,0,2,-,-,NA,NA,LOS ANGELES,PALMDALE,-118.04058074951172,34.5726318359375
8713273,2018,2018-10-29,1900,2018-09-11,2030,606079,2608,2,5,6,1950,0,0,0,NA,0,263T1,AVE S,25TH ST EAST,0,NA,Y,A,-,N,NA,NA,NA,NA,NA,NA,NA,NA,NA,N,4,0,1,2,A,-,10,21950,A,N,G,B,B,A,H,-,C,A,0,Y,NA,NA,NA,Y,NA,A,01,0,0,1,0,1,0,0,0,0,-,-,NA,NA,LOS ANGELES,PALMDALE,-118.08489227294922,34.55807876586914
8713277,2018,2018-10-29,1900,2018-09-25,2241,601485,2627,2,5,6,1950,0,0,0,NA,0,262T1,AVE M,30TH ST EAST,408,E,N,A,-,N,NA,NA,NA,NA,NA,NA,NA,NA,NA,Y,4,0,1,2,A,-,08,22100,B,N,D,C,A,A,H,-,C,D,0,NA,NA,NA,NA,Y,NA,A,01,0,0,1,0,0,0,0,0,0,-,-,34.645999908447266,-118.07520294189452,LOS ANGELES,PALMDALE,-118.07523345947266,34.64601135253906
8713298,2018,2018-10-29,1942,2018-10-01,0805,37830,0457,1,5,7,1942,0,0,0,D,0,4A53,SOTO ST,CESAR CHAVEZ,100,S,N,A,-,N,NA,NA,NA,NA,NA,NA,NA,NA,NA,N,4,0,1,2,A,-,09,21804,A,F,A,B,C,A,H,-,A,D,0,Y,NA,NA,NA,Y,NA,-,99,0,0,1,0,1,0,0,0,0,-,-,NA,NA,LOS ANGELES,LOS ANGELES,-118.207963,34.046557
8713302,2018,2018-10-29,1942,2018-10-03,1925,39062,1143,3,5,7,1942,0,0,0,K,0,11A71,HYPERION AV,GRIFFITH PARK BL,25,N,N,B,-,N,NA,NA,NA,NA,NA,NA,NA,NA,NA,Y,4,0,2,3,A,-,03,22350,NA,N,B,C,A,A,H,-,C,D,0,NA,NA,NA,NA,Y,NA,A,01,0,0,2,0,0,0,0,0,0,-,-,NA,NA,LOS ANGELES,LOS ANGELES,-118.27229309082033,34.10682678222656
8713306,2018,2018-10-29,1942,2018-10-01,0907,39072,1142,1,5,7,1942,0,0,0,K,0,11A1,AVOCADO ST,HILLHURST AV,130,E,N,A,-,N,NA,NA,NA,NA,NA,NA,NA,NA,NA,N,4,0,1,2,A,-,09,21804,A,N,B,C,A,A,H,-,A,D,0,NA,NA,NA,NA,Y,NA,A,01,0,0,1,0,0,0,0,0,0,-,-,NA,NA,LOS ANGELES,LOS ANGELES,-118.28700256347656,34.110801696777344
8713312,2018,2018-10-30,1941,2018-10-14,1002,11230,NA,7,5,7,1941,0,0,0,NA,0,NA,LEWIS AV,LEWIS AV 2035,0,NA,-,A,-,N,NA,NA,NA,NA,NA,NA,NA,NA,NA,Y,4,0,1,3,A,-,09,21804,A,N,-,C,A,A,H,-,A,D,0,NA,NA,NA,NA,Y,NA,A,NA,0,0,1,0,0,0,0,0,0,-,-,NA,NA,LOS ANGELES,LONG BEACH,-118.179606,33.794201
8713315,2018,2018-10-29,1942,2018-10-13,1620,41805,1213,6,5,7,1942,0,0,0,L,0,12X32,54TH ST,SAINT ANDREWS PL,5,W,N,A,-,N,NA,NA,NA,NA,NA,NA,NA,NA,NA,N,4,0,1,2,A,-,03,22350,NA,F,G,B,D,A,H,-,A,D,0,Y,NA,NA,NA,Y,NA,-,NA,0,0,1,0,1,0,0,0,0,-,-,NA,NA,LOS ANGELES,LOS ANGELES,-118.31137847900392,33.99324035644531
8713319,2018,2018-10-29,1942,2018-10-15,0540,42266,1267,1,5,7,1942,0,0,0,L,0,12A67,BROADWAY,85TH ST,5,N,N,A,-,N,NA,NA,NA,NA,NA,NA,NA,NA,NA,N,2,0,1,2,A,-,10,21950,NA,F,A,B,C,A,-,-,C,A,0,Y,NA,NA,NA,Y,NA,-,99,1,0,0,0,1,0,0,0,0,-,-,NA,NA,LOS ANGELES,LOS ANGELES,-118.278296,33.961526
8713323,2018,2018-10-29,1942,2018-10-07,0240,31324,1259,7,5,7,1942,0,0,0,L,0,12A69,MCKINLEY AV,EAST FLORENCE AV,0,NA,Y,A,-,N,NA,NA,NA,NA,NA,NA,NA,NA,NA,Y,4,0,1,2,A,-,09,21802,A,N,D,C,A,A,H,-,C,D,0,NA,NA,NA,NA,Y,NA,A,01,0,0,1,0,0,0,0,0,0,-,-,NA,NA,LOS ANGELES,LOS ANGELES,-118.26141357421876,33.97473907470703
8713326,2018,2018-11-05,1900,2018-09-14,0800,625056,1337,5,5,5,1908,0,0,0,NA,0,133T1,WOODRUFF AV,WOODRUFF PL,50,N,N,A,-,N,NA,NA,NA,NA,NA,NA,NA,NA,NA,Y,4,0,2,2,A,-,07,21658,A,N,B,C,A,A,H,-,A,D,0,NA,NA,NA,Y,Y,NA,A,07,0,0,2,0,0,0,0,0,0,-,-,33.88726043701172,-118.15470886230467,LOS ANGELES,BELLFLOWER,-118.11717987060548,33.893798828125
8713327,2018,2018-10-29,1941,2018-10-15,2005,11223,NA,1,5,7,1941,0,0,0,NA,0,NA,W SHORELINE DR,S CHESTNUT PL,0,NA,Y,A,-,N,NA,NA,NA,NA,NA,NA,NA,NA,NA,Y,3,0,2,2,A,-,09,21801,B,N,D,C,A,A,H,-,C,A,0,NA,NA,NA,NA,Y,NA,A,NA,0,1,1,0,0,0,0,0,0,-,-,NA,NA,LOS ANGELES,LONG BEACH,-118.19661712646484,33.764991760253906
8713331,2018,2018-10-29,1941,2018-10-15,1650,10037,NA,1,5,7,1941,0,0,0,NA,0,NA,ORANGE AV,SPRING ST,350,N,N,A,-,N,NA,NA,NA,NA,NA,NA,NA,NA,NA,Y,4,0,1,3,A,-,03,22350,A,N,C,C,A,A,H,-,A,D,0,NA,NA,NA,NA,Y,NA,A,NA,0,0,1,0,0,0,0,0,0,-,-,NA,NA,LOS ANGELES,LONG BEACH,-118.17630767822266,33.81264114379883
8713334,2018,2018-11-05,1900,2018-09-23,1320,534813,1348,7,5,3,1903,0,0,0,NA,0,134A,PIONEER BL,178TH ST,100,N,N,A,-,N,NA,NA,NA,NA,NA,NA,NA,NA,NA,N,4,0,2,2,A,-,04,21703,NA,N,C,C,A,A,H,-,A,A,0,NA,NA,NA,NA,Y,NA,D,22,0,0,2,0,0,0,0,0,0,-,-,33.869998931884766,-118.08257293701172,LOS ANGELES,ARTESIA,-118.0822982788086,33.86965560913086
8713339,2018,2018-11-08,1941,2018-10-15,0004,11021,NA,1,5,7,1941,0,0,0,NA,0,NA,4TH ST,HERMOSA AV,0,NA,Y,A,-,N,NA,NA,NA,NA,NA,NA,NA,NA,NA,N,4,0,1,2,A,-,-,NA,I,N,G,B,E,A,H,-,C,D,0,Y,NA,NA,NA,Y,NA,N,NA,0,0,1,0,1,0,0,0,0,-,-,NA,NA,LOS ANGELES,LONG BEACH,-118.1693115234375,33.77170944213867
8713342,2018,2018-11-06,1900,2018-09-25,0656,523037,1365,2,5,5,1952,0,0,0,NA,0,136A,PARAMOUNT BL,PEARLE ST,50,S,N,A,-,N,NA,NA,NA,NA,NA,NA,NA,NA,NA,Y,4,0,2,2,A,-,09,21804,A,M,D,C,A,A,H,-,A,D,0,NA,NA,NA,NA,Y,NA,D,22,0,0,2,0,0,0,0,0,0,-,-,NA,NA,LOS ANGELES,PARAMOUNT,-118.16029357910156,33.908973693847656
8713343,2018,2018-10-29,1941,2018-10-14,1732,5226,NA,7,5,7,1941,0,0,0,NA,0,NA,LONG BEACH BL,9TH ST,126,S,N,A,-,N,NA,NA,NA,NA,NA,NA,NA,NA,NA,Y,2,0,1,2,D,-,00,NA,NA,N,C,E,A,A,H,-,A,D,0,NA,NA,Y,NA,Y,NA,-,-,1,0,0,0,0,0,0,0,1,-,-,NA,NA,LOS ANGELES,LONG BEACH,-118.18948364257813,33.7774543762207
8713347,2018,2018-11-15,1941,2018-10-12,0534,11128,NA,5,5,7,1941,0,0,0,NA,0,NA,ANAHEIM ST,LONG BEACH BL,0,NA,Y,A,-,N,NA,NA,NA,NA,NA,NA,NA,NA,NA,Y,4,0,1,2,-,-,-,NA,NA,N,D,C,A,A,H,-,E,B,0,NA,NA,NA,NA,Y,NA,-,-,0,0,1,0,0,0,0,0,0,-,-,NA,NA,LOS ANGELES,LONG BEACH,-118.18949127197266,33.78261184692383
8713350,2018,2018-11-06,1900,2018-09-13,0440,628749,1337,4,5,5,1908,0,0,0,NA,0,133,ALONDRA BL,WOODRUFF AV,200,W,N,A,-,N,NA,NA,NA,NA,NA,NA,NA,NA,NA,N,4,0,1,2,A,-,09,21804,A,N,B,C,A,A,H,-,C,D,0,NA,NA,NA,NA,Y,NA,D,22,0,0,1,0,0,0,0,0,0,-,-,NA,NA,LOS ANGELES,BELLFLOWER,-118.11804962158205,33.88936233520508
8713351,2018,2019-01-10,1941,2018-10-11,1240,11097,NA,4,5,7,1941,0,0,0,NA,0,NA,RT 710,7TH ST,0,N,N,A,-,Y,LA,7,710,-,-,6.14,H,-,N,Y,3,0,1,1,A,-,07,21658,A,N,B,I,A,A,H,-,A,D,0,NA,NA,NA,NA,Y,NA,A,NA,0,1,0,0,0,0,0,0,0,-,-,NA,NA,LOS ANGELES,LONG BEACH,-118.20711517333984,33.779178619384766
8713355,2018,2018-11-15,1941,2018-10-13,0610,10996,NA,6,5,7,1941,0,0,0,NA,0,NA,WARDLOW RD,RIVER AV,40,E,N,A,C,N,NA,NA,NA,NA,NA,NA,NA,NA,NA,Y,4,0,2,4,A,-,03,22350,NA,N,A,E,A,B,H,-,C,A,0,NA,NA,NA,NA,Y,NA,A,NA,0,0,2,0,0,0,0,0,0,-,-,NA,NA,LOS ANGELES,LONG BEACH,-118.2221908569336,33.82426071166992
8713359,2018,2018-10-29,1941,2018-10-13,0816,10845,NA,6,5,7,1941,0,0,0,NA,0,NA,XIMENO AV,10TH ST,15,S,N,C,-,N,NA,NA,NA,NA,NA,NA,NA,NA,NA,Y,4,0,1,2,A,-,03,22350,NA,N,C,C,A,B,H,-,A,A,0,NA,NA,NA,NA,Y,NA,A,NA,0,0,1,0,0,0,0,0,0,-,-,NA,NA,LOS ANGELES,LONG BEACH,-118.14157104492188,33.778907775878906
8713362,2018,2018-11-29,1900,2018-10-05,2030,625056,1337,5,5,5,1908,0,0,0,NA,0,133,WOODRUFF AV,ROSECRANS AV,300,S,N,A,-,N,NA,NA,NA,NA,NA,NA,NA,NA,NA,Y,4,0,1,3,A,-,08,22107,NA,N,C,E,A,A,-,-,D,D,0,NA,NA,NA,NA,Y,NA,D,22,0,0,1,0,0,0,0,0,0,-,-,NA,NA,LOS ANGELES,BELLFLOWER,-118.11666870117188,33.901206970214844
8713366,2018,2018-11-29,1900,2018-10-08,2015,623020,BELLF,1,5,5,1908,0,0,0,NA,0,133T2,FLOWER ST,ARDMORE AV,40,E,N,A,-,N,NA,NA,NA,NA,NA,NA,NA,NA,NA,Y,4,0,3,2,A,-,09,21804,A,N,D,C,A,A,H,-,C,D,0,NA,NA,NA,NA,Y,NA,D,22,0,0,3,0,0,0,0,0,0,-,-,33.88209915161133,-118.08899688720705,LOS ANGELES,BELLFLOWER,-118.12899780273438,33.882080078125
8713367,2018,2018-12-26,1900,2018-09-18,1835,623044,1360,2,5,5,1952,0,0,0,NA,0,136B,ROSECRANS AV,RT 710,100,E,N,A,-,Y,LA,7,710,-,-,14.761,R,4,N,Y,4,0,2,3,A,-,12,21453,A,N,B,C,A,A,H,-,A,A,0,NA,NA,NA,NA,Y,NA,A,01,0,0,2,0,0,0,0,0,0,-,-,33.903499603271484,-118.18460083007813,LOS ANGELES,PARAMOUNT,-118.18658447265624,33.900821685791016
8713370,2018,2018-11-07,1900,2018-08-31,1902,625546,1335,5,5,5,1908,0,0,0,NA,0,133T2,ARTESIA BL,LAKEWOOD BL,486,W,N,A,-,N,NA,NA,NA,NA,NA,NA,NA,NA,NA,N,3,0,1,3,A,-,01,23152,A,N,B,E,A,A,H,-,A,D,0,NA,NA,NA,NA,Y,Y,A,01,0,1,0,0,0,0,0,0,0,-,-,NA,NA,LOS ANGELES,BELLFLOWER,-118.14418792724608,33.87480926513672