CASE_ID,ACCIDENT_YEAR,PROC_DATE,JURIS,COLLISION_DATE,COLLISION_TIME,OFFICER_ID,REPORTING_DISTRICT,DAY_OF_WEEK,CHP_SHIFT,POPULATION,CNTY_CITY_LOC,SPECIAL_COND,BEAT_TYPE,CHP_BEAT_TYPE,CITY_DIVISION_LAPD,CHP_BEAT_CLASS,BEAT_NUMBER,PRIMARY_RD,SECONDARY_RD,DISTANCE,DIRECTION,INTERSECTION,WEATHER_1,WEATHER_2,STATE_HWY_IND,CALTRANS_COUNTY,CALTRANS_DISTRICT,STATE_ROUTE,ROUTE_SUFFIX,POSTMILE_PREFIX,POSTMILE,LOCATION_TYPE,RAMP_INTERSECTION,SIDE_OF_HWY,TOW_AWAY,COLLISION_SEVERITY,NUMBER_KILLED,NUMBER_INJURED,PARTY_COUNT,PRIMARY_COLL_FACTOR,PCF_CODE_OF_VIOL,PCF_VIOL_CATEGORY,PCF_VIOLATION,PCF_VIOL_SUBSECTION,HIT_AND_RUN,TYPE_OF_COLLISION,MVIW,PED_ACTION,ROAD_SURFACE,ROAD_COND_1,ROAD_COND_2,LIGHTING,CONTROL_DEVICE,CHP_ROAD_TYPE,PEDESTRIAN_ACCIDENT,BICYCLE_ACCIDENT,MOTORCYCLE_ACCIDENT,TRUCK_ACCIDENT,NOT_PRIVATE_PROPERTY,ALCOHOL_INVOLVED,STWD_VEHTYPE_AT_FAULT,CHP_VEHTYPE_AT_FAULT,COUNT_SEVERE_INJ,COUNT_VISIBLE_INJ,COUNT_COMPLAINT_PAIN,COUNT_PED_KILLED,COUNT_PED_INJURED,COUNT_BICYCLIST_KILLED,COUNT_BICYCLIST_INJURED,COUNT_MC_KILLED,COUNT_MC_INJURED,PRIMARY_RAMP,SECONDARY_RAMP,LATITUDE,LONGITUDE,COUNTY,CITY,POINT_X,POINT_Y
8713584,2018,2018-10-16,1900,2018-09-15,1830,609135,0621,6,5,6,1985,0,0,0,NA,0,62T1,MAGIC MOUNTAIN PKWY,THEATER DR,0,NA,Y,A,-,N,NA,NA,NA,NA,NA,NA,NA,NA,NA,N,2,0,1,2,A,-,07,21658,A,N,D,C,A,A,H,-,A,D,0,NA,NA,Y,NA,Y,NA,A,01,1,0,0,0,0,0,0,0,1,-,-,34.41910934448242,-118.56094360351564,LOS ANGELES,SANTA CLARITA,-118.56073760986328,34.41910171508789
8713585,2018,2018-10-22,1942,2018-08-27,1945,43031,1497,1,5,7,1942,0,0,0,N,0,14A67,AVIATION BL,102ND ST,0,NA,Y,A,-,N,NA,NA,NA,NA,NA,NA,NA,NA,NA,Y,4,0,1,2,A,-,08,22107,NA,N,A,C,A,A,H,-,C,A,0,NA,NA,NA,NA,Y,NA,A,01,0,0,1,0,0,0,0,0,0,-,-,NA,NA,LOS ANGELES,LOS ANGELES,-118.37847900390624,33.94363021850586
8713586,2018,2018-10-17,1942,2018-09-11,0810,33294,NA,2,5,7,1942,0,0,0,NA,0,NA,VANOWEN ST,KATHERINE AV,0,NA,Y,A,-,N,NA,NA,NA,NA,NA,NA,NA,NA,NA,N,4,0,1,2,A,-,09,21802,A,N,A,C,A,A,H,-,A,A,0,NA,NA,NA,NA,Y,NA,A,07,0,0,1,0,0,0,0,0,0,-,-,NA,NA,LOS ANGELES,LOS ANGELES,-118.44318389892578,34.193939208984375
8713587,2018,2018-10-17,1942,2018-09-13,1200,36678,0923,4,5,7,1942,0,0,0,I,0,9A23,KITTRIDGE ST,TOBIAS AV,0,NA,Y,A,-,N,NA,NA,NA,NA,NA,NA,NA,NA,NA,N,3,0,1,2,A,-,09,21802,A,N,D,C,A,A,H,-,A,D,0,NA,NA,NA,NA,Y,NA,A,01,0,1,0,0,0,0,0,0,0,-,-,NA,NA,LOS ANGELES,LOS ANGELES,-118.4520263671875,34.19065856933594
8713589,2018,2018-10-22,1942,2018-08-28,1720,86200,LAPD,2,5,7,1942,0,0,0,NA,0,5M24,WORLD WY,WORLD WY  380,0,NA,Y,A,-,N,NA,NA,NA,NA,NA,NA,NA,NA,NA,N,4,0,1,2,A,-,10,21950,C,N,G,B,E,A,H,-,A,A,0,Y,NA,NA,NA,Y,NA,A,07,0,0,1,0,1,0,0,0,0,-,-,NA,NA,LOS ANGELES,LOS ANGELES,-118.40813,33.94351
8713590,2018,2018-10-18,1942,2018-09-13,1730,41316,0926,4,5,7,1942,0,0,0,I,0,9A19,VICTORY BL,RANCHITO AV,25,W,N,A,-,N,NA,NA,NA,NA,NA,NA,NA,NA,NA,Y,4,0,3,3,A,-,03,22350,NA,N,C,C,A,A,H,-,A,A,0,NA,NA,NA,NA,Y,NA,A,01,0,0,3,0,0,0,0,0,0,-,-,NA,NA,LOS ANGELES,LOS ANGELES,-118.43571472167967,34.186668395996094
8713591,2018,2018-10-17,1942,2018-09-14,2130,32372,0989,5,5,7,1942,0,0,0,I,0,9A89,WOODMAN AV,MILBANK ST,56,S,N,A,-,N,NA,NA,NA,NA,NA,NA,NA,NA,NA,N,4,0,2,2,A,-,21,22106,NA,N,C,D,A,A,H,-,C,A,0,NA,NA,NA,NA,Y,NA,A,07,0,0,2,0,0,0,0,0,0,-,-,NA,NA,LOS ANGELES,LOS ANGELES,-118.43123626708984,34.15284729003906
8713593,2018,2018-10-22,1942,2018-08-13,2310,11990,1494,1,5,7,1942,0,0,0,N,0,3A206,WORLD WY,WORLD WY  100,0,NA,N,A,-,N,NA,NA,NA,NA,NA,NA,NA,NA,NA,N,4,0,1,2,A,-,21,22106,NA,N,G,B,E,A,H,-,-,A,0,Y,NA,NA,NA,Y,NA,A,01,0,0,1,0,1,0,0,0,0,-,-,33.94499969482422,-118.40160369873048,LOS ANGELES,LOS ANGELES,-118.400908,33.945453
8713594,2018,2018-10-18,1942,2018-09-11,0805,40006,NA,2,5,7,1942,0,0,0,NA,0,10A21,VICTORY BL,VARNA AV,0,NA,Y,A,-,N,NA,NA,NA,NA,NA,NA,NA,NA,NA,N,2,0,1,2,A,-,09,21801,B,N,D,C,A,A,H,-,A,D,0,NA,NA,Y,NA,Y,NA,C,02,1,0,0,0,0,0,0,0,1,-,-,NA,NA,LOS ANGELES,LOS ANGELES,-118.42472839355467,34.186668395996094
8713595,2018,2018-10-17,1942,2018-09-14,1250,39779,0911,5,5,7,1942,0,0,0,I,0,9A23,SEPULVEDA BL,LEMAY ST,0,NA,Y,A,-,N,NA,NA,NA,NA,NA,NA,NA,NA,NA,Y,4,0,1,2,A,-,08,22100,A,N,D,C,A,A,H,-,A,D,0,NA,NA,NA,NA,Y,NA,A,08,0,0,1,0,0,0,0,0,0,-,-,NA,NA,LOS ANGELES,LOS ANGELES,-118.46645355224608,34.192100524902344
8713598,2018,2018-10-18,1942,2018-09-12,1120,30947,0952,3,5,7,1942,0,0,0,I,0,9EL1,MAGNOLIA BL,KESTER AV,0,NA,Y,A,-,N,NA,NA,NA,NA,NA,NA,NA,NA,NA,Y,3,0,2,2,A,-,09,21801,A,N,D,C,A,A,H,-,A,A,0,NA,NA,NA,NA,Y,NA,A,01,0,2,0,0,0,0,0,0,0,-,-,NA,NA,LOS ANGELES,LOS ANGELES,-118.45741271972656,34.16484832763672
8713599,2018,2018-10-17,1942,2018-09-09,1100,41497,0991,7,5,7,1942,0,0,0,I,0,9A89,KNOBHILL DR,BEVERLY GLEN BL,0,NA,Y,A,-,N,NA,NA,NA,NA,NA,NA,NA,NA,NA,Y,3,0,2,2,A,-,09,21802,A,N,D,C,A,A,H,-,A,D,0,NA,NA,NA,NA,Y,NA,A,07,0,1,1,0,0,0,0,0,0,-,-,NA,NA,LOS ANGELES,LOS ANGELES,-118.45269012451172,34.13602828979492
8713628,2018,2018-10-15,1900,2018-07-29,1550,615147,D246,7,5,3,1914,0,0,0,NA,0,27T,SLAUSON AV,EASTERN AV,0,NA,Y,A,-,N,NA,NA,NA,NA,NA,NA,NA,NA,NA,N,4,0,1,2,A,-,03,22350,NA,M,C,C,A,A,H,-,A,A,0,NA,NA,NA,NA,Y,NA,A,07,0,0,1,0,0,0,0,0,0,-,-,NA,NA,LOS ANGELES,COMMERCE,-118.1621322631836,33.98579025268555
8713678,2018,2018-10-19,1942,2018-10-01,0020,40353,1028,1,5,7,1942,0,0,0,J,0,10A17,HAYVENHURST AV,VANOWEN ST,27,S,N,A,-,N,NA,NA,NA,NA,NA,NA,NA,NA,NA,Y,4,0,1,2,A,-,03,22350,NA,F,C,C,A,A,H,-,C,D,0,NA,NA,NA,NA,Y,NA,A,01,0,0,1,0,0,0,0,0,0,-,-,NA,NA,LOS ANGELES,LOS ANGELES,-118.49240112304688,34.193824768066406
8713712,2018,2018-10-18,1900,2018-09-20,0625,430275,1516,4,5,5,1954,0,0,0,NA,0,151T1,SLAUSON AV,INDUSTRY AV,21,E,N,B,-,N,NA,NA,NA,NA,NA,NA,NA,NA,NA,Y,4,0,1,1,A,-,08,22107,NA,N,E,I,A,A,H,-,B,D,0,NA,NA,NA,NA,Y,NA,A,01,0,0,1,0,0,0,0,0,0,-,-,33.97529983520508,-118.11640167236328,LOS ANGELES,PICO RIVERA,-118.11465454101564,33.97393035888672
8713716,2018,2018-10-19,1900,2018-09-11,0550,517839,1516,2,5,5,1954,0,0,0,NA,0,151T3,ROSEMEAD BL,DANBRIDGE ST,50,S,N,A,-,N,NA,NA,NA,NA,NA,NA,NA,NA,NA,N,3,0,1,2,A,-,00,21945,A,N,B,B,D,A,-,-,D,D,0,Y,NA,NA,NA,Y,NA,N,60,0,1,0,0,1,0,0,0,0,-,-,33.980201721191406,-118.09929656982422,LOS ANGELES,PICO RIVERA,-118.09944915771484,33.98007583618164
8713720,2018,2018-10-18,1900,2018-09-23,1905,529571,1512,7,5,5,1954,0,0,0,NA,0,151T2,WALNUT AV,TOBIAS AV,75,W,N,A,-,N,NA,NA,NA,NA,NA,NA,NA,NA,NA,N,3,0,1,2,A,-,11,21954,A,N,G,B,D,A,H,-,A,D,0,Y,NA,NA,NA,Y,NA,N,60,0,1,0,0,1,0,0,0,0,-,-,34.00373077392578,-118.07412719726564,LOS ANGELES,PICO RIVERA,-118.0737762451172,34.00368881225586
8713724,2018,2018-10-18,1900,2018-09-18,1608,529571,1518,2,5,5,1954,0,0,0,NA,0,151T2,SLAUSON AV,SERAPIS AV,86,E,N,A,-,N,NA,NA,NA,NA,NA,NA,NA,NA,NA,N,4,0,1,2,A,-,03,22350,NA,N,-,C,A,A,H,-,A,A,0,NA,NA,NA,NA,Y,NA,A,01,0,0,1,0,0,0,0,0,0,-,-,33.969581604003906,-118.10070037841795,LOS ANGELES,PICO RIVERA,-118.10071563720705,33.9696044921875
8713728,2018,2018-10-18,1900,2018-09-10,0925,455303,1518,1,5,5,1954,0,0,0,NA,0,151T1,TELEGRAPH RD,SERAPIS AV,29,E,N,A,-,N,NA,NA,NA,NA,NA,NA,NA,NA,NA,N,4,0,1,2,A,-,21,22106,NA,N,C,C,A,A,H,-,A,A,0,NA,NA,NA,NA,Y,NA,A,01,0,0,1,0,0,0,0,0,0,-,-,33.95841979980469,-118.10629272460938,LOS ANGELES,PICO RIVERA,-118.10636901855467,33.958438873291016
8713732,2018,2018-10-19,1900,2018-09-04,2235,499039,1580,2,5,5,1954,0,0,0,NA,0,151T3,ROSE HILLS RD,SHEPHERD ST,0,NA,Y,A,-,N,NA,NA,NA,NA,NA,NA,NA,NA,NA,N,3,0,2,2,A,-,08,22107,NA,N,B,-,A,A,-,-,C,A,0,NA,NA,NA,NA,Y,NA,A,01,0,2,0,0,0,0,0,0,0,-,-,34.01736831665039,-118.05191802978516,LOS ANGELES,PICO RIVERA,-118.05206298828124,34.01742172241211
8713736,2018,2018-10-19,1900,2018-09-09,1956,529571,1512,7,5,5,1954,0,0,0,NA,0,151T2,DELAND AV,BEVERLY BL,594,S,N,A,-,N,NA,NA,NA,NA,NA,NA,NA,NA,NA,N,3,0,1,3,A,-,08,22107,NA,N,B,C,E,A,H,-,C,D,0,Y,NA,NA,NA,Y,NA,A,01,0,1,0,0,1,0,0,0,0,-,-,34.00774002075195,-118.07814025878906,LOS ANGELES,PICO RIVERA,-118.07780456542967,34.007652282714844
8713739,2018,2018-10-19,1942,2018-08-22,2050,42509,0397,3,5,7,1942,0,0,0,C,0,3A31,VERNON AV,FIGUEROA ST,100,E,N,A,-,N,NA,NA,NA,NA,NA,NA,NA,NA,NA,N,4,0,1,2,A,-,00,22658,A,F,B,C,A,A,H,-,C,D,0,NA,NA,NA,NA,Y,NA,-,99,0,0,1,0,0,0,0,0,0,-,-,NA,NA,LOS ANGELES,LOS ANGELES,-118.28240966796876,34.003753662109375
8713743,2018,2018-10-19,1942,2018-08-25,1645,42595,0378,6,5,7,1942,0,0,0,C,0,3A92,VERMONT,38TH ST,0,NA,Y,A,-,N,NA,NA,NA,NA,NA,NA,NA,NA,NA,N,3,0,1,1,C,-,18,NA,NA,N,E,I,A,A,H,-,A,D,0,NA,NA,Y,NA,Y,NA,-,-,0,1,0,0,0,0,0,0,1,-,-,NA,NA,LOS ANGELES,LOS ANGELES,-118.29154,34.01685
8713747,2018,2018-10-19,1900,2018-08-31,1500,430275,1515,5,5,5,1954,0,0,0,NA,0,151T1,WASHINGTON BL,PASSONS BL,148,W,N,A,-,N,NA,NA,NA,NA,NA,NA,NA,NA,NA,Y,3,0,2,3,A,-,03,22350,NA,N,E,I,A,A,H,-,A,D,0,NA,NA,NA,NA,Y,NA,A,01,0,1,1,0,0,0,0,0,0,-,-,33.982200622558594,-118.0897979736328,LOS ANGELES,PICO RIVERA,-118.0905303955078,33.97960662841797
8713751,2018,2018-10-19,1900,2018-08-29,1520,529141,1510,3,5,5,1954,0,0,0,NA,0,151T2,PARAMOUNT BL,BEVERLY BL,325,N,N,A,-,N,NA,NA,NA,NA,NA,NA,NA,NA,NA,N,4,0,1,2,-,-,-,NA,NA,N,C,C,A,A,H,-,A,D,0,NA,NA,NA,NA,Y,NA,-,-,0,0,1,0,0,0,0,0,0,-,-,NA,NA,LOS ANGELES,PICO RIVERA,-118.08583831787108,34.01301956176758
8713755,2018,2018-10-19,1900,2018-08-07,2115,430275,1515,2,5,5,1954,0,0,0,NA,0,151T2,PASSONS BL,TOWNLEY DR,106,N,N,A,-,N,NA,NA,NA,NA,NA,NA,NA,NA,NA,Y,4,0,1,1,A,-,08,22107,NA,M,E,I,A,A,H,-,C,D,0,NA,NA,NA,NA,Y,NA,A,07,0,0,1,0,0,0,0,0,0,-,-,33.99250030517578,-118.08159637451172,LOS ANGELES,PICO RIVERA,-118.08172607421876,33.992496490478516
8713759,2018,2018-10-19,1900,2018-08-23,2000,499039,1515,4,5,5,1954,0,0,0,NA,0,151T2,PASSONS BL,GOODBEE ST,0,NA,Y,A,-,N,NA,NA,NA,NA,NA,NA,NA,NA,NA,N,2,0,2,2,A,-,04,21703,NA,N,C,C,A,A,-,-,C,D,0,NA,NA,NA,NA,Y,NA,A,01,2,0,0,0,0,0,0,0,0,-,-,33.98059844970703,-118.08911895751952,LOS ANGELES,PICO RIVERA,-118.08914947509766,33.98054122924805
8713764,2018,2018-10-23,1963,2018-08-15,1520,00282,ALHAM,3,5,3,1963,0,0,0,NA,0,TWO,WINSTON AV,HUNTINGTON DR,116,N,N,A,-,N,NA,NA,NA,NA,NA,NA,NA,NA,NA,N,4,0,1,2,A,-,08,22107,NA,N,D,C,A,A,H,-,A,A,0,NA,NA,NA,NA,Y,NA,M,91,0,0,1,0,0,0,0,0,0,-,-,NA,NA,LOS ANGELES,SAN MARINO,-118.10066223144533,34.124366760253906
8713768,2018,2018-10-23,1905,2018-08-25,1431,1159,311,6,5,4,1905,0,0,0,NA,0,002,SAN GABRIEL AV,6TH ST,26,N,N,A,-,N,NA,NA,NA,NA,NA,NA,NA,NA,NA,Y,4,0,2,2,A,-,03,22350,NA,N,C,C,A,A,H,-,A,A,0,NA,NA,NA,NA,Y,NA,A,01,0,0,2,0,0,0,0,0,0,-,-,34.13166046142578,-117.90883636474608,LOS ANGELES,AZUSA,-117.90882873535156,34.13172149658203
8713777,2018,2018-10-17,1941,2018-09-30,0827,11230,901T,7,5,7,1941,0,0,0,NA,0,NA,PACIFIC COAST HWY,MAGNOLIA AV,0,NA,Y,A,-,N,NA,NA,NA,NA,NA,NA,NA,NA,NA,Y,4,0,1,2,A,-,03,22350,NA,N,C,C,A,A,H,-,A,A,0,NA,NA,NA,NA,Y,NA,A,NA,0,0,1,0,0,0,0,0,0,-,-,NA,NA,LOS ANGELES,LONG BEACH,-118.19809722900392,33.78987121582031
8713781,2018,2018-10-17,1941,2018-09-30,0238,11244,901T,7,5,7,1941,0,0,0,NA,0,NA,PACIFIC AV,ANAHEIM AV,24,N,N,A,-,N,NA,NA,NA,NA,NA,NA,NA,NA,NA,Y,3,0,1,2,A,-,04,21703,NA,N,C,C,A,A,H,-,C,A,0,NA,NA,NA,NA,Y,NA,-,NA,0,1,0,0,0,0,0,0,0,-,-,NA,NA,LOS ANGELES,LONG BEACH,-118.19373321533205,33.78266525268555
8713785,2018,2018-10-17,1965,2018-09-28,1014,3178,0B2D,5,5,5,1965,0,0,0,NA,0,B002,OCEAN PARK BL,29TH ST,24,W,N,A,-,N,NA,NA,NA,NA,NA,NA,NA,NA,NA,Y,4,0,1,3,A,-,03,22350,NA,N,C,C,A,A,H,-,A,A,0,NA,Y,NA,NA,Y,NA,A,01,0,0,1,0,0,0,0,0,0,-,-,NA,NA,LOS ANGELES,SANTA MONICA,-118.45499420166016,34.01940155029297
8713788,2018,2018-10-19,1963,2018-09-21,2041,00311,238,5,5,3,1963,0,0,0,NA,0,TWO,HUNTINGTON DR,DEL MAR AV,218,E,N,A,-,N,NA,NA,NA,NA,NA,NA,NA,NA,NA,Y,4,0,1,2,A,-,04,21703,NA,N,C,C,A,A,H,-,C,D,0,NA,NA,NA,NA,Y,NA,A,01,0,0,1,0,0,0,0,0,0,-,-,34.124061584472656,-118.09970855712892,LOS ANGELES,SAN MARINO,-118.09977722167967,34.12406921386719
8713789,2018,2018-10-22,1965,2018-09-26,1115,3178,0B2B,3,5,5,1965,0,0,0,NA,0,B002,LINCOLN BL,PINE ST,102,S,N,A,-,N,NA,NA,NA,NA,NA,NA,NA,NA,NA,N,4,0,2,3,A,-,03,22350,NA,N,C,C,A,A,H,-,A,A,0,NA,NA,NA,NA,Y,NA,A,01,0,0,2,0,0,0,0,0,0,-,-,NA,NA,LOS ANGELES,SANTA MONICA,-118.4777374267578,34.00808334350586
8713793,2018,2018-10-17,1965,2018-09-27,1158,3178,0B3A,4,5,5,1965,0,0,0,NA,0,B003,20TH ST,WILSHIRE BL,160,S,N,A,-,N,NA,NA,NA,NA,NA,NA,NA,NA,NA,Y,4,0,1,3,A,-,08,22107,NA,N,C,E,A,A,H,-,A,A,0,NA,NA,NA,NA,Y,NA,A,01,0,0,1,0,0,0,0,0,0,-,-,NA,NA,LOS ANGELES,SANTA MONICA,-118.48284149169922,34.03107833862305
8713795,2018,2018-10-19,1900,2018-09-02,1334,552335,0332,7,5,4,1939,0,0,0,NA,0,35T1,HAWTHORNE BL,147TH ST,203,S,N,B,-,N,NA,NA,NA,NA,NA,NA,NA,NA,NA,Y,4,0,1,4,C,-,18,NA,NA,N,B,E,A,A,H,-,A,D,0,NA,NA,NA,NA,Y,NA,-,-,0,0,1,0,0,0,0,0,0,-,-,33.89780044555664,-118.35269927978516,LOS ANGELES,LAWNDALE,-118.35275268554688,33.89771270751953
8713797,2018,2018-10-22,1910,2018-09-20,2212,04407,NA,4,5,4,1910,0,0,0,NA,0,009,S DOHENY DR,OLYMPIC BL,25,N,N,A,-,N,NA,NA,NA,NA,NA,NA,NA,NA,NA,N,4,0,1,2,A,-,03,22350,NA,N,C,C,A,A,H,-,C,A,0,NA,NA,NA,NA,Y,NA,A,01,0,0,1,0,0,0,0,0,0,-,-,34.0595817565918,-118.3897705078125,LOS ANGELES,BEVERLY HILLS,-118.38980102539064,34.05942916870117
8713801,2018,2018-10-17,1910,2018-09-26,1533,02230,NA,3,5,4,1910,0,0,0,NA,0,009,WILSHIRE BL,GALE DR,100,E,N,A,-,N,NA,NA,NA,NA,NA,NA,NA,NA,NA,N,4,0,2,3,A,-,03,22350,NA,N,C,C,A,A,H,-,A,D,0,NA,NA,NA,NA,Y,NA,A,01,0,0,2,0,0,0,0,0,0,-,-,NA,NA,LOS ANGELES,BEVERLY HILLS,-118.37379455566406,34.064579010009766
8713803,2018,2018-10-23,1900,2018-08-03,0920,540315,0333,5,5,4,1939,0,0,0,NA,0,35T1 D,HAWTHORNE BL,169TH ST,10,S,N,A,-,N,NA,NA,NA,NA,NA,NA,NA,NA,NA,Y,3,0,1,2,A,-,03,22350,NA,N,C,C,A,A,H,-,A,A,0,NA,NA,NA,NA,Y,NA,A,01,0,1,0,0,0,0,0,0,0,-,-,33.87739944458008,-118.35240173339844,LOS ANGELES,LAWNDALE,-118.35270690917967,33.87754440307617
8713805,2018,2018-10-17,1910,2018-09-10,1216,03209,NA,1,5,4,1910,0,0,0,NA,0,009,WILSHIRE BL,HAMILTON DR,0,NA,Y,A,-,N,NA,NA,NA,NA,NA,NA,NA,NA,NA,N,4,0,1,2,A,-,09,21801,A,N,D,C,A,A,H,-,A,A,0,NA,NA,NA,NA,Y,NA,A,01,0,0,1,0,0,0,0,0,0,-,-,NA,NA,LOS ANGELES,BEVERLY HILLS,-118.37516021728516,34.064910888671875
8713807,2018,2018-10-23,1900,2018-08-05,2104,618167,0332,7,5,4,1939,0,0,0,NA,0,35T1 D,MARINE AV,HAWTHORNE BL,30,W,N,A,-,N,NA,NA,NA,NA,NA,NA,NA,NA,NA,Y,2,0,1,1,A,-,03,22350,NA,N,E,I,A,A,H,-,C,A,0,NA,NA,Y,NA,Y,NA,C,02,1,0,0,0,0,0,0,0,1,-,-,33.894779205322266,-118.35289764404295,LOS ANGELES,LAWNDALE,-118.35283660888672,33.8946418762207
8713811,2018,2018-10-23,1900,2018-08-17,1702,552335,0332,5,5,4,1939,0,0,0,NA,0,35T1,BURIN AV,147TH ST,57,S,N,A,-,N,NA,NA,NA,NA,NA,NA,NA,NA,NA,N,3,0,1,2,A,-,21,22106,NA,N,H,C,A,A,H,-,A,D,0,NA,NA,NA,NA,Y,NA,A,08,0,1,0,0,0,0,0,0,0,-,-,33.89820098876953,-118.35379791259766,LOS ANGELES,LAWNDALE,-118.35385131835938,33.898101806640625
8713815,2018,2018-10-23,1900,2018-08-19,1700,609640,0334,7,5,4,1939,0,0,0,NA,0,35T1,HAWTHORNE BL,168TH ST,30,N,N,A,-,N,NA,NA,NA,NA,NA,NA,NA,NA,NA,N,3,0,1,4,A,-,04,21703,NA,N,C,C,A,A,H,-,A,D,0,NA,NA,NA,NA,Y,NA,A,01,0,1,0,0,0,0,0,0,0,-,-,33.8785285949707,-118.35237121582033,LOS ANGELES,LAWNDALE,-118.35270690917967,33.87858200073242
8713819,2018,2018-10-23,1900,2018-08-31,0853,607815,0332,5,5,4,1939,0,0,0,NA,0,35T1,MARINE AV,CONDON AV,0,NA,Y,A,-,N,NA,NA,NA,NA,NA,NA,NA,NA,NA,N,3,0,1,2,A,-,09,21802,A,N,D,C,A,A,H,-,A,A,0,NA,NA,NA,NA,Y,NA,A,01,0,1,0,0,0,0,0,0,0,-,-,33.894630432128906,-118.35945892333984,LOS ANGELES,LAWNDALE,-118.35948944091795,33.8946418762207
8713823,2018,2018-10-23,1900,2018-08-30,1154,540315,0332,4,5,4,1939,0,0,0,NA,0,35T1,INGLEWOOD AV,153RD ST,90,S,N,A,-,N,NA,NA,NA,NA,NA,NA,NA,NA,NA,Y,4,0,1,3,A,-,04,21703,NA,N,C,C,A,A,H,-,A,A,0,NA,NA,NA,NA,Y,NA,A,07,0,0,1,0,0,0,0,0,0,-,-,NA,NA,LOS ANGELES,LAWNDALE,-118.36134338378906,33.89238357543945
8713827,2018,2018-12-03,1900,2018-08-30,1246,540315,0333,4,5,4,1939,0,0,0,NA,0,35T1,HAWTHORNE BL,164TH ST,0,NA,Y,A,-,N,NA,NA,NA,NA,NA,NA,NA,NA,NA,Y,3,0,1,2,A,-,09,21802,A,N,D,C,A,A,H,-,A,A,0,NA,NA,NA,NA,Y,NA,A,07,0,1,0,0,0,0,0,0,0,-,-,33.88182067871094,-118.35270690917967,LOS ANGELES,LAWNDALE,-118.35272216796876,33.881839752197266
8713831,2018,2018-11-13,1900,2018-08-31,2045,619566,0334,5,5,4,1939,0,0,0,NA,0,035,REDONDO BEACH BL,HAWTHORNE BL,0,NA,Y,A,-,N,NA,NA,NA,NA,NA,NA,NA,NA,NA,N,3,0,2,2,A,-,09,21453,C,N,-,C,A,A,H,-,C,-,0,NA,NA,NA,NA,Y,NA,A,07,0,2,0,0,0,0,0,0,0,-,-,33.87445831298828,-118.3523406982422,LOS ANGELES,LAWNDALE,-118.35269927978516,33.87425994873047
8713832,2018,2018-10-18,1965,2018-09-27,0645,3178,0B3C,4,5,5,1965,0,0,0,NA,0,B003,OLYMPIC BL,17TH ST,20,E,N,A,-,N,NA,NA,NA,NA,NA,NA,NA,NA,NA,N,3,0,1,2,A,-,09,21453,B,F,H,G,A,A,H,-,A,A,0,NA,Y,NA,NA,Y,NA,A,01,0,1,0,0,0,0,1,0,0,-,-,NA,NA,LOS ANGELES,SANTA MONICA,-118.4777603149414,34.022098541259766
8713835,2018,2018-10-23,1963,2018-08-20,0829,00291,248,1,5,3,1963,0,0,0,NA,0,TWO,HUNTINGTON DR,BELLWOOD RD,0,NA,Y,A,-,N,NA,NA,NA,NA,NA,NA,NA,NA,NA,N,3,0,1,2,A,-,09,21802,A,F,D,G,A,A,H,-,A,A,0,NA,Y,NA,NA,Y,NA,-,99,0,1,0,0,0,0,1,0,0,-,-,NA,NA,LOS ANGELES,SAN MARINO,-118.09538269042967,34.12556838989258
8713839,2018,2018-10-23,1963,2018-08-18,1759,281,233,6,5,3,1963,0,0,0,NA,0,TWO,SIERRA MADRE BL,CALIFORNIA,142,S,N,A,-,N,NA,NA,NA,NA,NA,NA,NA,NA,NA,N,3,0,1,2,A,-,08,22107,NA,N,D,G,A,A,H,-,A,D,0,NA,Y,NA,NA,Y,NA,A,01,0,1,0,0,0,0,1,0,0,-,-,NA,NA,LOS ANGELES,SAN MARINO,-118.10164642333984,34.135501861572266
8713843,2018,2018-10-17,1928,2018-10-02,1427,324,520,2,5,5,1928,0,0,0,NA,0,503,CERISE AV,ROSECRANS AV,60,S,N,A,-,N,NA,NA,NA,NA,NA,NA,NA,NA,NA,N,4,0,1,3,A,-,08,22107,NA,N,B,C,A,A,H,-,A,A,0,NA,NA,NA,NA,Y,NA,A,01,0,0,1,0,0,0,0,0,0,-,-,33.901878356933594,-118.33299255371094,LOS ANGELES,HAWTHORNE,-118.33303833007813,33.901763916015625
8713847,2018,2018-10-18,1928,2018-10-01,1744,292,510,1,5,5,1928,0,0,0,NA,0,504,HAWTHORNE BL,136TH ST,10,N,N,A,-,N,NA,NA,NA,NA,NA,NA,NA,NA,NA,Y,4,0,1,3,A,-,12,22450,NA,N,D,C,A,A,H,-,A,A,0,NA,NA,NA,NA,Y,NA,A,07,0,0,1,0,0,0,0,0,0,-,-,NA,NA,LOS ANGELES,HAWTHORNE,-118.3527603149414,33.9089469909668
8713851,2018,2018-10-18,1928,2018-10-01,2020,384,529,1,5,5,1928,0,0,0,NA,0,502,CRENSHAW BL,EL SEGUNDO BL,129,N,N,A,-,N,NA,NA,NA,NA,NA,NA,NA,NA,NA,N,4,0,1,3,A,-,03,22350,NA,N,C,C,A,A,H,-,C,A,0,NA,NA,NA,NA,Y,NA,A,01,0,0,1,0,0,0,0,0,0,-,-,33.91638946533203,-118.32650756835938,LOS ANGELES,HAWTHORNE,-118.32659912109376,33.91679382324219