CASE_ID,ACCIDENT_YEAR,PROC_DATE,JURIS,COLLISION_DATE,COLLISION_TIME,OFFICER_ID,REPORTING_DISTRICT,DAY_OF_WEEK,CHP_SHIFT,POPULATION,CNTY_CITY_LOC,SPECIAL_COND,BEAT_TYPE,CHP_BEAT_TYPE,CITY_DIVISION_LAPD,CHP_BEAT_CLASS,BEAT_NUMBER,PRIMARY_RD,SECONDARY_RD,DISTANCE,DIRECTION,INTERSECTION,WEATHER_1,WEATHER_2,STATE_HWY_IND,CALTRANS_COUNTY,CALTRANS_DISTRICT,STATE_ROUTE,ROUTE_SUFFIX,POSTMILE_PREFIX,POSTMILE,LOCATION_TYPE,RAMP_INTERSECTION,SIDE_OF_HWY,TOW_AWAY,COLLISION_SEVERITY,NUMBER_KILLED,NUMBER_INJURED,PARTY_COUNT,PRIMARY_COLL_FACTOR,PCF_CODE_OF_VIOL,PCF_VIOL_CATEGORY,PCF_VIOLATION,PCF_VIOL_SUBSECTION,HIT_AND_RUN,TYPE_OF_COLLISION,MVIW,PED_ACTION,ROAD_SURFACE,ROAD_COND_1,ROAD_COND_2,LIGHTING,CONTROL_DEVICE,CHP_ROAD_TYPE,PEDESTRIAN_ACCIDENT,BICYCLE_ACCIDENT,MOTORCYCLE_ACCIDENT,TRUCK_ACCIDENT,NOT_PRIVATE_PROPERTY,ALCOHOL_INVOLVED,STWD_VEHTYPE_AT_FAULT,CHP_VEHTYPE_AT_FAULT,COUNT_SEVERE_INJ,COUNT_VISIBLE_INJ,COUNT_COMPLAINT_PAIN,COUNT_PED_KILLED,COUNT_PED_INJURED,COUNT_BICYCLIST_KILLED,COUNT_BICYCLIST_INJURED,COUNT_MC_KILLED,COUNT_MC_INJURED,PRIMARY_RAMP,SECONDARY_RAMP,LATITUDE,LONGITUDE,COUNTY,CITY,POINT_X,POINT_Y
8719946,2018,2018-11-20,1942,2018-10-01,1715,27782,1735,1,5,7,1942,0,0,0,Q,0,17A24,SAN FERNANDO BL,ZELZAH AV,10,E,N,A,-,N,NA,NA,NA,NA,NA,NA,NA,NA,NA,Y,3,0,1,3,A,-,04,21703,NA,N,C,C,A,A,H,-,A,A,0,NA,NA,NA,NA,Y,NA,A,01,0,1,0,0,0,0,0,0,0,-,-,NA,NA,LOS ANGELES,LOS ANGELES,-118.523461,34.272146
8719950,2018,2018-11-20,1942,2018-10-02,2020,43439,1747,2,5,7,1942,0,0,0,Q,0,17A67,CHATSWORTH ST,N BALBOA BL,0,NA,Y,B,-,N,NA,NA,NA,NA,NA,NA,NA,NA,NA,N,3,0,1,2,A,-,10,21950,A,N,A,B,B,A,H,-,C,A,0,Y,NA,NA,NA,Y,NA,A,01,0,1,0,0,1,0,0,0,0,-,-,NA,NA,LOS ANGELES,LOS ANGELES,-118.50225830078124,34.26478958129883
8719954,2018,2018-11-20,1942,2018-10-13,1745,39192,1025,6,5,7,1942,0,0,0,J,0,10A21,SHERMAN WY,RESEDA BL,100,E,N,B,-,N,NA,NA,NA,NA,NA,NA,NA,NA,NA,N,4,0,1,2,A,-,04,21703,NA,F,C,C,A,A,H,-,A,D,0,NA,NA,NA,NA,Y,NA,-,99,0,0,1,0,0,0,0,0,0,-,-,NA,NA,LOS ANGELES,LOS ANGELES,-118.53571319580078,34.2011833190918
8719958,2018,2020-03-02,1942,2018-10-12,1300,40398,1029,5,5,7,1942,0,0,0,J,0,10A39,HART ST,WOODLEY AV,380,W,N,A,-,N,NA,NA,NA,NA,NA,NA,NA,NA,NA,N,4,0,1,2,A,-,05,21650,NA,F,D,C,A,A,H,-,A,D,0,NA,NA,NA,NA,Y,NA,A,01,0,0,1,0,0,0,0,0,0,-,-,NA,NA,LOS ANGELES,LOS ANGELES,-118.48492431640624,34.197532653808594
8719962,2018,2018-11-20,1942,2018-10-12,1215,32774,1952,5,5,7,1942,0,0,0,NA,0,19A43,DEVONSHIRE ST,LANGDON AV,0,NA,Y,A,-,N,NA,NA,NA,NA,NA,NA,NA,NA,NA,Y,3,0,1,2,A,-,09,21802,A,F,H,A,A,B,H,-,A,D,0,NA,NA,Y,NA,Y,NA,-,99,0,1,0,0,0,0,0,0,1,-,-,NA,NA,LOS ANGELES,LOS ANGELES,-118.46964263916016,34.25730895996094
8719966,2018,2018-11-20,1942,2018-10-09,1145,38996,2136,2,5,7,1942,0,0,0,NA,0,21A5,CANOGA AV,VALERIO ST,0,NA,Y,A,-,N,NA,NA,NA,NA,NA,NA,NA,NA,NA,N,4,0,1,2,A,-,12,21453,A,F,A,C,A,A,H,-,A,A,0,NA,NA,NA,NA,Y,NA,A,01,0,0,1,0,0,0,0,0,0,-,-,NA,NA,LOS ANGELES,LOS ANGELES,-118.59751892089844,34.20463180541992
8719970,2018,2018-11-20,1942,2018-10-13,2250,42309,1532,6,5,7,1942,0,0,0,O,0,15A33,OXNARD ST,VANTAGE AV,40,W,N,B,-,N,NA,NA,NA,NA,NA,NA,NA,NA,NA,Y,4,0,1,3,A,-,01,23152,A,N,B,E,A,A,H,-,C,A,0,NA,NA,NA,NA,Y,Y,A,01,0,0,1,0,0,0,0,0,0,-,-,NA,NA,LOS ANGELES,LOS ANGELES,-118.39775848388672,34.17940902709961
8719974,2018,2018-11-20,1942,2018-10-14,1255,36599,2114,7,5,7,1942,0,0,0,NA,0,21A1,SATICOY ST,SHOUP AV,0,NA,Y,A,-,N,NA,NA,NA,NA,NA,NA,NA,NA,NA,Y,4,0,3,3,A,-,01,23152,A,N,D,C,A,A,H,-,A,A,0,NA,NA,NA,NA,Y,NA,A,01,0,0,3,0,0,0,0,0,0,-,-,NA,NA,LOS ANGELES,LOS ANGELES,-118.61469268798828,34.208290100097656
8719978,2018,2018-11-20,1942,2018-10-03,1100,40857,1766,3,5,7,1942,0,0,0,Q,0,17A67,PLUMMER ST,TAMPA AV,0,NA,Y,B,-,N,NA,NA,NA,NA,NA,NA,NA,NA,NA,N,4,0,1,2,A,-,21,22106,NA,N,H,C,A,A,H,-,C,A,0,NA,NA,NA,NA,Y,NA,A,01,0,0,1,0,0,0,0,0,0,-,-,NA,NA,LOS ANGELES,LOS ANGELES,-118.5535888671875,34.24272918701172
8719982,2018,2018-11-20,1942,2018-10-06,1630,37867,1797,6,5,7,1942,0,0,0,Q,0,17X64W,NORDHOFF ST,WOODLEY AV,100,W,N,A,-,N,NA,NA,NA,NA,NA,NA,NA,NA,NA,Y,4,0,1,2,A,-,03,22350,NA,N,C,C,A,A,H,-,A,A,0,NA,NA,NA,NA,Y,NA,A,07,0,0,1,0,0,0,0,0,0,-,-,NA,NA,LOS ANGELES,LOS ANGELES,-118.4853973388672,34.23564147949219
8719986,2018,2018-12-04,1942,2018-10-09,0830,43460,1759,2,5,7,1942,0,0,0,Q,0,17A23,DEVONSHIRE,HASKELL,100,W,N,B,-,N,NA,NA,NA,NA,NA,NA,NA,NA,NA,N,3,0,1,2,A,-,03,22350,NA,N,C,E,A,A,H,-,A,A,0,NA,NA,NA,NA,Y,NA,A,01,0,1,0,0,0,0,0,0,0,-,-,NA,NA,LOS ANGELES,LOS ANGELES,-118.47643280029295,34.257354736328125
8719990,2018,2018-11-20,1942,2018-10-05,1555,43161,1716,5,5,7,1942,0,0,0,Q,0,17A24,RINALDI ST,BALBOA BL,0,NA,Y,A,-,N,NA,NA,NA,NA,NA,NA,NA,NA,NA,N,3,0,1,2,A,-,08,22107,NA,N,B,C,A,A,H,-,A,A,0,NA,NA,NA,NA,Y,NA,A,01,0,1,0,0,0,0,0,0,0,-,-,NA,NA,LOS ANGELES,LOS ANGELES,-118.50212097167967,34.279300689697266
8719994,2018,2018-11-20,1942,2018-10-11,1310,32774,1743,4,5,7,1942,0,0,0,Q,0,17A35,RESEDA BL,KINGSBURY ST,0,NA,Y,A,-,N,NA,NA,NA,NA,NA,NA,NA,NA,NA,Y,4,0,2,2,A,-,04,21703,NA,N,C,C,A,A,H,-,A,D,0,NA,NA,NA,NA,Y,NA,A,01,0,0,2,0,0,0,0,0,0,-,-,NA,NA,LOS ANGELES,LOS ANGELES,-118.5361099243164,34.26271057128906
8719998,2018,2018-11-20,1942,2018-10-02,1315,39410,1735,2,5,7,1942,0,0,0,Q,0,17A35,WHITE OAK AV,CHATSWORTH ST,160,S,N,A,-,N,NA,NA,NA,NA,NA,NA,NA,NA,NA,Y,4,0,3,2,A,-,09,21804,A,N,D,C,A,A,H,-,A,D,0,NA,NA,NA,NA,Y,NA,A,01,0,0,3,0,0,0,0,0,0,-,-,NA,NA,LOS ANGELES,LOS ANGELES,-118.519775390625,34.26443099975586
8720004,2018,2018-11-09,1942,2018-09-24,1630,48156,1427,1,5,7,1942,0,0,0,N,0,14A27,S SEPULVEDA BL,CLOVER AV,300,N,N,A,-,N,NA,NA,NA,NA,NA,NA,NA,NA,NA,N,3,0,1,2,A,-,03,22350,NA,N,C,C,A,A,H,-,A,D,0,NA,NA,NA,NA,Y,NA,D,22,0,1,0,0,0,0,0,0,0,-,-,NA,NA,LOS ANGELES,LOS ANGELES,-118.4285125732422,34.02716827392578
8720008,2018,2018-10-22,1942,2018-09-17,1620,38007,1444,1,5,7,1942,0,0,0,N,0,14A45,LINCOLN BL,MAXELLA AV,6,S,N,A,-,N,NA,NA,NA,NA,NA,NA,NA,NA,NA,N,4,0,1,2,A,-,08,22107,NA,N,C,C,A,A,H,-,A,C,0,NA,NA,NA,NA,Y,NA,D,22,0,0,1,0,0,0,0,0,0,-,-,NA,NA,LOS ANGELES,LOS ANGELES,-118.44346618652344,33.98560333251953
8720009,2018,2019-05-14,1900,2018-08-16,0543,516534,2822,4,5,5,1915,0,0,0,NA,0,282T1,ALAMEDA ST,MAPLE ST,61,N,N,A,-,N,NA,NA,NA,NA,NA,NA,NA,NA,NA,N,2,0,1,3,A,-,11,21956,A,F,G,B,E,A,H,-,D,D,0,Y,NA,NA,NA,Y,Y,N,60,1,0,0,0,1,0,0,0,0,-,-,NA,NA,LOS ANGELES,COMPTON,-118.22136688232422,33.90218734741211
8720012,2018,2019-02-07,1942,2018-10-02,0650,38282,1499,2,5,7,1942,0,0,0,N,0,14A67,IMPERIAL HWY,LA CIENEGA BL,20,W,N,B,-,N,NA,NA,NA,NA,NA,NA,NA,NA,NA,Y,4,0,2,3,A,-,08,22107,NA,N,B,C,A,A,H,-,A,D,0,NA,NA,NA,Y,Y,NA,A,01,0,0,2,0,0,0,0,0,0,-,-,NA,NA,LOS ANGELES,LOS ANGELES,-118.37018585205078,33.93098068237305
8720016,2018,2018-10-22,1942,2018-09-16,1420,37613,0803,7,5,7,1942,0,0,0,H,0,8A13,SUNSET BL,AMALFI DR,120,E,N,A,-,N,NA,NA,NA,NA,NA,NA,NA,NA,NA,Y,4,0,2,3,A,-,01,23152,A,N,C,C,A,A,H,-,A,A,0,NA,NA,NA,NA,Y,Y,D,22,0,0,2,0,0,0,0,0,0,-,-,NA,NA,LOS ANGELES,LOS ANGELES,-118.50927734375,34.04623794555664
8720022,2018,2018-10-25,1953,2018-09-11,1746,1940,1953,2,5,6,1953,0,0,0,NA,0,005,FAIR OAKS AV,FILLMORE ST,185,S,N,A,-,N,NA,NA,NA,NA,NA,NA,NA,NA,NA,Y,4,0,1,6,A,-,01,23152,A,N,B,E,A,A,H,-,A,D,0,NA,NA,NA,NA,Y,Y,A,07,0,0,1,0,0,0,0,0,0,-,-,NA,NA,LOS ANGELES,PASADENA,-118.1503677368164,34.13243103027344
8720026,2018,2019-01-11,1953,2018-09-10,1329,9296,NA,1,5,6,1953,0,0,0,NA,0,NA,MAPLE ST,SIERRA BONITA AV,0,NA,Y,A,-,N,NA,NA,NA,NA,NA,NA,NA,NA,NA,Y,3,0,1,2,A,-,12,21453,A,N,D,C,A,A,H,-,A,A,0,NA,NA,NA,Y,Y,NA,A,01,0,1,0,0,0,0,0,0,0,-,-,NA,NA,LOS ANGELES,PASADENA,-118.11731719970705,34.15285873413086
8720031,2018,2018-11-20,1942,2018-09-07,2120,39107,0459,5,5,7,1942,0,0,0,D,0,4A53,CESAR CHAVEZ AV,LORENA ST,0,NA,Y,A,-,N,NA,NA,NA,NA,NA,NA,NA,NA,NA,NA,4,0,1,2,A,-,09,21801,A,N,D,C,A,A,H,-,C,A,0,NA,NA,NA,NA,Y,NA,D,22,0,0,1,0,0,0,0,0,0,-,-,NA,NA,LOS ANGELES,LOS ANGELES,-118.19304,34.0403
8720032,2018,2018-10-22,1942,2018-09-19,1300,42338,0379,3,5,7,1942,0,0,0,C,0,3A57,S VERMONT AV,EXPOSITION BL,65,S,N,A,-,N,NA,NA,NA,NA,NA,NA,NA,NA,NA,N,4,0,1,2,A,-,03,22350,NA,N,C,C,A,A,H,-,A,D,0,NA,NA,NA,NA,Y,NA,A,01,0,0,1,0,0,0,0,0,0,-,-,NA,NA,LOS ANGELES,LOS ANGELES,-118.2915267944336,34.01817321777344
8720034,2018,2018-10-25,1953,2018-09-16,0422,7653,PASAD,7,5,6,1953,0,0,0,NA,0,005,GREEN ST,FAIR OAKS AV,100,E,N,A,-,N,NA,NA,NA,NA,NA,NA,NA,NA,NA,Y,3,0,1,2,A,-,08,22107,NA,N,C,E,A,A,H,-,C,A,0,NA,NA,NA,NA,Y,Y,A,01,0,1,0,0,0,0,0,0,0,-,-,NA,NA,LOS ANGELES,PASADENA,-118.15046691894533,34.14448165893555
8720035,2018,2018-10-22,1922,2018-09-25,1353,576,NA,2,5,6,1922,0,0,0,NA,0,NA,MAGNOLIA ST,DURFEE AV,300,W,N,A,-,N,NA,NA,NA,NA,NA,NA,NA,NA,NA,Y,3,0,1,3,A,-,08,22107,NA,N,D,E,A,A,H,-,A,A,0,NA,NA,NA,NA,Y,NA,A,01,0,1,0,0,0,0,0,0,0,-,-,34.056671142578125,-118.01764678955078,LOS ANGELES,EL MONTE,-118.01811981201172,34.05649185180664
8720039,2018,2018-10-22,1922,2018-09-27,1909,671,1,4,5,6,1922,0,0,0,NA,0,001,LOWER AZUSA RD,CEDAR AV,350,E,N,A,-,N,NA,NA,NA,NA,NA,NA,NA,NA,NA,Y,3,0,2,2,A,-,09,21801,A,N,D,C,A,A,H,-,C,D,0,NA,NA,NA,NA,Y,NA,D,22,0,2,0,0,0,0,0,0,0,-,-,34.09162139892578,-118.0206298828125,LOS ANGELES,EL MONTE,-118.0199737548828,34.091468811035156
8720040,2018,2018-10-23,1942,2018-10-06,1610,37724,0328,6,5,7,1942,0,0,0,C,0,3A19,S HOOVER ST,32ND ST,297,S,N,A,-,N,NA,NA,NA,NA,NA,NA,NA,NA,NA,Y,3,0,4,2,A,-,08,22107,NA,N,B,C,A,A,H,-,A,A,0,NA,NA,NA,NA,Y,NA,D,22,0,1,3,0,0,0,0,0,0,-,-,NA,NA,LOS ANGELES,LOS ANGELES,-118.28383636474608,34.02475357055664
8720052,2018,2018-10-22,1942,2018-09-28,1410,43137,LOSAN,5,5,7,1942,0,0,0,NA,0,4A78,WHITTIER BL,LORENA,20,S,N,A,-,N,NA,NA,NA,NA,NA,NA,NA,NA,NA,Y,3,0,1,4,A,-,08,22107,NA,N,B,C,A,A,H,-,A,D,0,NA,NA,NA,NA,Y,NA,A,07,0,1,0,0,0,0,0,0,0,-,-,NA,NA,LOS ANGELES,LOS ANGELES,-118.20093536376952,34.02776336669922
8720054,2018,2018-11-13,1953,2018-09-17,1105,8091,PASAD,1,5,6,1953,0,0,0,NA,0,004,HASTINGS RANCH,HASTINGS RANCH 1065,0,NA,Y,A,-,N,NA,NA,NA,NA,NA,NA,NA,NA,NA,Y,4,0,1,1,A,-,03,22350,NA,N,E,I,A,A,H,-,A,A,0,NA,NA,NA,NA,Y,NA,K,45,0,0,1,0,0,0,0,0,0,-,-,NA,NA,LOS ANGELES,PASADENA,-118.072808,34.164802
8720056,2018,2018-10-22,1942,2018-09-23,1400,38330,0409,7,5,7,1942,0,0,0,D,0,4A9,HUNTINGTON DR N,VAN HORNE AV,280,E,N,A,-,N,NA,NA,NA,NA,NA,NA,NA,NA,NA,N,3,0,3,3,A,-,03,22350,NA,N,C,-,A,A,H,-,A,D,0,NA,NA,NA,NA,Y,NA,A,01,0,1,2,0,0,0,0,0,0,-,-,NA,NA,LOS ANGELES,LOS ANGELES,-118.16995239257813,34.089786529541016
8720078,2018,2018-11-09,1946,2018-08-11,1847,P38,1946,6,5,4,1946,0,0,0,NA,0,003,EVERGREEN,MOUTAIN,16,W,N,A,-,N,NA,NA,NA,NA,NA,NA,NA,NA,NA,N,4,0,1,2,A,-,08,22107,NA,N,B,C,A,A,H,-,A,A,0,NA,NA,NA,NA,Y,NA,-,NA,0,0,1,0,0,0,0,0,0,-,-,NA,NA,LOS ANGELES,MONROVIA,-117.986328125,34.13502883911133
8720083,2018,2018-10-30,1942,2018-05-21,0320,42096,1232,1,5,7,1942,0,0,0,L,0,12A31,CRENSHAW BL,SLAUSON AV,7,N,N,A,-,N,NA,NA,NA,NA,NA,NA,NA,NA,NA,Y,3,0,1,2,A,-,03,22350,NA,N,C,C,A,A,-,-,C,A,0,NA,NA,NA,NA,Y,NA,A,08,0,1,0,0,0,0,0,0,0,-,-,NA,NA,LOS ANGELES,LOS ANGELES,-118.33090972900392,33.98902893066406
8720094,2018,2018-11-16,1942,2018-10-04,1810,37353,1669,4,5,7,1942,0,0,0,P,0,16A59,TUNA CANYON BL,SHADYGROVE ST,0,NA,Y,A,-,N,NA,NA,NA,NA,NA,NA,NA,NA,NA,N,4,0,1,2,A,-,07,21658,A,N,B,C,A,A,H,-,A,A,0,NA,NA,NA,NA,Y,NA,-,-,0,0,1,0,0,0,0,0,0,-,-,NA,NA,LOS ANGELES,LOS ANGELES,NA,NA
8720097,2018,2018-10-30,1942,2018-09-14,1705,35648,LOSAN,5,5,7,1942,0,0,0,NA,0,25MQ12,WILMINGTON BL,OPP ST,75,N,N,A,-,N,NA,NA,NA,NA,NA,NA,NA,NA,NA,N,4,0,1,2,A,-,11,21954,A,F,G,B,D,A,H,-,A,A,0,Y,NA,NA,NA,Y,Y,N,60,0,0,1,0,1,0,0,0,0,-,-,NA,NA,LOS ANGELES,LOS ANGELES,-118.27445220947266,33.782474517822266
8720098,2018,2018-11-06,1942,2018-10-05,1125,36336,1659,5,5,7,1942,0,0,0,P,0,16A59,FOOTHILL BL,TUJUNGA CANYON PL,350,W,N,A,-,N,NA,NA,NA,NA,NA,NA,NA,NA,NA,Y,4,0,1,3,A,-,09,21804,A,N,D,C,A,A,H,-,A,D,0,NA,NA,NA,NA,Y,NA,A,07,0,0,1,0,0,0,0,0,0,-,-,NA,NA,LOS ANGELES,LOS ANGELES,-118.27426147460938,34.24545669555664
8720101,2018,2018-10-30,1942,2018-09-23,1642,43220,0506,7,5,7,1942,0,0,0,E,0,5A12,W CARSON ST,HALLDALE AV,90,W,N,A,-,N,NA,NA,NA,NA,NA,NA,NA,NA,NA,N,2,0,1,2,A,-,03,22350,NA,F,C,G,A,A,H,-,A,D,0,NA,Y,NA,NA,Y,NA,-,99,1,0,0,0,0,0,1,0,0,-,-,NA,NA,LOS ANGELES,LOS ANGELES,-118.30194854736328,33.8315315246582
8720102,2018,2018-11-05,1942,2018-10-05,2205,35433,1676,5,5,7,1942,0,0,0,P,0,16A77,GLENOAKS BL,VINEDALE ST,60,S,N,A,-,N,NA,NA,NA,NA,NA,NA,NA,NA,NA,N,4,0,1,2,A,-,03,22350,NA,N,C,C,A,A,H,-,C,D,0,NA,NA,NA,NA,Y,NA,A,01,0,0,1,0,0,0,0,0,0,-,-,NA,NA,LOS ANGELES,LOS ANGELES,-118.36515045166016,34.22853088378906
8720105,2018,2018-10-30,1942,2018-09-12,1930,42935,589,3,5,7,1942,0,0,0,NA,0,5A85,GAFFEY ST,4TH ST,0,NA,Y,A,-,N,NA,NA,NA,NA,NA,NA,NA,NA,NA,N,4,0,1,2,A,-,03,22350,NA,F,C,C,A,A,H,-,C,D,0,NA,NA,NA,NA,Y,NA,-,99,0,0,1,0,0,0,0,0,0,-,-,NA,NA,LOS ANGELES,LOS ANGELES,-118.29232025146484,33.74061965942383
8720114,2018,2018-11-05,1900,2018-10-01,0737,614015,2113,1,5,5,1943,0,0,0,NA,0,212T4,ABBOTT RD,SAMPSON AV,0,NA,Y,A,-,N,NA,NA,NA,NA,NA,NA,NA,NA,NA,N,3,0,1,2,A,-,08,22107,NA,N,A,G,A,A,H,-,A,D,0,NA,Y,NA,NA,Y,NA,A,01,0,1,0,0,0,0,1,0,0,-,-,NA,NA,LOS ANGELES,LYNWOOD,-118.1898193359375,33.93461990356445
8720117,2018,2018-10-30,1942,2018-08-02,1445,42602,0701,4,5,7,1942,0,0,0,G,0,7A21,MELROSE AV,LAUREL AV,0,NA,Y,A,-,N,NA,NA,NA,NA,NA,NA,NA,NA,NA,Y,2,0,1,2,A,-,09,21802,A,N,D,C,A,A,H,-,A,A,0,NA,NA,Y,NA,Y,Y,A,01,1,0,0,0,0,0,0,0,1,-,-,NA,NA,LOS ANGELES,LOS ANGELES,-118.36482238769533,34.083770751953125
8720118,2018,2018-11-06,1900,2018-10-13,0220,453085,2112,6,5,5,1943,0,0,0,NA,0,212T4,STATE ST,MICHIGAN AV,0,NA,Y,A,-,N,NA,NA,NA,NA,NA,NA,NA,NA,NA,Y,4,0,2,6,A,-,03,22350,NA,M,A,C,A,A,H,-,C,A,0,NA,NA,NA,NA,Y,NA,A,01,0,0,2,0,0,0,0,0,0,-,-,NA,NA,LOS ANGELES,LYNWOOD,-118.21405029296876,33.942508697509766
8720122,2018,2018-11-05,1942,2018-10-05,1210,43423,0501,5,5,7,1942,0,0,0,E,0,5A1,190TH ST,VERMONT AV,300,E,N,A,-,N,NA,NA,NA,NA,NA,NA,NA,NA,NA,Y,3,0,1,2,A,-,09,21804,NA,N,-,A,A,A,H,-,A,A,0,NA,NA,Y,NA,Y,NA,A,01,0,1,0,0,0,0,0,0,1,-,-,NA,NA,LOS ANGELES,LOS ANGELES,-118.28968048095705,33.85923385620117
8720125,2018,2018-10-30,1942,2018-08-16,1855,42424,0743,4,5,7,1942,0,0,0,G,0,7A54,SAN VICENTE BL,CURSON,0,NA,Y,A,-,N,NA,NA,NA,NA,NA,NA,NA,NA,NA,Y,4,0,2,3,A,-,12,21453,A,N,D,C,A,A,G,-,A,A,0,NA,NA,NA,NA,Y,Y,A,01,0,0,2,0,0,0,0,0,0,-,-,NA,NA,LOS ANGELES,LOS ANGELES,-118.35813903808594,34.05513000488281
8720126,2018,2018-11-14,1942,2018-10-15,1030,36865,0583,1,5,7,1942,0,0,0,E,0,5A59,25TH ST,MORAY AV,129,E,N,A,-,N,NA,NA,NA,NA,NA,NA,NA,NA,NA,N,2,0,1,2,A,-,09,21804,A,N,D,C,A,A,H,-,A,D,0,NA,NA,Y,NA,Y,NA,A,01,1,0,0,0,0,0,0,0,1,-,-,NA,NA,LOS ANGELES,LOS ANGELES,-118.31448364257813,33.723846435546875
8720129,2018,2018-11-15,1942,2018-08-13,1920,42788,0722,1,5,7,1942,0,0,0,G,0,7EL6,3RD ST,CROFT AV,85,E,N,A,-,N,NA,NA,NA,NA,NA,NA,NA,NA,NA,N,3,0,1,3,C,-,18,NA,NA,N,E,G,A,A,H,-,C,A,0,NA,Y,NA,NA,Y,NA,-,-,0,1,0,0,0,0,1,0,0,-,-,NA,NA,LOS ANGELES,LOS ANGELES,-118.37398529052734,34.073097229003906
8720130,2018,2018-11-05,1942,2018-10-17,0745,35393,0519,3,5,7,1942,0,0,0,E,0,5A15,PACIFIC COAST HWY,STANFORD AV,30,W,N,A,-,N,NA,NA,NA,NA,NA,NA,NA,NA,NA,Y,4,0,1,1,A,-,03,22350,NA,N,E,I,A,A,B,-,A,A,0,NA,NA,NA,NA,Y,NA,A,01,0,0,1,0,0,0,0,0,0,-,-,NA,NA,LOS ANGELES,LOS ANGELES,NA,NA
8720133,2018,2018-10-30,1942,2018-08-20,1800,43174,0782,1,5,7,1942,0,0,0,G,0,7A84,S FAIRFAX AV,W 18TH ST,30,S,N,A,-,N,NA,NA,NA,NA,NA,NA,NA,NA,NA,N,4,0,2,4,A,-,04,21703,NA,N,C,C,A,A,H,-,A,D,0,NA,NA,NA,NA,Y,NA,A,01,0,0,2,0,0,0,0,0,0,-,-,NA,NA,LOS ANGELES,LOS ANGELES,-118.36923980712892,34.04301071166992
8720134,2018,2018-11-05,1942,2018-10-17,1000,35393,0509,3,5,7,1942,0,0,0,E,0,5A11,S WESTERN AV,W LOMITA BL,0,NA,Y,A,-,N,NA,NA,NA,NA,NA,NA,NA,NA,NA,N,3,0,1,2,A,-,09,21453,B,F,D,G,A,A,H,-,A,A,0,NA,Y,NA,NA,Y,NA,-,99,0,1,0,0,0,0,1,0,0,-,-,NA,NA,LOS ANGELES,LOS ANGELES,-118.30764770507813,33.797821044921875
8720137,2018,2018-10-30,1942,2018-08-24,1515,34385,0752,5,5,7,1942,0,0,0,G,0,7A53,OLYMPIC BL,HAYWORTH AV,0,NA,Y,A,-,N,NA,NA,NA,NA,NA,NA,NA,NA,NA,N,4,0,1,2,A,-,05,21651,A,N,D,C,A,A,H,-,A,D,0,NA,NA,NA,NA,Y,NA,A,08,0,0,1,0,0,0,0,0,0,-,-,NA,NA,LOS ANGELES,LOS ANGELES,-118.36489868164064,34.05830001831055
8720141,2018,2018-10-30,1942,2018-08-10,1400,43367,1942,5,5,7,1942,0,0,0,NA,0,20A97,VERMONT AV,6TH ST,0,NA,Y,A,-,N,NA,NA,NA,NA,NA,NA,NA,NA,NA,N,3,0,1,2,A,-,03,22350,NA,N,G,G,A,A,H,-,A,A,0,NA,Y,NA,NA,Y,NA,L,04,0,1,0,0,0,0,1,0,0,-,-,NA,NA,LOS ANGELES,LOS ANGELES,-118.29164,34.06364
8720145,2018,2018-10-30,1942,2018-08-18,1650,37765,0514,6,5,7,1942,0,0,0,E,0,5A26,M ST,WILMINGTON BL,0,NA,Y,A,-,N,NA,NA,NA,NA,NA,NA,NA,NA,NA,Y,3,0,1,2,A,-,09,21802,A,N,D,C,A,A,H,-,A,D,0,NA,NA,Y,NA,Y,NA,A,01,0,1,0,0,0,0,0,0,1,-,-,NA,NA,LOS ANGELES,LOS ANGELES,-118.27494049072266,33.78873062133789
8720149,2018,2018-11-15,1942,2018-08-09,1420,36286,2097,4,5,7,1942,0,0,0,NA,0,20A16,WASHINGTON BL,BUDLONG AV,0,NA,Y,A,-,N,NA,NA,NA,NA,NA,NA,NA,NA,NA,N,4,0,2,2,A,-,08,22100,B,N,D,C,A,A,H,-,A,A,0,NA,NA,NA,NA,Y,NA,A,01,0,0,2,0,0,0,0,0,0,-,-,NA,NA,LOS ANGELES,LOS ANGELES,-118.29622650146484,34.040000915527344
8720163,2018,2018-10-26,1942,2018-09-29,2045,43321,0759,6,5,7,1942,0,0,0,G,0,7A33,PICO BL,5TH AV,3,E,N,A,-,N,NA,NA,NA,NA,NA,NA,NA,NA,NA,N,3,0,1,2,A,-,00,22458,A,N,A,C,A,A,H,-,C,A,0,NA,NA,Y,NA,Y,NA,A,01,0,1,0,0,0,0,0,0,1,-,-,NA,NA,LOS ANGELES,LOS ANGELES,-118.32244110107422,34.04743957519531
8720164,2018,2018-10-26,1942,2018-09-28,1710,35273,NA,5,5,7,1942,0,0,0,NA,0,NA,WILSHIRE BL,CURSON AV,0,NA,Y,A,-,N,NA,NA,NA,NA,NA,NA,NA,NA,NA,Y,2,0,1,2,A,-,09,21801,A,N,A,C,A,A,H,-,A,A,0,NA,NA,Y,NA,Y,NA,C,02,1,0,0,0,0,0,0,0,1,-,-,NA,NA,LOS ANGELES,LOS ANGELES,-118.3549575805664,34.06243896484375