CASE_ID,ACCIDENT_YEAR,PROC_DATE,JURIS,COLLISION_DATE,COLLISION_TIME,OFFICER_ID,REPORTING_DISTRICT,DAY_OF_WEEK,CHP_SHIFT,POPULATION,CNTY_CITY_LOC,SPECIAL_COND,BEAT_TYPE,CHP_BEAT_TYPE,CITY_DIVISION_LAPD,CHP_BEAT_CLASS,BEAT_NUMBER,PRIMARY_RD,SECONDARY_RD,DISTANCE,DIRECTION,INTERSECTION,WEATHER_1,WEATHER_2,STATE_HWY_IND,CALTRANS_COUNTY,CALTRANS_DISTRICT,STATE_ROUTE,ROUTE_SUFFIX,POSTMILE_PREFIX,POSTMILE,LOCATION_TYPE,RAMP_INTERSECTION,SIDE_OF_HWY,TOW_AWAY,COLLISION_SEVERITY,NUMBER_KILLED,NUMBER_INJURED,PARTY_COUNT,PRIMARY_COLL_FACTOR,PCF_CODE_OF_VIOL,PCF_VIOL_CATEGORY,PCF_VIOLATION,PCF_VIOL_SUBSECTION,HIT_AND_RUN,TYPE_OF_COLLISION,MVIW,PED_ACTION,ROAD_SURFACE,ROAD_COND_1,ROAD_COND_2,LIGHTING,CONTROL_DEVICE,CHP_ROAD_TYPE,PEDESTRIAN_ACCIDENT,BICYCLE_ACCIDENT,MOTORCYCLE_ACCIDENT,TRUCK_ACCIDENT,NOT_PRIVATE_PROPERTY,ALCOHOL_INVOLVED,STWD_VEHTYPE_AT_FAULT,CHP_VEHTYPE_AT_FAULT,COUNT_SEVERE_INJ,COUNT_VISIBLE_INJ,COUNT_COMPLAINT_PAIN,COUNT_PED_KILLED,COUNT_PED_INJURED,COUNT_BICYCLIST_KILLED,COUNT_BICYCLIST_INJURED,COUNT_MC_KILLED,COUNT_MC_INJURED,PRIMARY_RAMP,SECONDARY_RAMP,LATITUDE,LONGITUDE,COUNTY,CITY,POINT_X,POINT_Y
8721524,2018,2018-10-18,1928,2018-09-29,2125,371,509,6,5,5,1928,0,0,0,NA,0,502,CRENSHAW BL,ROCKET RD,25,N,N,B,-,N,NA,NA,NA,NA,NA,NA,NA,NA,NA,N,4,0,1,2,A,-,03,22350,NA,M,C,C,A,A,H,-,C,A,0,NA,NA,NA,NA,Y,NA,-,NA,0,0,1,0,0,0,0,0,0,-,-,NA,NA,LOS ANGELES,HAWTHORNE,-118.32652282714844,33.92137908935547
8721527,2018,2018-10-18,1976,2018-09-10,0800,452,1976,1,5,5,1976,0,0,0,NA,0,004,COLIMA DR,COLIMA RD,3,W,N,A,-,N,NA,NA,NA,NA,NA,NA,NA,NA,NA,Y,4,0,1,2,A,-,09,21801,A,N,D,C,A,A,H,-,A,D,0,NA,NA,NA,NA,Y,NA,A,01,0,0,1,0,0,0,0,0,0,-,-,NA,NA,LOS ANGELES,WHITTIER,-118.0115966796875,33.9422607421875
8721528,2018,2018-10-18,1900,2018-09-01,1215,540315,0331,6,5,4,1939,0,0,0,NA,0,35T1,MARINE AV,FREEMAN AV,0,NA,Y,A,-,N,NA,NA,NA,NA,NA,NA,NA,NA,NA,N,3,0,1,3,A,-,09,21801,A,N,D,C,A,A,H,-,A,A,0,NA,NA,NA,NA,Y,NA,A,07,0,1,0,0,0,0,0,0,0,-,-,33.89468002319336,-118.34893035888672,LOS ANGELES,LAWNDALE,-118.34893035888672,33.8946418762207
8721531,2018,2018-10-18,1976,2018-09-24,1301,460,NA,1,5,5,1976,0,0,0,NA,0,NA,HADLEY ST,PIERCE AV,40,E,N,A,-,N,NA,NA,NA,NA,NA,NA,NA,NA,NA,Y,3,0,1,2,A,-,08,22100,B,N,D,C,A,A,H,-,A,D,0,NA,NA,NA,NA,Y,NA,A,01,0,1,0,0,0,0,0,0,0,-,-,NA,NA,LOS ANGELES,WHITTIER,-118.044189453125,33.982730865478516
8721532,2018,2018-10-18,1942,2018-09-30,1250,42319,0362,7,5,7,1942,0,0,0,C,0,3A63,COLISEUM ST,NICHOLET ST,0,NA,Y,A,-,N,NA,NA,NA,NA,NA,NA,NA,NA,NA,N,4,0,1,2,A,-,09,21801,A,N,D,C,A,A,H,-,A,A,0,NA,NA,NA,NA,Y,NA,A,01,0,0,1,0,0,0,0,0,0,-,-,NA,NA,LOS ANGELES,LOS ANGELES,-118.35044,34.01827
8721557,2018,2018-10-19,1900,2018-06-18,0230,523088,0333,1,5,4,1939,0,0,0,NA,0,35T1,HAWTHORNE BL,160TH ST,100,S,N,A,-,N,NA,NA,405,NA,NA,NA,NA,NA,NA,Y,4,0,1,1,A,-,01,23152,A,N,E,I,A,A,H,-,C,D,0,NA,NA,NA,NA,Y,Y,A,07,0,0,1,0,0,0,0,0,0,-,-,33.88521957397461,-118.35270690917967,LOS ANGELES,LAWNDALE,-118.35286712646484,33.885009765625
8721572,2018,2018-10-18,1900,2018-09-18,1729,552335,0331,2,5,4,1939,0,0,0,NA,0,35T1,HAWTHORNE BL,154TH ST,0,NA,Y,-,-,N,NA,NA,NA,NA,NA,NA,NA,NA,NA,Y,3,0,1,2,A,-,09,21801,B,N,D,C,A,A,H,-,A,A,0,NA,NA,NA,NA,Y,NA,A,07,0,1,0,0,0,0,0,0,0,-,-,33.89099884033203,-118.25240325927734,LOS ANGELES,LAWNDALE,-118.3527374267578,33.89101028442383
8721576,2018,2018-10-18,1900,2018-09-10,1631,552335,0332,1,5,4,1939,0,0,0,NA,0,35T1,MANHATTAN BEACH BL,HAWTHORNE BL,327,W,N,A,-,N,NA,NA,NA,NA,NA,NA,NA,NA,NA,Y,4,0,1,3,A,-,07,21658,A,N,B,C,A,A,H,-,A,D,0,NA,NA,NA,NA,Y,NA,A,01,0,0,1,0,0,0,0,0,0,-,-,33.88740158081055,-118.35389709472656,LOS ANGELES,LAWNDALE,-118.3538055419922,33.8874397277832
8721592,2018,2018-10-18,1900,2018-09-22,0305,515583,1412,6,5,1,1932,0,0,0,NA,0,141T1,BALDWIN PARK BL,AMAR RD,0,NA,Y,A,-,N,NA,NA,NA,NA,NA,NA,NA,NA,NA,Y,3,0,1,1,A,-,01,23152,A,N,-,I,A,A,H,-,C,A,0,NA,NA,NA,NA,Y,Y,A,01,0,1,0,0,0,0,0,0,0,-,-,NA,NA,LOS ANGELES,INDUSTRY,-117.98798370361328,34.06114196777344
8721596,2018,2018-10-18,1900,2018-09-29,1821,551881,1412,6,5,1,1932,0,0,0,NA,0,141T6,PUENTE AV,NELSON AV,0,NA,Y,A,-,N,NA,NA,NA,NA,NA,NA,NA,NA,NA,Y,3,0,1,2,A,-,12,21453,A,N,D,C,A,A,H,-,B,A,0,NA,NA,NA,NA,Y,NA,A,01,0,1,0,0,0,0,0,0,0,-,-,34.0466194152832,-117.98554229736328,LOS ANGELES,INDUSTRY,-117.9855728149414,34.04669952392578
8721603,2018,2018-10-25,1976,2018-09-14,1155,463,NA,5,5,3,1964,0,0,0,NA,0,001,SANTA FE SPRINGS RD,SORENSEN AV,0,NA,Y,A,-,N,NA,NA,NA,NA,NA,NA,NA,NA,NA,Y,4,0,2,2,A,-,09,21801,A,N,A,C,A,A,H,-,A,D,0,NA,NA,NA,NA,Y,NA,A,01,0,0,2,0,0,0,0,0,0,-,-,NA,NA,LOS ANGELES,SANTA FE SPRINGS,-118.05705261230467,33.95265197753906
8721607,2018,2018-10-25,1976,2018-09-14,0729,883,NA,5,5,3,1964,0,0,0,NA,0,001,DICE RD,BURKE ST,0,NA,Y,A,-,N,NA,NA,NA,NA,NA,NA,NA,NA,NA,Y,3,0,2,2,A,-,09,21801,A,N,A,C,A,A,H,-,A,D,0,NA,NA,NA,NA,Y,NA,A,01,0,1,1,0,0,0,0,0,0,-,-,NA,NA,LOS ANGELES,SANTA FE SPRINGS,-118.06581878662108,33.962650299072266
8721609,2018,2018-10-31,1900,2018-10-05,1400,535074,0612,5,5,6,1985,0,0,0,NA,0,62A,SOLEDAD CANYON RD,CROSSGLADE AV,92,E,N,A,-,N,NA,NA,NA,NA,NA,NA,NA,NA,NA,Y,4,0,1,3,A,-,04,21703,NA,N,C,C,A,A,H,-,A,D,0,NA,NA,NA,NA,Y,NA,A,01,0,0,1,0,0,0,0,0,0,-,-,34.24943923950195,-118.27940368652344,LOS ANGELES,SANTA CLARITA,-118.46607208251952,34.41569137573242
8721611,2018,2018-10-25,1976,2018-09-13,1746,241,NA,4,5,3,1964,0,0,0,NA,0,003,SHOEMAKER,EXCELSIOR RD,15,N,N,A,-,N,NA,NA,NA,NA,NA,NA,NA,NA,NA,Y,3,0,1,1,A,-,08,22107,NA,N,E,I,A,A,H,-,A,A,0,NA,NA,NA,NA,Y,NA,A,07,0,1,0,0,0,0,0,0,0,-,-,NA,NA,LOS ANGELES,SANTA FE SPRINGS,-118.05532836914064,33.89509201049805
8721613,2018,2018-11-05,1900,2018-10-07,0745,523421,0644,7,5,6,1985,0,0,0,NA,0,64T1,VALENCIA BL,MAGIC MOUNTAIN PKWY,0,NA,Y,A,-,N,NA,NA,NA,NA,NA,NA,NA,NA,NA,Y,4,0,1,2,A,-,12,21453,A,N,D,C,A,A,H,-,A,A,0,NA,NA,NA,NA,Y,NA,A,01,0,0,1,0,0,0,0,0,0,-,-,34.41630172729492,-118.5497817993164,LOS ANGELES,SANTA CLARITA,-118.54984283447266,34.415958404541016
8721615,2018,2018-10-25,1976,2018-09-11,1615,241,NA,2,5,3,1964,0,0,0,NA,0,003,SPRING RD,TALC ST,18,N,N,A,-,N,NA,NA,NA,NA,NA,NA,NA,NA,NA,Y,3,0,2,2,A,-,09,21804,A,N,D,C,A,A,H,-,A,D,0,NA,NA,NA,NA,Y,NA,A,01,0,1,1,0,0,0,0,0,0,-,-,NA,NA,LOS ANGELES,SANTA FE SPRINGS,-118.04000854492188,33.896968841552734
8721617,2018,2018-11-05,1900,2018-10-08,0645,615165,0617,1,5,6,1985,0,0,0,NA,0,61T1,GOLDEN VALLEY RD,HIGHLAND DR,427,W,N,A,-,N,NA,NA,NA,NA,NA,NA,NA,NA,NA,Y,4,0,2,3,A,-,01,23152,A,N,B,C,A,A,D,-,B,D,0,NA,NA,NA,NA,Y,Y,A,01,0,0,2,0,0,0,0,0,0,-,-,34.395198822021484,-118.48269653320313,LOS ANGELES,SANTA CLARITA,-118.48262786865234,34.39521026611328
8721619,2018,2018-10-25,1976,2018-09-11,1608,856,NA,2,5,3,1964,0,0,0,NA,0,002,SHOEMAKER AV,FLORENCE AV,0,NA,Y,A,-,N,NA,NA,NA,NA,NA,NA,NA,NA,NA,Y,3,0,2,3,A,-,09,21801,A,N,A,C,A,A,H,-,A,A,0,NA,NA,NA,NA,Y,NA,A,01,0,1,1,0,0,0,0,0,0,-,-,NA,NA,LOS ANGELES,SANTA FE SPRINGS,-118.05522918701172,33.93526840209961
8721621,2018,2018-11-05,1900,2018-10-08,1600,437456,0642,1,5,6,1985,0,0,0,NA,0,64T1,MCBEAN PKWY,FAIRVIEW DR,80,S,N,A,-,N,NA,NA,NA,NA,NA,NA,NA,NA,NA,Y,4,0,3,3,A,-,04,21703,NA,N,C,C,A,A,H,-,A,D,0,NA,NA,NA,NA,Y,NA,A,01,0,0,3,0,0,0,0,0,0,-,-,34.43413162231445,-118.55596923828124,LOS ANGELES,SANTA CLARITA,-118.5561065673828,34.434200286865234
8721623,2018,2018-10-25,1976,2018-09-07,1700,219,NA,5,5,3,1964,0,0,0,NA,0,002,LAKELAND AV,NORWALK BL,1000,E,N,A,-,N,NA,NA,NA,NA,NA,NA,NA,NA,NA,N,4,0,1,2,A,-,03,22350,NA,F,C,C,A,A,H,-,A,D,0,NA,NA,NA,NA,Y,NA,A,01,0,0,1,0,0,0,0,0,0,-,-,NA,NA,LOS ANGELES,SANTA FE SPRINGS,-118.06941986083984,33.93168258666992
8721625,2018,2018-11-05,1900,2018-10-08,2310,465550,0631,1,5,6,1985,0,0,0,NA,0,60T1,SOLEDAD CANYON RD,RIVER CIR,15,N,N,A,-,N,NA,NA,NA,NA,NA,NA,NA,NA,NA,Y,2,0,1,2,A,-,01,23152,A,N,D,C,A,A,H,-,C,A,0,NA,NA,Y,NA,Y,Y,C,02,1,0,0,0,0,0,0,0,1,-,-,34.41633987426758,-118.44743347167967,LOS ANGELES,SANTA CLARITA,-118.44745635986328,34.4163703918457
8721627,2018,2018-10-25,1976,2018-09-10,1628,379,NA,1,5,3,1964,0,0,0,NA,0,001,DICE RD,LOS NIETOS RD,0,NA,Y,A,-,N,NA,NA,NA,NA,NA,NA,NA,NA,NA,Y,4,0,1,2,A,-,09,21802,A,N,D,C,A,A,H,-,A,A,0,NA,NA,NA,NA,Y,NA,A,01,0,0,1,0,0,0,0,0,0,-,-,NA,NA,LOS ANGELES,SANTA FE SPRINGS,-118.0672607421875,33.95463943481445
8721629,2018,2018-11-05,1900,2018-10-01,0910,614034,0648,1,5,6,1985,0,0,0,NA,0,64T1,COPPER HILL DR,ALTA VISTA AV,210,W,N,A,-,N,NA,NA,NA,NA,NA,NA,NA,NA,NA,Y,3,0,1,1,A,-,03,22350,NA,N,E,I,A,A,H,-,A,D,0,NA,NA,NA,NA,Y,NA,A,01,0,1,0,0,0,0,0,0,0,-,-,NA,NA,LOS ANGELES,SANTA CLARITA,-118.57186889648438,34.446475982666016
8721631,2018,2018-10-25,1976,2018-09-10,1343,379,NA,1,5,3,1964,0,0,0,NA,0,001,PIKE ST,PACIFIC ST,231,S,N,A,-,N,NA,NA,NA,NA,NA,NA,NA,NA,NA,Y,3,0,1,2,A,-,08,22107,NA,N,C,E,A,A,H,-,A,D,0,NA,NA,NA,NA,Y,NA,A,01,0,1,0,0,0,0,0,0,0,-,-,NA,NA,LOS ANGELES,SANTA FE SPRINGS,-118.06864166259766,33.953208923339844
8721633,2018,2018-11-05,1900,2018-10-04,1705,617343,0622,4,5,6,1985,0,0,0,NA,0,62T1,VALENCIA BL,MAGIC MOUNTAIN PKWY,35,S,N,A,-,N,NA,NA,NA,NA,NA,NA,NA,NA,NA,N,4,0,1,2,A,-,04,21703,A,N,C,C,A,A,H,-,A,D,0,NA,NA,NA,NA,Y,NA,A,07,0,0,1,0,0,0,0,0,0,-,-,34.4156494140625,-118.55003356933594,LOS ANGELES,SANTA CLARITA,-118.54987335205078,34.415870666503906
8721635,2018,2018-10-24,1976,2018-09-07,0750,883,NA,5,5,3,1964,0,0,0,NA,0,003,CARMENITA RD,ROSECRANS AV,300,N,N,B,-,N,NA,NA,NA,NA,NA,NA,NA,NA,NA,Y,4,0,1,2,A,-,03,22350,NA,N,C,C,A,A,H,-,A,A,0,NA,NA,NA,NA,Y,NA,A,01,0,0,1,0,0,0,0,0,0,-,-,NA,NA,LOS ANGELES,SANTA FE SPRINGS,-118.04666137695313,33.90330123901367
8721639,2018,2018-10-24,1976,2018-09-05,0201,854,NA,3,5,3,1964,0,0,0,NA,0,NA,SHOEMAKER AV,MEYER RD,30,N,N,A,-,N,NA,NA,NA,NA,NA,NA,NA,NA,NA,Y,3,0,1,1,A,-,03,22350,NA,N,E,I,A,A,H,-,C,A,0,NA,NA,NA,NA,Y,Y,A,01,0,1,0,0,0,0,0,0,0,-,-,NA,NA,LOS ANGELES,SANTA FE SPRINGS,-118.05520629882813,33.930213928222656
8721647,2018,2018-10-24,1976,2018-09-24,1739,477,NA,1,5,3,1964,0,0,0,NA,0,002,FLORENCE AV,NORWALK BL,0,NA,Y,A,-,N,NA,NA,NA,NA,NA,NA,NA,NA,NA,Y,3,0,1,2,D,-,00,NA,NA,N,A,C,A,A,H,-,A,A,0,NA,NA,Y,NA,Y,NA,-,-,0,1,0,0,0,0,0,0,1,-,-,NA,NA,LOS ANGELES,SANTA FE SPRINGS,-118.07272338867188,33.93534851074219
8721651,2018,2018-10-24,1976,2018-09-21,1320,370,NA,5,5,3,1964,0,0,0,NA,0,002,TELEGRAPH RD,CARMENITA RD,336,W,N,A,-,N,NA,NA,NA,NA,NA,NA,NA,NA,NA,Y,4,0,2,2,A,-,09,21801,A,N,D,C,A,A,H,-,A,D,0,NA,NA,NA,NA,Y,NA,A,01,0,0,2,0,0,0,0,0,0,-,-,NA,NA,LOS ANGELES,SANTA FE SPRINGS,-118.04743957519533,33.941017150878906
8721655,2018,2018-10-25,1976,2018-09-19,2004,568,NA,3,5,3,1964,0,0,0,NA,0,003,ROSECRANS AV,MARQUARDT AV,92,E,N,A,-,N,NA,NA,NA,NA,NA,NA,NA,NA,NA,Y,3,0,2,3,A,-,03,22350,NA,N,C,C,A,A,H,-,C,A,0,NA,NA,NA,NA,Y,NA,A,01,0,1,1,0,0,0,0,0,0,-,-,NA,NA,LOS ANGELES,SANTA FE SPRINGS,-118.03753662109376,33.902488708496094
8721657,2018,2018-11-05,1902,2018-10-11,1858,766,14,4,5,5,1902,0,0,0,NA,0,002,CALIFORNIA ST,3RD AV,18,E,N,A,-,N,NA,NA,NA,NA,NA,NA,NA,NA,NA,N,3,0,1,2,A,-,10,21950,A,N,G,B,D,A,H,-,C,D,0,Y,NA,NA,NA,Y,NA,A,07,0,1,0,0,1,0,0,0,0,-,-,NA,NA,LOS ANGELES,ARCADIA,-118.02351379394533,34.1368408203125
8721659,2018,2018-10-25,1976,2018-09-19,1837,241,NA,3,5,3,1964,0,0,0,NA,0,002,FLORENCE AV,BLOOMFIELD AV,297,E,N,A,-,N,NA,NA,NA,NA,NA,NA,NA,NA,NA,Y,3,0,3,3,A,-,03,22350,NA,N,C,C,A,A,H,-,B,A,0,NA,NA,NA,NA,Y,NA,A,01,0,1,2,0,0,0,0,0,0,-,-,NA,NA,LOS ANGELES,SANTA FE SPRINGS,-118.06307983398438,33.93545150756836
8721661,2018,2018-11-05,1902,2018-10-11,0950,781,15,4,5,5,1902,0,0,0,NA,0,002,HUNTINGTON DR,CENTENNIAL WY,21,N,N,A,-,N,NA,NA,NA,NA,NA,NA,NA,NA,NA,N,4,0,1,2,A,-,10,21954,B,N,G,B,D,A,H,-,A,A,0,Y,NA,NA,NA,Y,NA,A,01,0,0,1,0,1,0,0,0,0,-,-,NA,NA,LOS ANGELES,ARCADIA,-118.039381,34.135603
8721663,2018,2018-10-25,1976,2018-09-18,1519,379,NA,2,5,3,1964,0,0,0,NA,0,001,SANTA FE SPRINGS RD,LOS NIETOS RD,0,NA,Y,A,-,N,NA,NA,NA,NA,NA,NA,NA,NA,NA,Y,4,0,2,4,A,-,09,21801,A,N,D,C,A,A,H,-,A,A,0,NA,NA,NA,NA,Y,NA,A,01,0,0,2,0,0,0,0,0,0,-,-,NA,NA,LOS ANGELES,SANTA FE SPRINGS,-118.06005859375,33.94966125488281
8721665,2018,2018-11-05,1902,2018-10-10,1452,623,21,3,5,5,1902,0,0,0,NA,0,004,SUNSET BL,ARCADIA AV,0,NA,Y,A,-,N,NA,NA,NA,NA,NA,NA,NA,NA,NA,Y,3,0,1,2,A,-,09,21801,A,N,D,C,A,A,H,-,A,D,0,NA,NA,NA,NA,Y,NA,A,07,0,1,0,0,0,0,0,0,0,-,-,NA,NA,LOS ANGELES,ARCADIA,-118.06468963623048,34.12662124633789
8721667,2018,2018-10-24,1976,2018-09-16,1451,233,NA,7,5,3,1964,0,0,0,NA,0,NA,CARMENITA RD,ORDEN DR,207,S,N,A,-,N,NA,NA,NA,NA,NA,NA,NA,NA,NA,Y,4,0,1,2,A,-,07,21658,A,F,B,C,A,A,H,-,A,A,0,NA,NA,NA,NA,Y,NA,A,01,0,0,1,0,0,0,0,0,0,-,-,NA,NA,LOS ANGELES,SANTA FE SPRINGS,-118.04677581787108,33.9111442565918
8721669,2018,2018-11-05,1902,2018-10-10,1455,682,24,3,5,5,1902,0,0,0,NA,0,004,W DUARTE RD,PARK AV,219,W,N,A,-,N,NA,NA,NA,NA,NA,NA,NA,NA,NA,Y,4,0,1,2,A,-,08,22107,NA,N,C,E,A,A,H,-,A,D,0,NA,NA,NA,NA,Y,NA,A,01,0,0,1,0,0,0,0,0,0,-,-,NA,NA,LOS ANGELES,ARCADIA,-118.0417709350586,34.12797546386719
8721695,2018,2018-12-04,1942,2018-10-08,1605,41003,0719,1,5,7,1942,0,0,0,G,0,7TL38,N CAHUENGA BL,MELROSE AV,6,S,N,A,-,N,NA,NA,NA,NA,NA,NA,NA,NA,NA,N,4,0,1,2,A,-,05,21650,NA,N,D,C,A,A,H,-,A,A,0,NA,NA,Y,NA,Y,NA,C,03,0,0,1,0,0,0,0,0,1,-,-,NA,NA,LOS ANGELES,LOS ANGELES,-118.32877349853516,34.083465576171875
8721699,2018,2018-10-25,1942,2018-10-12,0740,42451,0782,5,5,7,1942,0,0,0,G,0,7A73,VENICE BL,KAISER WY,0,NA,Y,A,-,N,NA,NA,NA,NA,NA,NA,NA,NA,NA,N,4,0,1,2,A,-,12,21453,A,N,D,G,A,A,H,-,A,-,0,NA,Y,NA,NA,Y,NA,L,04,0,0,1,0,0,0,1,0,0,-,-,NA,NA,LOS ANGELES,LOS ANGELES,-118.37236785888672,34.03847122192383
8721703,2018,2018-10-25,1942,2018-10-12,0815,33169,0782,5,5,7,1942,0,0,0,G,0,7A73,VENICE BL,KAISER WY,5,E,N,A,-,N,NA,NA,NA,NA,NA,NA,NA,NA,NA,N,3,0,1,2,A,-,08,22107,NA,N,D,G,A,A,H,-,A,A,0,NA,Y,NA,NA,Y,NA,A,01,0,1,0,0,0,0,1,0,0,-,-,NA,NA,LOS ANGELES,LOS ANGELES,-118.3723602294922,34.03847885131836
8721707,2018,2018-10-26,1942,2018-10-12,2205,40157,2013,5,5,7,1942,0,0,0,NA,0,20A13,W 3RD ST,SERRANO AV,50,E,N,C,-,N,NA,NA,NA,NA,NA,NA,NA,NA,NA,N,4,0,1,2,A,-,01,23152,A,M,B,C,A,B,H,-,C,D,0,NA,NA,NA,NA,Y,Y,A,07,0,0,1,0,0,0,0,0,0,-,-,NA,NA,LOS ANGELES,LOS ANGELES,-118.30652618408205,34.06898880004883
8721711,2018,2018-10-26,1942,2018-10-03,1230,31465,2004,3,5,7,1942,0,0,0,NA,0,20A13,MELROSE AV,N OXFORD AV,0,NA,Y,B,-,N,NA,NA,NA,NA,NA,NA,NA,NA,NA,N,3,0,1,2,A,-,09,21801,A,N,D,C,A,A,H,-,A,D,0,NA,NA,NA,NA,Y,NA,A,07,0,1,0,0,0,0,0,0,0,-,-,NA,NA,LOS ANGELES,LOS ANGELES,-118.30796813964844,34.08351135253906
8721726,2018,2018-10-25,1942,2018-09-26,2250,40899,2091,3,5,7,1942,0,0,0,NA,0,20A71,WEST WASHINGTON BL,S WESTERN AV,0,NA,Y,A,-,N,NA,NA,NA,NA,NA,NA,NA,NA,NA,N,4,0,1,2,A,-,09,21801,A,N,D,C,A,A,H,-,C,A,0,NA,NA,NA,NA,Y,Y,A,01,0,0,1,0,0,0,0,0,0,-,-,NA,NA,LOS ANGELES,LOS ANGELES,-118.30899047851564,34.039920806884766
8721730,2018,2018-10-25,1942,2018-09-17,1955,40157,2019,1,5,7,1942,0,0,0,NA,0,7T23,VIRGIL AV,TEMPLE ST,0,NA,Y,A,-,N,NA,NA,NA,NA,NA,NA,NA,NA,NA,N,3,0,1,2,A,-,09,21801,A,N,A,C,A,A,H,-,C,A,0,NA,NA,NA,NA,Y,NA,A,07,0,1,0,0,0,0,0,0,0,-,-,NA,NA,LOS ANGELES,LOS ANGELES,-118.2868194580078,34.0767707824707
8721734,2018,2018-10-25,1942,2018-09-15,0635,34959,2014,6,5,7,1942,0,0,0,NA,0,20A13,NORMANDIE AV,2ND ST,145,N,N,A,-,N,NA,NA,NA,NA,NA,NA,NA,NA,NA,Y,3,0,4,3,A,-,05,21460,A,N,A,C,A,A,H,-,A,D,0,NA,NA,NA,NA,Y,NA,A,07,0,2,2,0,0,0,0,0,0,-,-,NA,NA,LOS ANGELES,LOS ANGELES,-118.30037689208984,34.07157897949219
8721738,2018,2018-10-25,1942,2018-09-09,2115,41286,2001,7,5,7,1942,0,0,0,NA,0,20A1,WILTON PL,ROSEWOOD LN,0,NA,Y,A,-,N,NA,NA,NA,NA,NA,NA,NA,NA,NA,Y,3,0,1,2,A,-,09,21804,A,N,D,C,A,A,H,-,C,D,0,NA,NA,NA,NA,Y,NA,A,07,0,1,0,0,0,0,0,0,0,-,-,NA,NA,LOS ANGELES,LOS ANGELES,-118.31352996826172,34.07938003540039
8721742,2018,2018-10-25,1942,2018-09-10,1210,41376,2024,1,5,7,1942,0,0,0,NA,0,6TL7,NORMANDIE AV,6TH ST,0,NA,Y,A,-,N,NA,NA,NA,NA,NA,NA,NA,NA,NA,Y,3,0,3,2,A,-,09,21801,A,N,D,C,A,A,H,-,A,A,0,NA,NA,NA,NA,Y,NA,A,01,0,2,1,0,0,0,0,0,0,-,-,NA,NA,LOS ANGELES,LOS ANGELES,-118.30036926269533,34.0635986328125
8721746,2018,2018-10-25,1942,2018-09-04,0820,34959,2021,2,5,7,1942,0,0,0,NA,0,20A1,6TH ST,NORTON AV,0,NA,Y,B,-,N,NA,NA,NA,NA,NA,NA,NA,NA,NA,Y,3,0,2,4,A,-,09,21801,A,N,D,C,A,A,H,-,A,D,0,NA,NA,NA,NA,Y,NA,A,01,0,2,0,0,0,0,0,0,0,-,-,NA,NA,LOS ANGELES,LOS ANGELES,-118.31659698486328,34.06344985961914
8721750,2018,2018-11-09,1942,2018-09-09,1750,43069,2044,7,5,7,1942,0,0,0,NA,0,20A34,8TH ST,KINGSLEY DR,0,NA,Y,A,-,N,NA,NA,NA,NA,NA,NA,NA,NA,NA,Y,3,0,3,3,A,-,09,21802,A,N,A,C,A,A,H,-,A,A,0,NA,NA,NA,NA,Y,NA,A,01,0,1,2,0,0,0,0,0,0,-,-,NA,NA,LOS ANGELES,LOS ANGELES,-118.30307006835938,34.057701110839844
8721754,2018,2018-10-25,1942,2018-09-27,0655,42834,2058,4,5,7,1942,0,0,0,NA,0,20A69,ELDEN AV,W OLYMPIC BL,0,NA,Y,A,-,N,NA,NA,NA,NA,NA,NA,NA,NA,NA,N,3,0,2,3,A,-,10,21950,A,N,G,B,B,A,H,-,A,A,0,Y,NA,NA,NA,Y,NA,A,01,0,1,1,0,2,0,0,0,0,-,-,NA,NA,LOS ANGELES,LOS ANGELES,-118.28772735595705,34.05242919921875
8721756,2018,2018-10-26,1931,2018-10-07,1429,5325,1931,7,5,5,1931,0,0,0,NA,0,002,RANDOLPH ST,STATE ST,12,N,N,A,-,N,NA,NA,NA,NA,NA,NA,NA,NA,NA,N,4,0,2,2,A,-,03,22350,NA,M,C,C,A,A,H,-,A,A,0,NA,NA,NA,NA,Y,NA,A,01,0,0,2,0,0,0,0,0,0,-,-,NA,NA,LOS ANGELES,HUNTINGTON PARK,-118.212646484375,33.98433303833008
8721758,2018,2018-11-09,1942,2018-09-07,0245,43088,LOS A,5,5,7,1942,0,0,0,NA,0,7A17,CRENSHAW BL,9TH ST,0,NA,Y,B,-,N,NA,NA,NA,NA,NA,NA,NA,NA,NA,Y,3,0,2,2,A,-,03,22350,NA,N,B,C,A,A,H,-,C,D,0,NA,NA,NA,NA,Y,NA,A,01,0,1,1,0,0,0,0,0,0,-,-,NA,NA,LOS ANGELES,LOS ANGELES,-118.32205,34.05638
8721760,2018,2018-10-25,1931,2018-10-04,1836,5321,NA,4,5,5,1931,0,0,0,NA,0,001,BELGRAVE AV,RUGBY AV,26,E,N,A,-,N,NA,NA,NA,NA,NA,NA,NA,NA,NA,N,4,0,1,3,A,-,08,22107,NA,N,D,C,A,A,H,-,C,A,0,NA,NA,NA,NA,Y,NA,A,01,0,0,1,0,0,0,0,0,0,-,-,NA,NA,LOS ANGELES,HUNTINGTON PARK,-118.22646331787108,33.98719024658203