CASE_ID,ACCIDENT_YEAR,PROC_DATE,JURIS,COLLISION_DATE,COLLISION_TIME,OFFICER_ID,REPORTING_DISTRICT,DAY_OF_WEEK,CHP_SHIFT,POPULATION,CNTY_CITY_LOC,SPECIAL_COND,BEAT_TYPE,CHP_BEAT_TYPE,CITY_DIVISION_LAPD,CHP_BEAT_CLASS,BEAT_NUMBER,PRIMARY_RD,SECONDARY_RD,DISTANCE,DIRECTION,INTERSECTION,WEATHER_1,WEATHER_2,STATE_HWY_IND,CALTRANS_COUNTY,CALTRANS_DISTRICT,STATE_ROUTE,ROUTE_SUFFIX,POSTMILE_PREFIX,POSTMILE,LOCATION_TYPE,RAMP_INTERSECTION,SIDE_OF_HWY,TOW_AWAY,COLLISION_SEVERITY,NUMBER_KILLED,NUMBER_INJURED,PARTY_COUNT,PRIMARY_COLL_FACTOR,PCF_CODE_OF_VIOL,PCF_VIOL_CATEGORY,PCF_VIOLATION,PCF_VIOL_SUBSECTION,HIT_AND_RUN,TYPE_OF_COLLISION,MVIW,PED_ACTION,ROAD_SURFACE,ROAD_COND_1,ROAD_COND_2,LIGHTING,CONTROL_DEVICE,CHP_ROAD_TYPE,PEDESTRIAN_ACCIDENT,BICYCLE_ACCIDENT,MOTORCYCLE_ACCIDENT,TRUCK_ACCIDENT,NOT_PRIVATE_PROPERTY,ALCOHOL_INVOLVED,STWD_VEHTYPE_AT_FAULT,CHP_VEHTYPE_AT_FAULT,COUNT_SEVERE_INJ,COUNT_VISIBLE_INJ,COUNT_COMPLAINT_PAIN,COUNT_PED_KILLED,COUNT_PED_INJURED,COUNT_BICYCLIST_KILLED,COUNT_BICYCLIST_INJURED,COUNT_MC_KILLED,COUNT_MC_INJURED,PRIMARY_RAMP,SECONDARY_RAMP,LATITUDE,LONGITUDE,COUNTY,CITY,POINT_X,POINT_Y
8723752,2018,2018-11-14,1976,2018-10-14,1032,452,NA,7,5,5,1976,0,0,0,NA,0,001,NORWALK BL,EL RANCHO DR,1,S,N,A,-,N,NA,NA,NA,NA,NA,NA,NA,NA,NA,Y,2,0,1,1,A,-,03,22350,NA,N,E,J,A,A,H,-,A,D,0,NA,NA,NA,NA,Y,NA,A,01,1,0,0,0,0,0,0,0,0,-,-,NA,NA,LOS ANGELES,WHITTIER,-118.06016540527344,33.993865966796875
8723755,2018,2018-11-13,1942,2018-10-16,2210,42895,1256,2,5,7,1942,0,0,0,L,0,12A83W,FLORENCE AV,HOOVER ST,0,NA,Y,A,-,N,NA,NA,NA,NA,NA,NA,NA,NA,NA,N,3,0,1,2,A,-,12,21453,A,F,G,G,A,A,-,-,C,A,0,NA,Y,NA,NA,Y,NA,-,99,0,1,0,0,0,0,1,0,0,-,-,NA,NA,LOS ANGELES,LOS ANGELES,-118.287109375,33.974639892578125
8723756,2018,2018-11-14,1900,2018-10-17,1726,504778,2922,3,5,5,1990,0,0,0,NA,0,292T1,GOLDEN SPRINGS DR,GRAND AV,101,S,N,A,-,N,NA,NA,NA,NA,NA,NA,NA,NA,NA,N,4,0,1,2,A,-,08,22107,NA,M,B,C,A,A,H,-,A,A,0,NA,NA,NA,NA,Y,NA,A,07,0,0,1,0,0,0,0,0,0,-,-,NA,NA,LOS ANGELES,DIAMOND BAR,-117.82212829589844,34.00641632080078
8723759,2018,2018-11-13,1942,2018-10-14,0730,31188,1267,7,5,7,1942,0,0,0,L,0,25MQ12,VERMONT AV,MANCHESTER AV,0,NA,Y,A,-,N,NA,NA,NA,NA,NA,NA,NA,NA,NA,N,3,0,1,3,A,-,12,21453,A,N,D,C,A,A,H,-,A,A,0,NA,NA,NA,NA,Y,NA,A,01,0,1,0,0,0,0,0,0,0,-,-,NA,NA,LOS ANGELES,LOS ANGELES,-118.2917709350586,33.960018157958984
8723760,2018,2018-11-14,1900,2018-10-18,1456,504778,2424,4,5,5,1990,0,0,0,NA,0,24271,DIAMOND BAR BL,MOUNTAIN LAUREL WY,183,S,N,A,-,N,NA,NA,NA,NA,NA,NA,NA,NA,NA,N,4,0,2,2,A,-,03,22350,NA,N,C,C,A,A,H,-,A,A,0,NA,NA,NA,NA,Y,NA,A,01,0,0,2,0,0,0,0,0,0,-,-,NA,NA,LOS ANGELES,DIAMOND BAR,-117.81745910644533,33.99193572998047
8723764,2018,2018-12-21,1942,2018-11-06,1745,42364,0525,2,5,7,1942,0,0,0,E,0,5A25,N AVALON BL,F ST,269,S,N,A,-,N,NA,NA,NA,NA,NA,NA,NA,NA,NA,N,1,1,0,2,A,-,11,21954,A,N,G,B,D,A,H,-,C,-,0,Y,NA,NA,NA,Y,NA,N,60,0,0,0,1,0,0,0,0,0,-,-,NA,NA,LOS ANGELES,LOS ANGELES,-118.26216888427734,33.776363372802734
8723822,2018,2018-12-06,1900,2018-10-31,0658,530855,0521,3,5,4,1971,0,0,0,NA,0,5T1AMS,TEMPLE CITY BL,LONGDEN AV,0,NA,Y,A,-,N,NA,NA,NA,NA,NA,NA,NA,NA,NA,N,3,0,1,2,A,-,12,21453,A,N,D,C,A,A,H,-,A,A,0,NA,NA,NA,NA,Y,NA,-,-,0,1,0,0,0,0,0,0,0,-,-,34.113609313964844,-118.06230926513672,LOS ANGELES,TEMPLE CITY,-118.06230926513672,34.113861083984375
8723843,2018,2018-11-27,1942,2018-10-14,2105,36023,0195,7,5,7,1942,0,0,0,A,0,1A85,S HILL ST,W VENICE BL,0,NA,Y,A,-,N,NA,NA,NA,NA,NA,NA,NA,NA,NA,Y,3,0,2,2,A,-,12,21453,A,N,D,C,A,A,H,-,C,A,0,NA,NA,NA,NA,Y,NA,-,-,0,1,1,0,0,0,0,0,0,-,-,NA,NA,LOS ANGELES,LOS ANGELES,-118.26455688476564,34.03472137451172
8723844,2018,2018-12-18,1942,2018-10-04,1115,41629,0249,4,5,7,1942,0,0,0,B,0,2A69,S BEAUDRY AV,W 3RD ST,0,NA,Y,A,-,N,NA,NA,NA,NA,NA,NA,NA,NA,NA,Y,4,0,1,3,A,-,04,21703,NA,N,C,C,A,-,H,-,A,D,0,NA,NA,NA,NA,Y,NA,A,01,0,0,1,0,0,0,0,0,0,-,-,NA,NA,LOS ANGELES,LOS ANGELES,-118.25666046142578,34.056549072265625
8723847,2018,2018-11-27,1942,2018-10-11,1040,31476,1307,4,5,7,1942,0,0,0,M,0,13A9,S SAN PEDRO ST,E 8TH ST,0,NA,Y,A,-,N,NA,NA,NA,NA,NA,NA,NA,NA,NA,N,4,0,3,2,A,-,12,21453,A,N,D,C,A,A,H,-,A,-,0,NA,NA,NA,NA,Y,NA,A,01,0,0,3,0,0,0,0,0,0,-,-,NA,NA,LOS ANGELES,LOS ANGELES,-118.24909210205078,34.03847885131836
8723848,2018,2018-11-26,1942,2018-10-14,1330,34458,0215,7,5,7,1942,0,0,0,B,0,2A12,N RAMPART BL,TEMPLE ST,5,S,N,B,-,N,NA,NA,NA,NA,NA,NA,NA,NA,NA,N,3,0,1,2,A,-,10,21950,A,N,G,B,B,A,H,-,A,A,0,Y,NA,NA,NA,Y,NA,A,01,0,1,0,0,1,0,0,0,0,-,-,NA,NA,LOS ANGELES,LOS ANGELES,-118.274893,34.072506
8723850,2018,2018-11-20,1923,2018-10-25,0149,489,319,4,5,3,1923,0,0,0,NA,0,3L6M,ROSECRANS AV,CONTINENTAL WY,18,W,N,A,-,N,NA,NA,NA,NA,NA,NA,NA,NA,NA,Y,3,0,2,1,A,-,01,23152,A,N,E,I,A,A,H,-,C,A,0,NA,NA,NA,NA,Y,NA,A,01,0,1,1,0,0,0,0,0,0,-,-,33.901878356933594,-118.38524627685548,LOS ANGELES,EL SEGUNDO,-118.38536834716795,33.90195083618164
8723851,2018,2018-11-20,1942,2018-10-07,1530,41629,0159,7,5,7,1942,0,0,0,A,0,1A29,EAST 6TH ST,S ALAMEDA ST,0,NA,Y,A,-,N,NA,NA,NA,NA,NA,NA,NA,NA,NA,Y,3,0,1,2,A,-,09,21801,A,N,D,C,A,A,H,-,A,A,0,NA,NA,NA,NA,Y,Y,A,01,0,1,0,0,0,0,0,0,0,-,-,NA,NA,LOS ANGELES,LOS ANGELES,-118.23841857910156,34.03818893432617
8723852,2018,2018-11-26,1942,2018-10-18,1120,43553,0231,4,5,7,1942,0,0,0,B,0,2A91,HOOVER ST,TEMPLE ST,8,N,N,A,-,N,NA,NA,NA,NA,NA,NA,NA,NA,NA,N,3,0,2,2,A,-,09,21801,A,N,G,B,B,A,H,-,A,A,0,Y,NA,NA,NA,Y,NA,A,01,0,2,0,0,1,0,0,0,0,-,-,NA,NA,LOS ANGELES,LOS ANGELES,-118.2843780517578,34.07672119140625
8723854,2018,2018-11-21,1923,2018-10-22,1657,467,314,1,5,3,1923,0,0,0,NA,0,3M3,DOUGLAS ALY,EL SEGUNDO BL,702,N,N,A,-,N,NA,NA,NA,NA,NA,NA,NA,NA,NA,N,3,0,1,2,A,-,09,21804,A,N,E,J,A,A,H,-,A,A,0,NA,NA,Y,NA,Y,NA,A,01,0,1,0,0,0,0,0,0,1,-,-,33.91640090942383,-118.38320922851564,LOS ANGELES,EL SEGUNDO,-118.38321685791016,33.91838455200195
8723855,2018,2018-11-20,1942,2018-10-29,1235,38502,0147,1,5,7,1942,0,0,0,A,0,1A35,EAST 4TH ST,SAN PEDRO ST,12,W,N,A,-,N,NA,NA,NA,NA,NA,NA,NA,NA,NA,N,4,0,1,2,A,-,03,22350,NA,F,C,C,A,A,H,-,A,D,0,NA,NA,NA,NA,Y,NA,-,99,0,0,1,0,0,0,0,0,0,-,-,NA,NA,LOS ANGELES,LOS ANGELES,-118.24303436279295,34.04586410522461
8723856,2018,2018-11-26,1942,2018-10-19,2355,38838,0281,5,5,7,1942,0,0,0,B,0,12A91,ALVARADO,11TH ST,0,NA,Y,A,-,N,NA,NA,NA,NA,NA,NA,NA,NA,NA,N,3,0,1,2,A,-,08,22107,NA,N,G,B,B,A,-,-,C,A,0,Y,NA,NA,NA,Y,NA,A,01,0,1,0,0,1,0,0,0,0,-,-,NA,NA,LOS ANGELES,LOS ANGELES,-118.28079223632813,34.0502815246582
8723858,2018,2018-11-21,1923,2018-10-28,0007,512,E301,7,5,3,1923,0,0,0,NA,0,3L3M,IMPERIAL HWY,HUGHES WY,32,W,N,A,-,N,NA,NA,NA,NA,NA,NA,NA,NA,NA,N,2,0,4,3,A,-,01,23152,NA,N,C,C,A,A,H,-,C,A,0,NA,NA,NA,NA,Y,NA,A,01,1,2,1,0,0,0,0,0,0,-,-,33.93090057373047,-118.39205932617188,LOS ANGELES,EL SEGUNDO,-118.3918914794922,33.93085861206055
8723859,2018,2018-11-27,1942,2018-10-11,0550,34665,0123,4,5,7,1942,0,0,0,A,0,1X45,BROADWAY,TEMPLE ST,0,NA,Y,A,-,N,NA,NA,NA,NA,NA,NA,NA,NA,NA,Y,4,0,2,2,A,-,12,21453,NA,N,D,C,A,A,H,-,C,A,0,NA,NA,NA,NA,Y,NA,-,-,0,0,2,0,0,0,0,0,0,-,-,NA,NA,LOS ANGELES,LOS ANGELES,-118.24359130859376,34.05575942993164
8723860,2018,2018-11-26,1942,2018-10-20,2120,43210,269,6,5,7,1942,0,0,0,NA,0,2A45,7TH ST,LUCAS AV,6,E,N,A,-,N,NA,NA,NA,NA,NA,NA,NA,NA,NA,N,3,0,1,2,A,-,09,21801,A,N,A,C,A,A,H,-,C,A,0,NA,NA,NA,NA,Y,NA,A,01,0,1,0,0,0,0,0,0,0,-,-,NA,NA,LOS ANGELES,LOS ANGELES,-118.26581573486328,34.051483154296875
8723862,2018,2018-11-20,1923,2018-10-03,1917,479,211,3,5,3,1923,0,0,0,NA,0,3L2S,SIERRA ST,EL SEGUNDO BL,127,N,N,A,-,N,NA,NA,NA,NA,NA,NA,NA,NA,NA,Y,2,0,2,1,A,-,03,22350,NA,N,E,I,A,A,H,-,C,D,0,NA,NA,Y,NA,Y,NA,C,02,2,0,0,0,0,0,0,0,2,-,-,NA,NA,LOS ANGELES,EL SEGUNDO,-118.40894317626952,33.91672897338867
8723863,2018,2018-11-20,1942,2018-10-10,1645,42171,0191,3,5,7,1942,0,0,0,A,0,1X92,S FIGUEROA ST,VENICE BL,0,NA,Y,A,-,N,NA,NA,NA,NA,NA,NA,NA,NA,NA,N,4,0,1,2,A,-,05,21650,NA,N,B,G,A,A,H,-,A,A,0,NA,Y,NA,NA,Y,NA,L,04,0,0,1,0,0,0,1,0,0,-,-,NA,NA,LOS ANGELES,LOS ANGELES,-118.27005004882813,34.03750991821289
8723866,2018,2018-11-21,1923,2018-10-03,1242,467,316,3,5,3,1923,0,0,0,NA,0,3M3,EL SEGUNDO BL,PACIFIC COAST HWY,336,E,N,B,-,N,NA,NA,NA,NA,NA,NA,NA,NA,NA,N,3,0,1,2,A,-,08,22101,D,N,D,C,A,A,H,-,A,A,0,NA,NA,NA,NA,Y,NA,A,01,0,1,0,0,0,0,0,0,0,-,-,NA,NA,LOS ANGELES,EL SEGUNDO,-118.39476,33.916251
8723867,2018,2018-11-20,1942,2018-10-08,1645,40274,0162,1,5,7,1942,0,0,0,A,0,1A85,8TH ST,FLOWER ST,0,NA,Y,A,-,N,NA,NA,NA,NA,NA,NA,NA,NA,NA,N,4,0,1,2,A,-,04,21703,NA,N,C,C,A,A,H,-,A,A,0,NA,NA,NA,NA,Y,NA,-,-,0,0,1,0,0,0,0,0,0,-,-,NA,NA,LOS ANGELES,LOS ANGELES,-118.26011657714844,34.04724884033203
8723868,2018,2018-11-26,1942,2018-10-20,0905,37540,1317,6,5,7,1942,0,0,0,M,0,13A9,E 14TH ST,S CENTRAL AV,0,NA,Y,A,-,N,NA,NA,NA,NA,NA,NA,NA,NA,NA,N,2,0,1,2,A,-,10,21950,A,N,G,B,B,A,H,-,A,A,0,Y,NA,NA,NA,Y,NA,A,07,1,0,0,0,1,0,0,0,0,-,-,NA,NA,LOS ANGELES,LOS ANGELES,-118.24687957763672,34.0284309387207
8723872,2018,2018-11-26,1942,2018-10-23,0835,37540,1383,2,5,7,1942,0,0,0,M,0,13A93,S SAN PEDRO ST,E 62ND ST,0,NA,Y,A,-,N,NA,NA,NA,NA,NA,NA,NA,NA,NA,Y,4,0,1,3,A,-,09,21802,A,F,D,C,A,A,H,-,A,A,0,NA,NA,NA,NA,Y,NA,-,99,0,0,1,0,0,0,0,0,0,-,-,NA,NA,LOS ANGELES,LOS ANGELES,-118.2695770263672,33.983341217041016
8723876,2018,2018-11-26,1942,2018-10-22,1105,31324,1395,1,5,7,1942,0,0,0,M,0,13A93,E 67TH ST,AVALON BL,0,NA,Y,A,-,N,NA,NA,NA,NA,NA,NA,NA,NA,NA,N,3,0,1,2,A,-,10,21950,A,N,G,B,B,A,H,-,A,A,0,Y,NA,NA,NA,Y,NA,A,01,0,1,0,0,1,0,0,0,0,-,-,NA,NA,LOS ANGELES,LOS ANGELES,-118.26519775390624,33.97880935668945
8723880,2018,2018-11-26,1942,2018-10-27,0840,39395,1346,6,5,7,1942,0,0,0,M,0,13A27,HOOPER AV,41ST ST,40,S,N,A,-,N,NA,NA,NA,NA,NA,NA,NA,NA,NA,Y,4,0,3,2,A,-,01,23152,A,N,C,C,A,A,H,-,A,D,0,NA,NA,NA,NA,Y,Y,A,07,0,0,3,0,0,0,0,0,0,-,-,NA,NA,LOS ANGELES,LOS ANGELES,-118.25213623046876,34.00917053222656
8723881,2018,2018-11-21,1900,2018-10-30,1900,506781,0524,2,5,4,1971,0,0,0,NA,0,52T1PM,LOWER AZUSA RD,BALDWIN AV,0,NA,Y,A,-,N,NA,NA,NA,NA,NA,NA,NA,NA,NA,N,4,0,2,3,A,-,09,21801,A,N,A,C,A,A,H,-,C,A,0,NA,NA,NA,NA,Y,NA,A,01,0,0,2,0,0,0,0,0,0,-,-,34.09067916870117,-118.0489501953125,LOS ANGELES,TEMPLE CITY,-118.04897308349608,34.09069061279297
8723884,2018,2018-11-26,1942,2018-10-26,2150,30083,1341,5,5,7,1942,0,0,0,M,0,13A41,W MARTIN LUTHER KING JR BL,MAIN ST,20,W,N,A,-,N,NA,NA,NA,NA,NA,NA,NA,NA,NA,N,4,0,2,2,A,-,03,22350,NA,F,C,C,A,A,H,-,C,D,0,NA,NA,NA,NA,Y,NA,-,99,0,0,2,0,0,0,0,0,0,-,-,NA,NA,LOS ANGELES,LOS ANGELES,-118.27408599853516,34.01115036010742
8723885,2018,2018-11-21,1900,2018-10-29,1000,432997,0531,1,5,5,1959,0,0,0,NA,0,53T1AM,RIO HONDO AV,GUESS ST,172,S,N,A,-,N,NA,NA,NA,NA,NA,NA,NA,NA,NA,N,3,0,2,2,A,-,21,22106,NA,N,B,C,A,A,H,-,A,D,0,NA,NA,NA,NA,Y,NA,A,01,0,2,0,0,0,0,0,0,0,-,-,34.07851028442383,-118.06446075439452,LOS ANGELES,ROSEMEAD,-118.064453125,34.07853698730469
8723888,2018,2018-11-26,1942,2018-10-17,1115,34458,0191,3,5,7,1942,0,0,0,A,0,1A61,S FIGUEROA ST,18TH ST,15,S,N,A,-,N,NA,NA,NA,NA,NA,NA,NA,NA,NA,Y,4,0,1,2,A,-,07,21658,A,N,B,C,A,A,H,-,A,A,0,NA,NA,NA,NA,Y,NA,A,01,0,0,1,0,0,0,0,0,0,-,-,NA,NA,LOS ANGELES,LOS ANGELES,-118.27142333984376,34.03539276123047
8723889,2018,2018-11-21,1900,2018-10-28,0019,524507,0532,7,5,5,1959,0,0,0,NA,0,53T1EM,EVELYN AV,EMERSON PL,0,NA,Y,A,-,N,NA,NA,NA,NA,NA,NA,NA,NA,NA,N,3,0,1,3,A,-,09,21802,A,F,D,C,F,A,H,-,C,A,0,Y,NA,NA,NA,Y,NA,A,07,0,1,0,0,1,0,0,0,0,-,-,34.06623840332031,-118.10092926025392,LOS ANGELES,ROSEMEAD,-118.10093688964844,34.06624984741211
8723892,2018,2018-11-26,1942,2018-10-04,2050,38233,0191,4,5,7,1942,0,0,0,A,0,1A61,S FIGUEROA ST,WASHINGTON,65,N,N,A,-,N,NA,NA,NA,NA,NA,NA,NA,NA,NA,Y,3,0,3,2,A,-,09,21801,A,N,A,C,A,A,-,-,C,A,0,NA,NA,NA,NA,Y,NA,A,01,0,2,1,0,0,0,0,0,0,-,-,NA,NA,LOS ANGELES,LOS ANGELES,-118.27194213867188,34.03453826904297
8723893,2018,2018-11-21,1900,2018-10-17,1743,499043,0531,3,5,5,1959,0,0,0,NA,0,53T1PM,TEMPLE CITY BL,ELLIS LN,14,E,N,A,-,N,NA,NA,NA,NA,NA,NA,NA,NA,NA,N,4,0,1,2,A,-,09,21801,A,N,D,D,A,A,H,-,A,D,0,NA,NA,NA,NA,Y,NA,A,07,0,0,1,0,0,0,0,0,0,-,-,34.07992935180664,-118.05902862548828,LOS ANGELES,ROSEMEAD,-118.05864715576172,34.08015823364258
8723896,2018,2018-11-26,1942,2018-10-07,0829,31324,0142,7,5,7,1942,0,0,0,A,0,1A41,S FIGUEROA ST,W 3RD ST,0,NA,Y,A,-,N,NA,NA,NA,NA,NA,NA,NA,NA,NA,N,4,0,1,2,A,-,08,22107,NA,N,H,G,A,A,H,-,A,A,0,NA,Y,NA,NA,Y,NA,A,07,0,0,1,0,0,0,1,0,0,-,-,NA,NA,LOS ANGELES,LOS ANGELES,-118.25460815429688,34.05501174926758
8723897,2018,2018-11-21,1900,2018-10-31,0800,526292,0562,3,5,3,1968,0,0,0,NA,0,55T1AM,PENN MAR AV,REMER ST,0,NA,N,A,-,N,NA,NA,NA,NA,NA,NA,NA,NA,NA,N,2,0,1,2,A,-,10,21954,B,N,G,B,B,A,H,-,A,D,0,Y,NA,NA,NA,Y,NA,A,01,1,0,0,0,1,0,0,0,0,-,-,34.044769287109375,-118.03829956054688,LOS ANGELES,SOUTH EL MONTE,-118.03840637207033,34.0446891784668
8723900,2018,2018-12-18,1942,2018-10-08,0910,34458,0151,1,5,7,1942,0,0,0,A,0,1A41,W 6TH ST,FIGUEROA ST,15,E,N,A,-,N,NA,NA,NA,NA,NA,NA,NA,NA,NA,N,3,0,1,2,A,-,10,21950,A,N,G,B,B,A,H,-,A,A,0,Y,NA,NA,NA,Y,NA,A,01,0,1,0,0,1,0,0,0,0,-,-,NA,NA,LOS ANGELES,LOS ANGELES,-118.2585220336914,34.05079650878906
8723904,2018,2018-11-26,1942,2018-10-08,0540,38357,0133,1,5,7,1942,0,0,0,A,0,1A1,S BROADWAY,W 3RD ST,0,NA,Y,A,-,N,NA,NA,NA,NA,NA,NA,NA,NA,NA,Y,4,0,1,2,A,-,12,21453,A,N,D,C,A,A,H,-,C,D,0,NA,NA,NA,NA,Y,NA,-,-,0,0,1,0,0,0,0,0,0,-,-,NA,NA,LOS ANGELES,LOS ANGELES,-118.24803924560548,34.050968170166016
8723908,2018,2018-11-26,1942,2018-10-05,1000,41629,01491,5,5,7,1942,0,0,0,A,0,1A61,LA LIVE WY,PICO BL,49,S,N,A,-,N,NA,NA,NA,NA,NA,NA,NA,NA,NA,Y,4,0,1,3,A,-,03,22350,NA,N,C,C,A,A,H,-,A,D,0,NA,NA,NA,NA,Y,NA,A,01,0,0,1,0,0,0,0,0,0,-,-,NA,NA,LOS ANGELES,LOS ANGELES,-118.27186584472656,34.042171478271484
8723912,2018,2019-01-29,1942,2018-10-15,0640,40275,0132,1,5,7,1942,0,0,0,A,0,1A1,W 2ND ST,FIGUEROA ST,315,W,N,A,-,N,NA,NA,NA,NA,NA,NA,NA,NA,NA,N,4,0,2,3,A,-,08,22107,NA,N,B,G,A,A,H,-,B,D,0,NA,Y,NA,NA,Y,NA,L,04,0,0,2,0,0,0,1,0,0,-,-,NA,NA,LOS ANGELES,LOS ANGELES,-118.25394439697266,34.05707550048828
8723916,2018,2018-11-26,1942,2018-10-12,1645,40164,0158,5,5,7,1942,0,0,0,A,0,24TL56,CENTRAL AV,INDUSTRIAL ST,80,N,N,B,-,N,NA,NA,NA,NA,NA,NA,NA,NA,NA,Y,3,0,3,2,A,-,05,21650,NA,N,A,C,A,A,H,-,A,D,0,NA,NA,NA,NA,Y,NA,A,07,0,1,2,0,0,0,0,0,0,-,-,NA,NA,LOS ANGELES,LOS ANGELES,-118.24042510986328,34.03754806518555
8723920,2018,2018-11-26,1942,2018-10-13,2500,40042,0132,6,5,7,1942,0,0,0,A,0,1A1,W 2ND ST,S HILL ST,0,NA,Y,B,-,N,NA,NA,NA,NA,NA,NA,NA,NA,NA,Y,3,0,1,2,A,-,09,21801,A,N,D,C,A,A,H,-,A,A,0,NA,NA,Y,NA,Y,NA,A,01,0,1,0,0,0,0,0,0,1,-,-,NA,NA,LOS ANGELES,LOS ANGELES,-118.2477569580078,34.05310821533203
8723921,2018,2019-01-07,1942,2018-11-02,1340,42338,1494,5,5,7,1942,0,0,0,N,0,LAX,MAIN ST,W IMPERIAL HWY,0,NA,Y,A,-,N,NA,NA,NA,NA,NA,NA,NA,NA,NA,Y,4,0,1,2,A,-,12,21453,A,F,D,C,A,A,H,-,A,A,0,NA,NA,NA,NA,Y,NA,D,22,0,0,1,0,0,0,0,0,0,-,-,NA,NA,LOS ANGELES,LOS ANGELES,-118.4159698486328,33.931461334228516
8723929,2018,2018-11-21,1942,2018-10-29,0910,41911,1235,1,5,7,1942,0,0,0,L,0,12A45,W SLAUSON AV,NORMANDIE AV,200,W,N,A,-,N,NA,NA,NA,NA,NA,NA,NA,NA,NA,N,4,0,1,2,A,-,05,21460,NA,N,B,C,A,A,H,-,A,A,0,NA,NA,NA,NA,Y,NA,A,08,0,0,1,0,0,0,0,0,0,-,-,NA,NA,LOS ANGELES,LOS ANGELES,-118.30084991455078,33.989139556884766
8723950,2018,2018-11-21,1942,2018-11-06,2120,42069,0506,2,5,7,1942,0,0,0,E,0,5A1,S WESTERN AV,214TH ST,35,E,N,A,-,N,NA,NA,NA,NA,NA,NA,NA,NA,NA,Y,3,0,1,3,A,-,01,23152,A,N,A,C,A,A,H,-,C,D,0,NA,NA,NA,NA,Y,Y,A,01,0,1,0,0,0,0,0,0,0,-,-,NA,NA,LOS ANGELES,LOS ANGELES,-118.30906677246094,33.834510803222656
8723966,2018,2018-11-21,1900,2018-11-03,1830,602224,0560,6,5,3,1968,0,0,0,NA,0,55T1PM,RUSH ST,LEE AV,0,NA,Y,A,-,N,NA,NA,NA,NA,NA,NA,NA,NA,NA,Y,4,0,5,2,A,-,09,21802,A,N,A,C,A,A,H,-,C,D,0,NA,NA,NA,NA,Y,NA,A,01,0,0,5,0,0,0,0,0,0,-,-,34.05179977416992,-118.06719970703124,LOS ANGELES,SOUTH EL MONTE,-118.06726837158205,34.05179977416992
8723970,2018,2018-11-21,1900,2018-11-01,0724,532124,0531,4,5,5,1959,0,0,0,NA,0,53T1AM,TEMPLE CITY BL,VALLEY BL,436,N,N,A,-,N,NA,NA,NA,NA,NA,NA,NA,NA,NA,N,4,0,1,2,A,-,04,21703,NA,N,C,C,A,A,H,-,A,D,0,NA,NA,NA,NA,Y,NA,A,01,0,0,1,0,0,0,0,0,0,-,-,34.08409118652344,-118.05680084228516,LOS ANGELES,ROSEMEAD,-118.05783081054688,34.082435607910156
8723974,2018,2018-11-20,1900,2018-11-06,1433,602223,0531,2,5,5,1959,0,0,0,NA,0,53TPM,IVAR AV,VALLEY BL,10,N,N,A,-,N,NA,NA,NA,NA,NA,NA,NA,NA,NA,N,3,0,1,2,A,-,10,21950,A,N,G,B,B,A,H,-,A,A,0,Y,NA,NA,NA,Y,NA,A,07,0,1,0,0,1,0,0,0,0,-,-,34.08000183105469,-118.06999969482422,LOS ANGELES,ROSEMEAD,-118.0754623413086,34.080787658691406
8723978,2018,2018-11-21,1900,2018-11-02,0930,530855,0523,5,5,4,1971,0,0,0,NA,0,52T1AM,BALDWIN AV,LIVE OAK AV,0,NA,Y,A,-,N,NA,NA,NA,NA,NA,NA,NA,NA,NA,Y,3,0,3,2,A,-,12,21453,A,N,A,C,A,A,H,-,A,A,0,NA,NA,NA,NA,Y,NA,A,01,0,2,1,0,0,0,0,0,0,-,-,34.104000091552734,-118.05149841308594,LOS ANGELES,TEMPLE CITY,-118.05162048339844,34.10429000854492
8723999,2018,2019-01-15,1942,2018-11-01,1830,36911,1842,4,5,7,1942,0,0,0,R,0,18A41,S MAIN ST,W 113TH ST,0,NA,Y,A,-,N,NA,NA,NA,NA,NA,NA,NA,NA,NA,Y,3,0,1,3,A,-,12,22450,A,F,D,C,A,A,H,-,C,A,0,NA,NA,NA,NA,Y,NA,D,22,0,1,0,0,0,0,0,0,0,-,-,NA,NA,LOS ANGELES,LOS ANGELES,-118.2738800048828,33.93204879760742
8724002,2018,2018-11-26,1925,2018-10-17,1604,20871,268,3,5,6,1925,0,0,0,NA,0,002,COLORADO ST,GALLERIA WY,15,E,N,A,-,N,NA,NA,NA,NA,NA,NA,NA,NA,NA,N,4,0,1,2,A,-,03,22350,NA,M,C,C,A,A,H,-,A,A,0,NA,NA,Y,NA,Y,NA,A,01,0,0,1,0,0,0,0,0,1,-,-,NA,NA,LOS ANGELES,GLENDALE,-118.25911712646484,34.14255142211914
8724041,2018,2018-11-20,1909,2018-11-05,0723,560,1909,1,5,4,1909,0,0,0,NA,0,WEST,FLORENCE AV,EL SELINDA AV,0,NA,Y,A,-,N,NA,NA,NA,NA,NA,NA,NA,NA,NA,Y,4,0,1,2,A,-,09,21801,A,N,D,C,A,A,H,-,A,A,0,NA,NA,NA,NA,Y,NA,A,01,0,0,1,0,0,0,0,0,0,-,-,NA,NA,LOS ANGELES,BELL GARDENS,-118.1606674194336,33.967369079589844