CASE_ID,ACCIDENT_YEAR,PROC_DATE,JURIS,COLLISION_DATE,COLLISION_TIME,OFFICER_ID,REPORTING_DISTRICT,DAY_OF_WEEK,CHP_SHIFT,POPULATION,CNTY_CITY_LOC,SPECIAL_COND,BEAT_TYPE,CHP_BEAT_TYPE,CITY_DIVISION_LAPD,CHP_BEAT_CLASS,BEAT_NUMBER,PRIMARY_RD,SECONDARY_RD,DISTANCE,DIRECTION,INTERSECTION,WEATHER_1,WEATHER_2,STATE_HWY_IND,CALTRANS_COUNTY,CALTRANS_DISTRICT,STATE_ROUTE,ROUTE_SUFFIX,POSTMILE_PREFIX,POSTMILE,LOCATION_TYPE,RAMP_INTERSECTION,SIDE_OF_HWY,TOW_AWAY,COLLISION_SEVERITY,NUMBER_KILLED,NUMBER_INJURED,PARTY_COUNT,PRIMARY_COLL_FACTOR,PCF_CODE_OF_VIOL,PCF_VIOL_CATEGORY,PCF_VIOLATION,PCF_VIOL_SUBSECTION,HIT_AND_RUN,TYPE_OF_COLLISION,MVIW,PED_ACTION,ROAD_SURFACE,ROAD_COND_1,ROAD_COND_2,LIGHTING,CONTROL_DEVICE,CHP_ROAD_TYPE,PEDESTRIAN_ACCIDENT,BICYCLE_ACCIDENT,MOTORCYCLE_ACCIDENT,TRUCK_ACCIDENT,NOT_PRIVATE_PROPERTY,ALCOHOL_INVOLVED,STWD_VEHTYPE_AT_FAULT,CHP_VEHTYPE_AT_FAULT,COUNT_SEVERE_INJ,COUNT_VISIBLE_INJ,COUNT_COMPLAINT_PAIN,COUNT_PED_KILLED,COUNT_PED_INJURED,COUNT_BICYCLIST_KILLED,COUNT_BICYCLIST_INJURED,COUNT_MC_KILLED,COUNT_MC_INJURED,PRIMARY_RAMP,SECONDARY_RAMP,LATITUDE,LONGITUDE,COUNTY,CITY,POINT_X,POINT_Y
8724045,2018,2018-11-20,1909,2018-11-04,1059,587,1909,7,5,4,1909,0,0,0,NA,0,NA,GAGE AV,EASTERN AV,0,NA,Y,A,-,N,NA,NA,NA,NA,NA,NA,NA,NA,NA,N,4,0,1,2,A,-,12,21453,A,N,D,C,A,A,H,-,A,A,0,NA,NA,NA,NA,Y,NA,A,01,0,0,1,0,0,0,0,0,0,-,-,NA,NA,LOS ANGELES,BELL GARDENS,-118.16375732421876,33.97549819946289
8724049,2018,2018-11-20,1909,2018-11-02,1350,563,1909,5,5,4,1909,0,0,0,NA,0,SOUTH,EASTERN AV,JABONERIA RD,0,NA,Y,A,-,N,NA,NA,NA,NA,NA,NA,NA,NA,NA,N,4,0,1,2,A,-,10,21950,A,N,G,B,B,A,H,-,A,A,0,Y,NA,NA,NA,Y,NA,A,07,0,0,1,0,1,0,0,0,0,-,-,NA,NA,LOS ANGELES,BELL GARDENS,-118.16546630859376,33.9598503112793
8724053,2018,2018-11-20,1909,2018-11-02,1206,563,1909,5,5,4,1909,0,0,0,NA,0,SOUTH,FLORENCE AV,IRA AV,0,NA,Y,A,-,N,NA,NA,NA,NA,NA,NA,NA,NA,NA,N,4,0,1,2,A,-,09,21801,NA,N,D,C,A,A,H,-,A,A,0,NA,NA,NA,NA,Y,NA,A,01,0,0,1,0,0,0,0,0,0,-,-,NA,NA,LOS ANGELES,BELL GARDENS,-118.15596771240234,33.966880798339844
8724065,2018,2018-11-20,1942,2018-11-07,1950,40105,1823,3,5,7,1942,0,0,0,R,0,25TL41,E CENTURY BL,S SAN PEDRO ST,12,E,N,A,-,N,NA,NA,NA,NA,NA,NA,NA,NA,NA,N,2,0,1,2,A,-,12,21453,A,F,G,B,B,A,H,-,C,A,0,Y,NA,NA,NA,Y,NA,-,99,1,0,0,0,1,0,0,0,0,-,-,NA,NA,LOS ANGELES,LOS ANGELES,-118.26949310302734,33.94559097290039
8724069,2018,2018-11-20,1942,2018-11-06,1150,41495,1213,2,5,7,1942,0,0,0,L,0,12A3,DENKER AV,57TH ST,52,S,N,A,-,N,NA,NA,NA,NA,NA,NA,NA,NA,NA,Y,3,0,1,3,A,-,03,22350,NA,N,A,E,A,A,H,-,A,D,0,NA,NA,NA,NA,Y,NA,A,01,0,1,0,0,0,0,0,0,0,-,-,NA,NA,LOS ANGELES,LOS ANGELES,-118.304443359375,33.990447998046875
8724073,2018,2018-11-20,1942,2018-11-06,0300,42364,1256,2,5,7,1942,0,0,0,L,0,12A57,W FLORENCE AV,S HOOVER ST,0,NA,Y,A,-,N,NA,NA,NA,NA,NA,NA,NA,NA,NA,N,4,0,1,2,A,-,03,22350,NA,N,C,C,A,A,H,-,C,A,0,NA,NA,NA,NA,Y,NA,A,01,0,0,1,0,0,0,0,0,0,-,-,NA,NA,LOS ANGELES,LOS ANGELES,-118.287109375,33.974639892578125
8724077,2018,2018-11-20,1942,2018-11-03,1415,43133,1215,6,5,7,1942,0,0,0,L,0,3A28,54TH ST,VERMONT AV,0,NA,Y,A,-,N,NA,NA,NA,NA,NA,NA,NA,NA,NA,N,2,0,1,2,C,-,18,NA,NA,F,D,C,A,A,H,-,A,A,0,NA,NA,Y,NA,Y,NA,-,-,1,0,0,0,0,0,0,0,1,-,-,NA,NA,LOS ANGELES,LOS ANGELES,-118.29149627685548,33.99320983886719
8724091,2018,2018-11-29,1955,2018-11-01,1414,40779,5,4,5,6,1955,0,0,0,NA,0,004,PALOMARES ST,3RD ST,0,NA,Y,A,-,N,NA,NA,NA,NA,NA,NA,NA,NA,NA,Y,3,0,1,2,B,-,22,NA,NA,F,D,C,A,A,H,-,A,D,0,NA,NA,NA,NA,Y,NA,D,22,0,1,0,0,0,0,0,0,0,-,-,NA,NA,LOS ANGELES,POMONA,-117.74574279785156,34.0570182800293
8724095,2018,2018-11-26,1955,2018-10-31,0757,41484,14,3,5,6,1955,0,0,0,NA,0,003,SAN ANTONIO AV,JEFFERSON AV,28,S,N,A,-,N,NA,NA,NA,NA,NA,NA,NA,NA,NA,Y,3,0,1,2,A,-,03,22350,NA,N,C,C,A,A,H,-,A,A,0,NA,NA,NA,NA,Y,NA,D,22,0,1,0,0,0,0,0,0,0,-,-,NA,NA,LOS ANGELES,POMONA,-117.73667144775392,34.06951141357422
8724099,2018,2018-11-21,1955,2018-10-20,2315,42293,43,6,5,6,1955,0,0,0,NA,0,001,FAIRPLEX AV,MURCHISON AV,27,N,N,A,-,N,NA,NA,NA,NA,NA,NA,NA,NA,NA,Y,3,0,1,2,A,-,12,21453,A,N,D,C,A,A,H,-,A,A,0,NA,NA,NA,NA,Y,NA,D,22,0,1,0,0,0,0,0,0,0,-,-,NA,NA,LOS ANGELES,POMONA,-117.78823089599608,34.07147979736328
8724109,2018,2018-12-05,1900,2018-10-15,1230,602259,0462,1,5,4,1936,0,0,0,NA,0,46T1,IMPERIAL HWY,BIOLA AV,26,E,N,A,-,N,NA,NA,NA,NA,NA,NA,NA,NA,NA,Y,4,0,1,2,A,-,04,21703,NA,N,C,C,A,A,H,-,A,A,0,NA,NA,NA,NA,Y,NA,D,22,0,0,1,0,0,0,0,0,0,-,-,NA,NA,LOS ANGELES,LA MIRADA,-118.01887512207033,33.917152404785156
8724115,2018,2018-11-29,1955,2018-10-10,1054,41871,6,3,5,6,1955,0,0,0,NA,0,001,PARK AV,CENTER ST,0,NA,Y,A,-,N,NA,NA,NA,NA,NA,NA,NA,NA,NA,Y,4,0,1,2,A,-,09,21802,A,N,D,C,A,A,H,-,A,A,0,NA,NA,NA,NA,Y,NA,D,22,0,0,1,0,0,0,0,0,0,-,-,NA,NA,LOS ANGELES,POMONA,-117.754638671875,34.06129837036133
8724123,2018,2018-11-29,1900,2018-10-21,1737,614019,1430,7,5,4,1937,0,0,0,NA,0,147A,TEMPLE AV,TONOPAH AV,0,NA,Y,A,-,N,NA,NA,NA,NA,NA,NA,NA,NA,NA,Y,3,0,1,2,A,-,09,21801,A,N,A,C,A,A,H,-,B,D,0,NA,NA,NA,NA,Y,NA,D,22,0,1,0,0,0,0,0,0,0,-,-,34.04240036010742,-117.97039794921876,LOS ANGELES,LA PUENTE,-117.970458984375,34.04241943359375
8724160,2018,2018-11-21,1909,2018-10-25,1055,563,1909,4,5,4,1909,0,0,0,NA,0,NORTH,EASTERN AV,MARKET PL,0,NA,Y,A,-,N,NA,NA,NA,NA,NA,NA,NA,NA,NA,Y,3,0,1,3,A,-,12,21453,A,N,D,C,A,A,H,-,A,A,0,NA,NA,NA,NA,Y,NA,A,01,0,1,0,0,0,0,0,0,0,-,-,NA,NA,LOS ANGELES,BELL GARDENS,-118.16457,33.96986
8724203,2018,2019-01-11,1955,2018-11-06,2231,40478,03,2,5,6,1955,0,0,0,NA,0,004,GAREY AV,11TH ST,0,NA,Y,A,-,N,NA,NA,NA,NA,NA,NA,NA,NA,NA,N,3,0,1,2,A,-,12,21453,A,F,H,G,A,A,H,-,C,A,0,NA,Y,NA,NA,Y,NA,-,99,0,1,0,0,0,0,1,0,0,-,-,NA,NA,LOS ANGELES,POMONA,-117.74990844726564,34.04962921142578
8724254,2018,2018-12-05,1955,2018-10-31,0939,030354,85,3,5,6,1955,0,0,0,NA,0,005,GAREY AV,BEAVER CT,0,NA,Y,A,-,N,NA,NA,NA,NA,NA,NA,NA,NA,NA,Y,4,0,1,2,A,-,12,21453,A,N,D,C,A,A,H,-,A,A,0,NA,NA,NA,NA,Y,NA,A,01,0,0,1,0,0,0,0,0,0,-,-,NA,NA,LOS ANGELES,POMONA,-117.74965667724608,34.04240036010742
8724351,2018,2018-12-10,1924,2018-06-02,1759,114009,06,6,5,5,1924,0,0,0,NA,0,8L3S,NORMANDIE AV,132ND ST,250,S,N,A,-,N,NA,NA,NA,NA,NA,NA,NA,NA,NA,Y,4,0,2,2,A,-,09,21804,A,N,D,C,A,A,H,-,A,D,0,NA,NA,NA,NA,Y,NA,D,22,0,0,2,0,0,0,0,0,0,-,-,33.912628173828125,-118.30039215087892,LOS ANGELES,GARDENA,-118.30040740966795,33.91193389892578
8724355,2018,2018-12-10,1924,2018-07-16,1302,80400,10,1,5,5,1924,0,0,0,NA,0,8L2D,135TH ST,BUDLONG AV,0,NA,Y,A,-,N,NA,NA,NA,NA,NA,NA,NA,NA,NA,Y,4,0,2,2,A,-,09,21801,A,N,D,C,A,A,H,-,A,A,0,NA,NA,NA,NA,Y,NA,A,01,0,0,2,0,0,0,0,0,0,-,-,33.90916061401367,-118.29638671875,LOS ANGELES,GARDENA,-118.29641723632813,33.90916061401367
8724377,2018,2018-12-03,1902,2018-11-03,0800,706,11,6,5,5,1902,0,0,0,NA,0,001,HUNTINGTON DR,2ND AV,32,E,N,A,-,N,NA,NA,NA,NA,NA,NA,NA,NA,NA,Y,4,0,2,3,A,-,12,21453,A,N,D,C,A,A,H,-,A,A,0,NA,NA,NA,NA,Y,NA,A,01,0,0,2,0,0,0,0,0,0,-,-,NA,NA,LOS ANGELES,ARCADIA,-118.02478790283205,34.140132904052734
8724415,2018,2018-11-29,1900,2018-09-28,1335,610993,0472,5,5,4,1936,0,0,0,NA,0,4672,ROSECRANS BL,BIOLA AV,216,W,N,A,-,N,NA,NA,NA,NA,NA,NA,NA,NA,NA,Y,4,0,1,2,A,-,04,21703,NA,N,C,C,A,A,H,-,A,A,0,NA,NA,NA,NA,Y,NA,A,01,0,0,1,0,0,0,0,0,0,-,-,NA,NA,LOS ANGELES,LA MIRADA,-118.01993560791016,33.9011116027832
8724425,2018,2019-02-06,1975,2018-10-31,1849,414,NA,3,5,6,1975,0,0,0,NA,0,001,PACIFIC AV,CAMERON AV,64,NA,N,A,-,N,NA,NA,NA,NA,NA,NA,NA,NA,NA,N,2,0,2,3,A,-,11,21954,A,N,G,B,D,A,H,-,C,D,0,Y,NA,NA,NA,Y,NA,N,60,2,0,0,0,2,0,0,0,0,-,-,NA,NA,LOS ANGELES,WEST COVINA,-117.94622802734376,34.07474899291992
8724429,2018,2018-12-13,1975,2018-10-31,1624,640,NA,3,5,6,1975,0,0,0,NA,0,001,LARK ELLEN AV,WORKMAN AV,100,N,N,A,-,N,NA,NA,NA,NA,NA,NA,NA,NA,NA,N,4,0,1,2,A,-,08,22107,A,N,B,A,A,A,H,-,A,D,0,NA,NA,NA,NA,Y,NA,-,NA,0,0,1,0,0,0,0,0,0,-,-,NA,NA,LOS ANGELES,WEST COVINA,-117.91656494140624,34.07583236694336
8724433,2018,2018-12-13,1900,2018-10-27,0145,515583,1418,6,5,1,1932,0,0,0,NA,0,141T1,GALE AV,JELLICK AV,0,NA,Y,A,-,N,NA,NA,NA,NA,NA,NA,NA,NA,NA,Y,3,0,3,2,A,-,09,21802,A,N,D,C,A,A,H,-,D,A,0,NA,NA,NA,NA,Y,NA,A,01,0,3,0,0,0,0,0,0,0,-,-,33.9959602355957,-117.90035247802734,LOS ANGELES,INDUSTRY,-117.9003677368164,33.9959602355957
8724437,2018,2018-12-13,1900,2018-10-31,1635,526692,1414,3,5,1,1932,0,0,0,NA,0,141T6,HACIENDA BL,NELSON AV,201,S,N,A,-,N,NA,NA,NA,NA,NA,NA,NA,NA,NA,N,4,0,1,2,A,-,03,22350,NA,N,C,C,A,A,H,-,A,A,0,NA,NA,NA,NA,Y,NA,A,01,0,0,1,0,0,0,0,0,0,-,-,34.02553176879883,-117.95758056640624,LOS ANGELES,INDUSTRY,-117.95780181884766,34.025787353515625
8724441,2018,2018-12-13,1955,2018-10-20,1944,30374,49,6,5,6,1955,0,0,0,NA,0,001,HOLT AV,HAMILTON BL,675,W,N,A,-,N,NA,NA,NA,NA,NA,NA,NA,NA,NA,Y,3,0,1,2,A,-,11,21954,A,N,G,B,D,A,H,-,C,D,0,Y,NA,NA,NA,Y,NA,N,60,0,1,0,0,1,0,0,0,0,-,-,NA,NA,LOS ANGELES,POMONA,-117.76563262939452,34.06199264526367
8724445,2018,2018-12-13,1955,2018-10-10,1045,030354,98,3,5,6,1955,0,0,0,NA,0,003,HOLT AV,INDIAN HILL BL,150,E,N,A,-,N,NA,NA,NA,NA,NA,NA,NA,NA,NA,Y,4,0,1,2,A,-,03,22350,NA,N,C,C,A,A,H,-,A,A,0,NA,NA,NA,NA,Y,NA,A,01,0,0,1,0,0,0,0,0,0,-,-,NA,NA,LOS ANGELES,POMONA,-117.7187042236328,34.063236236572266
8724449,2018,2019-01-07,1955,2018-10-10,1212,030354,51,3,5,6,1955,0,0,0,NA,0,005,HAMILTON BL,MISSION BL,0,NA,Y,A,-,N,NA,NA,NA,NA,NA,NA,NA,NA,NA,N,4,0,1,2,D,-,00,NA,NA,N,D,C,A,A,H,-,A,A,0,NA,NA,NA,NA,Y,NA,-,-,0,0,1,0,0,0,0,0,0,-,-,NA,NA,LOS ANGELES,POMONA,-117.7631378173828,34.05479049682617
8724453,2018,2018-12-13,1955,2018-10-15,1608,41484,80,1,5,6,1955,0,0,0,NA,0,005,10TH ST,GORDON ST,30,W,N,A,-,N,NA,NA,NA,NA,NA,NA,NA,NA,NA,Y,3,0,1,2,A,-,01,23153,A,N,C,C,A,A,H,-,A,A,0,NA,NA,NA,NA,Y,Y,A,07,0,1,0,0,0,0,0,0,0,-,-,NA,NA,LOS ANGELES,POMONA,-117.75328063964844,34.05048370361328
8724454,2018,2018-12-05,1900,2018-10-18,1845,489533,0455,4,5,6,1949,0,0,0,NA,0,45T1,ALONDRA BL,STUDEBAKER RD,292,E,N,A,-,N,NA,NA,NA,NA,NA,NA,NA,NA,NA,N,4,0,1,2,A,-,07,21658,A,N,C,C,A,A,H,-,C,A,0,NA,NA,NA,NA,Y,NA,A,01,0,0,1,0,0,0,0,0,0,-,-,NA,NA,LOS ANGELES,NORWALK,-118.09902191162108,33.887611389160156
8724457,2018,2019-01-23,1955,2018-10-12,1730,41906,40,5,5,6,1955,0,0,0,NA,0,002,FAIRPLEX DR,RESTAURANT DR,133,S,N,A,-,N,NA,NA,NA,NA,NA,NA,NA,NA,NA,N,4,0,1,2,A,-,08,22107,NA,N,D,C,A,A,H,-,A,D,0,NA,NA,NA,NA,Y,NA,A,07,0,0,1,0,0,0,0,0,0,-,-,NA,NA,LOS ANGELES,POMONA,-117.782585,34.076519
8724461,2018,2018-12-13,1955,2018-10-10,0859,41871,94,3,5,6,1955,0,0,0,NA,0,004,TOWNE AV,GRAND AV,45,N,N,A,-,N,NA,NA,NA,NA,NA,NA,NA,NA,NA,N,4,0,1,3,A,-,03,22350,NA,N,C,C,A,A,H,-,A,A,0,NA,NA,NA,NA,Y,NA,A,01,0,0,1,0,0,0,0,0,0,-,-,NA,NA,LOS ANGELES,POMONA,-117.74106597900392,34.04817199707031
8724465,2018,2018-12-13,1955,2018-10-10,0814,030354,85,3,5,6,1955,0,0,0,NA,0,005,GAREY AV,FERNLEAF AV,225,S,N,A,-,N,NA,NA,NA,NA,NA,NA,NA,NA,NA,Y,4,0,1,2,A,-,08,22107,NA,N,B,E,A,A,H,-,A,A,0,NA,NA,NA,NA,Y,NA,A,01,0,0,1,0,0,0,0,0,0,-,-,NA,NA,LOS ANGELES,POMONA,-117.74977111816406,34.04540252685547
8724469,2018,2018-12-13,1955,2018-10-22,1844,40632,28,1,5,6,1955,0,0,0,NA,0,002,GAREY AV,BONITA AV,0,NA,Y,A,-,N,NA,NA,NA,NA,NA,NA,NA,NA,NA,N,3,0,1,2,A,-,10,21950,A,N,A,G,A,A,H,-,C,A,0,NA,Y,NA,NA,Y,NA,A,01,0,1,0,0,0,0,1,0,0,-,-,NA,NA,LOS ANGELES,POMONA,-117.74857330322266,34.096248626708984
8724473,2018,2018-12-13,1955,2018-10-29,1356,030354,25,1,5,6,1955,0,0,0,NA,0,002,LA VERNE AV,LOS FLORES ST,0,NA,Y,A,-,N,NA,NA,NA,NA,NA,NA,NA,NA,NA,Y,4,0,2,2,A,-,09,21801,A,N,A,C,A,-,H,-,A,A,0,NA,NA,NA,NA,Y,NA,A,01,0,0,2,0,0,0,0,0,0,-,-,NA,NA,LOS ANGELES,POMONA,-117.73178863525392,34.08224105834961
8724477,2018,2019-01-18,1955,2018-10-29,1322,030354,55,1,5,6,1955,0,0,0,NA,0,001,ORANGE GROVE AV,GLEN AV,0,NA,Y,A,-,N,NA,NA,NA,NA,NA,NA,NA,NA,NA,Y,4,0,3,2,A,-,12,21453,A,N,D,C,A,A,H,-,A,A,0,NA,NA,NA,NA,Y,NA,-,-,0,0,3,0,0,0,0,0,0,-,-,NA,NA,LOS ANGELES,POMONA,-117.7812271118164,34.06399917602539
8724482,2018,2018-10-31,1941,2018-09-13,2205,11109,NA,4,5,7,1941,0,0,0,NA,0,NA,ORANGE AV,70TH ST,0,NA,Y,A,-,N,NA,NA,NA,NA,NA,NA,NA,NA,NA,Y,3,0,3,3,A,-,03,22350,NA,N,D,C,A,A,H,-,C,A,0,NA,NA,NA,NA,Y,NA,A,NA,0,1,2,0,0,0,0,0,0,-,-,NA,NA,LOS ANGELES,LONG BEACH,-118.17743682861328,33.88182830810547
8724486,2018,2018-10-31,1941,2018-09-29,1655,11273,NA,6,5,7,1941,0,0,0,NA,0,NA,FLINT AV,6TH ST,0,NA,Y,A,-,N,NA,NA,NA,NA,NA,NA,NA,NA,NA,N,3,0,1,2,A,-,12,22450,A,N,D,C,A,A,H,-,A,A,0,NA,NA,Y,NA,Y,NA,C,NA,0,1,0,0,0,0,0,0,1,-,-,NA,NA,LOS ANGELES,LONG BEACH,-118.12310791015624,33.77349090576172
8724494,2018,2018-10-30,1941,2018-09-06,1748,11237,NA,4,5,7,1941,0,0,0,NA,0,NA,ARTESIA BL,WALNUT AV,0,NA,N,A,-,N,NA,NA,NA,NA,NA,NA,NA,NA,NA,Y,4,0,1,5,A,-,03,22350,NA,F,C,D,A,A,H,-,A,A,0,NA,NA,NA,NA,Y,NA,A,NA,0,0,1,0,0,0,0,0,0,-,-,NA,NA,LOS ANGELES,LONG BEACH,-118.17308044433594,33.87471008300781
8724506,2018,2018-10-31,1942,2018-09-11,0920,33294,2118,2,5,7,1942,0,0,0,NA,0,21A29,ROSCOE BL,WINNETKA AV,340,W,N,A,-,N,NA,NA,NA,NA,NA,NA,NA,NA,NA,N,4,0,1,2,A,-,09,21804,A,N,D,C,A,A,H,-,A,A,0,NA,NA,NA,NA,Y,NA,A,01,0,0,1,0,0,0,0,0,0,-,-,NA,NA,LOS ANGELES,LOS ANGELES,-118.57217407226564,34.220237731933594
8724510,2018,2018-10-31,1942,2018-09-11,1850,42818,2149,2,5,7,1942,0,0,0,NA,0,21A29,SHERMAN WY,CORBIN AV,0,NA,Y,A,-,N,NA,NA,NA,NA,NA,NA,NA,NA,NA,Y,3,0,1,2,A,-,09,21801,A,N,D,C,A,A,H,-,C,A,0,NA,NA,Y,NA,Y,NA,C,02,0,1,0,0,0,0,0,0,1,-,-,NA,NA,LOS ANGELES,LOS ANGELES,-118.56224060058594,34.201148986816406
8724512,2018,2018-10-23,1942,2018-09-09,1510,35825,0734,7,5,7,1942,0,0,0,G,0,7A47,HAUSER BL,FULLER AV,250,S,N,A,-,N,NA,NA,NA,NA,NA,NA,NA,NA,NA,N,4,0,1,2,A,-,08,22107,NA,N,B,G,A,A,H,-,A,D,0,NA,Y,NA,NA,Y,NA,A,08,0,0,1,0,0,0,1,0,0,-,-,NA,NA,LOS ANGELES,LOS ANGELES,-118.35001373291016,34.068294525146484
8724514,2018,2018-10-31,1942,2018-09-05,1500,38326,2134,3,5,7,1942,0,0,0,NA,0,21A1,TOPANGA CANYON BL,SATICOY ST,20,S,N,A,-,N,NA,NA,NA,NA,NA,NA,NA,NA,NA,N,4,0,2,2,A,-,04,21703,NA,N,C,C,A,A,H,-,A,A,0,NA,NA,NA,NA,Y,NA,A,01,0,0,2,0,0,0,0,0,0,-,-,NA,NA,LOS ANGELES,LOS ANGELES,-118.60597229003906,34.208255767822266
8724518,2018,2018-10-31,1942,2018-09-11,1440,40398,2138,2,5,7,1942,0,0,0,NA,0,21A29,MASON AV,SATICOY ST,600,S,N,A,-,N,NA,NA,NA,NA,NA,NA,NA,NA,NA,Y,3,0,2,3,A,-,03,22350,NA,N,C,C,A,A,H,-,A,D,0,NA,NA,NA,NA,Y,NA,A,01,0,1,1,0,0,0,0,0,0,-,-,NA,NA,LOS ANGELES,LOS ANGELES,-118.5797119140625,34.206695556640625
8724522,2018,2018-10-31,1942,2018-09-10,1210,30830,2175,1,5,7,1942,0,0,0,NA,0,21A73,VENTURA BL,SHOUP AV,0,NA,Y,A,-,N,NA,NA,NA,NA,NA,NA,NA,NA,NA,Y,3,0,2,2,A,-,09,21801,A,N,D,C,A,A,H,-,A,A,0,NA,NA,NA,NA,Y,NA,A,01,0,1,1,0,0,0,0,0,0,-,-,NA,NA,LOS ANGELES,LOS ANGELES,-118.6144790649414,34.16878890991211
8724526,2018,2018-10-31,1942,2018-09-10,2030,35433,2187,1,5,7,1942,0,0,0,NA,0,21A97,VENTURA BL,DE SOTO AV,0,NA,Y,A,-,N,NA,NA,NA,NA,NA,NA,NA,NA,NA,Y,4,0,1,2,A,-,09,21800,A,N,D,C,A,A,H,-,C,A,0,NA,NA,NA,NA,Y,NA,A,01,0,0,1,0,0,0,0,0,0,-,-,NA,NA,LOS ANGELES,LOS ANGELES,-118.58824920654295,34.16640090942383
8724530,2018,2018-10-31,1942,2018-09-13,1730,38857,2141,4,5,7,1942,0,0,0,NA,0,21A43,PLATT AV,VICTORY BL,270,S,N,A,-,N,NA,NA,NA,NA,NA,NA,NA,NA,NA,N,4,0,1,2,A,-,09,21804,A,N,D,C,A,A,H,-,A,D,0,NA,NA,NA,NA,Y,NA,A,08,0,0,1,0,0,0,0,0,0,-,-,NA,NA,LOS ANGELES,LOS ANGELES,-118.64280700683594,34.185909271240234
8724534,2018,2018-10-31,1942,2018-09-25,1300,42469,2134,2,5,7,1942,0,0,0,NA,0,21A1,TOPANGA CANYON BL,SATICOY ST,275,S,N,A,-,N,NA,NA,NA,NA,NA,NA,NA,NA,NA,N,4,0,2,3,A,-,03,22350,NA,N,C,C,A,A,H,-,A,D,0,NA,NA,NA,NA,Y,NA,A,01,0,0,2,0,0,0,0,0,0,-,-,NA,NA,LOS ANGELES,LOS ANGELES,-118.60597229003906,34.20755386352539
8724538,2018,2018-10-31,1942,2018-09-12,1800,33779,2136,3,5,7,1942,0,0,0,NA,0,21A5,SATICOY ST,VARIEL AV,0,NA,Y,A,-,N,NA,NA,NA,NA,NA,NA,NA,NA,NA,Y,4,0,1,2,A,-,09,21801,A,N,D,C,A,A,H,-,A,A,0,NA,NA,NA,NA,Y,NA,A,01,0,0,1,0,0,0,0,0,0,-,-,NA,NA,LOS ANGELES,LOS ANGELES,-118.59287261962892,34.20832824707031
8724542,2018,2018-10-31,1942,2018-09-12,0725,33294,2107,3,5,7,1942,0,0,0,NA,0,21A5,ROSCOE BL,DE SOTO AV,615,W,N,A,-,N,NA,NA,NA,NA,NA,NA,NA,NA,NA,Y,3,0,4,2,A,-,03,22350,NA,N,C,C,A,A,H,-,A,A,0,NA,NA,NA,NA,Y,NA,A,01,0,1,3,0,0,0,0,0,0,-,-,NA,NA,LOS ANGELES,LOS ANGELES,-118.59052276611328,34.219940185546875
8724546,2018,2018-10-31,1942,2018-09-12,0810,40065,2157,3,5,7,1942,0,0,0,NA,0,21A57,DE SOTO AV,KITTRIDGE ST,115,N,N,A,-,N,NA,NA,NA,NA,NA,NA,NA,NA,NA,Y,3,0,1,2,A,-,04,21703,NA,N,C,C,A,A,H,-,A,D,0,NA,NA,NA,NA,Y,NA,A,01,0,1,0,0,0,0,0,0,0,-,-,NA,NA,LOS ANGELES,LOS ANGELES,-118.58843231201172,34.19147491455078
8724550,2018,2018-10-31,1942,2018-09-14,1320,41125,2145,5,5,7,1942,0,0,0,NA,0,21A43,TOPANGA CANYON BL,KITTRIDGE ST,0,NA,Y,A,-,N,NA,NA,NA,NA,NA,NA,NA,NA,NA,Y,4,0,1,2,A,-,12,21453,A,N,A,C,A,A,H,-,A,A,0,NA,NA,NA,NA,Y,NA,A,01,0,0,1,0,0,0,0,0,0,-,-,NA,NA,LOS ANGELES,LOS ANGELES,-118.60590362548828,34.191131591796875
8724554,2018,2018-10-31,1942,2018-09-13,0740,42051,2139,4,5,7,1942,0,0,0,NA,0,21A29,SHERMAN WY,WINNETKA AV,0,NA,Y,A,-,N,NA,NA,NA,NA,NA,NA,NA,NA,NA,Y,3,0,5,4,A,-,12,21453,A,N,D,C,A,A,H,-,A,A,0,NA,NA,NA,NA,Y,NA,A,01,0,1,4,0,0,0,0,0,0,-,-,NA,NA,LOS ANGELES,LOS ANGELES,-118.57099151611328,34.201141357421875
8724558,2018,2018-10-31,1942,2018-09-16,0855,40527,2175,7,5,7,1942,0,0,0,NA,0,21A73,VENTURA BL,SHOUP AV,0,NA,Y,A,-,N,NA,NA,NA,NA,NA,NA,NA,NA,NA,Y,3,0,2,3,A,-,12,21453,A,N,-,C,A,A,H,-,A,A,0,NA,NA,NA,NA,Y,NA,A,01,0,2,0,0,0,0,0,0,0,-,-,NA,NA,LOS ANGELES,LOS ANGELES,-118.6144790649414,34.16878890991211
8724561,2018,2018-10-25,1942,2018-09-06,0915,41274,1911,4,5,7,1942,0,0,0,NA,0,19A1,SAN FERNANDO RD,GOLDEN STATE RD,450,N,N,A,-,N,NA,NA,NA,NA,NA,NA,NA,NA,NA,Y,3,0,1,2,A,-,07,21658,A,N,D,C,A,A,H,-,A,D,0,NA,NA,NA,NA,Y,NA,D,22,0,1,0,0,0,0,0,0,0,-,-,NA,NA,LOS ANGELES,LOS ANGELES,-118.48558807373048,34.31425094604492
8724565,2018,2018-10-25,1942,2018-09-16,1420,35481,1915,7,5,7,1942,0,0,0,NA,0,19A1,HUBBARD ST,HERRICK AV,90,E,N,A,-,N,NA,NA,NA,NA,NA,NA,NA,NA,NA,Y,4,0,2,3,A,-,03,22350,NA,N,C,C,A,A,H,-,A,D,0,NA,NA,NA,NA,Y,NA,D,22,0,0,2,0,0,0,0,0,0,-,-,NA,NA,LOS ANGELES,LOS ANGELES,-118.4420166015625,34.2969970703125