CASE_ID,ACCIDENT_YEAR,PROC_DATE,JURIS,COLLISION_DATE,COLLISION_TIME,OFFICER_ID,REPORTING_DISTRICT,DAY_OF_WEEK,CHP_SHIFT,POPULATION,CNTY_CITY_LOC,SPECIAL_COND,BEAT_TYPE,CHP_BEAT_TYPE,CITY_DIVISION_LAPD,CHP_BEAT_CLASS,BEAT_NUMBER,PRIMARY_RD,SECONDARY_RD,DISTANCE,DIRECTION,INTERSECTION,WEATHER_1,WEATHER_2,STATE_HWY_IND,CALTRANS_COUNTY,CALTRANS_DISTRICT,STATE_ROUTE,ROUTE_SUFFIX,POSTMILE_PREFIX,POSTMILE,LOCATION_TYPE,RAMP_INTERSECTION,SIDE_OF_HWY,TOW_AWAY,COLLISION_SEVERITY,NUMBER_KILLED,NUMBER_INJURED,PARTY_COUNT,PRIMARY_COLL_FACTOR,PCF_CODE_OF_VIOL,PCF_VIOL_CATEGORY,PCF_VIOLATION,PCF_VIOL_SUBSECTION,HIT_AND_RUN,TYPE_OF_COLLISION,MVIW,PED_ACTION,ROAD_SURFACE,ROAD_COND_1,ROAD_COND_2,LIGHTING,CONTROL_DEVICE,CHP_ROAD_TYPE,PEDESTRIAN_ACCIDENT,BICYCLE_ACCIDENT,MOTORCYCLE_ACCIDENT,TRUCK_ACCIDENT,NOT_PRIVATE_PROPERTY,ALCOHOL_INVOLVED,STWD_VEHTYPE_AT_FAULT,CHP_VEHTYPE_AT_FAULT,COUNT_SEVERE_INJ,COUNT_VISIBLE_INJ,COUNT_COMPLAINT_PAIN,COUNT_PED_KILLED,COUNT_PED_INJURED,COUNT_BICYCLIST_KILLED,COUNT_BICYCLIST_INJURED,COUNT_MC_KILLED,COUNT_MC_INJURED,PRIMARY_RAMP,SECONDARY_RAMP,LATITUDE,LONGITUDE,COUNTY,CITY,POINT_X,POINT_Y
8725622,2018,2018-11-19,1942,2018-09-20,1400,43319,NEWTO,4,5,7,1942,0,0,0,NA,0,13A75,CENTRAL AV,47TH ST,0,NA,Y,A,-,N,NA,NA,NA,NA,NA,NA,NA,NA,NA,N,4,0,1,2,A,-,00,21301,A,N,D,C,A,A,H,-,A,A,0,NA,NA,NA,NA,Y,NA,A,01,0,0,1,0,0,0,0,0,0,-,-,NA,NA,LOS ANGELES,LOS ANGELES,-118.25647735595705,34.0011100769043
8725623,2018,2018-11-02,1942,2018-10-13,1020,37679,1203,6,5,7,1942,0,0,0,L,0,25T27,W 45TH ST,DENKER AV,0,NA,Y,B,-,N,NA,NA,NA,NA,NA,NA,NA,NA,NA,Y,4,0,1,2,A,-,09,21802,A,N,D,C,A,B,H,-,A,A,0,NA,NA,NA,NA,Y,NA,A,01,0,0,1,0,0,0,0,0,0,-,-,NA,NA,LOS ANGELES,LOS ANGELES,-118.30457305908205,34.00278091430664
8725624,2018,2018-10-30,1942,2018-10-14,1340,40404,1802,7,5,7,1942,0,0,0,R,0,18A1,W MANCHESTER AV,BROADWAY,300,E,N,A,-,N,NA,NA,NA,NA,NA,NA,NA,NA,NA,N,4,0,1,4,A,-,03,22350,NA,F,C,C,A,A,H,-,A,A,0,NA,NA,NA,NA,Y,NA,-,NA,0,0,1,0,0,0,0,0,0,-,-,NA,NA,LOS ANGELES,LOS ANGELES,-118.27729034423828,33.960079193115234
8725625,2018,2018-10-31,1942,2018-08-15,0005,41129,1207,3,5,7,1942,0,0,0,L,0,25T25,VERMONT AV,48TH ST,0,NA,Y,A,-,N,NA,NA,NA,NA,NA,NA,NA,NA,NA,Y,3,0,2,2,A,-,12,21453,A,N,D,C,A,A,H,-,C,A,0,NA,NA,NA,NA,Y,NA,A,01,0,2,0,0,0,0,0,0,0,-,-,NA,NA,LOS ANGELES,LOS ANGELES,-118.29154,33.99959
8725626,2018,2018-11-05,1942,2018-09-24,0840,34997,1303,1,5,7,1942,0,0,0,M,0,13A27,12TH ST,CENTRAL AV,300,W,N,A,-,N,NA,NA,NA,NA,NA,NA,NA,NA,NA,Y,4,0,2,3,A,-,08,22103,NA,N,B,C,A,A,H,-,A,D,0,NA,NA,NA,NA,Y,NA,A,07,0,0,2,0,0,0,0,0,0,-,-,NA,NA,LOS ANGELES,LOS ANGELES,-118.24614715576172,34.03055191040039
8725627,2018,2018-11-02,1941,2018-10-13,1508,10128,NA,6,5,7,1941,0,0,0,NA,0,NA,CHERRY AV,DEL AMO,60,N,N,A,-,N,NA,NA,NA,NA,NA,NA,NA,NA,NA,Y,4,0,1,2,A,-,03,22350,NA,F,C,C,A,A,H,-,A,A,0,NA,NA,NA,NA,Y,NA,A,NA,0,0,1,0,0,0,0,0,0,-,-,NA,NA,LOS ANGELES,LONG BEACH,-118.16746520996094,33.84718322753906
8725628,2018,2018-10-30,1942,2018-10-12,1720,42338,1841,5,5,7,1942,0,0,0,R,0,18A41,S VERMONT AV,104TH PL,110,N,N,A,-,N,NA,NA,NA,NA,NA,NA,NA,NA,NA,Y,3,0,2,4,A,-,03,22350,NA,N,C,C,A,A,H,-,A,D,0,NA,NA,NA,NA,Y,NA,A,07,0,1,1,0,0,0,0,0,0,-,-,NA,NA,LOS ANGELES,LOS ANGELES,-118.29158020019533,33.941810607910156
8725631,2018,2018-11-02,1942,2018-10-13,1740,41870,1232,6,5,7,1942,0,0,0,L,0,12A31,SLAUSON AV,CRENSHAW BL,100,W,N,A,-,N,NA,NA,NA,NA,NA,NA,NA,NA,NA,N,4,0,1,2,A,-,06,21755,A,F,B,C,A,A,H,-,A,D,0,NA,NA,NA,NA,Y,NA,-,99,0,0,1,0,0,0,0,0,0,-,-,NA,NA,LOS ANGELES,LOS ANGELES,-118.33123779296876,33.989009857177734
8725635,2018,2018-11-02,1942,2018-10-01,2345,43106,0336,1,5,7,1942,0,0,0,C,0,3A41,30TH ST,SAINT ANDREWS PL,80,E,N,A,-,N,NA,NA,NA,NA,NA,NA,NA,NA,NA,N,4,0,1,4,A,-,05,21650,NA,N,A,E,A,A,H,-,D,A,0,NA,NA,NA,NA,Y,NA,-,99,0,0,1,0,0,0,0,0,0,-,-,NA,NA,LOS ANGELES,LOS ANGELES,-118.311767578125,34.02738952636719
8725636,2018,2018-10-30,1942,2018-10-03,1205,43271,0334,3,5,7,1942,0,0,0,C,0,3X94,CRENSHAW BL,28TH ST,90,S,N,B,-,N,NA,NA,NA,NA,NA,NA,NA,NA,NA,N,3,0,1,2,A,-,05,21650,NA,N,D,C,A,A,H,-,A,D,0,NA,NA,NA,NA,Y,NA,M,93,0,1,0,0,0,0,0,0,0,-,-,NA,NA,LOS ANGELES,LOS ANGELES,-118.335116,34.030865
8725639,2018,2018-11-02,1942,2018-10-05,2130,32427,1255,5,5,7,1942,0,0,0,L,0,12A31,FLORENCE AV,NORMANDIE AV,0,NA,Y,A,-,N,NA,NA,NA,NA,NA,NA,NA,NA,NA,Y,3,0,5,2,A,-,09,21801,A,N,A,C,A,A,H,-,C,A,0,NA,NA,NA,NA,Y,NA,A,01,0,3,2,0,0,0,0,0,0,-,-,NA,NA,LOS ANGELES,LOS ANGELES,-118.30030059814452,33.974578857421875
8725642,2018,2018-11-05,1942,2018-09-06,2245,32297,2029,4,5,7,1942,0,0,0,NA,0,20CL3,3RD ST,VIRGIL AV,0,NA,Y,A,-,N,NA,NA,NA,NA,NA,NA,NA,NA,NA,Y,4,0,4,2,A,-,09,21801,A,N,D,C,A,A,H,-,C,A,0,NA,NA,NA,NA,Y,NA,A,01,0,0,4,0,0,0,0,0,0,-,-,NA,NA,LOS ANGELES,LOS ANGELES,-118.2868194580078,34.0689811706543
8725647,2018,2018-11-02,1942,2018-10-02,1715,42338,0379,2,5,7,1942,0,0,0,C,0,25TL24,VERMONT AV,EXPOSITION BL,0,NA,Y,A,-,N,NA,NA,NA,NA,NA,NA,NA,NA,NA,N,4,0,1,2,A,-,08,22107,NA,F,B,C,A,A,H,-,A,D,0,NA,NA,NA,NA,Y,NA,-,99,0,0,1,0,0,0,0,0,0,-,-,NA,NA,LOS ANGELES,LOS ANGELES,-118.2915267944336,34.018348693847656
8725651,2018,2018-11-02,1942,2018-10-03,2045,42364,0396,3,5,7,1942,0,0,0,C,0,3A99,W VERNON AV,ORCHARD AV,24,E,N,A,-,N,NA,NA,NA,NA,NA,NA,NA,NA,NA,N,4,0,1,4,A,-,07,21658,A,F,G,B,E,A,H,-,C,A,0,Y,NA,NA,NA,Y,NA,-,99,0,0,1,0,1,0,0,0,0,-,-,NA,NA,LOS ANGELES,LOS ANGELES,-118.2889404296875,34.003700256347656
8725652,2018,2018-11-05,1942,2018-09-14,2344,40435,1634,5,5,7,1942,0,0,0,P,0,16A11W,OSBORNE ST,DRONFIELD AV,300,W,N,A,-,N,NA,NA,NA,NA,NA,NA,NA,NA,NA,Y,4,0,1,2,A,-,08,22107,NA,N,B,C,A,A,H,-,D,D,0,NA,NA,NA,NA,Y,Y,A,01,0,0,1,0,0,0,0,0,0,-,-,NA,NA,LOS ANGELES,LOS ANGELES,-118.39793395996094,34.270408630371094
8725655,2018,2018-11-02,1942,2018-10-02,2205,39299,0392,2,5,7,1942,0,0,0,C,0,3A73,48TH ST,9TH AV,200,W,N,B,-,N,NA,NA,NA,NA,NA,NA,NA,NA,NA,Y,4,0,1,3,A,-,08,22103,NA,F,A,C,A,A,H,-,C,A,0,NA,NA,NA,NA,Y,NA,A,01,0,0,1,0,0,0,0,0,0,-,-,NA,NA,LOS ANGELES,LOS ANGELES,-118.32759857177734,33.9999885559082
8725656,2018,2018-11-05,1942,2018-09-17,0715,40065,1663,1,5,7,1942,0,0,0,P,0,16A77,BRANDFORD ST,AMBOY AV,2,E,N,A,-,N,NA,NA,NA,NA,NA,NA,NA,NA,NA,Y,4,0,2,2,A,-,09,21802,A,N,D,C,A,A,H,-,A,A,0,NA,NA,NA,NA,Y,NA,D,22,0,0,2,0,0,0,0,0,0,-,-,NA,NA,LOS ANGELES,LOS ANGELES,-118.411559,34.242103
8725659,2018,2018-11-05,1942,2018-09-28,1420,40611,1352,5,5,7,1942,0,0,0,M,0,13A9,VERNON AV,METTLER AV,60,W,N,A,-,N,NA,NA,NA,NA,NA,NA,NA,NA,NA,Y,4,0,2,2,A,-,08,22107,NA,N,D,C,A,A,H,-,A,D,0,NA,NA,NA,NA,Y,NA,A,08,0,0,2,0,0,0,0,0,0,-,-,NA,NA,LOS ANGELES,LOS ANGELES,-118.26670837402344,34.00386047363281
8725660,2018,2018-11-05,1942,2018-09-25,0720,41274,1668,2,5,7,1942,0,0,0,P,0,16A59,HAINES CANYON AV,FOOTHILL BL,0,NA,Y,A,-,N,NA,NA,NA,NA,NA,NA,NA,NA,NA,N,4,0,4,2,A,-,09,21802,A,N,D,C,A,A,H,-,A,A,0,NA,NA,NA,NA,Y,NA,D,22,0,0,4,0,0,0,0,0,0,-,-,NA,NA,LOS ANGELES,LOS ANGELES,-118.27944183349608,34.2475700378418
8725663,2018,2018-11-05,1942,2018-09-20,1820,40099,1313,4,5,7,1942,0,0,0,M,0,13A13,S SAN PEDRO ST,16TH ST,5,N,N,A,-,N,NA,NA,NA,NA,NA,NA,NA,NA,NA,N,3,0,1,2,A,-,09,21801,A,F,D,G,A,A,H,-,A,A,0,NA,NA,NA,NA,Y,NA,-,99,0,1,0,0,0,0,0,0,0,-,-,NA,NA,LOS ANGELES,LOS ANGELES,-118.25594329833984,34.02988052368164
8725664,2018,2019-01-03,1942,2018-09-08,1435,39779,1668,6,5,7,1942,0,0,0,P,0,16A59,LA TUNA CANYON RD,RT 210,0,NA,Y,A,-,Y,LA,7,210,-,R,13.955,R,4,E,Y,3,0,1,2,A,-,09,21802,A,N,D,D,A,A,H,-,A,A,0,NA,NA,NA,NA,Y,NA,A,01,0,1,0,0,0,0,0,0,0,-,-,NA,NA,LOS ANGELES,LOS ANGELES,-118.2949676513672,34.23470687866211
8725667,2018,2018-11-16,1942,2018-09-29,1725,42650,1365,6,5,7,1942,0,0,0,M,0,13A27,HOOPER AV,51ST ST,0,NA,Y,A,-,N,NA,NA,NA,NA,NA,NA,NA,NA,NA,N,4,0,1,2,A,-,05,21650,NA,N,D,G,A,A,H,-,A,A,0,NA,Y,NA,NA,Y,NA,L,04,0,0,1,0,0,0,1,0,0,-,-,NA,NA,LOS ANGELES,LOS ANGELES,-118.25211334228516,33.9970817565918
8725668,2018,2018-11-05,1942,2018-09-02,2105,38634,LOSAN,7,5,7,1942,0,0,0,NA,0,1621,LAUREL CANYON BL,MERCER ST,100,S,N,A,-,N,NA,NA,NA,NA,NA,NA,NA,NA,NA,N,4,0,1,2,A,-,09,21804,A,N,B,C,A,A,H,-,C,D,0,NA,NA,NA,NA,Y,NA,A,01,0,0,1,0,0,0,0,0,0,-,-,NA,NA,LOS ANGELES,LOS ANGELES,-118.43347930908205,34.26010513305664
8725671,2018,2018-11-05,1942,2018-09-28,1720,42482,1364,5,5,7,1942,0,0,0,M,0,13A75,HOOPER AV,46TH ST,0,NA,Y,A,-,N,NA,NA,NA,NA,NA,NA,NA,NA,NA,N,4,0,1,2,A,-,09,21802,A,N,D,C,A,A,H,-,A,B,0,NA,NA,NA,NA,Y,Y,A,01,0,0,1,0,0,0,0,0,0,-,-,NA,NA,LOS ANGELES,LOS ANGELES,-118.2521514892578,34.00204086303711
8725672,2018,2018-11-05,1942,2018-09-16,0300,38049,1621,7,5,7,1942,0,0,0,P,0,16A59,LAUREL CANYON BL,VAN NUYS BL,100,S,N,A,-,N,NA,NA,NA,NA,NA,NA,NA,NA,NA,N,4,0,1,2,A,-,03,22350,NA,N,C,E,A,A,H,-,C,D,0,NA,NA,NA,NA,Y,NA,A,01,0,0,1,0,0,0,0,0,0,-,-,NA,NA,LOS ANGELES,LOS ANGELES,-118.431884765625,34.258583068847656
8725675,2018,2018-11-05,1942,2018-09-20,1830,39898,1394,4,5,7,1942,0,0,0,M,0,12X4,159 W FLORENCE AV,MAIN ST,0,NA,-,A,-,N,NA,NA,NA,NA,NA,NA,NA,NA,NA,N,2,0,1,2,A,-,11,21955,NA,N,G,B,D,A,H,-,A,D,0,Y,NA,NA,NA,Y,NA,-,-,1,0,0,0,1,0,0,0,0,-,-,NA,NA,LOS ANGELES,LOS ANGELES,-118.27394104003906,33.97468185424805
8725676,2018,2018-11-05,1942,2018-09-14,1615,NA,NA,5,5,7,1942,0,0,0,NA,0,1642,TERRA BELLA ST,TELFAIR AV,5,W,N,A,-,N,NA,NA,NA,NA,NA,NA,NA,NA,NA,N,4,0,1,2,A,-,10,21950,A,N,G,B,B,A,H,-,A,A,0,Y,NA,NA,NA,Y,NA,D,22,0,0,1,0,1,0,0,0,0,-,-,NA,NA,LOS ANGELES,LOS ANGELES,-118.41928100585938,34.257591247558594
8725677,2018,2018-10-30,1942,2018-08-11,2235,43467,1881,6,5,7,1942,0,0,0,R,0,18A97,REDONDO BEACH,ORCHARD,50,W,N,A,-,N,NA,NA,NA,NA,NA,NA,NA,NA,NA,Y,3,0,1,2,A,-,09,21801,A,F,D,C,A,A,H,-,C,A,0,NA,NA,Y,NA,Y,NA,-,99,0,1,0,0,0,0,0,0,1,-,-,NA,NA,LOS ANGELES,LOS ANGELES,-118.28849792480467,33.892574310302734
8725679,2018,2018-11-05,1942,2018-09-28,0550,43036,1367,5,5,7,1942,0,0,0,M,0,1`3A75,ALAMEDA ST,48TH PL,0,NA,Y,B,-,N,NA,NA,NA,NA,NA,NA,NA,NA,NA,N,4,0,1,2,A,-,04,21703,NA,N,C,C,A,A,H,-,B,D,0,NA,NA,NA,NA,Y,NA,A,01,0,0,1,0,0,0,0,0,0,-,-,NA,NA,LOS ANGELES,LOS ANGELES,-118.23893737792967,34.00065994262695
8725680,2018,2018-11-05,1942,2018-09-15,0314,40935,1645,6,5,7,1942,0,0,0,P,0,16A11-,DE HAVEN,CHANUTE,100,E,N,A,-,N,NA,NA,NA,NA,NA,NA,NA,NA,NA,NA,4,0,1,4,A,-,03,22350,NA,N,B,E,A,A,H,-,C,D,0,NA,NA,NA,NA,Y,Y,A,01,0,0,1,0,0,0,0,0,0,-,-,NA,NA,LOS ANGELES,LOS ANGELES,-118.40373229980467,34.263057708740234
8725681,2018,2018-10-30,1942,2018-09-04,1540,30830,1676,2,5,7,1942,0,0,0,P,0,16A77,GLENOAKS BL,ROSCOE BL,95,S,N,A,-,N,NA,NA,NA,NA,NA,NA,NA,NA,NA,N,4,0,3,5,A,-,03,22350,NA,N,C,C,A,A,H,-,A,D,0,NA,NA,NA,NA,Y,NA,A,07,0,0,3,0,0,0,0,0,0,-,-,NA,NA,LOS ANGELES,LOS ANGELES,-118.35905456542967,34.22220230102539
8725682,2018,2018-10-30,1942,2018-09-06,0735,40065,1687,4,5,7,1942,0,0,0,P,0,16A81,BLYTHE ST,BAKMAN AV,300,E,N,A,-,N,NA,NA,NA,NA,NA,NA,NA,NA,NA,Y,4,0,6,2,A,-,09,21804,A,N,D,C,A,-,H,-,A,D,0,NA,NA,NA,NA,Y,NA,A,01,0,0,6,0,0,0,0,0,0,-,-,NA,NA,LOS ANGELES,LOS ANGELES,-118.37676239013672,34.21484375
8725683,2018,2018-11-01,1942,2018-09-11,2035,37554,424,2,5,7,1942,0,0,0,NA,0,4A15,LINCOLN PARK AV,MANITOU AV,200,N,N,A,-,N,NA,NA,NA,NA,NA,NA,NA,NA,NA,N,2,0,1,2,A,-,11,21956,A,N,G,B,E,A,H,-,C,A,0,Y,NA,NA,NA,Y,NA,N,60,1,0,0,0,1,0,0,0,0,-,-,NA,NA,LOS ANGELES,LOS ANGELES,-118.20252227783205,34.07257843017578
8725684,2018,2018-11-02,1942,2018-10-06,1325,37540,1307,6,5,7,1942,0,0,0,M,0,13A9,E 8TH ST,CENTRAL AV,0,E,N,A,-,N,NA,NA,NA,NA,NA,NA,NA,NA,NA,N,4,0,1,2,B,-,22,NA,NA,F,G,B,E,A,H,-,A,D,0,Y,NA,NA,NA,Y,NA,-,99,0,0,1,0,1,0,0,0,0,-,-,NA,NA,LOS ANGELES,LOS ANGELES,-118.24327087402344,34.033599853515625
8725685,2018,2018-10-30,1942,2018-09-07,1200,35481,1612,5,5,7,1942,0,0,0,P,0,16A1,PAXTON ST,BRADLEY AV,60,E,N,A,-,N,NA,NA,NA,NA,NA,NA,NA,NA,NA,N,4,0,1,2,A,-,04,21703,NA,N,C,C,A,A,H,-,A,D,0,NA,NA,NA,NA,Y,NA,A,01,0,0,1,0,0,0,0,0,0,-,-,NA,NA,LOS ANGELES,LOS ANGELES,-118.42443084716795,34.274967193603516
8725686,2018,2018-10-30,1942,2018-09-09,1300,32774,1665,7,5,7,1942,0,0,0,P,0,16A77,SHELDON ST,GLENOAKS BL,0,NA,Y,A,-,N,NA,NA,NA,NA,NA,NA,NA,NA,NA,Y,3,0,1,3,A,-,12,21453,A,N,D,C,A,A,H,-,A,D,0,NA,NA,NA,NA,Y,NA,A,07,0,1,0,0,0,0,0,0,0,-,-,NA,NA,LOS ANGELES,LOS ANGELES,-118.38394165039064,34.246429443359375
8725687,2018,2018-11-01,1942,2018-09-29,1240,43342,1821,6,5,7,1942,0,0,0,R,0,18A17,S HOOVER S,W 98TH ST,0,NA,Y,A,-,N,NA,NA,NA,NA,NA,NA,NA,NA,NA,Y,3,0,4,3,A,-,05,21650,NA,N,A,C,A,A,H,-,A,A,0,NA,NA,NA,NA,Y,NA,A,01,0,1,3,0,0,0,0,0,0,-,-,NA,NA,LOS ANGELES,LOS ANGELES,-118.28695678710938,33.94723892211914
8725688,2018,2018-11-02,1942,2018-10-20,2115,41072,1218,6,5,7,1942,0,0,0,L,0,25TL29,HOOVER ST,52ND ST,46,N,N,A,-,N,NA,NA,NA,NA,NA,NA,NA,NA,NA,N,2,0,1,2,A,-,11,21955,NA,N,G,B,D,A,H,-,C,A,0,Y,NA,NA,NA,Y,Y,N,60,1,0,0,0,1,0,0,0,0,-,-,NA,NA,LOS ANGELES,LOS ANGELES,-118.28716278076172,33.995826721191406
8725689,2018,2018-10-30,1942,2018-09-19,1400,39157,1654,3,5,7,1942,0,0,0,P,0,16A1,GLENOAKS BL,OSBORNE PL,15,E,N,A,-,N,NA,NA,NA,NA,NA,NA,NA,NA,NA,N,3,0,1,2,A,-,09,21801,A,N,D,C,A,A,H,-,A,D,0,NA,NA,NA,NA,Y,NA,A,01,0,1,0,0,0,0,0,0,0,-,-,NA,NA,LOS ANGELES,LOS ANGELES,-118.39888763427734,34.261817932128906
8725690,2018,2018-10-30,1942,2018-09-02,0030,41151,4216,7,5,7,1942,0,0,0,NA,0,16A23,PALA AV,PINNEY ST,30,N,N,A,-,N,NA,NA,NA,NA,NA,NA,NA,NA,NA,Y,4,0,1,2,A,-,01,23152,A,N,B,C,A,A,H,-,C,D,0,NA,NA,NA,NA,Y,Y,A,01,0,0,1,0,0,0,0,0,0,-,-,NA,NA,LOS ANGELES,LOS ANGELES,-118.420166015625,34.26896286010742
8725692,2018,2018-11-02,1942,2018-10-16,0710,33599,1251,2,5,7,1942,0,0,0,L,0,12A51,W FLORENCE AV,BRYNHURST,75,E,N,A,-,N,NA,NA,NA,NA,NA,NA,NA,NA,NA,N,4,0,1,2,A,-,21,22106,NA,N,B,C,A,A,H,-,A,D,0,NA,NA,NA,NA,Y,NA,A,01,0,0,1,0,0,0,0,0,0,-,-,NA,NA,LOS ANGELES,LOS ANGELES,-118.33390045166016,33.974510192871094
8725693,2018,2018-10-30,1942,2018-09-26,0740,40065,1641,3,5,7,1942,0,0,0,P,0,16A23,LAUREL CANYON BL,TERRA BELLA ST,60,S,N,A,-,N,NA,NA,NA,NA,NA,NA,NA,NA,NA,Y,4,0,3,4,A,-,03,22350,NA,N,C,C,A,A,H,-,A,D,0,NA,NA,NA,NA,Y,NA,A,07,0,0,3,0,0,0,0,0,0,-,-,NA,NA,LOS ANGELES,LOS ANGELES,-118.42566680908205,34.252708435058594
8725694,2018,2018-10-30,1942,2018-09-26,0720,38940,1653,3,5,7,1942,0,0,0,P,0,16A23,OSBORNE ST,TELFAIR AV,40,W,N,A,-,N,NA,NA,NA,NA,NA,NA,NA,NA,NA,N,4,0,1,2,A,-,21,22106,NA,N,C,C,A,A,H,-,A,A,0,NA,NA,NA,NA,Y,NA,A,07,0,0,1,0,0,0,0,0,0,-,-,NA,NA,LOS ANGELES,LOS ANGELES,-118.41307830810548,34.251556396484375
8725695,2018,2018-11-01,1942,2018-09-23,1900,39823,1362,7,5,7,1942,0,0,0,M,0,13X28,49TH ST,AVALON,300,W,N,A,-,N,NA,NA,NA,NA,NA,NA,NA,NA,NA,N,2,0,1,3,A,-,06,21750,NA,F,G,B,E,A,H,-,C,D,0,Y,NA,NA,NA,Y,NA,-,99,1,0,0,0,1,0,0,0,0,-,-,NA,NA,LOS ANGELES,LOS ANGELES,-118.26622772216795,33.99879837036133
8725696,2018,2018-11-02,1942,2018-10-04,1030,33599,1268,4,5,7,1942,0,0,0,L,0,12A67,BROADWAY,85TH ST,8,S,N,A,-,N,NA,NA,NA,NA,NA,NA,NA,NA,NA,N,4,0,1,2,A,-,03,22350,NA,F,C,C,A,A,H,-,A,D,0,NA,NA,NA,NA,Y,NA,-,99,0,0,1,0,0,0,0,0,0,-,-,NA,NA,LOS ANGELES,LOS ANGELES,-118.278299,33.961511
8725697,2018,2018-10-30,1942,2018-09-23,1345,42628,1636,7,5,7,1942,0,0,0,P,0,16A36,FOOTHILL BL,WENTWORTH ST,0,NA,Y,A,-,N,NA,NA,NA,NA,NA,NA,NA,NA,NA,N,4,0,1,2,A,-,09,21801,A,N,A,C,A,A,H,-,A,A,0,NA,NA,NA,NA,Y,NA,A,01,0,0,1,0,0,0,0,0,0,-,-,NA,NA,LOS ANGELES,LOS ANGELES,-118.3330307006836,34.265010833740234
8725698,2018,2018-10-30,1942,2018-09-09,2350,42309,1612,7,5,7,1942,0,0,0,P,0,16A11,GLENOAKS BL,PAXTON ST,430,N,N,B,-,N,NA,NA,NA,NA,NA,NA,NA,NA,NA,Y,4,0,1,2,A,-,09,21801,A,N,B,C,A,A,H,-,C,A,0,NA,NA,NA,NA,Y,Y,A,01,0,0,1,0,0,0,0,0,0,-,-,NA,NA,LOS ANGELES,LOS ANGELES,-118.41861724853516,34.28028869628906
8725699,2018,2018-11-01,1942,2018-09-27,2215,30083,1351,4,5,7,1942,0,0,0,M,0,13A41,S BROADWAY,W VERNON AV,0,NA,Y,A,-,N,NA,NA,NA,NA,NA,NA,NA,NA,NA,Y,2,0,1,2,A,-,01,23152,A,F,D,C,A,A,H,-,C,A,0,NA,NA,Y,NA,Y,Y,A,01,1,0,0,0,0,0,0,0,1,-,-,NA,NA,LOS ANGELES,LOS ANGELES,-118.27837371826172,34.00379943847656
8725700,2018,2018-11-02,1942,2018-10-18,2027,38349,1004,4,5,7,1942,0,0,0,J,0,10A3,SATICOY ST,LINDLEY AV,0,NA,Y,A,-,N,NA,NA,NA,NA,NA,NA,NA,NA,NA,Y,3,0,2,2,A,-,01,23152,A,F,D,D,A,A,H,-,C,A,0,NA,NA,NA,NA,Y,Y,A,07,0,1,1,0,0,0,0,0,0,-,-,NA,NA,LOS ANGELES,LOS ANGELES,-118.52734375,34.20840072631836
8725701,2018,2018-10-30,1942,2018-09-06,1945,32372,1689,4,5,7,1942,0,0,0,P,0,16A81,SUNLAND BL,ROSCOE BL,0,NA,Y,A,-,N,NA,NA,NA,NA,NA,NA,NA,NA,NA,N,3,0,1,2,A,-,12,21453,A,N,D,C,A,A,H,-,C,A,0,NA,NA,Y,NA,Y,NA,C,02,0,1,0,0,0,0,0,0,1,-,-,NA,NA,LOS ANGELES,LOS ANGELES,-118.36711120605467,34.221439361572266
8725702,2018,2018-10-30,1942,2018-09-07,0720,33700,1691,5,5,7,1942,0,0,0,P,0,16A81,STRATHERN ST,LAUREL CANYON BL,105,W,N,A,-,N,NA,NA,NA,NA,NA,NA,NA,NA,NA,Y,3,0,2,2,A,-,09,21804,A,N,D,C,A,A,H,-,A,A,0,NA,NA,NA,NA,Y,NA,A,01,0,2,0,0,0,0,0,0,0,-,-,NA,NA,LOS ANGELES,LOS ANGELES,-118.39687347412108,34.21571731567383
8725703,2018,2018-11-01,1942,2018-09-25,1150,41704,1821,2,5,7,1942,0,0,0,R,0,18A17,S VERMONT AV,W COLDEN AV,0,NA,Y,A,-,N,NA,NA,NA,NA,NA,NA,NA,NA,NA,N,4,0,2,2,A,-,09,21801,A,N,D,C,A,A,H,-,A,A,0,NA,NA,NA,NA,Y,NA,A,01,0,0,2,0,0,0,0,0,0,-,-,NA,NA,LOS ANGELES,LOS ANGELES,-118.29158782958984,33.94913101196289
8725704,2018,2018-11-02,1942,2018-10-15,1010,41253,1233,1,5,7,1942,0,0,0,L,0,3A41,VAN NESS AV,60TH ST,0,NA,Y,A,-,N,NA,NA,NA,NA,NA,NA,NA,NA,NA,N,3,0,1,2,A,-,09,21801,A,F,B,C,A,A,H,-,A,D,0,NA,NA,Y,NA,Y,NA,M,94,0,1,0,0,0,0,0,0,0,-,-,NA,NA,LOS ANGELES,LOS ANGELES,-118.31768035888672,33.98548889160156
8725705,2018,2018-10-30,1942,2018-09-03,0620,27792,1612,1,5,7,1942,0,0,0,P,0,16A1,LOUVRE ST,LEHIGH AV,50,W,N,B,-,N,NA,NA,NA,NA,NA,NA,NA,NA,NA,Y,4,0,1,1,A,-,03,22350,NA,N,E,I,A,A,H,-,B,-,0,NA,NA,NA,NA,Y,NA,A,01,0,0,1,0,0,0,0,0,0,-,-,NA,NA,LOS ANGELES,LOS ANGELES,-118.42131805419922,34.273250579833984
8725706,2018,2018-10-30,1942,2018-09-07,1635,40574,1622,5,5,7,1942,0,0,0,P,0,16A11,SAN FERNANDO RD,FILMORE ST,0,NA,Y,A,-,N,NA,NA,NA,NA,NA,NA,NA,NA,NA,Y,4,0,1,2,A,-,09,21802,A,N,D,C,A,A,H,-,A,D,0,NA,NA,NA,NA,Y,NA,A,01,0,0,1,0,0,0,0,0,0,-,-,NA,NA,LOS ANGELES,LOS ANGELES,-118.42526245117188,34.26906967163086