CASE_ID,ACCIDENT_YEAR,PROC_DATE,JURIS,COLLISION_DATE,COLLISION_TIME,OFFICER_ID,REPORTING_DISTRICT,DAY_OF_WEEK,CHP_SHIFT,POPULATION,CNTY_CITY_LOC,SPECIAL_COND,BEAT_TYPE,CHP_BEAT_TYPE,CITY_DIVISION_LAPD,CHP_BEAT_CLASS,BEAT_NUMBER,PRIMARY_RD,SECONDARY_RD,DISTANCE,DIRECTION,INTERSECTION,WEATHER_1,WEATHER_2,STATE_HWY_IND,CALTRANS_COUNTY,CALTRANS_DISTRICT,STATE_ROUTE,ROUTE_SUFFIX,POSTMILE_PREFIX,POSTMILE,LOCATION_TYPE,RAMP_INTERSECTION,SIDE_OF_HWY,TOW_AWAY,COLLISION_SEVERITY,NUMBER_KILLED,NUMBER_INJURED,PARTY_COUNT,PRIMARY_COLL_FACTOR,PCF_CODE_OF_VIOL,PCF_VIOL_CATEGORY,PCF_VIOLATION,PCF_VIOL_SUBSECTION,HIT_AND_RUN,TYPE_OF_COLLISION,MVIW,PED_ACTION,ROAD_SURFACE,ROAD_COND_1,ROAD_COND_2,LIGHTING,CONTROL_DEVICE,CHP_ROAD_TYPE,PEDESTRIAN_ACCIDENT,BICYCLE_ACCIDENT,MOTORCYCLE_ACCIDENT,TRUCK_ACCIDENT,NOT_PRIVATE_PROPERTY,ALCOHOL_INVOLVED,STWD_VEHTYPE_AT_FAULT,CHP_VEHTYPE_AT_FAULT,COUNT_SEVERE_INJ,COUNT_VISIBLE_INJ,COUNT_COMPLAINT_PAIN,COUNT_PED_KILLED,COUNT_PED_INJURED,COUNT_BICYCLIST_KILLED,COUNT_BICYCLIST_INJURED,COUNT_MC_KILLED,COUNT_MC_INJURED,PRIMARY_RAMP,SECONDARY_RAMP,LATITUDE,LONGITUDE,COUNTY,CITY,POINT_X,POINT_Y
8730205,2018,2019-01-07,1900,2018-11-01,1922,629461,1126,4,5,6,1992,0,0,0,NA,0,112T1,AVENUE L,10TH ST W,0,W,N,A,-,N,NA,NA,NA,NA,NA,NA,NA,NA,NA,Y,4,0,1,1,A,-,03,22350,NA,N,H,J,A,A,H,-,C,A,0,NA,NA,Y,NA,Y,NA,C,02,0,0,1,0,0,0,0,0,1,-,-,NA,NA,LOS ANGELES,LANCASTER,-118.14778900146484,34.66035842895508
8730206,2018,2018-11-27,1942,2018-11-08,1155,35267,0657,4,5,7,1942,0,0,0,F,0,6A77,N SAINT ANDREWS PL,SANTA MONICA BL,5,S,N,A,-,N,NA,NA,NA,NA,NA,NA,NA,NA,NA,N,4,0,1,2,A,-,10,21950,A,M,G,B,B,A,H,-,A,A,0,Y,NA,NA,NA,Y,NA,-,99,0,0,1,0,1,0,0,0,0,-,-,NA,NA,LOS ANGELES,LOS ANGELES,-118.31139373779295,34.09074783325195
8730208,2018,2018-11-21,1900,2018-11-01,1929,615106,2607,4,5,6,1950,0,0,0,NA,0,262T1,AVE T,62ND ST E,0,NA,Y,A,-,N,NA,NA,NA,NA,NA,NA,NA,NA,NA,Y,3,0,2,2,A,-,05,21460,A,N,A,C,A,A,H,-,C,D,0,NA,NA,NA,NA,Y,NA,A,01,0,1,1,0,0,0,0,0,0,-,-,34.54275131225586,-118.01751708984376,LOS ANGELES,PALMDALE,-118.01888275146484,34.54273986816406
8730209,2018,2019-01-07,1900,2018-11-10,1811,610418,1134,6,5,6,1992,0,0,0,NA,0,112T1,AVENUE M,4TH ST EAST,0,NA,Y,A,-,N,NA,NA,NA,NA,NA,NA,NA,NA,NA,Y,4,0,2,2,A,-,09,21801,A,N,D,C,A,A,H,-,C,D,0,NA,NA,NA,NA,Y,NA,A,01,0,0,2,0,0,0,0,0,0,-,-,NA,NA,LOS ANGELES,LANCASTER,-118.12320709228516,34.64588165283203
8730210,2018,2018-11-27,1942,2018-11-01,1015,42560,OLYM,4,5,7,1942,0,0,0,NA,0,20A13,OLYMPIC BL,ELDEN AV,0,NA,Y,A,-,N,NA,NA,NA,NA,NA,NA,NA,NA,NA,Y,3,0,1,3,A,-,03,22350,NA,N,C,C,A,A,H,-,A,B,0,NA,NA,NA,NA,Y,NA,A,01,0,1,0,0,0,0,0,0,0,-,-,NA,NA,LOS ANGELES,LOS ANGELES,-118.28772735595705,34.05242919921875
8730212,2018,2018-11-21,1900,2018-11-03,1218,615106,2608,6,5,6,1950,0,0,0,NA,0,263T1,25TH ST E,AVE R,0,NA,Y,A,-,N,NA,NA,NA,NA,NA,NA,NA,NA,NA,Y,4,0,2,2,A,-,12,21453,A,N,D,C,A,A,H,-,A,A,0,NA,NA,NA,NA,Y,NA,A,07,0,0,2,0,0,0,0,0,0,-,-,34.57268142700195,-118.08489227294922,LOS ANGELES,PALMDALE,-118.08496856689452,34.572731018066406
8730213,2018,2019-01-07,1900,2018-11-08,1154,551435,1135,4,5,6,1992,0,0,0,NA,0,112T2,20TH ST EAST,GARDENIA CT,36,N,N,A,-,N,NA,NA,NA,NA,NA,NA,NA,NA,NA,Y,3,0,2,2,A,-,07,21658,A,N,C,C,A,A,H,-,A,A,0,NA,NA,NA,NA,Y,NA,A,01,0,1,1,0,0,0,0,0,0,-,-,NA,NA,LOS ANGELES,LANCASTER,-118.094783,34.69056
8730214,2018,2018-11-27,1942,2018-11-02,0045,41110,2083,5,5,7,1942,0,0,0,NA,0,20A34,WESTERN AV,VENICE,0,NA,Y,A,-,N,NA,NA,NA,NA,NA,NA,NA,NA,NA,Y,3,0,1,2,A,-,09,21801,A,N,A,C,A,A,H,-,C,A,0,NA,NA,NA,NA,Y,NA,A,01,0,1,0,0,0,0,0,0,0,-,-,NA,NA,LOS ANGELES,LOS ANGELES,-118.30902862548828,34.04357147216797
8730217,2018,2019-01-07,1941,2018-11-04,1346,CASTILLO,NA,7,5,7,1941,0,0,0,NA,0,NA,10TH AV,LOMA AV,0,NA,Y,A,-,N,NA,NA,NA,NA,NA,NA,NA,NA,NA,Y,4,0,1,2,A,-,09,21802,A,N,D,C,A,A,H,-,A,D,0,NA,NA,NA,NA,Y,NA,A,NA,0,0,1,0,0,0,0,0,0,-,-,NA,NA,LOS ANGELES,LONG BEACH,-118.1502685546875,33.77894973754883
8730218,2018,2018-11-27,1942,2018-11-04,0955,35945,0738,7,5,7,1942,0,0,0,G,0,7A17,W 3RD ST,S HIGHLAND AV,0,NA,Y,A,-,N,NA,NA,NA,NA,NA,NA,NA,NA,NA,Y,3,0,3,3,A,-,12,21453,A,N,D,C,A,A,H,-,A,A,0,NA,NA,NA,NA,Y,NA,A,07,0,2,1,0,0,0,0,0,0,-,-,NA,NA,LOS ANGELES,LOS ANGELES,-118.33863830566406,34.06890869140625
8730219,2018,2018-11-21,1942,2018-10-15,1340,42656,2076,1,5,7,1942,0,0,0,NA,0,20A97,W PICO BL,S CATALINA ST,0,NA,Y,A,-,N,NA,NA,NA,NA,NA,NA,NA,NA,NA,N,3,0,1,2,A,-,09,21801,A,N,D,C,A,A,H,-,A,A,0,NA,NA,NA,NA,Y,NA,D,22,0,1,0,0,0,0,0,0,0,-,-,NA,NA,LOS ANGELES,LOS ANGELES,-118.2947235107422,34.047271728515625
8730221,2018,2019-01-07,1900,2018-11-07,1808,610418,1127,3,5,6,1992,0,0,0,NA,0,471,VALLEY CENTRAL WY,AVENUE J,18,N,N,A,-,N,NA,NA,NA,NA,NA,NA,NA,NA,NA,N,4,0,1,2,A,-,11,21461,5,N,G,B,B,A,H,-,C,A,0,Y,NA,NA,NA,Y,NA,N,60,0,0,1,0,1,0,0,0,0,-,-,NA,NA,LOS ANGELES,LANCASTER,-118.17221069335938,34.68946075439453
8730222,2018,2018-11-27,1942,2018-11-02,1940,42938,20A45,5,5,7,1942,0,0,0,NA,0,2004,MAPLEWOOD AV,SERRENO AV,0,NA,Y,A,-,N,NA,NA,NA,NA,NA,NA,NA,NA,NA,N,3,0,1,2,A,-,10,21950,A,N,G,B,B,A,H,-,C,A,0,Y,NA,NA,NA,Y,NA,A,01,0,1,0,0,1,0,0,0,0,-,-,NA,NA,LOS ANGELES,LOS ANGELES,-118.3069076538086,34.07986831665039
8730225,2018,2019-01-07,1941,2018-11-06,0720,5767,NA,2,5,7,1941,0,0,0,NA,0,NA,EAST 2ND ST,FALCON AV,277,W,N,A,-,N,NA,NA,NA,NA,NA,NA,NA,NA,NA,N,3,0,1,2,A,-,08,22107,NA,N,D,G,A,A,H,-,A,D,0,NA,Y,NA,NA,Y,NA,-,NA,0,1,0,0,0,0,1,0,0,-,-,NA,NA,LOS ANGELES,LONG BEACH,-118.1742935180664,33.76750946044922
8730226,2018,2019-01-29,1942,2018-11-02,2021,32297,2069,5,5,7,1942,0,0,0,NA,0,20A53,PICO BL,ELDEN AV,0,NA,Y,A,-,N,NA,NA,NA,NA,NA,NA,NA,NA,NA,N,3,0,1,2,C,-,18,NA,NA,N,G,B,E,A,H,-,C,D,0,Y,NA,NA,NA,Y,NA,-,-,0,1,0,0,1,0,0,0,0,-,-,NA,NA,LOS ANGELES,LOS ANGELES,-118.28769683837892,34.047298431396484
8730230,2018,2018-11-27,1942,2018-11-04,0220,42718,2002,7,5,7,1942,0,0,0,NA,0,20A53,WESTERN AV,OAKWOOD AV,10,S,N,A,-,N,NA,NA,NA,NA,NA,NA,NA,NA,NA,N,4,0,1,2,A,-,03,22350,NA,N,C,C,A,A,H,-,C,A,0,NA,NA,NA,NA,Y,NA,A,01,0,0,1,0,0,0,0,0,0,-,-,NA,NA,LOS ANGELES,LOS ANGELES,-118.30915832519533,34.07758331298828
8730231,2018,2018-11-21,1942,2018-10-01,1835,42726,2038,1,5,7,1942,0,0,0,NA,0,6A66,HIGHLAND AV,PAT MORE WY,0,NA,Y,A,-,N,NA,NA,NA,NA,NA,NA,NA,NA,NA,NA,4,0,2,2,A,-,12,21453,A,N,D,C,A,A,H,-,B,A,0,NA,NA,NA,NA,Y,NA,D,22,0,0,2,0,0,0,0,0,0,-,-,NA,NA,LOS ANGELES,LOS ANGELES,-118.3362274169922,34.11138916015625
8730234,2018,2018-11-27,1942,2018-11-04,1512,41907,2011,7,5,7,1942,0,0,0,NA,0,20A23,2ND ST,MANHATTAN PL,100,E,N,A,-,N,NA,NA,NA,NA,NA,NA,NA,NA,NA,N,4,0,1,2,A,-,21,22106,NA,N,H,C,A,A,H,-,A,D,0,NA,NA,NA,NA,Y,NA,A,01,0,0,1,0,0,0,0,0,0,-,-,NA,NA,LOS ANGELES,LOS ANGELES,-118.31005859375,34.07112121582031
8730235,2018,2018-11-21,1942,2018-10-25,1545,43461,2011,4,5,7,1942,0,0,0,NA,0,20A97,2ND ST,WESTERN AV,0,NA,Y,A,-,N,NA,NA,NA,NA,NA,NA,NA,NA,NA,N,4,0,2,2,A,-,09,21801,A,N,D,D,A,A,H,-,A,A,0,NA,NA,NA,NA,Y,NA,A,01,0,0,2,0,0,0,0,0,0,-,-,NA,NA,LOS ANGELES,LOS ANGELES,-118.30912017822266,34.07112121582031
8730239,2018,2018-11-27,1942,2018-10-24,1923,38721,2021,3,5,7,1942,0,0,0,NA,0,20A1,S WILTON PL,WILSHIRE BL,4,N,N,A,-,N,NA,NA,NA,NA,NA,NA,NA,NA,NA,N,4,0,1,2,A,-,09,21804,A,N,D,G,A,A,H,-,C,A,0,NA,Y,NA,NA,Y,NA,L,04,0,0,1,0,0,0,1,0,0,-,-,NA,NA,LOS ANGELES,LOS ANGELES,-118.314208984375,34.06169891357422
8730242,2018,2018-11-27,1942,2018-11-08,2121,41056,1831,4,5,7,1942,0,0,0,R,0,18A97,W 120TH,S MENLO AV,12,W,N,A,-,N,NA,NA,NA,NA,NA,NA,NA,NA,NA,N,4,0,1,2,A,-,11,21956,A,F,B,B,E,A,H,-,C,D,0,Y,NA,NA,NA,Y,NA,N,60,0,0,1,0,1,0,0,0,0,-,-,NA,NA,LOS ANGELES,LOS ANGELES,-118.28917694091795,33.92369842529297
8730243,2018,2018-11-27,1942,2018-10-25,1730,10974,1494,4,5,7,1942,0,0,0,N,0,5M47,EASTWAY,CENTERWAY,230,S,N,A,-,N,NA,NA,NA,NA,NA,NA,NA,NA,NA,N,4,0,1,2,A,-,10,21950,A,N,G,B,B,A,H,-,B,D,0,Y,NA,NA,NA,Y,NA,D,22,0,0,1,0,1,0,0,0,0,-,-,NA,NA,LOS ANGELES,LOS ANGELES,NA,NA
8730244,2018,2018-12-06,1942,2018-10-07,1455,38644,0564,7,5,7,1942,0,0,0,E,0,5A59,MESA ST,4TH ST,0,NA,Y,A,-,N,NA,NA,NA,NA,NA,NA,NA,NA,NA,N,4,0,3,2,B,-,22,NA,NA,N,D,C,A,A,H,-,A,D,0,NA,NA,NA,NA,Y,NA,A,01,0,0,3,0,0,0,0,0,0,-,-,NA,NA,LOS ANGELES,LOS ANGELES,-118.28571319580078,33.74055862426758
8730246,2018,2018-11-27,1942,2018-11-07,1625,37146,1203,3,5,7,1942,0,0,0,L,0,25TL24,VERNON AV,WESTERN AV,150,W,N,A,-,N,NA,NA,NA,NA,NA,NA,NA,NA,NA,N,4,0,1,2,A,-,03,22350,NA,N,C,C,A,A,H,-,A,A,0,NA,NA,NA,NA,Y,NA,A,01,0,0,1,0,0,0,0,0,0,-,-,NA,NA,LOS ANGELES,LOS ANGELES,-118.30942535400392,34.003719329833984
8730247,2018,2018-12-06,1942,2018-10-26,1625,43074,1409,5,5,7,1942,0,0,0,N,0,14A28,VENICE BL,WATSEKA AV,0,NA,Y,A,-,N,NA,NA,NA,NA,NA,NA,NA,NA,NA,Y,4,0,1,2,A,-,09,21801,A,N,D,C,A,A,H,-,A,A,0,NA,NA,Y,NA,Y,NA,-,-,0,0,1,0,0,0,0,0,1,-,-,NA,NA,LOS ANGELES,LOS ANGELES,-118.39697265625,34.02449035644531
8730248,2018,2018-11-27,1942,2018-10-06,1910,42707,0557,6,5,7,1942,0,0,0,E,0,5A85,1ST ST,CABRILLO ST,0,NA,Y,A,-,N,NA,NA,NA,NA,NA,NA,NA,NA,NA,Y,4,0,1,2,A,-,08,22107,NA,N,D,C,A,A,H,-,A,A,0,NA,NA,NA,NA,Y,NA,A,01,0,0,1,0,0,0,0,0,0,-,-,NA,NA,LOS ANGELES,LOS ANGELES,-118.29454040527344,33.74333190917969
8730250,2018,2018-11-27,1942,2018-11-08,2300,35393,1257,4,5,7,1942,0,0,0,L,0,12A57,S GRAND AV,W 76TH ST,0,NA,Y,A,-,N,NA,NA,NA,NA,NA,NA,NA,NA,NA,N,3,0,1,2,A,-,09,21802,A,N,H,G,A,A,H,-,C,D,0,NA,Y,NA,NA,Y,NA,A,01,0,1,0,0,0,0,1,0,0,-,-,NA,NA,LOS ANGELES,LOS ANGELES,-118.2802734375,33.97079086303711
8730251,2018,2018-11-27,1942,2018-10-27,2240,37357,2013,6,5,7,1942,0,0,0,NA,0,20A34,OXFORD,BEVERLY,0,NA,Y,A,-,N,NA,NA,NA,NA,NA,NA,NA,NA,NA,N,4,0,1,2,A,-,09,21804,A,N,D,G,A,A,H,-,C,A,0,NA,Y,NA,NA,Y,NA,L,04,0,0,1,0,0,0,1,0,0,-,-,NA,NA,LOS ANGELES,LOS ANGELES,-118.30793762207033,34.07625961303711
8730252,2018,2018-11-27,1942,2018-10-19,2110,39539,0158,5,5,7,1942,0,0,0,A,0,1FB22,CENTRAL ST,7TH ST,80,S,N,B,-,N,NA,NA,NA,NA,NA,NA,NA,NA,NA,N,4,0,1,3,A,-,03,22350,NA,N,C,G,A,A,H,-,C,D,0,NA,Y,NA,NA,Y,NA,A,07,0,0,1,0,0,0,1,0,0,-,-,NA,NA,LOS ANGELES,LOS ANGELES,-118.24131774902344,34.03658676147461
8730254,2018,2018-11-27,1942,2018-11-07,1720,39177,1802,3,5,7,1942,0,0,0,R,0,25T22,W 92ND ST,E BROADWAY,603,E,N,A,-,N,NA,NA,NA,NA,NA,NA,NA,NA,NA,Y,4,0,1,2,A,-,03,22350,NA,N,C,C,A,A,H,-,A,D,0,NA,NA,NA,NA,Y,NA,A,07,0,0,1,0,0,0,0,0,0,-,-,NA,NA,LOS ANGELES,LOS ANGELES,-118.2764892578125,33.95280456542969
8730255,2018,2018-11-27,1942,2018-10-25,1500,43325,LOS A,4,5,7,1942,0,0,0,NA,0,14A13,ROSE AV,3RD AV,10,E,N,A,-,N,NA,NA,NA,NA,NA,NA,NA,NA,NA,N,3,0,1,2,A,-,08,22100,A,N,H,C,A,A,H,-,A,D,0,NA,NA,Y,NA,Y,NA,C,03,0,1,0,0,0,0,0,0,1,-,-,NA,NA,LOS ANGELES,LOS ANGELES,-118.47608947753906,33.997013092041016
8730258,2018,2018-11-27,1942,2018-11-06,0735,38025,1213,2,5,7,1942,0,0,0,L,0,12A3,SLAUSON AV,RUTHELEN ST,120,E,N,A,-,N,NA,NA,NA,NA,NA,NA,NA,NA,NA,N,4,0,2,2,B,-,22,NA,NA,N,D,C,A,A,H,-,A,D,0,NA,NA,NA,NA,Y,NA,A,01,0,0,2,0,0,0,0,0,0,-,-,NA,NA,LOS ANGELES,LOS ANGELES,-118.31221771240234,33.9891242980957
8730259,2018,2018-11-27,1942,2018-10-31,0720,27475,0881,3,5,7,1942,0,0,0,H,0,34M5,BUNDY DR,MISSOURI AV,20,S,N,A,-,N,NA,NA,NA,NA,NA,NA,NA,NA,NA,N,3,0,1,2,A,-,10,21950,A,F,G,B,B,A,H,-,A,A,0,Y,NA,NA,NA,Y,NA,-,99,0,1,0,0,1,0,0,0,0,-,-,NA,NA,LOS ANGELES,LOS ANGELES,-118.45702362060548,34.035221099853516
8730260,2018,2018-11-27,1925,2018-10-25,1240,18890,235,4,5,6,1925,0,0,0,NA,0,004,LOUISE ST,CALIFORNIA AV,0,NA,Y,A,-,N,NA,NA,NA,NA,NA,NA,NA,NA,NA,N,3,0,1,2,A,-,10,21950,A,F,G,B,B,A,H,-,A,A,0,Y,NA,NA,NA,Y,NA,A,01,0,1,0,0,1,0,0,0,0,-,-,NA,NA,LOS ANGELES,GLENDALE,-118.25267028808594,34.14992141723633
8730262,2018,2018-11-27,1942,2018-11-08,1440,36911,0333,4,5,7,1942,0,0,0,C,0,3A31,W 30TH ST,S BUCKINGHAM RD,0,NA,Y,A,-,N,NA,NA,NA,NA,NA,NA,NA,NA,NA,N,2,0,1,2,A,-,05,21650,NA,N,D,G,A,A,H,-,A,A,0,NA,Y,NA,NA,Y,NA,L,04,1,0,0,0,0,0,1,0,0,-,-,NA,NA,LOS ANGELES,LOS ANGELES,-118.34052276611328,34.0275993347168
8730263,2018,2018-11-27,1942,2018-10-10,0717,03566,1496,3,5,7,1942,0,0,0,N,0,5M22,AVION DR,CENTURY BL,75,S,N,A,-,N,NA,NA,NA,NA,NA,NA,NA,NA,NA,N,4,0,1,2,A,-,21,22106,NA,N,D,G,A,A,H,-,A,A,0,NA,Y,NA,NA,Y,NA,A,07,0,0,1,0,0,0,1,0,0,-,-,NA,NA,LOS ANGELES,LOS ANGELES,-118.39013671875,33.94537353515625
8730264,2018,2018-11-27,1942,2018-10-29,1910,43311,1821,1,5,7,1942,0,0,0,R,0,18A34,113TH ST,COMPTON AV,0,NA,Y,A,-,N,NA,NA,NA,NA,NA,NA,NA,NA,NA,N,4,0,2,3,A,-,10,21950,A,F,G,B,C,A,H,-,C,D,0,Y,NA,NA,NA,Y,Y,-,99,0,0,2,0,2,0,0,0,0,-,-,NA,NA,LOS ANGELES,LOS ANGELES,-118.24630737304688,33.93204879760742
8730266,2018,2018-11-27,1942,2018-11-05,1255,41747,1259,1,5,7,1942,0,0,0,L,0,12A69,E 74TH ST,S SAN PEDRO ST,0,NA,Y,A,-,N,NA,NA,NA,NA,NA,NA,NA,NA,NA,Y,4,0,2,2,A,-,12,22450,A,F,D,C,A,A,H,-,A,A,0,NA,NA,NA,NA,Y,NA,-,99,0,0,2,0,0,0,0,0,0,-,-,NA,NA,LOS ANGELES,LOS ANGELES,-118.26956939697266,33.972991943359375
8730267,2018,2018-12-06,1942,2018-10-05,1805,39517,2044,5,5,7,1942,0,0,0,NA,0,20A44,BEVERLY BL,JUANITA,0,NA,Y,A,-,N,NA,NA,NA,NA,NA,NA,NA,NA,NA,N,3,0,3,2,A,-,09,21801,A,N,D,C,A,A,H,-,B,D,0,NA,NA,Y,NA,Y,NA,A,07,0,2,1,0,0,0,0,0,1,-,-,NA,NA,LOS ANGELES,LOS ANGELES,-118.29052734375,34.07630920410156
8730268,2018,2018-12-06,1942,2018-10-28,1700,37952,0111,7,5,7,1942,0,0,0,A,0,1A1,ARCADIA ST,NORTH SPRING ST,0,NA,Y,A,-,N,NA,NA,NA,NA,NA,NA,NA,NA,NA,Y,4,0,1,2,A,-,12,21453,A,N,D,C,A,A,H,-,A,A,0,NA,NA,NA,NA,Y,NA,-,-,0,0,1,0,0,0,0,0,0,-,-,NA,NA,LOS ANGELES,LOS ANGELES,-118.24114990234376,34.056480407714844
8730270,2018,2018-11-27,1942,2018-11-05,2245,37886,1253,1,5,7,1942,0,0,0,L,0,12G41,WESTERN AV,FLORENCE,0,NA,Y,A,-,N,NA,NA,NA,NA,NA,NA,NA,NA,NA,Y,4,0,3,2,A,-,03,22350,NA,N,C,C,A,A,H,-,C,A,0,NA,NA,NA,NA,Y,NA,A,01,0,0,3,0,0,0,0,0,0,-,-,NA,NA,LOS ANGELES,LOS ANGELES,-118.30898284912108,33.974571228027344
8730271,2018,2018-12-06,1942,2018-10-05,1830,40947,2021,5,5,7,1942,0,0,0,NA,0,20A53,5TH ST,WESTMINSTER AV,20,E,N,A,-,N,NA,NA,NA,NA,NA,NA,NA,NA,NA,N,4,0,1,2,C,-,18,NA,NA,N,C,C,A,A,H,-,B,D,0,NA,NA,Y,NA,Y,NA,-,-,0,0,1,0,0,0,0,0,1,-,-,NA,NA,LOS ANGELES,LOS ANGELES,-118.316162109375,34.065311431884766
8730272,2018,2018-11-27,1942,2018-10-22,1135,33485,0185,1,5,7,1942,0,0,0,A,0,4A3,LOS ANGELES ST,11TH ST,300,S,N,A,-,N,NA,NA,NA,NA,NA,NA,NA,NA,NA,N,2,0,1,2,A,-,11,21955,NA,N,G,B,D,A,H,-,A,D,0,Y,NA,NA,NA,Y,NA,N,60,1,0,0,0,1,0,0,0,0,-,-,NA,NA,LOS ANGELES,LOS ANGELES,-118.257697,34.037729
8730274,2018,2018-11-27,1942,2018-11-05,2240,41169,1253,1,5,7,1942,0,0,0,L,0,12G41,FLORENCE AV,WESTERN AV,100,E,N,A,-,N,NA,NA,NA,NA,NA,NA,NA,NA,NA,Y,4,0,1,2,A,-,07,21658,A,F,B,C,A,A,H,-,C,A,0,NA,NA,NA,NA,Y,NA,A,07,0,0,1,0,0,0,0,0,0,-,-,NA,NA,LOS ANGELES,LOS ANGELES,-118.30864715576172,33.974571228027344
8730275,2018,2018-11-27,1942,2018-10-05,1630,43418,2046,5,5,7,1942,0,0,0,NA,0,20A1,SAN MARINO ST,CATALINA ST,0,NA,Y,A,-,N,NA,NA,NA,NA,NA,NA,NA,NA,NA,N,4,0,1,2,A,-,10,21950,A,N,G,B,B,A,H,-,A,D,0,Y,NA,NA,NA,Y,NA,A,01,0,0,1,0,1,0,0,0,0,-,-,NA,NA,LOS ANGELES,LOS ANGELES,-118.29537200927734,34.054508209228516
8730278,2018,2018-11-27,1942,2018-11-03,1600,42594,0397,6,5,7,1942,0,0,0,C,0,3A74,HALLDALE AV,42ND PL,0,NA,Y,A,-,N,NA,NA,NA,NA,NA,NA,NA,NA,NA,N,3,0,1,2,A,-,12,22450,A,N,D,C,A,A,H,-,A,A,0,NA,NA,NA,NA,Y,NA,A,01,0,1,0,0,0,0,0,0,0,-,-,NA,NA,LOS ANGELES,LOS ANGELES,-118.30236053466795,34.00606155395508
8730279,2018,2018-11-27,1942,2018-10-26,0020,42869,2033,5,5,7,1942,0,0,0,NA,0,20A1,WESTERN AV,9TH ST,150,N,N,A,-,N,NA,NA,NA,NA,NA,NA,NA,NA,NA,N,4,0,1,2,A,-,05,21650,NA,N,D,G,A,A,H,-,C,D,0,NA,Y,NA,NA,Y,NA,L,04,0,0,1,0,0,0,1,0,0,-,-,NA,NA,LOS ANGELES,LOS ANGELES,-118.30907500000001,34.056259
8730280,2018,2018-11-29,1942,2018-10-06,1600,43331,0513,6,5,7,1942,0,0,0,E,0,5A15,VERMONT AV,NORMANDIE AV,0,NA,Y,A,-,N,NA,NA,NA,NA,NA,NA,NA,NA,NA,N,4,0,2,2,A,-,08,22102,NA,N,D,C,A,A,H,-,A,D,0,NA,NA,NA,NA,Y,NA,A,01,0,0,2,0,0,0,0,0,0,-,-,NA,NA,LOS ANGELES,LOS ANGELES,-118.29750061035156,33.7847785949707
8730282,2018,2018-11-30,1942,2018-11-02,0840,43157,0513,5,5,7,1942,0,0,0,E,0,5A1,NORMANDIE AV,PCH,8,S,N,A,-,N,NA,NA,NA,NA,NA,NA,NA,NA,NA,NA,4,0,1,2,A,-,08,22107,NA,N,D,C,A,A,H,-,A,A,0,NA,NA,NA,NA,Y,NA,A,01,0,0,1,0,0,0,0,0,0,-,-,NA,NA,LOS ANGELES,LOS ANGELES,-118.29752349853516,33.78989791870117
8730283,2018,2018-11-27,1942,2018-10-06,0250,43222,2058,6,5,7,1942,0,0,0,NA,0,20A33,OLYMPIC,VERMONT,6,W,N,A,-,N,NA,NA,NA,NA,NA,NA,NA,NA,NA,N,4,0,1,2,A,-,12,21453,A,N,D,G,A,A,H,-,C,A,0,NA,Y,NA,NA,Y,NA,L,04,0,0,1,0,0,0,1,0,0,-,-,NA,NA,LOS ANGELES,LOS ANGELES,-118.29164123535156,34.052555084228516
8730286,2018,2018-11-27,1942,2018-11-11,1310,43010,1802,7,5,7,1942,0,0,0,R,0,18A63,MAIN ST,MANCHESTER,0,NA,Y,A,-,N,NA,NA,NA,NA,NA,NA,NA,NA,NA,N,4,0,1,2,A,-,09,21801,A,F,D,G,A,A,H,-,A,A,0,NA,Y,NA,NA,Y,NA,-,99,0,0,1,0,0,0,1,0,0,-,-,NA,NA,LOS ANGELES,LOS ANGELES,-118.2738800048828,33.96009063720703
8730287,2018,2018-11-27,1942,2018-10-26,1015,43309,2053,5,5,7,1942,0,0,0,NA,0,20A45,KINGSLEY DR,OLYMPIC BL,0,NA,Y,A,-,N,NA,NA,NA,NA,NA,NA,NA,NA,NA,Y,3,0,1,2,A,-,09,21802,A,N,D,C,A,A,H,-,A,D,0,NA,NA,NA,NA,Y,NA,A,01,0,1,0,0,0,0,0,0,0,-,-,NA,NA,LOS ANGELES,LOS ANGELES,-118.30314636230467,34.05263137817383
8730288,2018,2018-11-27,1942,2018-10-05,0755,35890,0557,5,5,7,1942,0,0,0,E,0,5A59,6TH ST,GAFFEY ST,0,NA,Y,A,-,N,NA,NA,NA,NA,NA,NA,NA,NA,NA,N,3,0,1,2,A,-,05,21650,A,N,H,G,A,A,H,-,A,D,0,NA,Y,NA,NA,Y,NA,L,04,0,1,0,0,0,0,1,0,0,-,-,NA,NA,LOS ANGELES,LOS ANGELES,-118.29235076904295,33.73876953125
8730290,2018,2018-11-27,1942,2018-11-01,1530,36460,0121,4,5,7,1942,0,0,0,A,0,1A1,W TEMPLE ST,NORTH FIGUEROA ST,0,NA,Y,A,-,N,NA,NA,NA,NA,NA,NA,NA,NA,NA,N,4,0,1,2,A,-,09,21801,A,N,D,C,A,A,H,-,A,A,0,NA,NA,NA,NA,Y,NA,A,01,0,0,1,0,0,0,0,0,0,-,-,NA,NA,LOS ANGELES,LOS ANGELES,-118.24845123291016,34.05984115600586
8730291,2018,2018-11-27,1942,2018-10-06,2135,40957,2039,6,5,7,1942,0,0,0,NA,0,20A53,WILSHIRE BL,WESTMORELAND AV,34,E,N,A,-,N,NA,NA,NA,NA,NA,NA,NA,NA,NA,N,3,0,1,2,A,-,03,22350,NA,N,C,E,A,A,H,-,C,A,0,NA,NA,NA,NA,Y,NA,A,07,0,1,0,0,0,0,0,0,0,-,-,NA,NA,LOS ANGELES,LOS ANGELES,-118.28897094726564,34.06184005737305