CASE_ID,ACCIDENT_YEAR,PROC_DATE,JURIS,COLLISION_DATE,COLLISION_TIME,OFFICER_ID,REPORTING_DISTRICT,DAY_OF_WEEK,CHP_SHIFT,POPULATION,CNTY_CITY_LOC,SPECIAL_COND,BEAT_TYPE,CHP_BEAT_TYPE,CITY_DIVISION_LAPD,CHP_BEAT_CLASS,BEAT_NUMBER,PRIMARY_RD,SECONDARY_RD,DISTANCE,DIRECTION,INTERSECTION,WEATHER_1,WEATHER_2,STATE_HWY_IND,CALTRANS_COUNTY,CALTRANS_DISTRICT,STATE_ROUTE,ROUTE_SUFFIX,POSTMILE_PREFIX,POSTMILE,LOCATION_TYPE,RAMP_INTERSECTION,SIDE_OF_HWY,TOW_AWAY,COLLISION_SEVERITY,NUMBER_KILLED,NUMBER_INJURED,PARTY_COUNT,PRIMARY_COLL_FACTOR,PCF_CODE_OF_VIOL,PCF_VIOL_CATEGORY,PCF_VIOLATION,PCF_VIOL_SUBSECTION,HIT_AND_RUN,TYPE_OF_COLLISION,MVIW,PED_ACTION,ROAD_SURFACE,ROAD_COND_1,ROAD_COND_2,LIGHTING,CONTROL_DEVICE,CHP_ROAD_TYPE,PEDESTRIAN_ACCIDENT,BICYCLE_ACCIDENT,MOTORCYCLE_ACCIDENT,TRUCK_ACCIDENT,NOT_PRIVATE_PROPERTY,ALCOHOL_INVOLVED,STWD_VEHTYPE_AT_FAULT,CHP_VEHTYPE_AT_FAULT,COUNT_SEVERE_INJ,COUNT_VISIBLE_INJ,COUNT_COMPLAINT_PAIN,COUNT_PED_KILLED,COUNT_PED_INJURED,COUNT_BICYCLIST_KILLED,COUNT_BICYCLIST_INJURED,COUNT_MC_KILLED,COUNT_MC_INJURED,PRIMARY_RAMP,SECONDARY_RAMP,LATITUDE,LONGITUDE,COUNTY,CITY,POINT_X,POINT_Y
8730292,2018,2018-11-27,1942,2018-10-08,1800,36286,2034,1,5,7,1942,0,0,0,NA,0,20A16,IROLO ST,8TH ST,330,N,N,A,-,N,NA,NA,NA,NA,NA,NA,NA,NA,NA,N,4,0,1,3,A,-,04,21703,NA,N,C,C,A,A,H,-,A,D,0,NA,NA,NA,NA,Y,NA,A,07,0,0,1,0,0,0,0,0,0,-,-,NA,NA,LOS ANGELES,LOS ANGELES,-118.3009033203125,34.05863571166992
8730294,2018,2018-11-27,1942,2018-11-08,0440,42293,0562,4,5,7,1942,0,0,0,E,0,TCAR,ANAHEIM ST,WILMINGTON BL,0,NA,Y,A,-,N,NA,NA,NA,NA,NA,NA,NA,NA,NA,N,3,0,1,2,A,-,10,21950,A,F,G,B,B,A,H,-,D,A,0,Y,NA,NA,NA,Y,NA,-,99,0,1,0,0,1,0,0,0,0,-,-,NA,NA,LOS ANGELES,LOS ANGELES,-118.274169921875,33.77933120727539
8730295,2018,2018-11-27,1942,2018-10-07,1545,42686,2023,7,5,7,1942,0,0,0,NA,0,20A39,3RD ST,ARDMORE AV,0,NA,Y,A,-,N,NA,NA,NA,NA,NA,NA,NA,NA,NA,N,4,0,1,2,A,-,09,21801,A,N,D,G,A,A,H,-,A,D,0,NA,Y,NA,NA,Y,NA,A,07,0,0,1,0,0,0,1,0,0,-,-,NA,NA,LOS ANGELES,LOS ANGELES,-118.30164337158205,34.06901168823242
8730296,2018,2018-11-27,1942,2018-10-24,1205,31465,2074,3,5,7,1942,0,0,0,NA,0,20A71,NORMANDIE AV,11TH ST,100,S,N,A,-,N,NA,NA,NA,NA,NA,NA,NA,NA,NA,N,4,0,1,2,A,-,04,21703,NA,N,C,C,A,A,H,-,A,D,0,NA,NA,NA,NA,Y,NA,A,01,0,0,1,0,0,0,0,0,0,-,-,NA,NA,LOS ANGELES,LOS ANGELES,-118.29998779296876,34.050594329833984
8730298,2018,2018-11-27,1942,2018-11-01,2135,38233,0159,4,5,7,1942,0,0,0,A,0,1A29,S SANTA FE AV,EAST 6TH ST,0,NA,Y,A,-,N,NA,NA,NA,NA,NA,NA,NA,NA,NA,Y,4,0,1,2,A,-,09,21802,B,N,D,C,A,A,H,-,C,A,0,NA,NA,NA,NA,Y,NA,A,01,0,0,1,0,0,0,0,0,0,-,-,NA,NA,LOS ANGELES,LOS ANGELES,-118.23053741455078,34.03852844238281
8730299,2018,2018-11-27,1942,2018-10-16,0850,43269,0737,2,5,7,1942,0,0,0,G,0,7A21,6TH ST,ORANGE DR,0,NA,Y,A,-,N,NA,NA,NA,NA,NA,NA,NA,NA,NA,N,4,0,2,2,A,-,09,21802,A,N,D,C,A,A,H,-,A,D,0,NA,NA,NA,NA,Y,NA,A,01,0,0,2,0,0,0,0,0,0,-,-,NA,NA,LOS ANGELES,LOS ANGELES,-118.34187316894533,34.064918518066406
8730300,2018,2018-11-27,1942,2018-10-21,1355,38007,2027,7,5,7,1942,0,0,0,NA,0,20A45,WILSHIRE BL,S NEW HAMPSHIRE AV,0,NA,Y,A,-,N,NA,NA,NA,NA,NA,NA,NA,NA,NA,Y,4,0,3,2,A,-,17,21451,A,N,D,C,A,A,H,-,A,D,0,NA,NA,NA,NA,Y,NA,A,01,0,0,3,0,0,0,0,0,0,-,-,NA,NA,LOS ANGELES,LOS ANGELES,-118.29290008544922,34.061790466308594
8730302,2018,2018-11-27,1942,2018-11-07,1325,39177,0319,3,5,7,1942,0,0,0,C,0,25T22,W ADAMS BL,S FLOWER ST,0,NA,Y,A,-,N,NA,NA,NA,NA,NA,NA,NA,NA,NA,Y,4,0,1,2,A,-,12,21453,A,N,H,F,A,A,H,-,A,A,0,NA,NA,NA,NA,Y,NA,A,01,0,0,1,0,0,0,0,0,0,-,-,NA,NA,LOS ANGELES,LOS ANGELES,-118.27491760253906,34.02764129638672
8730303,2018,2018-11-27,1942,2018-10-30,1100,43348,NA,2,5,7,1942,0,0,0,NA,0,7A17,MELROSE AV,FORMOSA AV,50,W,N,A,-,N,NA,NA,NA,NA,NA,NA,NA,NA,NA,Y,4,0,1,3,A,-,21,22106,NA,N,D,C,A,A,H,-,A,A,0,NA,NA,NA,NA,Y,NA,A,01,0,0,1,0,0,0,0,0,0,-,-,NA,NA,LOS ANGELES,LOS ANGELES,-118.3464126586914,34.08350372314453
8730304,2018,2018-11-27,1942,2018-10-04,0920,43461,2071,4,5,7,1942,0,0,0,NA,0,20A97,WESTERN AV,VENICE BL,15,N,N,A,-,N,NA,NA,NA,NA,NA,NA,NA,NA,NA,N,4,0,2,4,A,-,03,22350,NA,N,C,C,A,A,H,-,A,A,0,NA,NA,NA,NA,Y,NA,A,01,0,0,2,0,0,0,0,0,0,-,-,NA,NA,LOS ANGELES,LOS ANGELES,-118.30902862548828,34.043609619140625
8730306,2018,2018-11-27,1942,2018-11-01,1920,39280,332,4,5,7,1942,0,0,0,NA,0,3A92,ADAMS BL,WEST BL,0,NA,Y,A,-,N,NA,NA,NA,NA,NA,NA,NA,NA,NA,N,4,0,1,2,A,-,10,21950,A,N,G,B,B,A,H,-,C,A,0,Y,NA,NA,NA,Y,NA,A,01,0,0,1,0,1,0,0,0,0,-,-,NA,NA,LOS ANGELES,LOS ANGELES,-118.34165954589844,34.03255844116211
8730307,2018,2018-11-27,1942,2018-10-29,0100,39609,2013,1,5,7,1942,0,0,0,NA,0,20A1,WESTERN,BEVERLY,200,S,N,A,-,N,NA,NA,NA,NA,NA,NA,NA,NA,NA,N,4,0,1,2,A,-,03,22350,NA,N,C,C,A,A,H,-,C,D,0,NA,NA,NA,NA,Y,NA,A,07,0,0,1,0,0,0,0,0,0,-,-,NA,NA,LOS ANGELES,LOS ANGELES,-118.30914306640624,34.07571029663086
8730308,2018,2018-11-27,1942,2018-10-20,1100,41179,0817,6,5,7,1942,0,0,0,H,0,8A29,WILSHIRE BL,WESTWOOD BL,8,W,N,A,-,N,NA,NA,NA,NA,NA,NA,NA,NA,NA,N,4,0,1,2,A,-,05,21650,NA,F,D,C,A,A,H,-,A,A,0,NA,NA,Y,NA,Y,NA,C,03,0,0,1,0,0,0,0,0,1,-,-,NA,NA,LOS ANGELES,LOS ANGELES,-118.44394683837892,34.058773040771484
8730310,2018,2018-11-27,1942,2018-11-04,1200,42319,0356,7,5,7,1942,0,0,0,C,0,3A1,WESTERN AV,35TH ST,0,NA,Y,A,-,N,NA,NA,NA,NA,NA,NA,NA,NA,NA,N,4,0,1,2,A,-,04,21703,NA,N,C,C,A,A,H,-,A,D,0,NA,NA,NA,NA,Y,NA,A,01,0,0,1,0,0,0,0,0,0,-,-,NA,NA,LOS ANGELES,LOS ANGELES,-118.3089,34.02463
8730311,2018,2018-11-27,1942,2018-10-05,0300,42718,2038,5,5,7,1942,0,0,0,NA,0,20A45,VERMONT ST,8TH ST,0,NA,Y,A,-,N,NA,NA,NA,NA,NA,NA,NA,NA,NA,Y,3,0,4,2,A,-,12,21453,A,N,D,C,A,A,H,-,C,A,0,NA,NA,NA,NA,Y,NA,A,08,0,1,3,0,0,0,0,0,0,-,-,NA,NA,LOS ANGELES,LOS ANGELES,-118.29164886474608,34.05775833129883
8730312,2018,2018-11-27,1942,2018-10-24,1950,43405,2058,3,5,7,1942,0,0,0,NA,0,20A71,S WESTMORELAND AV,SAN MARINO ST,80,S,N,A,-,N,NA,NA,NA,NA,NA,NA,NA,NA,NA,N,4,0,1,2,A,-,11,21954,A,F,G,B,E,A,H,-,C,D,0,Y,NA,NA,NA,Y,NA,N,60,0,0,1,0,1,0,0,0,0,-,-,NA,NA,LOS ANGELES,LOS ANGELES,-118.28907775878906,34.054779052734375
8730314,2018,2018-11-27,1942,2018-11-02,1905,40874,0379,5,5,7,1942,0,0,0,C,0,3A57,VERMONT AV,39TH PL,100,S,N,A,-,N,NA,NA,NA,NA,NA,NA,NA,NA,NA,N,4,0,1,2,A,-,04,21703,NA,N,C,C,A,A,H,-,B,D,0,NA,NA,NA,NA,Y,NA,A,01,0,0,1,0,0,0,0,0,0,-,-,NA,NA,LOS ANGELES,LOS ANGELES,-118.29154205322266,34.01387405395508
8730315,2018,2018-11-27,1942,2018-10-07,0050,43128,2021,7,5,7,1942,0,0,0,NA,0,20A1,3RD ST,WILTON PL,105,W,N,A,-,N,NA,NA,NA,NA,NA,NA,NA,NA,NA,N,4,0,2,2,A,-,03,22350,NA,N,C,C,A,A,H,-,C,A,0,NA,NA,NA,NA,Y,NA,A,01,0,0,2,0,0,0,0,0,0,-,-,NA,NA,LOS ANGELES,LOS ANGELES,-118.31446838378906,34.068965911865234
8730316,2018,2018-11-27,1942,2018-10-18,0755,37416,2083,4,5,7,1942,0,0,0,NA,0,20A71,W 14TH ST,S WESTERN AV,0,NA,Y,A,-,N,NA,NA,NA,NA,NA,NA,NA,NA,NA,N,4,0,1,2,A,-,10,21950,A,N,G,B,B,A,H,-,A,A,0,Y,NA,NA,NA,Y,NA,A,01,0,0,1,0,1,0,0,0,0,-,-,NA,NA,LOS ANGELES,LOS ANGELES,-118.3090362548828,34.04629898071289
8730318,2018,2018-11-27,1942,2018-11-02,0640,38025,0393,5,5,7,1942,0,0,0,C,0,3A73,DEGNAN BL,MARTIN LUTHER KING BL,12,S,N,A,-,N,NA,NA,NA,NA,NA,NA,NA,NA,NA,N,3,0,1,2,A,-,09,21801,B,N,D,G,A,A,H,-,C,A,0,NA,Y,NA,NA,Y,NA,L,04,0,1,0,0,0,0,1,0,0,-,-,NA,NA,LOS ANGELES,LOS ANGELES,-118.33141326904295,34.0108757019043
8730319,2018,2018-11-27,1942,2018-10-03,1635,42560,2015,3,5,7,1942,0,0,0,NA,0,20A1,VERMONT,BEVERLY BL,0,NA,Y,A,-,N,NA,NA,NA,NA,NA,NA,NA,NA,NA,NA,3,0,3,2,A,-,09,21801,A,N,A,C,A,A,H,-,A,A,0,NA,NA,NA,NA,Y,NA,A,01,0,2,1,0,0,0,0,0,0,-,-,NA,NA,LOS ANGELES,LOS ANGELES,-118.29168701171876,34.07632064819336
8730320,2018,2018-11-27,1942,2018-10-23,1440,42656,2071,2,5,7,1942,0,0,0,NA,0,20A71,S WESTERN AV,VENICE BL,275,N,N,A,-,N,NA,NA,NA,NA,NA,NA,NA,NA,NA,N,4,0,4,2,A,-,09,21804,A,N,D,-,A,A,H,-,A,D,0,NA,NA,NA,NA,Y,NA,A,01,0,0,4,0,0,0,0,0,0,-,-,NA,NA,LOS ANGELES,LOS ANGELES,-118.3090362548828,34.0443229675293
8730421,2018,2018-11-28,1900,2018-10-22,1140,272611,0455,1,5,6,1949,0,0,0,NA,0,43T1,ALONDA BL,STUDEBAKER RD,340,W,N,A,-,N,NA,NA,NA,NA,NA,NA,NA,NA,NA,N,4,0,2,2,A,-,12,21453,A,N,D,C,A,A,H,-,A,A,0,NA,NA,NA,NA,Y,NA,A,01,0,0,2,0,0,0,0,0,0,-,-,NA,NA,LOS ANGELES,NORWALK,-118.1010971069336,33.88759994506836
8730425,2018,2018-11-28,1900,2018-10-17,1530,489533,0455,3,5,6,1949,0,0,0,NA,0,45T1,ALONDRA BL,LEIBACHER AV,161,E,N,A,-,N,NA,NA,NA,NA,NA,NA,NA,NA,NA,Y,4,0,2,4,A,-,03,22350,NA,N,C,C,A,A,H,-,A,D,0,NA,NA,NA,NA,Y,NA,D,22,0,0,2,0,0,0,0,0,0,-,-,NA,NA,LOS ANGELES,NORWALK,-118.10208129882813,33.88768005371094
8730446,2018,2019-01-07,1942,2018-05-03,0900,43070,0518,4,5,7,1942,0,0,0,E,0,5A59,PACIFIC COAST HWY,EUBANK AV,0,NA,Y,A,-,N,NA,NA,NA,NA,NA,NA,NA,NA,NA,Y,2,0,1,2,A,-,09,21801,A,N,D,C,A,A,H,-,A,A,0,NA,NA,Y,Y,Y,NA,G,25,1,0,0,0,0,0,0,0,1,-,-,NA,NA,LOS ANGELES,LOS ANGELES,-118.25626373291016,33.79159164428711
8730450,2018,2018-11-14,1942,2018-10-13,2115,41870,0564,6,5,7,1942,0,0,0,E,0,5A59,S PACIFIC AV,W 6TH ST,0,NA,Y,A,-,N,NA,NA,NA,NA,NA,NA,NA,NA,NA,Y,4,0,2,2,A,-,12,21453,A,N,D,C,A,A,H,-,C,A,0,NA,NA,NA,NA,Y,NA,D,22,0,0,2,0,0,0,0,0,0,-,-,NA,NA,LOS ANGELES,LOS ANGELES,-118.28791046142578,33.73876953125
8730514,2018,2018-11-05,1922,2018-01-23,1713,668,NA,2,5,6,1922,0,0,0,NA,0,003,KLINGERMAN ST,HABER AV,50,W,N,A,-,N,NA,NA,NA,NA,NA,NA,NA,NA,NA,N,4,0,1,2,A,-,11,21956,NA,F,G,B,D,A,H,-,A,D,0,Y,NA,NA,NA,Y,NA,N,60,0,0,1,0,1,0,0,0,0,-,-,34.05638885498047,-118.03449249267578,LOS ANGELES,EL MONTE,-118.0329818725586,34.05601119995117
8730516,2018,2018-11-06,1948,2018-10-10,2058,383,NA,3,5,5,1948,0,0,0,NA,0,001,ATLANTIC BL,POMONA BL,500,N,N,A,-,N,NA,NA,NA,NA,NA,NA,NA,NA,NA,NA,4,0,1,2,A,-,12,21453,A,N,-,C,A,A,H,-,-,A,0,NA,NA,NA,NA,Y,NA,A,07,0,0,1,0,0,0,0,0,0,-,-,NA,NA,LOS ANGELES,MONTEREY PARK,-118.15154266357422,34.034297943115234
8730518,2018,2018-11-05,1922,2018-01-11,1505,687,3,4,5,6,1922,0,0,0,NA,0,NA,TYLER AV,MILDRED ST,0,NA,Y,A,-,N,NA,NA,NA,NA,NA,NA,NA,NA,NA,N,4,0,1,2,A,-,12,22450,A,N,G,B,B,A,H,-,A,A,0,Y,NA,NA,NA,Y,NA,A,01,0,0,1,0,1,0,0,0,0,-,-,34.067081451416016,-118.03559112548828,LOS ANGELES,EL MONTE,-118.03598022460938,34.06644821166992
8730524,2018,2018-11-06,1948,2018-10-04,1628,374,1948,4,5,5,1948,0,0,0,NA,0,002,NORTH ATLANTIC BL,W EMERSON AV,0,NA,Y,B,-,N,NA,NA,NA,NA,NA,NA,NA,NA,NA,N,3,0,1,2,A,-,10,21950,A,N,G,B,B,A,H,-,A,A,0,Y,NA,NA,NA,Y,NA,A,01,0,1,0,0,1,0,0,0,0,-,-,NA,NA,LOS ANGELES,MONTEREY PARK,-118.13433074951172,34.06610870361328
8730528,2018,2018-11-06,1948,2018-10-11,1343,374,1948,4,5,5,1948,0,0,0,NA,0,003,W POMONA BL,GERHART AV,0,NA,Y,A,-,N,NA,NA,NA,NA,NA,NA,NA,NA,NA,Y,4,0,1,2,A,-,12,21453,A,N,D,C,A,A,H,-,A,A,0,NA,NA,NA,NA,Y,NA,A,01,0,0,1,0,0,0,0,0,0,-,-,NA,NA,LOS ANGELES,MONTEREY PARK,-118.14417266845705,34.033470153808594
8730536,2018,2018-11-06,1902,2018-10-18,0831,756,33,4,5,5,1902,0,0,0,NA,0,005,LAS TUNAS DR,WELLAND AV,276,W,N,A,-,N,NA,NA,NA,NA,NA,NA,NA,NA,NA,Y,3,0,1,3,A,-,03,22350,NA,N,C,C,A,A,H,-,A,D,0,NA,NA,NA,NA,Y,NA,A,07,0,1,0,0,0,0,0,0,0,-,-,NA,NA,LOS ANGELES,ARCADIA,-118.033787,34.107656
8730538,2018,2018-11-05,1922,2018-01-18,1728,551,NA,4,5,6,1922,0,0,0,NA,0,NA,VALLEY RD,GIBSON,150,E,N,A,-,N,NA,NA,NA,NA,NA,NA,NA,NA,NA,N,4,0,1,2,A,-,04,21703,NA,M,C,C,A,A,H,-,C,D,0,NA,NA,NA,NA,Y,Y,A,01,0,0,1,0,0,0,0,0,0,-,-,34.07884979248047,-118.05191802978516,LOS ANGELES,EL MONTE,-118.0502700805664,34.07797622680664
8730566,2018,2018-11-28,1900,2018-10-05,1345,550490,1127,5,5,6,1992,0,0,0,NA,0,111T2,20TH ST WEST,AVE J,0,NA,Y,A,-,N,NA,NA,NA,NA,NA,NA,NA,NA,NA,Y,3,0,2,2,A,-,12,21453,A,N,D,D,A,A,H,-,A,A,0,NA,NA,NA,NA,Y,NA,A,01,0,2,0,0,0,0,0,0,0,-,-,NA,NA,LOS ANGELES,LANCASTER,-118.16565704345705,34.68941879272461
8730570,2018,2018-11-20,1900,2018-10-09,1222,550490,1126,2,5,6,1992,0,0,0,NA,0,111T2,15TH ST WEST,AVE K-11,131,S,N,A,-,N,NA,NA,NA,NA,NA,NA,NA,NA,NA,Y,3,0,2,2,A,-,09,21804,A,N,D,C,A,A,H,-,A,A,0,NA,NA,NA,NA,Y,NA,A,01,0,1,1,0,0,0,0,0,0,-,-,NA,NA,LOS ANGELES,LANCASTER,-118.15676879882813,34.664451599121094
8730574,2018,2018-11-20,1900,2018-10-11,1434,510509,1126,4,5,6,1992,0,0,0,NA,0,112T4,AVE J,20TH ST WEST,113,E,N,A,-,N,NA,NA,NA,NA,NA,NA,NA,NA,NA,N,4,0,1,2,A,-,03,22350,NA,N,C,C,A,A,H,-,A,D,0,NA,NA,Y,NA,Y,NA,A,07,0,0,1,0,0,0,0,0,1,-,-,NA,NA,LOS ANGELES,LANCASTER,-118.165283203125,34.68941879272461
8730578,2018,2018-11-02,1900,2018-10-02,0855,602401,1126,2,5,6,1992,0,0,0,NA,0,111T1,20TH ST WEST,AVE L-12,204,S,N,A,-,N,NA,NA,NA,NA,NA,NA,NA,NA,NA,Y,4,0,1,2,A,-,03,22350,NA,N,C,C,A,A,H,-,A,D,0,NA,NA,NA,NA,Y,NA,A,08,0,0,1,0,0,0,0,0,0,-,-,NA,NA,LOS ANGELES,LANCASTER,-118.16558837890624,34.648841857910156
8730582,2018,2018-11-02,1900,2018-10-03,1349,602401,1123,3,5,6,1992,0,0,0,NA,0,111T1,AVE J-10,ELM AV,324,E,N,A,-,N,NA,NA,NA,NA,NA,NA,NA,NA,NA,Y,3,0,1,2,A,-,08,22107,NA,N,C,E,A,A,H,-,A,D,0,NA,NA,NA,NA,Y,NA,A,01,0,1,0,0,0,0,0,0,0,-,-,NA,NA,LOS ANGELES,LANCASTER,-118.13982391357422,34.68059158325195
8730586,2018,2018-11-05,1900,2018-10-04,1000,602401,1127,4,5,6,1992,0,0,0,NA,0,111T1,AVE J,20TH ST WEST,588,E,N,A,-,N,NA,NA,NA,NA,NA,NA,NA,NA,NA,Y,4,0,1,2,A,-,09,21804,A,N,D,C,A,A,H,-,A,D,0,NA,NA,NA,NA,Y,NA,A,07,0,0,1,0,0,0,0,0,0,-,-,NA,NA,LOS ANGELES,LANCASTER,-118.16371154785156,34.68941879272461
8730590,2018,2018-11-08,1900,2018-10-04,1050,602401,1192,4,5,6,1992,0,0,0,NA,0,111T1,22ND ST WEST,AVE L,0,NA,Y,A,-,N,NA,NA,NA,NA,NA,NA,NA,NA,NA,Y,4,0,1,2,A,-,09,21802,A,N,D,C,A,A,H,-,A,A,0,NA,NA,NA,NA,Y,NA,A,01,0,0,1,0,0,0,0,0,0,-,-,NA,NA,LOS ANGELES,LANCASTER,-118.17012786865234,34.66035079956055
8730594,2018,2019-01-17,1900,2018-10-15,1144,540658,1126,1,5,6,1992,0,0,0,NA,0,112T2,20TH ST WEST,RT 14,0,NA,Y,A,-,Y,LA,7,14,-,R,67.349,R,4,N,Y,4,0,2,2,A,-,12,21453,A,N,D,C,A,A,H,-,A,A,0,NA,NA,NA,NA,Y,NA,A,07,0,0,2,0,0,0,0,0,0,-,NF,NA,NA,LOS ANGELES,LANCASTER,-118.16366577148438,34.68154525756836
8730598,2018,2018-11-20,1900,2018-10-08,1220,510509,1124,1,5,6,1992,0,0,0,NA,0,111T1,SIERRA HWY,AVE L,0,NA,N,A,-,N,NA,NA,NA,NA,NA,NA,NA,NA,NA,Y,4,0,1,2,A,-,07,21658,A,M,B,C,A,A,H,-,A,D,0,NA,NA,NA,NA,Y,NA,A,01,0,0,1,0,0,0,0,0,0,-,-,NA,NA,LOS ANGELES,LANCASTER,-118.13057708740234,34.660518646240234
8730602,2018,2018-11-02,1900,2018-10-15,1736,442237,1137,1,5,6,1992,0,0,0,NA,0,111T2,20TH ST EAST,AVE K,8,E,N,A,-,N,NA,NA,NA,NA,NA,NA,NA,NA,NA,Y,4,0,1,2,A,-,03,22350,NA,N,B,C,A,A,H,-,A,B,0,NA,NA,NA,NA,Y,NA,A,01,0,0,1,0,0,0,0,0,0,-,-,NA,NA,LOS ANGELES,LANCASTER,-118.09490966796876,34.675289154052734
8730606,2018,2019-01-10,1900,2018-10-11,1853,620752,1127,4,5,6,1992,0,0,0,NA,0,111T2,20TH ST WEST,RT 14,0,NA,Y,A,-,Y,LA,7,14,-,R,68.154,R,4,S,Y,4,0,2,2,A,-,12,21453,A,N,D,C,A,A,H,-,C,A,0,NA,NA,NA,NA,Y,NA,A,07,0,0,2,0,0,0,0,0,0,-,SF,NA,NA,LOS ANGELES,LANCASTER,-118.17015838623048,34.691612243652344
8730610,2018,2018-11-02,1900,2018-10-12,0714,546182,1136,5,5,6,1992,0,0,0,NA,0,112T2,AVE J,40TH ST EAST,1500,E,N,B,-,N,NA,NA,NA,NA,NA,NA,NA,NA,NA,Y,4,0,1,2,C,-,18,NA,NA,N,B,C,A,A,H,-,A,D,0,NA,NA,NA,NA,Y,NA,-,-,0,0,1,0,0,0,0,0,0,-,-,NA,NA,LOS ANGELES,LANCASTER,-118.05426788330078,34.68994903564453
8730614,2018,2018-11-02,1900,2018-10-13,1526,527065,1192,6,5,6,1992,0,0,0,NA,0,111T1,30TH ST WEST,AVE K,0,NA,Y,A,-,N,NA,NA,NA,NA,NA,NA,NA,NA,NA,Y,3,0,3,3,A,-,03,22350,NA,N,C,C,A,A,H,-,A,A,0,NA,NA,NA,NA,Y,NA,A,01,0,2,1,0,0,0,0,0,0,-,-,NA,NA,LOS ANGELES,LANCASTER,-118.18359375,34.67488098144531
8730618,2018,2018-11-02,1900,2018-10-14,1233,625432,1120,7,5,6,1992,0,0,0,NA,0,111T1,20TH ST WEST,AVE H,0,NA,Y,A,-,N,NA,NA,NA,NA,NA,NA,NA,NA,NA,Y,2,0,2,2,A,-,12,21453,A,N,D,C,A,A,H,-,A,A,0,NA,NA,NA,NA,Y,NA,A,01,1,1,0,0,0,0,0,0,0,-,-,NA,NA,LOS ANGELES,LANCASTER,-118.16619110107422,34.71868896484375
8730621,2018,2018-11-06,1900,2018-10-07,1850,489533,0455,7,5,6,1949,0,0,0,NA,0,45T1,ALONDRA BL,MAIDSTONE AV,0,NA,Y,A,-,N,NA,NA,NA,NA,NA,NA,NA,NA,NA,Y,4,0,1,2,A,-,12,21453,A,N,D,C,A,A,H,-,C,A,0,NA,NA,NA,NA,Y,NA,A,01,0,0,1,0,0,0,0,0,0,-,-,NA,NA,LOS ANGELES,NORWALK,-118.08688354492188,33.88766860961914
8730625,2018,2019-01-31,1900,2018-10-18,0900,506191,0451,4,5,6,1949,0,0,0,NA,0,43T1,IMPERIAL HWY,RT 5,0,NA,Y,A,-,Y,LA,7,5,-,-,5.221,R,4,S,Y,3,0,2,2,A,-,12,21453,A,N,D,C,A,A,H,-,A,A,0,NA,NA,NA,NA,Y,NA,-,-,0,1,1,0,0,0,0,0,0,-,-,NA,NA,LOS ANGELES,NORWALK,-118.08250427246094,33.920753479003906
8730629,2018,2018-11-06,1900,2018-10-06,0825,440103,0456,6,5,6,1949,0,0,0,NA,0,43T1D,PIONEER BL,LINDALE ST,0,NA,Y,A,-,N,NA,NA,NA,NA,NA,NA,NA,NA,NA,Y,4,0,1,2,A,-,12,21453,A,N,B,C,A,A,H,-,A,A,0,NA,NA,NA,NA,Y,NA,A,01,0,0,1,0,0,0,0,0,0,-,-,NA,NA,LOS ANGELES,NORWALK,-118.08258056640624,33.90032196044922
8730633,2018,2018-11-13,1900,2018-10-19,1335,612130,0459,5,5,6,1949,0,0,0,NA,0,43T1P,CARMENITA RD,PUMICE ST,486,S,N,A,-,N,NA,NA,NA,NA,NA,NA,NA,NA,NA,Y,4,0,2,2,A,-,12,21453,A,N,D,C,A,A,H,-,A,A,0,NA,NA,NA,NA,Y,NA,-,-,0,0,2,0,0,0,0,0,0,-,-,NA,NA,LOS ANGELES,NORWALK,-118.046630859375,33.896240234375
8730652,2018,2018-11-07,1900,2018-09-28,1226,551350,0466,5,5,4,1936,0,0,0,NA,0,NA,FIRESTONE BL,VALLEYVIEW AV,116,E,N,A,-,N,NA,NA,NA,NA,NA,NA,NA,NA,NA,Y,3,0,1,2,A,-,07,21658,A,N,B,C,A,A,H,-,A,A,0,NA,NA,NA,Y,Y,NA,G,25,0,1,0,0,0,0,0,0,0,-,-,NA,NA,LOS ANGELES,LA MIRADA,-118.0285873413086,33.88572311401367
8730659,2018,2018-11-26,1955,2018-10-20,1958,42415,43,6,5,6,1955,0,0,0,NA,0,001,AVALON BL,CROMWELL ST,0,NA,Y,A,-,N,NA,NA,NA,NA,NA,NA,NA,NA,NA,N,3,0,1,2,A,-,21,22106,NA,N,G,B,D,A,H,-,C,A,0,Y,NA,NA,NA,Y,NA,D,22,0,1,0,0,1,0,0,0,0,-,-,NA,NA,LOS ANGELES,POMONA,-117.79122161865234,34.06645965576172
8730669,2018,2018-12-10,1970,2018-08-18,0820,206,1970,6,5,4,1970,0,0,0,NA,0,004,FREMONT AV,ONEONTA KNOLL ST,114,N,N,A,-,N,NA,NA,NA,NA,NA,NA,NA,NA,NA,Y,3,0,2,2,A,-,06,21750,A,N,B,C,A,A,H,-,A,D,0,NA,NA,NA,NA,Y,NA,A,01,0,2,0,0,0,0,0,0,0,-,-,NA,NA,LOS ANGELES,SOUTH PASADENA,-118.15303802490234,34.102909088134766
8730691,2018,2019-01-17,1926,2018-10-25,0329,0100,1,4,5,5,1926,0,0,0,NA,0,001,ROUTE 66,VECINO AV,147,W,N,A,-,N,NA,NA,NA,NA,NA,NA,NA,NA,NA,Y,2,0,1,1,A,-,-,NA,NA,F,E,I,A,B,H,-,C,D,0,NA,NA,NA,NA,Y,NA,D,22,1,0,0,0,0,0,0,0,0,-,-,34.12860107421875,-117.87713623046876,LOS ANGELES,GLENDORA,-117.87749481201172,34.1287841796875