CASE_ID,ACCIDENT_YEAR,PROC_DATE,JURIS,COLLISION_DATE,COLLISION_TIME,OFFICER_ID,REPORTING_DISTRICT,DAY_OF_WEEK,CHP_SHIFT,POPULATION,CNTY_CITY_LOC,SPECIAL_COND,BEAT_TYPE,CHP_BEAT_TYPE,CITY_DIVISION_LAPD,CHP_BEAT_CLASS,BEAT_NUMBER,PRIMARY_RD,SECONDARY_RD,DISTANCE,DIRECTION,INTERSECTION,WEATHER_1,WEATHER_2,STATE_HWY_IND,CALTRANS_COUNTY,CALTRANS_DISTRICT,STATE_ROUTE,ROUTE_SUFFIX,POSTMILE_PREFIX,POSTMILE,LOCATION_TYPE,RAMP_INTERSECTION,SIDE_OF_HWY,TOW_AWAY,COLLISION_SEVERITY,NUMBER_KILLED,NUMBER_INJURED,PARTY_COUNT,PRIMARY_COLL_FACTOR,PCF_CODE_OF_VIOL,PCF_VIOL_CATEGORY,PCF_VIOLATION,PCF_VIOL_SUBSECTION,HIT_AND_RUN,TYPE_OF_COLLISION,MVIW,PED_ACTION,ROAD_SURFACE,ROAD_COND_1,ROAD_COND_2,LIGHTING,CONTROL_DEVICE,CHP_ROAD_TYPE,PEDESTRIAN_ACCIDENT,BICYCLE_ACCIDENT,MOTORCYCLE_ACCIDENT,TRUCK_ACCIDENT,NOT_PRIVATE_PROPERTY,ALCOHOL_INVOLVED,STWD_VEHTYPE_AT_FAULT,CHP_VEHTYPE_AT_FAULT,COUNT_SEVERE_INJ,COUNT_VISIBLE_INJ,COUNT_COMPLAINT_PAIN,COUNT_PED_KILLED,COUNT_PED_INJURED,COUNT_BICYCLIST_KILLED,COUNT_BICYCLIST_INJURED,COUNT_MC_KILLED,COUNT_MC_INJURED,PRIMARY_RAMP,SECONDARY_RAMP,LATITUDE,LONGITUDE,COUNTY,CITY,POINT_X,POINT_Y
8731077,2018,2018-11-02,1920,2018-10-04,2237,12323,NA,4,5,6,1920,0,0,0,NA,0,005,DOWNEY AV,LEXINGTON RD,503,S,N,A,-,N,NA,NA,NA,NA,NA,NA,NA,NA,NA,Y,3,0,1,2,A,-,01,23152,A,N,B,E,A,A,H,-,C,D,0,NA,NA,NA,NA,Y,Y,A,07,0,1,0,0,0,0,0,0,0,-,-,NA,NA,LOS ANGELES,DOWNEY,-118.12712097167967,33.949527740478516
8731081,2018,2018-11-02,1920,2018-10-06,0018,13279,NA,6,5,6,1920,0,0,0,NA,0,002,HONDO ST,RICHEON AV,110,E,N,A,-,N,NA,NA,NA,NA,NA,NA,NA,NA,NA,Y,3,0,1,2,A,-,08,22107,NA,N,A,E,A,A,H,-,C,D,0,NA,NA,NA,NA,Y,NA,A,01,0,1,0,0,0,0,0,0,0,-,-,NA,NA,LOS ANGELES,DOWNEY,-118.15511322021484,33.93046188354492
8731082,2018,2018-11-02,1902,2018-10-16,1342,785,06,2,5,5,1902,0,0,0,NA,0,001,FOOTHILL BL,BALDWIN AV,150,E,N,A,-,N,NA,NA,NA,NA,NA,NA,NA,NA,NA,Y,4,0,1,2,A,-,03,22350,NA,N,C,C,A,A,H,-,A,A,0,NA,NA,NA,NA,Y,NA,A,01,0,0,1,0,0,0,0,0,0,-,-,NA,NA,LOS ANGELES,ARCADIA,-118.05287170410156,34.15070724487305
8731085,2018,2018-11-02,1920,2018-10-05,1040,12609,NA,5,5,6,1920,0,0,0,NA,0,004,FLORENCE AV,DOWNEY SANFORD BRDG RD,0,NA,Y,A,-,N,NA,NA,NA,NA,NA,NA,NA,NA,NA,N,3,0,1,2,A,-,05,21650,1,N,D,G,A,A,H,-,A,A,0,NA,Y,NA,NA,Y,NA,L,04,0,1,0,0,0,0,1,0,0,-,-,NA,NA,LOS ANGELES,DOWNEY,-118.10794,33.94278
8731086,2018,2018-11-02,1920,2018-10-09,1811,12611,NA,2,5,6,1920,0,0,0,NA,0,002,FIRESTONE BL,RYERSON AV,0,NA,Y,A,-,N,NA,NA,NA,NA,NA,NA,NA,NA,NA,Y,4,0,3,2,D,-,00,NA,NA,N,D,C,A,A,H,-,A,A,0,NA,NA,NA,NA,Y,NA,-,-,0,0,3,0,0,0,0,0,0,-,-,NA,NA,LOS ANGELES,DOWNEY,-118.15448760986328,33.94770050048828
8731090,2018,2018-11-16,1906,2018-10-19,1537,2893,ELMON,5,5,5,1906,0,0,0,NA,0,001,BARNES AV,FAIRGROVE AV,15,S,N,A,-,N,NA,NA,NA,NA,NA,NA,NA,NA,NA,N,4,0,1,2,A,-,12,22450,A,N,D,C,A,A,H,-,A,D,0,NA,NA,NA,NA,Y,NA,-,-,0,0,1,0,0,0,0,0,0,-,-,NA,NA,LOS ANGELES,BALDWIN PARK,-117.9950942993164,34.07223892211914
8731094,2018,2018-11-02,1906,2018-10-13,0152,4426,NA,6,5,5,1906,0,0,0,NA,0,001,FRAZIER ST,EDISON POLE  #705734E,63,N,N,C,-,N,NA,NA,NA,NA,NA,NA,NA,NA,NA,Y,2,0,1,2,B,-,22,NA,NA,N,B,E,A,B,H,-,C,D,0,NA,NA,NA,NA,Y,Y,A,01,1,0,0,0,0,0,0,0,0,-,-,NA,NA,LOS ANGELES,BALDWIN PARK,NA,NA
8731097,2018,2018-11-02,1920,2018-10-03,1523,12609,NA,3,5,6,1920,0,0,0,NA,0,004,LESTERFORD AV,QUINN ST,27,S,N,A,-,N,NA,NA,NA,NA,NA,NA,NA,NA,NA,Y,3,0,1,1,A,-,08,22107,NA,N,E,I,A,A,H,-,A,D,0,NA,NA,NA,NA,Y,NA,A,01,0,1,0,0,0,0,0,0,0,-,-,NA,NA,LOS ANGELES,DOWNEY,-118.10651397705078,33.93556594848633
8731098,2018,2018-11-02,1906,2018-10-15,1413,4429,NA,1,5,5,1906,0,0,0,NA,0,003,DALEWOOD ST,EDISON POLE  #2218983E,6,E,N,A,-,N,NA,NA,NA,NA,NA,NA,NA,NA,NA,Y,4,0,1,2,D,-,00,NA,NA,N,B,C,A,A,H,-,A,D,0,NA,NA,NA,NA,Y,NA,-,-,0,0,1,0,0,0,0,0,0,-,-,NA,NA,LOS ANGELES,BALDWIN PARK,NA,NA
8731101,2018,2018-11-02,1920,2018-10-03,0644,13502,1920,3,5,6,1920,0,0,0,NA,0,003,PARAMOUNT BL,GALLATIN RD,807,N,N,B,-,N,NA,NA,NA,NA,NA,NA,NA,NA,NA,Y,4,0,2,2,A,-,09,21802,A,N,D,C,A,A,H,-,A,A,0,NA,NA,NA,NA,Y,NA,A,01,0,0,2,0,0,0,0,0,0,-,-,NA,NA,LOS ANGELES,DOWNEY,-118.12142944335938,33.963443756103516
8731102,2018,2018-11-02,1928,2018-10-23,0711,239,529,2,5,5,1928,0,0,0,NA,0,502,CRENSHAW BL,EL SEGUNDO BL,0,NA,Y,A,-,N,NA,NA,NA,NA,NA,NA,NA,NA,NA,Y,3,0,1,3,A,-,09,21801,A,N,D,C,A,A,H,-,A,A,0,NA,NA,NA,NA,Y,NA,A,01,0,1,0,0,0,0,0,0,0,-,-,33.91638946533203,-118.32650756835938,LOS ANGELES,HAWTHORNE,-118.32659912109376,33.916439056396484
8731105,2018,2018-11-02,1920,2018-10-03,2147,12611,NA,3,5,6,1920,0,0,0,NA,0,004,LAKEWOOD BL,FIRESTONE BL,5,N,N,A,-,N,NA,NA,NA,NA,NA,NA,NA,NA,NA,N,4,0,1,2,D,-,00,NA,NA,N,B,C,A,A,H,-,C,A,0,NA,NA,NA,NA,Y,NA,-,-,0,0,1,0,0,0,0,0,0,-,-,NA,NA,LOS ANGELES,DOWNEY,-118.12400817871094,33.93553924560547
8731106,2018,2018-11-02,1928,2018-10-22,1317,239,510,1,5,5,1928,0,0,0,NA,0,502,CRENSHAW BL,120TH ST,100,N,N,A,-,N,NA,NA,NA,NA,NA,NA,NA,NA,NA,Y,4,0,1,2,A,-,03,22350,NA,N,C,C,A,A,H,-,A,D,0,NA,NA,NA,NA,Y,NA,A,01,0,0,1,0,0,0,0,0,0,-,-,33.923709869384766,-118.32646942138672,LOS ANGELES,HAWTHORNE,-118.32643127441406,33.92399215698242
8731109,2018,2018-11-02,1920,2018-10-04,0806,13502,1920,4,5,6,1920,0,0,0,NA,0,005,BROOKSHIRE AV,5TH ST,0,NA,Y,B,-,N,NA,NA,NA,NA,NA,NA,NA,NA,NA,Y,4,0,1,2,A,-,09,21801,A,N,D,C,A,A,H,-,A,A,0,NA,NA,NA,NA,Y,NA,A,01,0,0,1,0,0,0,0,0,0,-,-,NA,NA,LOS ANGELES,DOWNEY,-118.12663269042967,33.942161560058594
8731110,2018,2018-11-02,1928,2018-10-22,1209,239,509,1,5,5,1928,0,0,0,NA,0,502,PRAIRIE AV,NORTHROP AV,0,NA,Y,A,-,N,NA,NA,NA,NA,NA,NA,NA,NA,NA,N,4,0,1,2,A,-,05,21202,A,N,D,G,A,A,H,-,A,A,0,NA,Y,NA,NA,Y,NA,L,04,0,0,1,0,0,0,1,0,0,-,-,33.91965866088867,-118.34397888183594,LOS ANGELES,HAWTHORNE,-118.34387,33.919670000000004
8731113,2018,2018-11-20,1920,2018-10-04,0934,13502,1920,4,5,6,1920,0,0,0,NA,0,006,PARAMOUNT BL,IMPERIAL HWY,202,S,N,B,-,N,NA,NA,NA,NA,NA,NA,NA,NA,NA,N,4,0,1,2,A,-,03,22350,NA,M,C,C,A,A,H,-,A,A,0,NA,NA,NA,NA,Y,NA,A,01,0,0,1,0,0,0,0,0,0,-,-,NA,NA,LOS ANGELES,DOWNEY,-118.15239715576172,33.92362594604492
8731114,2018,2018-11-20,1928,2018-10-23,1629,292,526,2,5,5,1928,0,0,0,NA,0,501,IMPERIAL HWY,RAMONA AV,9,E,N,A,-,N,NA,NA,NA,NA,NA,NA,NA,NA,NA,Y,4,0,6,2,A,-,09,21801,A,N,D,C,A,A,H,-,A,A,0,NA,NA,NA,NA,Y,NA,A,08,0,0,6,0,0,0,0,0,0,-,-,33.930938720703125,-118.3569107055664,LOS ANGELES,HAWTHORNE,-118.35696411132813,33.930938720703125
8731117,2018,2018-11-02,1920,2018-10-04,1139,12609,NA,4,5,6,1920,0,0,0,NA,0,005,PARAMOUNT BL,VISTA DEL ROSA ST,0,NA,Y,A,-,N,NA,NA,NA,NA,NA,NA,NA,NA,NA,Y,4,0,1,2,A,-,12,21453,A,N,D,C,A,A,H,-,A,A,0,NA,NA,NA,NA,Y,NA,A,01,0,0,1,0,0,0,0,0,0,-,-,NA,NA,LOS ANGELES,DOWNEY,-118.1177215576172,33.965850830078125
8731118,2018,2018-11-20,1928,2018-10-20,2045,402,H506,6,5,5,1928,0,0,0,NA,0,0H1,IMPERIAL HWY,INGLEWOOD AV,65,E,N,A,-,N,NA,NA,NA,NA,NA,NA,NA,NA,NA,Y,2,0,1,2,A,-,11,21954,A,N,G,B,D,A,H,-,C,A,0,Y,NA,NA,NA,Y,NA,N,60,1,0,0,0,1,0,0,0,0,-,-,33.930931091308594,-118.36132049560548,LOS ANGELES,HAWTHORNE,-118.36113739013672,33.930931091308594
8731130,2018,2018-11-07,1920,2018-09-21,1453,13118,1920,5,5,6,1920,0,0,0,NA,0,006,BROOKSHIRE AV,IMPERIAL HWY,200,N,N,A,-,N,NA,NA,NA,NA,NA,NA,NA,NA,NA,N,2,0,1,2,A,-,11,21954,A,N,A,B,D,A,H,-,A,D,0,Y,NA,NA,Y,Y,NA,N,60,1,0,0,0,1,0,0,0,0,-,-,NA,NA,LOS ANGELES,DOWNEY,-118.14349365234376,33.92030715942383
8731134,2018,2018-11-07,1920,2018-09-17,0645,12605,DOWN,1,5,6,1920,0,0,0,NA,0,006,DOWNEY AV,GARDENDALE ST,0,NA,Y,A,-,N,NA,NA,NA,NA,NA,NA,NA,NA,NA,Y,4,0,1,2,A,-,09,21801,A,N,A,C,A,A,H,-,A,A,0,NA,NA,NA,NA,Y,NA,A,01,0,0,1,0,0,0,0,0,0,-,-,NA,NA,LOS ANGELES,DOWNEY,-118.15174865722656,33.91489028930664
8731138,2018,2018-11-07,1920,2018-09-15,2236,13118,1920,6,5,6,1920,0,0,0,NA,0,006,LAKEWOOD BL,RT 105,207,N,N,A,-,N,NA,NA,NA,NA,NA,NA,NA,NA,NA,N,4,0,1,2,A,-,03,22350,NA,N,C,C,A,A,H,-,C,A,0,NA,NA,NA,Y,Y,NA,F,26,0,0,1,0,0,0,0,0,0,-,-,NA,NA,LOS ANGELES,DOWNEY,-118.14041900634766,33.91337203979492
8731142,2018,2018-11-07,1920,2018-09-27,1514,12609,NA,4,5,6,1920,0,0,0,NA,0,005,FLORENCE AV,DOWNEY AV,0,NA,Y,A,-,N,NA,NA,NA,NA,NA,NA,NA,NA,NA,Y,4,0,2,2,A,-,12,21453,A,N,D,C,A,A,H,-,A,A,0,NA,NA,NA,NA,Y,NA,D,22,0,0,2,0,0,0,0,0,0,-,-,NA,NA,LOS ANGELES,DOWNEY,-118.12574768066406,33.951419830322266
8731181,2018,2018-11-06,1900,2018-10-10,0820,546182,1134,3,5,6,1992,0,0,0,NA,0,112T2,4TH ST EAST,AVENUE L-12,120,S,N,A,-,N,NA,NA,NA,NA,NA,NA,NA,NA,NA,Y,3,0,2,1,C,-,18,NA,NA,N,E,I,A,A,H,-,A,D,0,NA,NA,NA,NA,Y,NA,-,-,0,1,1,0,0,0,0,0,0,-,-,NA,NA,LOS ANGELES,LANCASTER,-118.12328338623048,34.649131774902344
8731183,2018,2018-11-07,1920,2018-09-28,1206,12605,DOWNE,5,5,6,1920,0,0,0,NA,0,003,TWEEDY LN,DINSDALE ST,0,NA,Y,A,-,N,NA,NA,NA,NA,NA,NA,NA,NA,NA,Y,4,0,1,2,A,-,09,21801,A,N,A,C,A,A,H,-,A,D,0,NA,NA,NA,NA,Y,NA,D,22,0,0,1,0,0,0,0,0,0,-,-,NA,NA,LOS ANGELES,DOWNEY,-118.13107299804688,33.9552001953125
8731184,2018,2018-11-07,1920,2018-10-06,1430,12611,NA,6,5,6,1920,0,0,0,NA,0,NA,LUXOR ST,MITLA AV,0,NA,Y,A,-,N,NA,NA,NA,NA,NA,NA,NA,NA,NA,N,3,0,1,2,D,-,00,NA,NA,F,G,B,E,A,H,-,A,A,0,Y,NA,NA,NA,Y,NA,-,-,0,1,0,0,1,0,0,0,0,-,-,NA,NA,LOS ANGELES,DOWNEY,-118.15930938720705,33.945518493652344
8731185,2018,2018-11-06,1900,2018-08-28,1235,602401,1127,2,5,6,1992,0,0,0,NA,0,111T1,25TH ST WEST,AVENUE J-8,0,NA,Y,A,-,N,NA,NA,NA,NA,NA,NA,NA,NA,NA,Y,4,0,3,2,A,-,09,21801,A,N,D,C,A,A,H,-,A,A,0,NA,NA,NA,NA,Y,NA,D,22,0,0,3,0,0,0,0,0,0,-,-,NA,NA,LOS ANGELES,LANCASTER,-118.17471313476564,34.68217849731445
8731193,2018,2018-11-15,1900,2018-10-01,1110,602401,1132,1,5,6,1992,0,0,0,NA,0,112T2,CHALLENGER WY,AVENUE J,193,N,N,A,-,N,NA,NA,NA,NA,NA,NA,NA,NA,NA,Y,4,0,3,3,A,-,21,22106,NA,N,D,C,A,A,H,-,A,D,0,NA,NA,NA,Y,Y,NA,A,01,0,0,3,0,0,0,0,0,0,-,-,NA,NA,LOS ANGELES,LANCASTER,-118.112658,34.689991
8731203,2018,2018-10-30,1972,2018-05-20,1510,21238,NA,7,5,6,1972,0,0,0,NA,0,NA,190TH ST,RINGE LN,10,W,N,B,-,N,NA,NA,NA,NA,NA,NA,NA,NA,NA,Y,4,0,2,2,A,-,03,22350,NA,N,C,C,A,A,H,-,A,A,0,NA,NA,NA,NA,Y,NA,A,NA,0,0,2,0,0,0,0,0,0,-,-,NA,NA,LOS ANGELES,TORRANCE,-118.37287139892578,33.85826110839844
8731204,2018,2019-01-08,1955,2018-10-09,2023,40624,88,2,5,6,1955,0,0,0,NA,0,004,RESERVOIR ST,WALNUT AV,0,NA,Y,A,-,N,NA,NA,NA,NA,NA,NA,NA,NA,NA,Y,4,0,1,2,A,-,12,22450,A,F,D,C,A,A,H,-,C,A,0,NA,NA,NA,NA,Y,Y,D,22,0,0,1,0,0,0,0,0,0,-,-,NA,NA,LOS ANGELES,POMONA,-117.7313995361328,34.023399353027344
8731206,2018,2018-11-05,1906,2018-10-20,1419,2893,ELMON,6,5,5,1906,0,0,0,NA,0,002,OLIVE ST,EDISON POLE #1416886E,72,E,N,A,-,N,NA,NA,NA,NA,NA,NA,NA,NA,NA,Y,4,0,1,2,A,-,03,22350,NA,N,C,C,A,A,H,-,A,D,0,NA,NA,NA,NA,Y,NA,A,01,0,0,1,0,0,0,0,0,0,-,-,NA,NA,LOS ANGELES,BALDWIN PARK,NA,NA
8731207,2018,2018-10-30,1972,2018-05-21,1546,19086,NA,1,5,6,1972,0,0,0,NA,0,NA,VAN NESS,162ND ST,0,NA,Y,B,-,N,NA,NA,NA,NA,NA,NA,NA,NA,NA,N,4,0,1,2,A,-,09,21804,A,N,B,G,A,A,H,-,A,A,0,NA,Y,NA,NA,Y,NA,L,NA,0,0,1,0,0,0,1,0,0,-,-,NA,NA,LOS ANGELES,TORRANCE,-118.31787109375,33.883758544921875
8731211,2018,2018-10-30,1972,2018-05-07,1026,18059,NA,1,5,6,1972,0,0,0,NA,0,NA,MADRONA,ONYX ST,0,NA,Y,A,-,N,NA,NA,NA,NA,NA,NA,NA,NA,NA,N,3,0,1,2,A,-,16,24002,A,N,G,B,E,A,D,-,A,D,0,Y,NA,NA,NA,Y,NA,M,NA,0,1,0,0,1,0,0,0,0,-,-,NA,NA,LOS ANGELES,TORRANCE,-118.34484100341795,33.84226989746094
8731215,2018,2018-10-30,1972,2018-05-22,1524,17133,NA,2,5,6,1972,0,0,0,NA,0,NA,CRENSHAW,167TH ST,0,NA,Y,A,-,N,NA,NA,NA,NA,NA,NA,NA,NA,NA,Y,4,0,2,3,A,-,03,22350,NA,N,C,C,A,A,H,-,A,D,0,NA,NA,NA,NA,Y,NA,A,NA,0,0,2,0,0,0,0,0,0,-,-,NA,NA,LOS ANGELES,TORRANCE,-118.32649993896484,33.87860107421875
8731219,2018,2018-10-30,1972,2018-05-22,1321,16610,NA,2,5,6,1972,0,0,0,NA,0,NA,233RD ST,ARLINGTON AV,685,W,N,B,-,N,NA,NA,NA,NA,NA,NA,NA,NA,NA,Y,4,0,1,2,A,-,08,22107,NA,N,D,C,A,A,H,-,A,D,0,NA,NA,NA,NA,Y,NA,D,NA,0,0,1,0,0,0,0,0,0,-,-,NA,NA,LOS ANGELES,TORRANCE,-118.32215881347656,33.81419372558594
8731220,2018,2018-10-30,1942,2018-08-28,1355,42169,0898,2,5,7,1942,0,0,0,H,0,8A95,ROBERTSON BL,OLIN ST,0,NA,Y,A,-,N,NA,NA,NA,NA,NA,NA,NA,NA,NA,N,2,0,1,2,A,-,03,22350,NA,N,G,C,D,A,H,-,A,A,0,Y,NA,NA,NA,Y,NA,A,01,1,0,0,0,1,0,0,0,0,-,-,NA,NA,LOS ANGELES,LOS ANGELES,-118.38890838623048,34.036468505859375
8731221,2018,2018-11-05,1955,2018-10-23,0240,42145,49,2,5,6,1955,0,0,0,NA,0,001,HOLT AV,HAMILTON BL,500,W,N,A,-,N,NA,NA,NA,NA,NA,NA,NA,NA,NA,Y,3,0,1,1,A,-,08,22107,NA,N,E,I,A,A,H,-,C,D,0,NA,NA,NA,NA,Y,NA,A,01,0,1,0,0,0,0,0,0,0,-,-,NA,NA,LOS ANGELES,POMONA,-117.76505279541016,34.062007904052734
8731223,2018,2018-10-30,1972,2018-05-17,1130,14197,NA,4,5,6,1972,0,0,0,NA,0,NA,190TH ST,HAWTHORNE BL,15,E,N,A,-,N,NA,NA,NA,NA,NA,NA,NA,NA,NA,N,4,0,1,2,A,-,04,21703,NA,N,C,C,A,A,H,-,A,A,0,NA,NA,NA,NA,Y,NA,A,NA,0,0,1,0,0,0,0,0,0,-,-,NA,NA,LOS ANGELES,TORRANCE,-118.35366821289064,33.85824966430664
8731227,2018,2018-11-08,1942,2018-05-03,1331,40690,0331,4,5,7,1942,0,0,0,C,0,3A31,W ADAMS BL,LA BREA AV,50,E,N,A,-,N,NA,NA,NA,NA,NA,NA,NA,NA,NA,Y,4,0,2,2,A,-,08,22107,NA,F,B,C,A,A,H,-,A,D,0,NA,NA,NA,NA,Y,NA,A,07,0,0,2,0,0,0,0,0,0,-,-,NA,NA,LOS ANGELES,LOS ANGELES,-118.35076904296876,34.03251266479492
8731231,2018,2018-10-30,1972,2018-05-27,1536,1555,NA,7,5,6,1972,0,0,0,NA,0,NA,PRAIRIE AV,182ND ST,0,NA,Y,A,-,N,NA,NA,NA,NA,NA,NA,NA,NA,NA,Y,4,0,1,2,A,-,09,21801,A,N,A,C,A,A,H,-,A,A,0,NA,NA,NA,NA,Y,NA,A,NA,0,0,1,0,0,0,0,0,0,-,-,NA,NA,LOS ANGELES,TORRANCE,-118.34380340576172,33.86558151245117
8731235,2018,2018-10-30,1972,2018-05-30,1555,18450,NA,3,5,6,1972,0,0,0,NA,0,NA,CARSON ST,ACACIA,85,E,N,A,-,N,NA,NA,NA,NA,NA,NA,NA,NA,NA,Y,4,0,2,2,A,-,09,21801,A,N,D,C,A,A,H,-,A,D,0,NA,NA,NA,NA,Y,NA,A,NA,0,0,2,0,0,0,0,0,0,-,-,NA,NA,LOS ANGELES,TORRANCE,-118.32598114013672,33.83134078979492
8731239,2018,2018-10-30,1972,2018-05-19,1057,21302,NA,6,5,6,1972,0,0,0,NA,0,NA,DEL AMO BL,ANZA AV,0,NA,Y,A,-,N,NA,NA,NA,NA,NA,NA,NA,NA,NA,N,4,0,1,2,A,-,03,22350,NA,N,C,C,A,A,H,-,A,A,0,NA,NA,NA,NA,Y,NA,A,NA,0,0,1,0,0,0,0,0,0,-,-,NA,NA,LOS ANGELES,TORRANCE,-118.3623504638672,33.8486213684082
8731243,2018,2018-10-30,1972,2018-05-17,1749,20050,NA,4,5,6,1972,0,0,0,NA,0,NA,SEPULVEDA BL,CABRILLO AV,0,NA,Y,A,-,N,NA,NA,NA,NA,NA,NA,NA,NA,NA,N,4,0,1,2,A,-,12,21453,A,N,D,C,A,A,H,-,A,A,0,NA,NA,NA,NA,Y,NA,A,NA,0,0,1,0,0,0,0,0,0,-,-,NA,NA,LOS ANGELES,TORRANCE,-118.31597137451172,33.81935119628906
8731247,2018,2018-10-30,1972,2018-05-17,1742,16610,NA,4,5,6,1972,0,0,0,NA,0,NA,LOMITA BL,HAWTHORNE BL,225,W,N,A,-,N,NA,NA,NA,NA,NA,NA,NA,NA,NA,N,4,0,1,2,A,-,04,21703,NA,N,C,C,A,A,H,-,A,D,0,NA,NA,NA,NA,Y,NA,A,NA,0,0,1,0,0,0,0,0,0,-,-,NA,NA,LOS ANGELES,TORRANCE,-118.35186004638672,33.8162956237793
8731251,2018,2018-10-30,1972,2018-05-17,1650,16610,NA,4,5,6,1972,0,0,0,NA,0,NA,CRENSHAW BL,CARSON ST,150,N,N,B,-,N,NA,NA,NA,NA,NA,NA,NA,NA,NA,N,4,0,1,2,A,-,09,21804,B,N,D,G,A,A,H,-,A,D,0,NA,Y,NA,NA,Y,NA,L,NA,0,0,1,0,0,0,1,0,0,-,-,NA,NA,LOS ANGELES,TORRANCE,-118.32861328125,33.831722259521484
8731255,2018,2018-10-30,1972,2018-05-21,1659,20050,NA,1,5,6,1972,0,0,0,NA,0,NA,MADRONA AV,ONYX ST,40,N,N,A,-,N,NA,NA,NA,NA,NA,NA,NA,NA,NA,N,4,0,1,2,A,-,09,21804,B,N,D,G,A,A,H,-,A,D,0,NA,Y,NA,NA,Y,NA,L,NA,0,0,1,0,0,0,1,0,0,-,-,NA,NA,LOS ANGELES,TORRANCE,-118.34484100341795,33.84238052368164
8731283,2018,2018-10-31,1942,2018-09-16,1800,30702,0648,7,5,7,1942,0,0,0,F,0,6A77,SUNSET BL,SERRANO AV,50,W,N,A,-,N,NA,NA,NA,NA,NA,NA,NA,NA,NA,Y,3,0,2,2,A,-,09,21804,A,N,D,C,A,A,H,-,A,D,0,NA,NA,NA,NA,Y,NA,-,NA,0,2,0,0,0,0,0,0,0,-,-,NA,NA,LOS ANGELES,LOS ANGELES,-118.30724334716795,34.09812545776367
8731287,2018,2018-10-31,1942,2018-08-16,1845,42958,0666,4,5,7,1942,0,0,0,F,0,6XL42,VINE ST,DELONGPRE,0,NA,Y,A,-,N,NA,NA,NA,NA,NA,NA,NA,NA,NA,Y,2,0,2,3,A,-,09,21801,A,N,B,C,A,A,H,-,A,A,0,NA,NA,Y,NA,Y,NA,A,01,1,0,1,0,0,0,0,0,1,-,-,NA,NA,LOS ANGELES,LOS ANGELES,-118.3266372680664,34.096160888671875
8731291,2018,2018-10-31,1942,2018-09-14,1740,33648,1444,5,5,7,1942,0,0,0,N,0,14A25,LINCOLN BL,WASHINGTON BL,500,S,N,A,-,N,NA,NA,NA,NA,NA,NA,NA,NA,NA,N,3,0,1,2,A,-,09,21801,A,N,-,C,A,A,H,-,A,D,0,NA,NA,Y,NA,Y,NA,A,01,0,1,0,0,0,0,0,0,1,-,-,NA,NA,LOS ANGELES,LOS ANGELES,-118.4468002319336,33.98941421508789
8731293,2018,2018-10-31,1942,2018-06-11,1535,36937,2046,1,5,7,1942,0,0,0,NA,0,20A1,JAMES M WOOD BL,KENMORE AVE,0,NA,Y,A,-,N,NA,NA,NA,NA,NA,NA,NA,NA,NA,Y,4,0,1,2,A,-,12,22450,A,N,B,C,A,A,H,-,A,A,0,NA,NA,NA,NA,Y,NA,A,01,0,0,1,0,0,0,0,0,0,-,-,NA,NA,LOS ANGELES,LOS ANGELES,-118.29654,34.05593
8731294,2018,2018-10-31,1941,2018-09-15,1911,11263,NA,6,5,7,1941,0,0,0,NA,0,NA,ATLANTIC AV,52ND ST,0,NA,Y,A,-,N,NA,NA,NA,NA,NA,NA,NA,NA,NA,Y,3,0,2,2,A,-,09,21801,A,N,A,C,A,A,H,-,C,A,0,NA,NA,NA,NA,Y,NA,A,NA,0,2,0,0,0,0,0,0,0,-,-,NA,NA,LOS ANGELES,LONG BEACH,-118.18496704101564,33.85049057006836
8731295,2018,2018-11-01,1942,2018-09-17,1000,43274,0752,1,5,7,1942,0,0,0,G,0,7A33,FAIRFAX AV,OLYMPIC BL,300,S,N,A,-,N,NA,NA,NA,NA,NA,NA,NA,NA,NA,N,3,0,1,2,A,-,17,22517,NA,N,B,G,A,A,H,-,A,D,0,NA,Y,NA,NA,Y,NA,A,07,0,1,0,0,0,0,1,0,0,-,-,NA,NA,LOS ANGELES,LOS ANGELES,-118.3642120361328,34.05742263793945
8731313,2018,2018-11-01,1942,2018-09-10,0630,42029,1743,1,5,7,1942,0,0,0,Q,0,17A35Q,DEVONSHIRE ST,ETIWANDA AV,2,W,N,B,-,N,NA,NA,NA,NA,NA,NA,NA,NA,NA,Y,3,0,1,1,A,-,01,23152,A,N,E,I,A,A,H,-,A,A,0,NA,NA,NA,NA,Y,Y,A,01,0,1,0,0,0,0,0,0,0,-,-,NA,NA,LOS ANGELES,LOS ANGELES,-118.53172302246094,34.25727844238281
8731316,2018,2018-10-31,1942,2018-09-01,0130,41773,0645,6,5,7,1942,0,0,0,F,0,6A49,SELMA,CAHUENGA,80,W,N,A,-,N,NA,NA,NA,NA,NA,NA,NA,NA,NA,N,4,0,1,2,A,-,03,22350,NA,N,B,B,E,A,H,-,C,A,0,Y,NA,NA,NA,Y,NA,A,01,0,0,1,0,1,0,0,0,0,-,-,NA,NA,LOS ANGELES,LOS ANGELES,-118.32979583740234,34.099769592285156
8731319,2018,2018-11-01,1942,2018-09-02,0615,38365,1273,7,5,7,1942,0,0,0,L,0,25M1Q1,WESTERN AV,MANCHESTER AV,60,N,N,A,-,N,NA,NA,NA,NA,NA,NA,NA,NA,NA,Y,3,0,3,3,A,-,03,22350,NA,N,C,C,A,A,H,-,A,A,0,NA,NA,NA,NA,Y,NA,A,01,0,2,1,0,0,0,0,0,0,-,-,NA,NA,LOS ANGELES,LOS ANGELES,-118.30901336669922,33.96013641357422