CASE_ID,ACCIDENT_YEAR,PROC_DATE,JURIS,COLLISION_DATE,COLLISION_TIME,OFFICER_ID,REPORTING_DISTRICT,DAY_OF_WEEK,CHP_SHIFT,POPULATION,CNTY_CITY_LOC,SPECIAL_COND,BEAT_TYPE,CHP_BEAT_TYPE,CITY_DIVISION_LAPD,CHP_BEAT_CLASS,BEAT_NUMBER,PRIMARY_RD,SECONDARY_RD,DISTANCE,DIRECTION,INTERSECTION,WEATHER_1,WEATHER_2,STATE_HWY_IND,CALTRANS_COUNTY,CALTRANS_DISTRICT,STATE_ROUTE,ROUTE_SUFFIX,POSTMILE_PREFIX,POSTMILE,LOCATION_TYPE,RAMP_INTERSECTION,SIDE_OF_HWY,TOW_AWAY,COLLISION_SEVERITY,NUMBER_KILLED,NUMBER_INJURED,PARTY_COUNT,PRIMARY_COLL_FACTOR,PCF_CODE_OF_VIOL,PCF_VIOL_CATEGORY,PCF_VIOLATION,PCF_VIOL_SUBSECTION,HIT_AND_RUN,TYPE_OF_COLLISION,MVIW,PED_ACTION,ROAD_SURFACE,ROAD_COND_1,ROAD_COND_2,LIGHTING,CONTROL_DEVICE,CHP_ROAD_TYPE,PEDESTRIAN_ACCIDENT,BICYCLE_ACCIDENT,MOTORCYCLE_ACCIDENT,TRUCK_ACCIDENT,NOT_PRIVATE_PROPERTY,ALCOHOL_INVOLVED,STWD_VEHTYPE_AT_FAULT,CHP_VEHTYPE_AT_FAULT,COUNT_SEVERE_INJ,COUNT_VISIBLE_INJ,COUNT_COMPLAINT_PAIN,COUNT_PED_KILLED,COUNT_PED_INJURED,COUNT_BICYCLIST_KILLED,COUNT_BICYCLIST_INJURED,COUNT_MC_KILLED,COUNT_MC_INJURED,PRIMARY_RAMP,SECONDARY_RAMP,LATITUDE,LONGITUDE,COUNTY,CITY,POINT_X,POINT_Y
8731672,2018,2018-11-19,1922,2018-10-19,1116,617,3,5,5,6,1922,0,0,0,NA,0,NA,SANTA ANITA AV,BODGER ST,50,S,N,A,-,N,NA,NA,NA,NA,NA,NA,NA,NA,NA,Y,3,0,1,2,A,-,08,22102,NA,N,B,C,A,A,H,-,A,D,0,NA,NA,NA,NA,Y,NA,J,48,0,1,0,0,0,0,0,0,0,-,-,34.06282043457031,-118.04251861572266,LOS ANGELES,EL MONTE,-118.04264831542967,34.064125061035156
8731680,2018,2018-11-19,1942,2018-10-23,1850,39022,0638,2,5,7,1942,0,0,0,F,0,6A49,FRANKLIN AV,N GOWER ST,0,NA,Y,A,-,N,NA,NA,NA,NA,NA,NA,NA,NA,NA,Y,3,0,4,2,B,-,22,NA,NA,N,D,C,A,A,H,-,C,A,0,NA,NA,NA,NA,Y,NA,J,48,0,2,2,0,0,0,0,0,0,-,-,NA,NA,LOS ANGELES,LOS ANGELES,-118.32244110107422,34.10525131225586
8731696,2018,2018-11-21,1942,2018-10-11,0830,41497,1755,4,5,7,1942,0,0,0,Q,0,17A35,DEVONSHIRE ST,LINDLEY AV,0,NA,Y,A,-,N,NA,NA,NA,NA,NA,NA,NA,NA,NA,Y,3,0,1,3,A,-,12,21453,A,N,D,C,A,A,H,-,A,A,0,NA,NA,NA,NA,Y,NA,J,48,0,1,0,0,0,0,0,0,0,-,-,NA,NA,LOS ANGELES,LOS ANGELES,-118.52735137939452,34.25727081298828
8731698,2018,2018-11-20,1942,2018-10-15,1810,38105,2107,1,5,7,1942,0,0,0,NA,0,21X62,PARTHENIA ST,CANOGA AV,56,E,N,A,-,N,NA,NA,NA,NA,NA,NA,NA,NA,NA,N,3,0,1,2,A,-,08,22107,NA,F,D,C,A,A,H,-,C,A,0,NA,NA,NA,NA,Y,NA,-,99,0,1,0,0,0,0,0,0,0,-,-,NA,NA,LOS ANGELES,LOS ANGELES,-118.59735870361328,34.22819900512695
8731700,2018,2018-11-21,1941,2018-10-19,2143,10842,NA,5,5,7,1941,0,0,0,NA,0,NA,SANTA FE AV,WILLOW ST,0,NA,Y,A,-,N,NA,NA,NA,NA,NA,NA,NA,NA,NA,Y,3,0,1,2,A,-,09,21806,A,N,D,C,A,A,H,-,E,A,0,NA,NA,NA,NA,Y,NA,A,NA,0,1,0,0,0,0,0,0,0,-,-,NA,NA,LOS ANGELES,LONG BEACH,-118.21552276611328,33.80440139770508
8731706,2018,2018-11-21,1900,2018-10-20,0944,516534,2825,6,5,5,1915,0,0,0,NA,0,282T1,ROSECRANS AV,HARRIS AV,36,E,N,A,-,N,NA,NA,NA,NA,NA,NA,NA,NA,NA,N,4,0,1,2,B,-,22,NA,NA,N,C,C,A,A,H,-,A,A,0,NA,NA,NA,NA,Y,NA,J,48,0,0,1,0,0,0,0,0,0,-,-,NA,NA,LOS ANGELES,COMPTON,-118.19923400878906,33.90359115600586
8731714,2018,2018-11-20,1900,2018-09-27,1353,546182,1126,4,5,6,1992,0,0,0,NA,0,112T2,15TH ST WEST,AVENUE J-3,0,NA,Y,A,-,N,NA,NA,NA,NA,NA,NA,NA,NA,NA,N,4,0,1,2,A,-,09,21804,A,N,B,C,A,A,H,-,A,A,0,NA,NA,NA,NA,Y,NA,J,41,0,0,1,0,0,0,0,0,0,-,-,NA,NA,LOS ANGELES,LANCASTER,-118.15683746337892,34.687068939208984
8731734,2018,2018-11-29,1942,2018-10-24,0745,39397,1836,3,5,7,1942,0,0,0,R,0,18A35,COMPTON AV,108TH ST,14,N,N,A,-,N,NA,NA,NA,NA,NA,NA,NA,NA,NA,N,4,0,1,2,A,-,12,21453,A,M,A,C,A,A,H,-,A,A,0,NA,NA,Y,NA,Y,Y,C,02,0,0,1,0,0,0,0,0,1,-,-,NA,NA,LOS ANGELES,LOS ANGELES,-118.24626922607422,33.9378776550293
8731746,2018,2018-11-29,1942,2018-10-28,0917,37724,0331,7,5,7,1942,0,0,0,C,0,3A31,S LA BREA AV,FERNDALE ST,60,S,N,A,-,N,NA,NA,NA,NA,NA,NA,NA,NA,NA,N,4,0,1,2,A,-,09,21806,A,N,D,C,A,A,H,-,A,D,0,NA,NA,NA,NA,Y,NA,A,01,0,0,1,0,0,0,0,0,0,-,-,NA,NA,LOS ANGELES,LOS ANGELES,-118.35198974609376,34.03035354614258
8731750,2018,2018-11-29,1910,2018-10-19,1548,03209,NA,5,5,4,1910,0,0,0,NA,0,005,N BEVERLY DR,BRIGHTON WY,161,N,N,A,-,N,NA,NA,NA,NA,NA,NA,NA,NA,NA,N,3,0,1,2,A,-,03,22350,NA,N,G,B,E,A,H,-,A,A,0,Y,NA,NA,NA,Y,NA,I,20,0,1,0,0,1,0,0,0,0,-,-,NA,NA,LOS ANGELES,BEVERLY HILLS,-118.40231323242188,34.07028579711914
8731796,2018,2018-12-06,1942,2018-10-23,0745,31931,NA,2,5,7,1942,0,0,0,NA,0,NA,WHITSETT AV,SHERMAN WY,150,S,N,A,-,N,NA,NA,NA,NA,NA,NA,NA,NA,NA,N,4,0,1,2,A,-,08,22107,NA,N,E,I,A,A,H,-,A,A,0,NA,NA,NA,Y,Y,NA,F,77,0,0,1,0,0,0,0,0,0,-,-,NA,NA,LOS ANGELES,LOS ANGELES,-118.40523529052734,34.200801849365234
8731797,2018,2018-12-10,1942,2018-10-19,1450,41514,1516,5,5,7,1942,0,0,0,O,0,15A27,LANKERSHIM BL,VANOWEN ST,30,S,N,A,-,N,NA,NA,NA,NA,NA,NA,NA,NA,NA,N,4,0,2,2,A,-,21,22106,NA,N,C,C,A,A,H,-,A,A,0,NA,NA,NA,NA,Y,NA,A,01,0,0,2,0,0,0,0,0,0,-,-,NA,NA,LOS ANGELES,LOS ANGELES,-118.38779449462892,34.1938591003418
8731798,2018,2018-12-10,1942,2018-10-20,1920,40388,1623,6,5,7,1942,0,0,0,P,0,16A23,VAN NUYS BL,DE GARMO AV,89,W,N,A,-,N,NA,NA,NA,NA,NA,NA,NA,NA,NA,Y,4,0,5,3,A,-,09,21806,A,N,D,C,A,A,H,-,C,A,0,NA,NA,NA,NA,Y,NA,A,07,0,0,5,0,0,0,0,0,0,-,-,NA,NA,LOS ANGELES,LOS ANGELES,-118.41358184814452,34.27231979370117
8731799,2018,2018-12-06,1942,2018-10-25,1255,32869,2149,4,5,7,1942,0,0,0,NA,0,21A29,WINNETKA AV,SHERMAN WY,145,S,N,A,-,N,NA,NA,NA,NA,NA,NA,NA,NA,NA,Y,3,0,1,6,A,-,01,23152,A,N,B,E,A,A,H,-,A,D,0,NA,NA,NA,NA,Y,Y,A,08,0,1,0,0,0,0,0,0,0,-,-,NA,NA,LOS ANGELES,LOS ANGELES,-118.57099151611328,34.200740814208984
8731800,2018,2018-12-06,1942,2018-10-25,1230,41514,1772,4,5,7,1942,0,0,0,Q,0,17A81,PENFIELD AV,PRAIRIE ST,50,N,N,A,-,N,NA,NA,NA,NA,NA,NA,NA,NA,NA,Y,4,0,1,2,A,-,01,23152,A,F,B,C,A,A,H,-,A,D,0,NA,NA,NA,NA,Y,Y,A,08,0,0,1,0,0,0,0,0,0,-,-,NA,NA,LOS ANGELES,LOS ANGELES,-118.56964874267578,34.23932647705078
8731810,2018,2018-11-14,1900,2018-10-13,1451,527065,1127,6,5,6,1992,0,0,0,NA,0,111T1,20TH ST W,AVENUE J,0,NA,Y,A,-,N,NA,NA,NA,NA,NA,NA,NA,NA,NA,Y,4,0,1,2,A,-,12,21453,A,N,D,C,A,A,H,-,A,A,0,NA,NA,NA,NA,Y,NA,-,-,0,0,1,0,0,0,0,0,0,-,-,NA,NA,LOS ANGELES,LANCASTER,-118.16565704345705,34.68941879272461
8731833,2018,2018-11-14,1942,2018-08-10,0800,41680,1145,5,5,7,1942,0,0,0,K,0,11A25,RIVERSIDE DR,KNOX AV,35,N,N,A,-,N,NA,NA,NA,NA,NA,NA,NA,NA,NA,Y,3,0,1,2,A,-,08,22101,D,N,D,C,A,A,H,-,A,A,0,NA,NA,NA,NA,Y,NA,A,01,0,1,0,0,0,0,0,0,0,-,-,NA,NA,LOS ANGELES,LOS ANGELES,-118.24918365478516,34.09905242919922
8731840,2018,2018-11-14,1956,2018-11-07,1254,1324,50,3,5,5,1956,0,0,0,NA,0,005,GRANT AV,INGLEWOOD AV,180,E,N,A,-,N,NA,NA,NA,NA,NA,NA,NA,NA,NA,N,4,0,1,2,A,-,08,22107,NA,N,D,G,A,A,H,-,A,A,0,NA,Y,NA,NA,Y,NA,L,04,0,0,1,0,0,0,1,0,0,-,-,NA,NA,LOS ANGELES,REDONDO BEACH,-118.3606414794922,33.869041442871094
8731842,2018,2018-11-20,1941,2018-10-17,2332,10845,NA,3,5,7,1941,0,0,0,NA,0,NA,7TH ST,NEWPORT AV,0,NA,Y,A,-,N,NA,NA,NA,NA,NA,NA,NA,NA,NA,N,4,0,1,2,A,-,03,22350,NA,N,C,C,A,A,H,-,C,D,0,NA,NA,NA,NA,Y,NA,A,NA,0,0,1,0,0,0,0,0,0,-,-,NA,NA,LOS ANGELES,LONG BEACH,-118.15135192871094,33.77534103393555
8731843,2018,2018-11-20,1942,2018-09-14,1700,43176,0836,5,5,7,1942,0,0,0,H,0,8A13,SANTA MONICA BL,BEVERLY GLEN BL,0,NA,Y,A,-,N,NA,NA,NA,NA,NA,NA,NA,NA,NA,Y,4,0,1,2,A,-,04,21703,NA,N,C,C,A,A,H,-,C,A,0,NA,NA,NA,NA,Y,NA,-,NA,0,0,1,0,0,0,0,0,0,-,-,NA,NA,LOS ANGELES,LOS ANGELES,-118.42430114746094,34.057701110839844
8731846,2018,2018-11-20,1941,2018-09-27,1020,5612,NA,4,5,7,1941,0,0,0,NA,0,NA,LAKEWOOD,CONANT,0,NA,Y,A,-,N,NA,NA,NA,NA,NA,NA,NA,NA,NA,Y,3,0,2,3,A,-,12,21453,A,N,D,C,A,A,H,-,A,A,0,NA,NA,NA,NA,Y,NA,A,NA,0,1,1,0,0,0,0,0,0,-,-,NA,NA,LOS ANGELES,LONG BEACH,-118.14263916015624,33.82508087158203
8731850,2018,2018-11-20,1941,2018-10-20,0740,11271,NA,6,5,7,1941,0,0,0,NA,0,NA,MAGNOLIA AV,LOMA VISTA DR,50,S,N,A,-,N,NA,NA,NA,NA,NA,NA,NA,NA,NA,N,4,0,1,2,A,-,09,21804,A,N,B,C,A,A,H,-,A,D,0,NA,NA,NA,NA,Y,NA,A,NA,0,0,1,0,0,0,0,0,0,-,-,NA,NA,LOS ANGELES,LONG BEACH,-118.19803619384766,33.7818717956543
8731854,2018,2018-11-19,1941,2018-10-23,1332,10931,NA,2,5,7,1941,0,0,0,NA,0,NA,LONG BEACH BL,WILLOW ST,225,N,N,A,-,N,NA,NA,NA,NA,NA,NA,NA,NA,NA,Y,4,0,1,3,A,-,09,21802,A,N,D,C,A,A,H,-,A,A,0,NA,NA,NA,NA,Y,NA,A,NA,0,0,1,0,0,0,0,0,0,-,-,NA,NA,LOS ANGELES,LONG BEACH,-118.18939208984376,33.8050537109375
8731858,2018,2018-11-19,1941,2018-10-25,1436,5927,NA,4,5,7,1941,0,0,0,NA,0,NA,AQUARIUM WY,SHORELINE DR,0,NA,Y,A,-,N,NA,NA,NA,NA,NA,NA,NA,NA,NA,N,3,0,1,2,A,-,17,21235,G,N,A,J,A,A,H,-,A,A,0,NA,NA,NA,NA,Y,NA,M,NA,0,1,0,0,0,0,0,0,0,-,-,NA,NA,LOS ANGELES,LONG BEACH,-118.194580078125,33.763710021972656
8731859,2018,2018-11-19,1953,2018-09-24,0035,1330,NA,1,5,6,1953,0,0,0,NA,0,003,EAST WASHINGTON BL,E WASHINGTON BL 1172,0,NA,Y,A,-,N,NA,NA,NA,NA,NA,NA,NA,NA,NA,Y,4,0,1,3,A,-,01,23152,NA,N,A,E,A,A,H,-,-,D,0,NA,NA,NA,NA,Y,Y,A,07,0,0,1,0,0,0,0,0,0,-,-,NA,NA,LOS ANGELES,PASADENA,-118.126366,34.169025
8731862,2018,2018-11-19,1941,2018-10-23,2200,5970,NA,2,5,7,1941,0,0,0,NA,0,NA,WILLOW ST,W LINDEN AV,31,W,N,A,-,N,NA,NA,NA,NA,NA,NA,NA,NA,NA,Y,4,0,2,2,A,-,07,21658,A,N,C,C,A,A,H,-,C,D,0,NA,NA,NA,NA,Y,NA,A,NA,0,0,2,0,0,0,0,0,0,-,-,NA,NA,LOS ANGELES,LONG BEACH,-118.18624877929688,33.804508209228516
8731866,2018,2018-11-20,1941,2018-10-24,0757,11266,NA,3,5,7,1941,0,0,0,NA,0,NA,PINE AV,28TH ST,212,S,N,A,-,N,NA,NA,NA,NA,NA,NA,NA,NA,NA,N,4,0,1,2,A,-,03,22350,NA,N,C,C,A,A,H,-,A,D,0,NA,NA,NA,NA,Y,NA,A,NA,0,0,1,0,0,0,0,0,0,-,-,NA,NA,LOS ANGELES,LONG BEACH,-118.19309997558594,33.808021545410156
8731867,2018,2018-12-07,1953,2018-09-30,0741,5828,PASAD,7,5,6,1953,0,0,0,NA,0,NA,ELIZABETH ST,ELIZABETH ST 1523,0,NA,Y,A,-,N,NA,NA,NA,NA,NA,NA,NA,NA,NA,N,3,0,1,3,B,-,22,NA,NA,N,B,C,A,A,H,-,A,D,0,NA,NA,NA,NA,Y,NA,-,NA,0,1,0,0,0,0,0,0,0,-,-,NA,NA,LOS ANGELES,PASADENA,-118.119258,34.173697
8731870,2018,2018-11-20,1942,2018-09-26,1800,39586,0849,3,5,7,1942,0,0,0,H,0,8A98,ROBERTSON BL,CHALMERS DR,100,S,N,A,-,N,NA,NA,NA,NA,NA,NA,NA,NA,NA,N,4,0,1,2,A,-,17,21200,NA,N,D,C,A,A,H,-,A,D,0,NA,NA,Y,NA,Y,NA,C,03,0,0,1,0,0,0,0,0,1,-,-,NA,NA,LOS ANGELES,LOS ANGELES,-118.38359832763672,34.060646057128906
8731872,2018,2018-11-20,1900,2018-10-10,0708,600696,2825,3,5,5,1915,0,0,0,NA,0,28271,ROSECRANS AV,GIBSON ST,0,NA,Y,A,-,N,NA,NA,NA,NA,NA,NA,NA,NA,NA,Y,3,0,1,2,A,-,09,21804,A,N,D,C,A,A,H,-,A,A,0,NA,NA,NA,NA,Y,NA,A,01,0,1,0,0,0,0,0,0,0,-,-,NA,NA,LOS ANGELES,COMPTON,-118.18955993652344,33.90367126464844
8731874,2018,2018-11-20,1942,2018-07-26,1200,42451,0833,4,5,7,1942,0,0,0,H,0,8A29,MIDVALE AV,WELLWORTH AV,85,N,N,A,-,N,NA,NA,NA,NA,NA,NA,NA,NA,NA,N,4,0,1,2,A,-,11,21954,A,N,B,B,E,A,H,-,A,D,0,Y,NA,Y,NA,Y,NA,N,60,0,0,1,0,1,0,0,0,0,-,-,NA,NA,LOS ANGELES,LOS ANGELES,-118.44464874267578,34.056800842285156
8731875,2018,2018-11-20,1942,2018-09-11,2210,41972,0377,2,5,7,1942,0,0,0,C,0,3A41,W 39TH PL,W 39TH PL 1287,0,NA,N,A,-,N,NA,NA,NA,NA,NA,NA,NA,NA,NA,N,2,0,1,2,A,-,03,22350,NA,F,G,B,F,A,H,-,C,D,0,Y,NA,NA,NA,Y,NA,-,99,1,0,0,0,1,0,0,0,0,-,-,NA,NA,LOS ANGELES,LOS ANGELES,-118.299891,34.014148
8731876,2018,2018-11-20,1900,2018-09-28,0442,546540,2826,5,5,5,1915,0,0,0,NA,0,281T1,COMPTON BL,BULLIS RD,0,NA,N,B,-,N,NA,NA,NA,NA,NA,NA,NA,NA,NA,N,4,0,1,2,A,-,12,21453,A,N,D,D,A,A,H,-,C,A,0,NA,NA,NA,NA,Y,NA,A,01,0,0,1,0,0,0,0,0,0,-,-,NA,NA,LOS ANGELES,COMPTON,-118.20659637451172,33.896018981933594
8731878,2018,2018-11-20,1942,2018-09-02,1000,42879,NA,7,5,7,1942,0,0,0,NA,0,8A35,ROBERTSON BL,CASHIO,0,NA,N,A,-,N,NA,NA,NA,NA,NA,NA,NA,NA,NA,Y,4,0,1,2,A,-,07,21658,A,N,B,C,A,A,H,-,A,A,0,NA,NA,NA,NA,Y,NA,A,01,0,0,1,0,0,0,0,0,0,-,-,NA,NA,LOS ANGELES,LOS ANGELES,-118.38413238525392,34.05220031738281
8731883,2018,2018-11-15,1942,2018-10-17,1600,42755,NA,3,5,7,1942,0,0,0,NA,0,19A75,VESPER AV,CHASE ST,0,NA,Y,A,-,N,NA,NA,NA,NA,NA,NA,NA,NA,NA,N,3,0,1,2,A,-,10,21950,NA,N,G,B,B,A,H,-,A,A,0,Y,NA,NA,NA,Y,NA,A,01,0,1,0,0,1,0,0,0,0,-,-,NA,NA,LOS ANGELES,LOS ANGELES,-118.4503173828125,34.22473907470703
8731884,2018,2018-11-28,1942,2018-09-13,0730,40279,1535,4,5,7,1942,0,0,0,O,0,15A39,BURBANK,TROOST AV,0,NA,-,A,-,N,NA,NA,NA,NA,NA,NA,NA,NA,NA,Y,3,0,2,2,A,-,12,21453,A,N,B,C,A,A,H,-,B,A,0,NA,NA,NA,NA,Y,NA,A,07,0,2,0,0,0,0,0,0,0,-,-,NA,NA,LOS ANGELES,LOS ANGELES,-118.38661956787108,34.172149658203125
8731892,2018,2018-11-14,1942,2018-09-11,1115,42658,15,2,5,7,1942,0,0,0,O,0,15X32,VINELAND AV,VANOWEN ST,600,N,N,A,-,N,NA,NA,NA,NA,NA,NA,NA,NA,NA,N,4,0,2,2,A,-,09,21804,A,N,A,C,A,A,H,-,A,D,0,NA,NA,NA,NA,Y,NA,A,01,0,0,2,0,0,0,0,0,0,-,-,NA,NA,LOS ANGELES,LOS ANGELES,-118.37032318115234,34.195594787597656
8731893,2018,2018-11-13,1900,2018-10-09,1608,629461,1123,2,5,6,1992,0,0,0,NA,0,111T1,10TH ST,AVENUE J,139,S,N,A,-,N,NA,NA,NA,NA,NA,NA,NA,NA,NA,N,4,0,1,2,A,-,03,22350,NA,N,C,C,A,A,H,-,A,A,0,NA,NA,NA,NA,Y,NA,A,07,0,0,1,0,0,0,0,0,0,-,-,NA,NA,LOS ANGELES,LANCASTER,-118.14801788330078,34.68906784057617
8731896,2018,2018-11-14,1942,2018-09-17,1510,42658,1543,1,5,7,1942,0,0,0,O,0,15X32,WILKINSON AV,CHANDLER BL,105,S,N,A,-,N,NA,NA,NA,NA,NA,NA,NA,NA,NA,N,3,0,1,2,A,-,09,21804,A,N,H,G,A,A,H,-,A,D,0,NA,Y,NA,NA,Y,NA,L,04,0,1,0,0,0,0,1,0,0,-,-,NA,NA,LOS ANGELES,LOS ANGELES,-118.40415191650392,34.1680908203125
8731897,2018,2018-11-13,1972,2018-08-30,1826,18450,NA,4,5,6,1972,0,0,0,NA,0,NA,VAN NESS AV,166TH PL,0,NA,Y,A,-,N,NA,NA,NA,NA,NA,NA,NA,NA,NA,Y,4,0,1,3,A,-,09,21801,A,N,D,C,A,A,H,-,A,A,0,NA,NA,NA,NA,Y,NA,A,NA,0,0,1,0,0,0,0,0,0,-,-,NA,NA,LOS ANGELES,TORRANCE,-118.31786346435548,33.87849044799805
8731898,2018,2018-11-19,1942,2018-10-11,1005,43365,1015,4,5,7,1942,0,0,0,J,0,10A3,SATICOY ST,BALCOM AV,0,NA,-,A,-,N,NA,NA,NA,NA,NA,NA,NA,NA,NA,Y,4,0,1,2,A,-,03,22349,A,N,C,C,A,A,H,-,C,D,0,NA,NA,NA,NA,Y,NA,-,NA,0,0,1,0,0,0,0,0,0,-,-,NA,NA,LOS ANGELES,LOS ANGELES,-118.52081298828124,34.20840072631836
8731900,2018,2018-11-14,1942,2018-04-01,1510,41668,1557,7,5,7,1942,0,0,0,O,0,15A67,MAGNOLIA BL,CARTWRIGHT AV,0,NA,Y,A,-,N,NA,NA,NA,NA,NA,NA,NA,NA,NA,N,3,0,1,2,A,-,11,21954,A,N,A,B,E,A,H,-,A,D,0,Y,NA,NA,NA,Y,Y,N,60,0,1,0,0,1,0,0,0,0,-,-,NA,NA,LOS ANGELES,LOS ANGELES,-118.36370849609376,34.16490173339844
8731901,2018,2018-11-13,1972,2018-08-08,1338,19767,NA,3,5,6,1972,0,0,0,NA,0,NA,TORRANCE BL,HAWTHORN BL,100,W,N,A,-,N,NA,NA,NA,NA,NA,NA,NA,NA,NA,Y,4,0,1,2,A,-,03,22350,NA,N,C,C,A,A,H,-,A,D,0,NA,NA,NA,NA,Y,NA,-,NA,0,0,1,0,0,0,0,0,0,-,-,NA,NA,LOS ANGELES,TORRANCE,-118.354105,33.837558
8731902,2018,2018-11-15,1942,2018-10-21,1020,40129,1025,7,5,7,1942,0,0,0,J,0,10A39,SHERMAN WAY,SHERMAN WAY 18400,0,NA,-,A,-,N,NA,NA,NA,NA,NA,NA,NA,NA,NA,N,3,0,1,2,A,-,08,22107,NA,N,D,G,A,A,H,-,A,D,0,NA,Y,NA,NA,Y,NA,A,01,0,1,0,0,0,0,1,0,0,-,-,NA,NA,LOS ANGELES,LOS ANGELES,NA,NA
8731905,2018,2018-11-13,1972,2018-08-11,0803,19838,NA,6,5,6,1972,0,0,0,NA,0,NA,CRENSHAW,182ND ST,15,N,N,A,-,N,NA,NA,NA,NA,NA,NA,NA,NA,NA,Y,3,0,1,2,A,-,08,22107,NA,N,F,C,A,A,H,-,A,A,0,NA,NA,NA,NA,Y,NA,A,NA,0,1,0,0,0,0,0,0,0,-,-,NA,NA,LOS ANGELES,TORRANCE,-118.32646942138672,33.86561965942383
8731906,2018,2018-11-15,1942,2018-10-18,1105,43365,1004,4,5,7,1942,0,0,0,J,0,10A3,RESEDA BL,KESWICK ST,0,NA,-,A,-,N,NA,NA,NA,NA,NA,NA,NA,NA,NA,Y,4,0,1,4,A,-,03,22349,A,N,B,E,A,A,H,-,C,D,0,NA,NA,NA,NA,Y,NA,A,01,0,0,1,0,0,0,0,0,0,-,-,NA,NA,LOS ANGELES,LOS ANGELES,-118.53605651855467,34.210208892822266
8731910,2018,2018-11-15,1942,2018-10-10,1700,38078,1521,3,5,7,1942,0,0,0,O,0,15A33,SHERMAN WAY,VARNA AV,240,W,N,A,-,N,NA,NA,NA,NA,NA,NA,NA,NA,NA,N,4,0,1,2,A,-,07,21658,A,N,B,C,A,A,H,-,A,D,0,NA,NA,NA,NA,Y,NA,A,01,0,0,1,0,0,0,0,0,0,-,-,NA,NA,LOS ANGELES,LOS ANGELES,-118.42552947998048,34.20119857788086
8731914,2018,2018-11-15,1942,2018-10-17,0100,39868,NA,3,5,7,1942,0,0,0,NA,0,15A33,RIVERSIDE DR,VINELAND AV,300,E,N,C,-,N,NA,NA,NA,NA,NA,NA,NA,NA,NA,N,3,0,1,2,A,-,03,22350,NA,N,C,C,A,B,H,-,D,D,0,NA,NA,NA,NA,Y,NA,A,01,0,1,0,0,0,0,0,0,0,-,-,NA,NA,LOS ANGELES,LOS ANGELES,-118.36935424804688,34.152278900146484
8731918,2018,2018-11-15,1942,2018-10-15,0050,33223,1586,1,5,7,1942,0,0,0,O,0,15A67,LANKERSHIM BL,UNIVERSAL HOLLYWOOD DR,24,S,N,A,-,N,NA,NA,NA,NA,NA,NA,NA,NA,NA,Y,4,0,2,2,A,-,12,21453,A,N,D,C,A,A,H,-,C,A,0,NA,NA,NA,NA,Y,NA,A,01,0,0,2,0,0,0,0,0,0,-,-,NA,NA,LOS ANGELES,LOS ANGELES,-118.36221313476564,34.13893127441406
8731949,2018,2018-11-14,1900,2018-10-23,0830,403161,1415,2,5,1,1932,0,0,0,NA,0,141T2,AZUSA AV,HURLEY ST,0,NA,Y,A,-,N,NA,NA,NA,NA,NA,NA,NA,NA,NA,Y,3,0,1,3,A,-,05,21651,A,N,B,C,A,A,H,-,A,A,0,NA,NA,NA,NA,Y,NA,A,01,0,1,0,0,0,0,0,0,0,-,-,34.01116943359375,-117.923828125,LOS ANGELES,INDUSTRY,-117.923828125,34.01128005981445
8731961,2018,2018-11-19,1910,2018-10-16,1958,04838,NA,2,5,4,1910,0,0,0,NA,0,005,N BEVERLY DR N,S SANTA MONICA,246,S,N,A,-,N,NA,NA,NA,NA,NA,NA,NA,NA,NA,Y,4,0,2,2,A,-,08,22107,NA,N,B,C,A,-,H,-,C,D,0,NA,NA,NA,NA,Y,NA,A,01,0,0,2,0,0,0,0,0,0,-,-,34.070770263671875,-118.40274810791016,LOS ANGELES,BEVERLY HILLS,-118.4027862548828,34.07077407836914
8731966,2018,2018-11-19,1942,2018-10-15,0955,39440,1023,1,5,7,1942,0,0,0,J,0,10A3,TAMPA AV,SHERMAN WY,0,NA,Y,A,-,N,NA,NA,NA,NA,NA,NA,NA,NA,NA,Y,4,0,1,2,A,-,04,21703,NA,N,C,C,A,A,H,-,A,D,0,NA,NA,NA,NA,Y,NA,A,01,0,0,1,0,0,0,0,0,0,-,-,NA,NA,LOS ANGELES,LOS ANGELES,-118.553466796875,34.2011604309082
8731968,2018,2018-11-19,1942,2018-09-27,1730,41048,1822,4,5,7,1942,0,0,0,R,0,18A49,FIGUEROA,95TH ST,0,NA,Y,A,-,N,NA,NA,NA,NA,NA,NA,NA,NA,NA,N,4,0,1,2,A,-,12,22450,NA,F,D,C,A,A,-,-,A,D,0,NA,NA,NA,NA,Y,NA,-,99,0,0,1,0,0,0,0,0,0,-,-,NA,NA,LOS ANGELES,LOS ANGELES,-118.28272247314452,33.95008850097656
8731973,2018,2018-11-20,1910,2018-09-18,1352,03494,NA,2,5,4,1910,0,0,0,NA,0,006,SUNSET BL,ALPINE DR,8,W,N,A,-,N,NA,NA,NA,NA,NA,NA,NA,NA,NA,Y,4,0,1,2,A,-,03,22350,NA,N,C,C,A,A,H,-,A,A,0,NA,NA,NA,NA,Y,NA,A,01,0,0,1,0,0,0,0,0,0,-,-,NA,NA,LOS ANGELES,BEVERLY HILLS,-118.40802001953124,34.08528518676758
8731974,2018,2018-11-20,1955,2018-08-30,0655,42414,NA,4,5,6,1955,0,0,0,NA,0,004,9TH ST,RESERVOIR ST,0,NA,Y,A,-,N,NA,NA,NA,NA,NA,NA,NA,NA,NA,Y,4,0,1,2,A,-,09,21801,A,N,-,C,A,A,H,-,A,A,0,NA,NA,NA,NA,Y,NA,A,01,0,0,1,0,0,0,0,0,0,-,-,NA,NA,LOS ANGELES,POMONA,-117.73248291015624,34.0518684387207