CASE_ID,ACCIDENT_YEAR,PROC_DATE,JURIS,COLLISION_DATE,COLLISION_TIME,OFFICER_ID,REPORTING_DISTRICT,DAY_OF_WEEK,CHP_SHIFT,POPULATION,CNTY_CITY_LOC,SPECIAL_COND,BEAT_TYPE,CHP_BEAT_TYPE,CITY_DIVISION_LAPD,CHP_BEAT_CLASS,BEAT_NUMBER,PRIMARY_RD,SECONDARY_RD,DISTANCE,DIRECTION,INTERSECTION,WEATHER_1,WEATHER_2,STATE_HWY_IND,CALTRANS_COUNTY,CALTRANS_DISTRICT,STATE_ROUTE,ROUTE_SUFFIX,POSTMILE_PREFIX,POSTMILE,LOCATION_TYPE,RAMP_INTERSECTION,SIDE_OF_HWY,TOW_AWAY,COLLISION_SEVERITY,NUMBER_KILLED,NUMBER_INJURED,PARTY_COUNT,PRIMARY_COLL_FACTOR,PCF_CODE_OF_VIOL,PCF_VIOL_CATEGORY,PCF_VIOLATION,PCF_VIOL_SUBSECTION,HIT_AND_RUN,TYPE_OF_COLLISION,MVIW,PED_ACTION,ROAD_SURFACE,ROAD_COND_1,ROAD_COND_2,LIGHTING,CONTROL_DEVICE,CHP_ROAD_TYPE,PEDESTRIAN_ACCIDENT,BICYCLE_ACCIDENT,MOTORCYCLE_ACCIDENT,TRUCK_ACCIDENT,NOT_PRIVATE_PROPERTY,ALCOHOL_INVOLVED,STWD_VEHTYPE_AT_FAULT,CHP_VEHTYPE_AT_FAULT,COUNT_SEVERE_INJ,COUNT_VISIBLE_INJ,COUNT_COMPLAINT_PAIN,COUNT_PED_KILLED,COUNT_PED_INJURED,COUNT_BICYCLIST_KILLED,COUNT_BICYCLIST_INJURED,COUNT_MC_KILLED,COUNT_MC_INJURED,PRIMARY_RAMP,SECONDARY_RAMP,LATITUDE,LONGITUDE,COUNTY,CITY,POINT_X,POINT_Y
8735900,2019,2019-04-19,1942,2019-03-22,0730,32268,1972,5,5,7,1942,0,0,0,NA,0,19A61,NORDHOFF ST,NOBLE AV,200,W,N,A,-,N,NA,NA,NA,NA,NA,NA,NA,NA,NA,N,3,0,2,2,A,-,03,22350,NA,N,C,C,A,A,H,-,A,D,0,NA,NA,NA,NA,Y,NA,A,01,0,2,0,0,0,0,0,0,0,-,-,NA,NA,LOS ANGELES,LOS ANGELES,-118.46163177490234,34.23548889160156
8735904,2019,2019-04-19,1942,2019-03-21,2000,42309,1994,4,5,7,1942,0,0,0,NA,0,19A93,ROSCOE BL,KESTER AV,100,E,N,B,-,N,NA,NA,NA,NA,NA,NA,NA,NA,NA,Y,4,0,1,3,A,-,03,22350,NA,N,A,E,A,-,H,-,C,D,0,NA,NA,NA,NA,Y,NA,A,07,0,0,1,0,0,0,0,0,0,-,-,NA,NA,LOS ANGELES,LOS ANGELES,-118.45713043212892,34.22148132324219
8735908,2019,2019-04-12,1942,2019-03-19,1135,41158,1964,2,5,7,1942,0,0,0,NA,0,19A75,VAN NUYS BL,PLUMMER ST,0,NA,Y,A,-,N,NA,NA,NA,NA,NA,NA,NA,NA,NA,Y,3,0,1,2,A,-,12,21453,A,N,D,C,A,A,H,-,A,A,0,NA,NA,NA,NA,Y,NA,D,22,0,1,0,0,0,0,0,0,0,-,-,NA,NA,LOS ANGELES,LOS ANGELES,-118.45023345947266,34.242679595947266
8735910,2019,2019-04-09,1900,2019-03-09,1545,623581,2607,6,5,6,1950,0,0,0,NA,0,263K,4TH ST EAST,AVENUE R,0,NA,Y,A,-,N,NA,NA,NA,NA,NA,NA,NA,NA,NA,Y,4,0,2,2,A,-,01,23152,A,M,C,C,A,A,H,-,A,D,0,NA,NA,NA,NA,Y,Y,A,01,0,0,2,0,0,0,0,0,0,-,-,NA,NA,LOS ANGELES,PALMDALE,-118.05821990966795,34.573211669921875
8735912,2019,2019-04-30,1942,2019-03-24,1955,33504,1963,7,5,7,1942,0,0,0,NA,0,19A75,FILMORE ST,WOODMAN AV,0,NA,Y,A,-,N,NA,NA,NA,NA,NA,NA,NA,NA,NA,Y,4,0,3,4,A,-,12,21453,A,N,D,C,A,A,H,-,C,A,0,NA,NA,NA,NA,Y,NA,A,01,0,0,3,0,0,0,0,0,0,-,-,NA,NA,LOS ANGELES,LOS ANGELES,-118.4505615234375,34.25065994262695
8735916,2019,2019-04-12,1942,2019-03-22,1250,37686,1916,5,5,7,1942,0,0,0,NA,0,19A7,DRONFIELD AV,HERRON ST,15,W,N,A,-,N,NA,NA,NA,NA,NA,NA,NA,NA,NA,N,4,0,2,3,A,-,09,21802,A,N,D,C,A,A,H,-,A,A,0,NA,NA,NA,NA,Y,NA,A,01,0,0,2,0,0,0,0,0,0,-,-,NA,NA,LOS ANGELES,LOS ANGELES,-118.43564605712892,34.30658721923828
8735920,2019,2019-04-12,1942,2019-03-20,0800,42460,1981,3,5,7,1942,0,0,0,NA,0,19A61,SEPULVEDA BL,CHASE ST,0,NA,Y,A,-,N,NA,NA,NA,NA,NA,NA,NA,NA,NA,N,4,0,2,3,A,-,12,21453,A,N,D,C,A,B,H,-,A,A,0,NA,NA,NA,Y,Y,NA,A,08,0,0,2,0,0,0,0,0,0,-,-,NA,NA,LOS ANGELES,LOS ANGELES,-118.46771240234376,34.2246208190918
8735922,2019,2019-04-03,1942,2019-03-20,1830,41210,1409,3,5,7,1942,0,0,0,N,0,6T7,EXPOSITION BL,CANFIELD AV,80,E,N,A,-,N,NA,NA,NA,NA,NA,NA,NA,NA,NA,N,4,0,1,2,A,-,21,22106,NA,F,H,E,A,A,H,-,A,D,0,NA,NA,NA,NA,Y,NA,-,99,0,0,1,0,0,0,0,0,0,-,-,NA,NA,LOS ANGELES,LOS ANGELES,-118.3956298828125,34.02836990356445
8735923,2019,2019-04-04,1900,2019-03-18,1330,621711,0617,1,5,6,1985,0,0,0,NA,0,61T1,SOLEDAD CANYON RD,RUETHER AV,0,NA,Y,A,-,N,NA,NA,NA,NA,NA,NA,NA,NA,NA,Y,3,0,2,5,A,-,12,21453,A,N,A,C,A,A,H,-,A,-,0,NA,NA,NA,NA,Y,NA,A,07,0,1,1,0,0,0,0,0,0,-,-,34.42066955566406,-118.49844360351564,LOS ANGELES,SANTA CLARITA,-118.49846649169922,34.42081069946289
8735926,2019,2019-04-03,1942,2019-03-09,1535,43099,0753,6,5,7,1942,0,0,0,G,0,7A17,S FAIRFAX AV,PACKARD ST,100,N,N,A,-,N,NA,NA,NA,NA,NA,NA,NA,NA,NA,Y,4,0,1,2,A,-,03,22350,NA,N,D,C,A,A,H,-,A,D,0,NA,NA,Y,NA,Y,NA,C,02,0,0,1,0,0,0,0,0,0,-,-,NA,NA,LOS ANGELES,LOS ANGELES,-118.36592864990234,34.05365753173828
8735927,2019,2019-04-04,1900,2019-03-20,1445,601786,0648,3,5,6,1985,0,0,0,NA,0,64T1,COPPER HILL DR,DECORO DR,30,S,N,B,-,N,NA,NA,NA,NA,NA,NA,NA,NA,NA,Y,4,0,2,2,A,-,12,21453,A,N,D,C,A,A,H,-,A,A,0,NA,NA,NA,NA,Y,NA,A,01,0,0,2,0,0,0,0,0,0,-,-,34.44744873046875,-118.56846618652344,LOS ANGELES,SANTA CLARITA,-118.56851959228516,34.447486877441406
8735930,2019,2019-04-15,1942,2019-03-18,2015,42988,0743,1,5,7,1942,0,0,0,G,0,7A1,FAIRFAX AV,WILSHIRE AV,0,NA,Y,A,-,N,NA,NA,NA,NA,NA,NA,NA,NA,NA,Y,4,0,3,3,A,-,12,21453,A,N,B,C,A,A,H,-,C,A,0,NA,NA,NA,NA,Y,NA,A,01,0,0,3,0,0,0,0,0,0,-,-,NA,NA,LOS ANGELES,LOS ANGELES,-118.36139678955078,34.06296920776367
8735931,2019,2019-04-04,1900,2019-03-21,0725,S08705,0642,4,5,6,1985,0,0,0,NA,0,64T1,MCBEAN PKWY,DECORO DR,13,N,N,C,-,N,NA,NA,NA,NA,NA,NA,NA,NA,NA,N,3,0,1,2,A,-,09,21453,B,N,D,G,A,B,H,-,A,-,0,NA,Y,NA,NA,Y,NA,A,07,0,1,0,0,0,0,1,0,0,-,-,34.444400787353516,-118.55359649658205,LOS ANGELES,SANTA CLARITA,-118.55352020263672,34.44427490234375
8735934,2019,2019-04-15,1942,2019-03-18,1645,40849,0765,1,5,7,1942,0,0,0,G,0,NA,TREMAINE AV,SAN VICENTE BL,0,NA,Y,A,-,N,NA,NA,NA,NA,NA,NA,NA,NA,NA,Y,4,0,1,2,A,-,09,21800,A,N,D,C,A,A,H,-,A,D,0,NA,NA,NA,NA,Y,Y,A,01,0,0,1,0,0,0,0,0,0,-,-,NA,NA,LOS ANGELES,LOS ANGELES,-118.34073638916016,34.048851013183594
8735936,2019,2019-04-04,1924,2019-03-17,1840,80431,36,7,5,5,1924,0,0,0,NA,0,8T3,162ND ST,SAINT ANDREWS PL,26,E,N,A,-,N,NA,NA,NA,NA,NA,NA,NA,NA,NA,Y,3,0,1,1,A,-,01,23152,A,N,E,I,A,A,H,-,A,D,0,NA,NA,NA,NA,Y,Y,A,07,0,1,0,0,0,0,0,0,0,-,-,33.88373947143555,-118.31160736083984,LOS ANGELES,GARDENA,-118.31157684326172,33.88376998901367
8735937,2019,2019-04-15,1942,2019-03-22,0740,41554,LOS A,5,5,7,1942,0,0,0,NA,0,0397,VERNON,BRIGHTON,40,W,N,A,-,N,NA,NA,NA,NA,NA,NA,NA,NA,NA,Y,3,0,2,2,A,-,04,21703,NA,N,C,C,A,A,H,-,A,D,0,NA,NA,NA,NA,Y,NA,A,01,0,1,1,0,0,0,0,0,0,-,-,NA,NA,LOS ANGELES,LOS ANGELES,-118.30142211914064,34.00368881225586
8735938,2019,2019-04-03,1942,2019-03-07,2125,38476,0701,4,5,7,1942,0,0,0,G,0,7A85,MELROSE AV,CRESCENT HEIGHTS BL,0,NA,Y,A,-,N,NA,NA,NA,NA,NA,NA,NA,NA,NA,N,4,0,1,2,A,-,09,21800,B,N,D,C,A,A,H,-,C,B,0,NA,NA,NA,NA,Y,NA,-,NA,0,0,1,0,0,0,0,0,0,-,-,NA,NA,LOS ANGELES,LOS ANGELES,-118.36591339111328,34.083740234375
8735940,2019,2019-04-04,1924,2019-03-17,1726,80403,G34,7,5,5,1924,0,0,0,NA,0,8L1S,REDONDO BEACH BL,DENKER AV,0,NA,Y,A,-,N,NA,NA,NA,NA,NA,NA,NA,NA,NA,N,4,0,2,2,A,-,12,21453,A,N,D,C,A,A,H,-,A,A,0,NA,NA,NA,NA,Y,NA,A,01,0,0,2,0,0,0,0,0,0,-,-,33.889930725097656,-118.30477142333984,LOS ANGELES,GARDENA,-118.3047103881836,33.889949798583984
8735941,2019,2019-04-15,1942,2019-03-25,0135,42969,0333,1,5,7,1942,0,0,0,C,0,12X52,CRENSHAW BL,30TH ST,0,NA,N,A,-,N,NA,NA,NA,NA,NA,NA,NA,NA,NA,Y,4,0,1,2,A,-,08,22107,NA,N,B,C,A,A,H,-,C,D,0,NA,NA,NA,NA,Y,NA,A,01,0,0,1,0,0,0,0,0,0,-,-,NA,NA,LOS ANGELES,LOS ANGELES,-118.33509826660156,34.027618408203125
8735942,2019,2019-04-03,1942,2019-03-18,0735,34959,0742,1,5,7,1942,0,0,0,G,0,7A21,WILSHIRE BL,LA JOLLA AV,0,NA,Y,A,-,N,NA,NA,NA,NA,NA,NA,NA,NA,NA,Y,4,0,1,2,A,-,09,21801,A,N,D,C,A,A,H,-,A,D,0,NA,NA,NA,NA,Y,NA,A,01,0,0,1,0,0,0,0,0,0,-,-,NA,NA,LOS ANGELES,LOS ANGELES,-118.36830139160156,34.06373977661133
8735944,2019,2019-04-04,1924,2019-03-15,1753,80382,G24,5,5,5,1924,0,0,0,NA,0,8METRO,WESTERN AV,144TH ST,58,N,N,A,-,N,NA,NA,NA,NA,NA,NA,NA,NA,NA,N,4,0,1,2,A,-,05,21650,1,N,D,G,A,A,H,-,A,D,0,NA,Y,NA,NA,Y,NA,L,04,0,0,1,0,0,0,1,0,0,-,-,33.9010009765625,-118.30915069580078,LOS ANGELES,GARDENA,-118.30914306640624,33.90114974975586
8735945,2019,2019-04-03,1942,2019-03-25,0755,37146,0396,1,5,7,1942,0,0,0,C,0,25EL1,VERNON AV,VERMONT AV,100,W,N,A,-,N,NA,NA,NA,NA,NA,NA,NA,NA,NA,N,4,0,1,2,A,-,11,21956,A,N,G,B,D,A,H,-,A,A,0,Y,NA,NA,NA,Y,NA,N,60,0,0,1,0,1,0,0,0,0,-,-,NA,NA,LOS ANGELES,LOS ANGELES,-118.29190063476564,34.00368118286133
8735946,2019,2019-04-03,1942,2019-03-23,1210,37966,0763,6,5,7,1942,0,0,0,G,0,7A53,SATURN ST,GENESEE AV,16,E,N,B,-,N,NA,NA,NA,NA,NA,NA,NA,NA,NA,Y,2,0,1,1,A,-,03,22350,NA,N,E,I,A,A,H,-,A,A,0,NA,NA,NA,NA,Y,NA,A,01,1,0,0,0,0,0,0,0,0,-,-,NA,NA,LOS ANGELES,LOS ANGELES,-118.36397552490234,34.04907989501953
8735948,2019,2019-04-04,1924,2019-03-10,0003,80439,G46,7,5,5,1924,0,0,0,NA,0,0G5,REDONDO BEACH BL,BUDLONG AV,0,NA,Y,A,-,N,NA,NA,NA,NA,NA,NA,NA,NA,NA,Y,4,0,2,2,A,-,01,23152,A,N,D,C,A,A,H,-,C,A,0,NA,NA,NA,NA,Y,Y,A,07,0,0,2,0,0,0,0,0,0,-,-,33.89234924316406,-118.29620361328124,LOS ANGELES,GARDENA,-118.29608917236328,33.89234924316406
8735949,2019,2019-04-15,1942,2019-03-24,1810,43252,0334,7,5,7,1942,0,0,0,C,0,3A62,JEFFERSON BL,10TH AV,0,NA,Y,A,-,N,NA,NA,NA,NA,NA,NA,NA,NA,NA,Y,4,0,1,2,A,-,12,21453,A,N,D,C,A,A,H,-,B,A,0,NA,NA,NA,NA,Y,NA,-,-,0,0,1,0,0,0,0,0,0,-,-,NA,NA,LOS ANGELES,LOS ANGELES,-118.3282470703125,34.02560043334961
8735950,2019,2019-04-03,1942,2019-03-02,1620,42919,0737,6,5,7,1942,0,0,0,G,0,7A69,3RD ST,HIGHLAND AV,0,NA,Y,C,-,N,NA,NA,NA,NA,NA,NA,NA,NA,NA,NA,4,0,1,2,A,-,09,21801,A,N,E,-,A,B,H,-,A,A,0,NA,NA,NA,NA,Y,NA,A,01,0,0,1,0,0,0,0,0,0,-,-,NA,NA,LOS ANGELES,LOS ANGELES,-118.33863830566406,34.06890869140625
8735952,2019,2019-04-04,1924,2019-03-08,2124,80455,G43,5,5,5,1924,0,0,0,NA,0,8A5M,NORMANDIE AV,170TH ST,147,N,N,A,-,N,NA,NA,NA,NA,NA,NA,NA,NA,NA,N,4,0,1,2,A,-,08,22107,NA,N,G,B,E,A,H,-,C,D,0,Y,NA,NA,NA,Y,NA,A,01,0,0,1,0,1,0,0,0,0,-,-,33.87648010253906,-118.29937744140624,LOS ANGELES,GARDENA,-118.29949188232422,33.87690353393555
8735953,2019,2019-04-03,1942,2019-03-23,1725,42431,0313,6,5,7,1942,0,0,0,C,0,3A34,CRENSHAW BL,28TH ST,0,NA,Y,A,-,N,NA,NA,NA,NA,NA,NA,NA,NA,NA,N,4,0,1,2,A,-,00,21954,NA,N,-,B,C,A,H,-,A,A,0,Y,NA,NA,NA,Y,NA,A,01,0,0,1,0,1,0,0,0,0,-,-,NA,NA,LOS ANGELES,LOS ANGELES,-118.33512115478516,34.031131744384766
8735954,2019,2019-04-15,1942,2019-03-06,1700,40849,1942,3,5,7,1942,0,0,0,NA,0,7A76,ALTA VISTA BL,WARING AV,0,NA,Y,C,-,N,NA,NA,NA,NA,NA,NA,NA,NA,NA,N,4,0,1,2,A,-,10,21950,C,N,A,B,B,B,H,-,A,D,0,Y,NA,NA,NA,Y,Y,A,01,0,0,1,0,1,0,0,0,0,-,-,NA,NA,LOS ANGELES,LOS ANGELES,-118.3474578857422,34.085269927978516
8735956,2019,2019-04-04,1924,2019-03-08,0112,80457,G31,5,5,5,1924,0,0,0,NA,0,0G3,154TH ST,WILTON PL,0,NA,Y,A,-,N,NA,NA,NA,NA,NA,NA,NA,NA,NA,Y,3,0,1,2,A,-,08,22107,NA,N,C,E,A,A,H,-,C,D,0,NA,NA,NA,NA,Y,NA,A,01,0,1,0,0,0,0,0,0,0,-,-,33.89194869995117,-118.31436920166016,LOS ANGELES,GARDENA,-118.31439971923828,33.89191818237305
8735957,2019,2019-05-14,1942,2019-03-23,1715,38604,396,6,5,7,1942,0,0,0,NA,0,3A41,VERMONT,43RD ST,0,NA,-,A,-,N,NA,NA,NA,NA,NA,NA,NA,NA,NA,N,4,0,1,2,A,-,08,22107,NA,F,B,C,A,A,H,-,A,D,0,NA,NA,NA,NA,Y,NA,-,99,0,0,1,0,0,0,0,0,0,-,-,NA,NA,LOS ANGELES,LOS ANGELES,-118.2915496826172,34.005470275878906
8735958,2019,2019-04-04,1900,2019-03-02,2225,615165,0621,6,5,6,1985,0,0,0,NA,0,62T1,VALENCIA BL,MCBEAN PKWY,0,NA,Y,B,-,N,NA,NA,NA,NA,NA,NA,NA,NA,NA,Y,4,0,2,3,A,-,01,23152,A,N,D,C,A,B,H,-,C,A,0,NA,NA,NA,NA,Y,Y,A,07,0,0,2,0,0,0,0,0,0,-,-,34.41320037841797,-118.56009674072266,LOS ANGELES,SANTA CLARITA,-118.55998992919922,34.41326141357422
8735960,2019,2019-04-04,1924,2019-03-07,1421,80458,27,4,5,5,1924,0,0,0,NA,0,8B6,VERMONT AV,146TH ST,11,N,N,A,-,N,NA,NA,NA,NA,NA,NA,NA,NA,NA,N,4,0,2,2,A,-,08,22107,NA,N,B,C,A,A,H,-,A,D,0,NA,NA,NA,NA,Y,NA,A,01,0,0,2,0,0,0,0,0,0,-,-,NA,NA,LOS ANGELES,GARDENA,-118.29196166992188,33.89971923828125
8735961,2019,2019-04-03,1942,2019-03-18,2345,33757,1488,1,5,7,1942,0,0,0,N,0,14A87,BELLANCA AV,ARBOR VITAE ST,200,N,N,A,-,N,NA,NA,NA,NA,NA,NA,NA,NA,NA,N,4,0,1,2,A,-,03,22350,NA,N,G,B,E,A,H,-,C,D,0,Y,NA,NA,NA,Y,NA,A,01,0,0,1,0,1,0,0,0,0,-,-,NA,NA,LOS ANGELES,LOS ANGELES,-118.38053131103516,33.95322799682617
8735962,2019,2019-04-03,1900,2019-03-06,1550,437456,0610,3,5,6,1985,0,0,0,NA,0,61T1,SOLEDAD CANYON RD,GOLDEN OAK RD,400,E,N,B,-,N,NA,NA,NA,NA,NA,NA,NA,NA,NA,Y,4,0,2,3,A,-,04,21703,NA,N,C,C,A,A,H,-,A,D,0,NA,NA,NA,NA,Y,NA,A,01,0,0,2,0,0,0,0,0,0,-,-,34.41693878173828,-118.5119171142578,LOS ANGELES,SANTA CLARITA,-118.51204681396484,34.41685104370117
8735964,2019,2019-04-04,1924,2019-03-01,0726,80434,G9,5,5,5,1924,0,0,0,NA,0,0G2,135TH ST,HALLDALE AV,0,W,N,B,-,N,NA,NA,NA,NA,NA,NA,NA,NA,NA,Y,3,0,1,3,C,-,18,NA,NA,N,A,E,A,A,H,-,A,D,0,NA,NA,NA,NA,Y,NA,-,-,0,1,0,0,0,0,0,0,0,-,-,33.9091682434082,-118.30233001708984,LOS ANGELES,GARDENA,-118.30236053466795,33.9091682434082
8735965,2019,2019-04-03,1942,2019-03-23,0700,37966,1474,6,5,7,1942,0,0,0,N,0,14A73,LINCOLN BL,W 3RD ST,0,NA,Y,B,-,N,NA,NA,NA,NA,NA,NA,NA,NA,NA,Y,4,0,1,2,A,-,09,21453,C,N,D,C,A,A,H,-,A,A,0,NA,NA,NA,NA,Y,NA,A,07,0,0,1,0,0,0,0,0,0,-,-,NA,NA,LOS ANGELES,LOS ANGELES,-118.09964752197266,34.019588470458984
8735966,2019,2019-04-03,1900,2019-03-10,0615,465550,0644,7,5,6,1985,0,0,0,NA,0,62T1,VALENCIA CT,CINEMA DR,0,NA,Y,A,-,N,NA,NA,NA,NA,NA,NA,NA,NA,NA,N,3,0,1,2,A,-,12,21453,A,N,D,G,A,A,H,-,C,A,0,NA,Y,NA,NA,Y,NA,L,04,0,1,0,0,0,0,1,0,0,-,-,34.42100143432617,-118.54762268066406,LOS ANGELES,SANTA CLARITA,-118.5477294921875,34.421119689941406
8735969,2019,2019-04-03,1942,2019-03-24,0445,41671,0857,7,5,7,1942,0,0,0,H,0,8A95,DOHENY DR,PICO BL,329,N,N,A,-,N,NA,NA,NA,NA,NA,NA,NA,NA,NA,Y,2,0,1,2,A,-,08,22107,NA,N,C,E,A,A,H,-,C,D,0,NA,NA,Y,NA,Y,NA,C,03,1,0,0,0,0,0,0,0,1,-,-,NA,NA,LOS ANGELES,LOS ANGELES,-118.38996124267578,34.055259704589844
8735970,2019,2019-04-03,1900,2019-03-01,1525,623588,0633,5,5,6,1985,0,0,0,NA,0,61T1,CANYON PARK BL,JAKES WY,38,E,N,A,-,N,NA,NA,NA,NA,NA,NA,NA,NA,NA,Y,4,0,1,2,A,-,09,21802,A,N,B,C,A,A,H,-,A,A,0,NA,NA,NA,NA,Y,NA,A,01,0,0,1,0,0,0,0,0,0,-,-,34.409000396728516,-118.45639801025392,LOS ANGELES,SANTA CLARITA,-118.45697021484376,34.40943908691406
8735973,2019,2019-04-03,1942,2019-03-24,1020,35945,0817,7,5,7,1942,0,0,0,H,0,8A29,WEYBURN AV,WESTWOOD BL,200,W,N,A,-,N,NA,NA,NA,NA,NA,NA,NA,NA,NA,N,2,0,1,1,A,-,03,22350,NA,N,E,I,A,A,H,-,A,A,0,NA,NA,Y,NA,Y,NA,C,03,1,0,0,0,0,0,0,0,1,-,-,NA,NA,LOS ANGELES,LOS ANGELES,-118.44609832763672,34.062591552734375
8735974,2019,2019-04-03,1900,2019-03-10,0955,465550,0621,7,5,6,1985,0,0,0,NA,0,62T1,MCBEAN PKWY,TOURNAMENT RD,0,NA,Y,A,-,N,NA,NA,NA,NA,NA,NA,NA,NA,NA,Y,3,0,1,2,A,-,02,22400,A,N,C,C,A,A,H,-,A,A,0,NA,NA,NA,NA,Y,NA,A,07,0,1,0,0,0,0,0,0,0,-,-,34.394771575927734,-118.56522369384766,LOS ANGELES,SANTA CLARITA,-118.56508636474608,34.39474868774414
8735975,2019,2019-04-03,1900,2019-03-07,1730,552720,0455,4,5,6,1949,0,0,0,NA,0,45T1,PIONEER BL,166TH ST,215,N,N,A,-,N,NA,NA,NA,NA,NA,NA,NA,NA,NA,Y,4,0,1,2,A,-,09,21804,A,N,C,C,A,A,H,-,C,D,0,NA,NA,NA,NA,Y,NA,A,07,0,0,1,0,0,0,0,0,0,-,-,NA,NA,LOS ANGELES,NORWALK,-118.08245086669922,33.8809700012207
8735977,2019,2019-04-03,1942,2019-03-19,0810,34959,0859,2,5,7,1942,0,0,0,H,0,8A59,PICO BL,SHENANDOAH ST,56,E,N,A,-,N,NA,NA,NA,NA,NA,NA,NA,NA,NA,Y,4,0,2,3,A,-,03,22350,NA,F,C,C,A,A,H,-,A,D,0,NA,NA,NA,NA,Y,NA,-,99,0,0,2,0,0,0,0,0,0,-,-,NA,NA,LOS ANGELES,LOS ANGELES,-118.38143157958984,34.05434036254883
8735978,2019,2019-04-03,1900,2019-03-07,1820,601892,0631,4,5,6,1985,0,0,0,NA,0,64T1,SOLEDAD CANYON RD,SIERRA HWY,521,E,N,A,-,N,NA,NA,NA,NA,NA,NA,NA,NA,NA,N,3,0,1,2,A,-,11,21955,NA,N,D,B,D,A,H,-,C,D,0,Y,NA,NA,NA,Y,NA,N,60,0,1,0,0,1,0,0,0,0,-,-,34.41640090942383,-118.4539031982422,LOS ANGELES,SANTA CLARITA,-118.45429229736328,34.41638946533203
8735981,2019,2019-04-03,1942,2019-03-07,0835,42814,0735,4,5,7,1942,0,0,0,G,0,7A33,6TH ST,COCHRAN AV,0,NA,Y,A,-,N,NA,NA,NA,NA,NA,NA,NA,NA,NA,Y,4,0,1,2,A,-,12,21453,A,N,D,C,A,A,H,-,A,A,0,NA,NA,NA,NA,Y,NA,A,01,0,0,1,0,0,0,0,0,0,-,-,NA,NA,LOS ANGELES,LOS ANGELES,-118.34722900390624,34.06489181518555
8735982,2019,2019-05-07,1900,2019-03-17,0135,615165,0640,7,5,6,1985,0,0,0,NA,0,62T1,BOUQUET CANYON RD,PAM CT,134,S,N,A,-,N,NA,NA,NA,NA,NA,NA,NA,NA,NA,Y,4,0,1,2,A,-,03,22350,NA,N,E,I,A,A,H,-,C,D,0,NA,NA,NA,NA,Y,NA,A,01,0,0,1,0,0,0,0,0,0,-,-,34.458499908447266,-118.41539764404295,LOS ANGELES,SANTA CLARITA,-118.49565887451172,34.45820236206055
8735983,2019,2019-04-03,1900,2019-03-12,1300,602251,NA,2,5,6,1949,0,0,0,NA,0,437,ALONDRA BL,SHOEMAKER AV,0,NA,Y,A,-,N,NA,NA,NA,NA,NA,NA,NA,NA,NA,Y,3,0,1,2,A,-,12,21453,A,N,D,C,A,A,H,-,A,A,0,NA,NA,NA,NA,Y,NA,A,01,0,1,0,0,0,0,0,0,0,-,-,NA,NA,LOS ANGELES,NORWALK,-118.05538177490234,33.88774108886719
8735985,2019,2019-04-03,1942,2019-03-14,2155,37511,0668,4,5,7,1942,0,0,0,F,0,6A79,WESTERN AV,SANTA MONICA BL,100,N,N,A,-,N,NA,NA,NA,NA,NA,NA,NA,NA,NA,N,4,0,1,2,A,-,03,22350,NA,F,C,C,A,A,H,-,C,A,0,NA,NA,NA,NA,Y,NA,-,99,0,0,1,0,0,0,0,0,0,-,-,NA,NA,LOS ANGELES,LOS ANGELES,-118.30917358398438,34.09104537963867
8735986,2019,2019-04-03,1900,2019-03-21,0820,472724,0617,4,5,6,1985,0,0,0,NA,0,61T1,SIERRA HWY,STATER BROS PLZ,0,NA,Y,B,-,N,NA,NA,NA,NA,NA,NA,NA,NA,NA,Y,3,0,1,2,A,-,12,21453,A,N,D,C,A,B,H,-,A,A,0,NA,NA,NA,NA,Y,NA,A,01,0,1,0,0,0,0,0,0,0,-,-,34.40481185913086,-118.46614074707033,LOS ANGELES,SANTA CLARITA,-118.466062,34.404719
8735987,2019,2019-04-03,1900,2019-03-19,0625,455321,0470,2,5,4,1936,0,0,0,NA,0,46K1,ROSECRANS AV,JALON RD,22,E,N,E,-,N,NA,NA,NA,NA,NA,NA,NA,NA,NA,N,2,0,1,2,A,-,10,21950,A,N,G,B,B,A,H,-,B,A,0,Y,NA,NA,NA,Y,NA,A,01,1,0,0,0,1,0,0,0,0,-,-,NA,NA,LOS ANGELES,LA MIRADA,-118.00711822509766,33.898773193359375
8735989,2019,2019-04-03,1942,2019-03-19,2100,39127,0667,2,5,7,1942,0,0,0,F,0,6A67,W SUNSET BL,GORDON ST,200,W,N,B,-,N,NA,NA,NA,NA,NA,NA,NA,NA,NA,N,4,0,1,2,A,-,07,21658,A,F,B,C,A,A,H,-,C,D,0,NA,NA,NA,NA,Y,NA,-,99,0,0,1,0,0,0,0,0,0,-,-,NA,NA,LOS ANGELES,LOS ANGELES,-118.32079315185548,34.098018646240234