CASE_ID,ACCIDENT_YEAR,PROC_DATE,JURIS,COLLISION_DATE,COLLISION_TIME,OFFICER_ID,REPORTING_DISTRICT,DAY_OF_WEEK,CHP_SHIFT,POPULATION,CNTY_CITY_LOC,SPECIAL_COND,BEAT_TYPE,CHP_BEAT_TYPE,CITY_DIVISION_LAPD,CHP_BEAT_CLASS,BEAT_NUMBER,PRIMARY_RD,SECONDARY_RD,DISTANCE,DIRECTION,INTERSECTION,WEATHER_1,WEATHER_2,STATE_HWY_IND,CALTRANS_COUNTY,CALTRANS_DISTRICT,STATE_ROUTE,ROUTE_SUFFIX,POSTMILE_PREFIX,POSTMILE,LOCATION_TYPE,RAMP_INTERSECTION,SIDE_OF_HWY,TOW_AWAY,COLLISION_SEVERITY,NUMBER_KILLED,NUMBER_INJURED,PARTY_COUNT,PRIMARY_COLL_FACTOR,PCF_CODE_OF_VIOL,PCF_VIOL_CATEGORY,PCF_VIOLATION,PCF_VIOL_SUBSECTION,HIT_AND_RUN,TYPE_OF_COLLISION,MVIW,PED_ACTION,ROAD_SURFACE,ROAD_COND_1,ROAD_COND_2,LIGHTING,CONTROL_DEVICE,CHP_ROAD_TYPE,PEDESTRIAN_ACCIDENT,BICYCLE_ACCIDENT,MOTORCYCLE_ACCIDENT,TRUCK_ACCIDENT,NOT_PRIVATE_PROPERTY,ALCOHOL_INVOLVED,STWD_VEHTYPE_AT_FAULT,CHP_VEHTYPE_AT_FAULT,COUNT_SEVERE_INJ,COUNT_VISIBLE_INJ,COUNT_COMPLAINT_PAIN,COUNT_PED_KILLED,COUNT_PED_INJURED,COUNT_BICYCLIST_KILLED,COUNT_BICYCLIST_INJURED,COUNT_MC_KILLED,COUNT_MC_INJURED,PRIMARY_RAMP,SECONDARY_RAMP,LATITUDE,LONGITUDE,COUNTY,CITY,POINT_X,POINT_Y
8736246,2018,2018-11-16,1942,2018-09-16,0235,43413,778,7,5,7,1942,0,0,0,NA,0,7A47,CRENSHAW BL,CRENSHAW BL 1722,0,NA,Y,A,-,N,NA,NA,NA,NA,NA,NA,NA,NA,NA,Y,4,0,1,2,A,-,07,21658,A,N,C,E,A,A,H,-,C,D,0,NA,NA,NA,NA,Y,Y,A,01,0,0,1,0,0,0,0,0,0,-,-,NA,NA,LOS ANGELES,LOS ANGELES,-118.32938300000001,34.042939
8736247,2018,2018-11-20,1942,2018-08-19,1755,41712,0816,7,5,7,1942,0,0,0,H,0,8S36,LEVERING AV,VETERAN AV,17,E,N,A,-,N,NA,NA,NA,NA,NA,NA,NA,NA,NA,Y,4,0,1,1,A,-,03,22350,NA,N,E,I,A,A,H,-,A,A,0,NA,NA,NA,NA,Y,Y,A,01,0,0,1,0,0,0,0,0,0,-,-,NA,NA,LOS ANGELES,LOS ANGELES,-118.4546356201172,34.06678009033203
8736251,2018,2018-11-20,1942,2018-08-19,1740,37357,2029,7,5,7,1942,0,0,0,NA,0,20A34,VERMONT AV,6TH ST,0,NA,Y,A,-,N,NA,NA,NA,NA,NA,NA,NA,NA,NA,Y,3,0,3,2,A,-,12,21453,A,F,D,C,A,A,H,-,A,A,0,NA,NA,NA,NA,Y,NA,-,99,0,2,1,0,0,0,0,0,0,-,-,NA,NA,LOS ANGELES,LOS ANGELES,-118.29164,34.06364
8736255,2018,2018-11-20,1942,2018-08-26,0140,41968,1267,7,5,7,1942,0,0,0,L,0,3A19,HOOVER ST,82ND ST,0,NA,Y,A,-,N,NA,NA,NA,NA,NA,NA,NA,NA,NA,Y,4,0,1,3,A,-,12,21453,A,F,D,C,A,A,H,-,C,A,0,NA,NA,NA,NA,Y,NA,A,01,0,0,1,0,0,0,0,0,0,-,-,NA,NA,LOS ANGELES,LOS ANGELES,-118.287109375,33.964271545410156
8736260,2018,2018-11-19,1942,2018-10-21,2153,36744,1963,7,5,7,1942,0,0,0,NA,0,19A1,VAN NUYS BL,NOVICE ST,210,N,N,A,-,N,NA,NA,NA,NA,NA,NA,NA,NA,NA,N,3,0,3,2,A,-,03,22350,NA,N,C,C,A,A,H,-,C,D,0,NA,NA,NA,NA,Y,NA,A,01,0,1,2,0,0,0,0,0,0,-,-,NA,NA,LOS ANGELES,LOS ANGELES,-118.45024871826172,34.244224548339844
8736264,2018,2018-11-19,1942,2018-10-22,1745,34398,21,1,5,7,1942,0,0,0,NA,0,21A42,WINNETKA AV,RUNNYMEDE ST,0,NA,Y,A,-,N,NA,NA,NA,NA,NA,NA,NA,NA,NA,N,4,0,1,2,A,-,05,21650,1,N,-,G,A,A,H,-,B,D,0,NA,Y,NA,NA,Y,NA,L,04,0,0,1,0,0,0,1,0,0,-,-,NA,NA,LOS ANGELES,LOS ANGELES,-118.57099151611328,34.205928802490234
8736278,2018,2018-11-28,1916,2018-07-30,1240,2378,E60R1,1,5,4,1916,0,0,0,NA,0,EAST,COVINA HILLS RD,CHAPPARO RD,0,NA,Y,A,-,N,NA,NA,NA,NA,NA,NA,NA,NA,NA,Y,2,0,1,2,A,-,09,21801,A,N,D,C,A,A,H,-,A,D,0,NA,NA,Y,NA,Y,NA,A,01,1,0,0,0,0,0,0,0,0,-,-,34.07590103149414,-117.86502838134766,LOS ANGELES,COVINA,-117.86505889892578,34.07590866088867
8736282,2018,2018-11-28,1916,2018-07-26,1641,2592,W613,4,5,4,1916,0,0,0,NA,0,WEST,N VINCENT AV,SAN BERNARDINO RD,170,N,N,A,-,N,NA,NA,NA,NA,NA,NA,NA,NA,NA,N,3,0,1,2,A,-,09,21804,A,N,D,G,A,A,H,-,A,D,0,NA,Y,NA,NA,Y,NA,A,07,0,1,0,0,0,0,1,0,0,-,-,34.090179443359375,-117.92504119873048,LOS ANGELES,COVINA,-117.92544555664064,34.09001541137695
8736290,2018,2018-11-28,1942,2018-07-28,1015,42989,1257,6,5,7,1942,0,0,0,L,0,18A41,BROADWAY,79TH ST,65,N,N,A,-,N,NA,NA,NA,NA,NA,NA,NA,NA,NA,N,4,0,1,2,A,-,21,22106,NA,N,G,B,F,A,H,-,A,A,0,Y,NA,NA,NA,Y,NA,A,01,0,0,1,0,1,0,0,0,0,-,-,NA,NA,LOS ANGELES,LOS ANGELES,-118.278299,33.968058
8736292,2018,2018-11-19,1942,2018-10-25,1547,43072,0834,4,5,7,1942,0,0,0,H,0,8A35,WILSHIRE BL,MANNING AV,0,NA,Y,A,-,N,NA,NA,NA,NA,NA,NA,NA,NA,NA,Y,4,0,1,2,A,-,09,21802,A,N,D,C,A,A,H,-,A,A,0,NA,NA,NA,NA,Y,NA,A,01,0,0,1,0,0,0,0,0,0,-,-,NA,NA,LOS ANGELES,LOS ANGELES,-118.43575286865234,34.06085968017578
8736294,2018,2018-11-28,1942,2018-07-07,1615,42940,1258,6,5,7,1942,0,0,0,L,0,3A99,SAN PEDRO ST,76TH ST,0,NA,Y,A,-,N,NA,NA,NA,NA,NA,NA,NA,NA,NA,N,4,0,1,2,A,-,08,22103,NA,F,B,D,A,A,H,-,A,A,0,NA,NA,NA,NA,Y,NA,-,99,0,0,1,0,0,0,0,0,0,-,-,NA,NA,LOS ANGELES,LOS ANGELES,-118.26956176757813,33.971309661865234
8736302,2018,2018-12-06,1916,2018-07-24,1831,1401,W19C1,2,5,4,1916,0,0,0,NA,0,005,BADILLO ST,AZUSA AV,389,E,N,A,-,N,NA,NA,NA,NA,NA,NA,NA,NA,NA,Y,4,0,2,2,A,-,09,21804,A,N,D,C,A,A,H,-,A,D,0,NA,NA,NA,NA,Y,NA,A,01,0,0,2,0,0,0,0,0,0,-,-,NA,NA,LOS ANGELES,COVINA,-117.90785217285156,34.08646011352539
8736306,2018,2018-11-28,1916,2018-07-24,0737,2378,E56R1,2,5,4,1916,0,0,0,NA,0,EAST,GRAND AV,SAN BERNARDINO RD,0,NA,Y,A,-,N,NA,NA,NA,NA,NA,NA,NA,NA,NA,Y,4,0,2,2,A,-,09,21801,A,N,D,C,A,A,H,-,A,A,0,NA,NA,NA,NA,Y,NA,A,01,0,0,2,0,0,0,0,0,0,-,-,34.091331481933594,-117.87245941162108,LOS ANGELES,COVINA,-117.87262725830078,34.0913200378418
8736310,2018,2018-11-28,1916,2018-07-12,1637,1270,D29C1,4,5,4,1916,0,0,0,NA,0,00D,CITRUS AV,COLLEGE AV,15,S,N,A,-,N,NA,NA,NA,NA,NA,NA,NA,NA,NA,N,4,0,1,2,A,-,03,22350,NA,F,C,C,A,A,H,-,A,A,0,NA,NA,NA,NA,Y,NA,A,01,0,0,1,0,0,0,0,0,0,-,-,NA,NA,LOS ANGELES,COVINA,-117.89016723632813,34.08738708496094
8736312,2018,2018-11-19,1942,2018-10-16,1520,41307,1181,2,5,7,1942,0,0,0,K,0,11A95,ALVARADO ST,MONTANA ST,10,N,N,A,-,N,NA,NA,NA,NA,NA,NA,NA,NA,NA,NA,4,0,1,2,A,-,09,21801,B,N,D,D,A,A,H,-,A,A,0,NA,NA,NA,NA,Y,NA,A,01,0,0,1,0,0,0,0,0,0,-,-,NA,NA,LOS ANGELES,LOS ANGELES,-118.26166534423828,34.08058547973633
8736314,2018,2018-11-28,1942,2018-07-31,2145,39360,2023,2,5,7,1942,0,0,0,NA,0,20A33,3RD ST,HOBART AV,0,NA,Y,A,-,N,NA,NA,NA,NA,NA,NA,NA,NA,NA,Y,4,0,2,2,A,-,08,22102,NA,F,D,C,A,A,H,-,C,D,0,NA,NA,NA,NA,Y,NA,-,99,0,0,2,0,0,0,0,0,0,-,-,NA,NA,LOS ANGELES,LOS ANGELES,-118.30542755126952,34.06898880004883
8736318,2018,2018-11-28,1942,2018-07-21,1200,36705,2023,6,5,7,1942,0,0,0,NA,0,20A13,WESTERN AV,3RD ST,5,S,N,A,-,N,NA,NA,NA,NA,NA,NA,NA,NA,NA,N,4,0,1,2,A,-,04,21703,NA,F,C,C,A,A,H,-,A,A,0,NA,NA,NA,NA,Y,NA,-,99,0,0,1,0,0,0,0,0,0,-,-,NA,NA,LOS ANGELES,LOS ANGELES,-118.309123,34.068963
8736339,2018,2018-11-20,1942,2018-11-04,1258,34959,0773,7,5,7,1942,0,0,0,G,0,7A73,DUNSMUIR AV,20TH ST,70,N,N,A,-,N,NA,NA,NA,NA,NA,NA,NA,NA,NA,Y,4,0,2,2,A,-,05,21650,NA,N,D,C,A,A,H,-,A,D,0,NA,NA,NA,NA,Y,NA,A,01,0,0,2,0,0,0,0,0,0,-,-,NA,NA,LOS ANGELES,LOS ANGELES,-118.35626983642578,34.04085159301758
8736374,2018,2018-11-19,1955,2018-10-25,1222,03054,31,4,5,6,1955,0,0,0,NA,0,002,GAREY AV,GROVE ST,70,S,N,A,-,N,NA,NA,NA,NA,NA,NA,NA,NA,NA,Y,4,0,1,2,A,-,03,22350,NA,N,C,C,A,A,H,-,A,A,0,NA,NA,NA,NA,Y,NA,A,01,0,0,1,0,0,0,0,0,0,-,-,NA,NA,LOS ANGELES,POMONA,-117.74859619140624,34.102996826171875
8736443,2018,2018-11-21,1967,2018-10-28,0402,128,NA,7,5,2,1967,0,0,0,NA,0,NORTH,ORANGE AV,WILLOW,43,N,N,A,-,N,NA,NA,NA,NA,NA,NA,NA,NA,NA,N,4,0,1,2,A,-,03,22350,NA,N,C,C,A,A,H,-,C,A,0,NA,NA,NA,NA,Y,Y,A,01,0,0,1,0,0,0,0,0,0,-,-,NA,NA,LOS ANGELES,SIGNAL HILL,-118.17633056640624,33.80451965332031
8736466,2018,2018-11-21,1929,2018-10-25,1917,202,SW,4,5,3,1929,0,0,0,NA,0,001,HERMOSA AV,BEACH DR,49,E,N,A,-,N,NA,NA,NA,NA,NA,NA,NA,NA,NA,Y,3,0,2,4,A,-,07,21658,A,N,-,C,A,A,H,-,C,C,0,NA,NA,NA,NA,Y,NA,A,01,0,1,1,0,0,0,0,0,0,-,-,NA,NA,LOS ANGELES,HERMOSA BEACH,-118.39776611328124,33.853302001953125
8736467,2018,2018-12-03,1967,2018-11-04,1444,117,NA,7,5,2,1967,0,0,0,NA,0,SOUTH,SKYLINE DR,CHERRY AV,164,E,N,A,-,N,NA,NA,NA,NA,NA,NA,NA,NA,NA,Y,3,0,2,1,C,-,18,NA,NA,N,E,I,A,A,H,-,A,D,0,NA,NA,NA,NA,Y,NA,-,-,0,2,0,0,0,0,0,0,0,-,-,NA,NA,LOS ANGELES,SIGNAL HILL,-118.1670150756836,33.80074691772461
8736471,2018,2018-12-03,1967,2018-11-06,1016,117,NA,2,5,2,1967,0,0,0,NA,0,NORTH,CALIFORNIA AV,33RD,0,NA,Y,A,-,N,NA,NA,NA,NA,NA,NA,NA,NA,NA,N,4,0,1,2,A,-,12,22450,A,N,D,C,A,A,H,-,A,A,0,NA,NA,NA,NA,Y,NA,-,-,0,0,1,0,0,0,0,0,0,-,-,NA,NA,LOS ANGELES,SIGNAL HILL,-118.18067932128906,33.817081451416016
8736616,2018,2018-11-26,1933,2018-09-02,0318,978,04,7,5,6,1933,0,0,0,NA,0,001,JUNIPER ST,LA BREA AV,12,W,N,A,-,N,NA,NA,NA,NA,NA,NA,NA,NA,NA,Y,4,0,1,1,A,-,01,23152,A,N,E,I,A,A,H,-,C,A,0,NA,NA,NA,NA,Y,Y,A,01,0,0,1,0,0,0,0,0,0,-,-,33.97132110595703,-118.35738372802734,LOS ANGELES,INGLEWOOD,-118.35749053955078,33.971256256103516
8736620,2018,2018-11-26,1933,2018-09-02,1647,1032,34,7,5,6,1933,0,0,0,NA,0,004,IMPERIAL HWY,DOTY AV,500,W,N,A,-,N,NA,NA,NA,NA,NA,NA,NA,NA,NA,N,4,0,1,2,A,-,03,22350,NA,N,C,C,A,A,H,-,A,D,0,NA,NA,NA,NA,Y,NA,A,01,0,0,1,0,0,0,0,0,0,-,-,33.93098831176758,-118.3393783569336,LOS ANGELES,INGLEWOOD,-118.34105682373048,33.93095016479492
8736623,2018,2018-11-26,1933,2018-08-05,1545,991,13,7,5,6,1933,0,0,0,NA,0,003,8TH AV,79TH ST,0,NA,Y,A,-,N,NA,NA,NA,NA,NA,NA,NA,NA,NA,Y,4,0,1,2,D,-,00,NA,NA,N,D,C,A,A,H,-,A,D,0,NA,NA,NA,NA,Y,NA,-,-,0,0,1,0,0,0,0,0,0,-,-,33.96725845336914,-118.32647705078124,LOS ANGELES,INGLEWOOD,-118.32649993896484,33.96725845336914
8736627,2018,2018-11-26,1933,2018-08-03,1602,828,04,5,5,6,1933,0,0,0,NA,0,001,BEACH AV,EUCALYPTUS AV,0,NA,Y,A,-,N,NA,NA,NA,NA,NA,NA,NA,NA,NA,Y,3,0,1,2,A,-,09,21801,A,N,D,C,A,A,H,-,A,A,0,NA,NA,Y,NA,Y,NA,C,02,0,1,0,0,0,0,0,0,1,-,-,33.96894836425781,-118.3586883544922,LOS ANGELES,INGLEWOOD,-118.35881042480467,33.968910217285156
8736635,2018,2018-11-26,1942,2018-09-02,1945,42665,1255,7,5,7,1942,0,0,0,L,0,12A53,FLORENCE AV,BUDLONG AV,0,NA,Y,A,-,N,NA,NA,NA,NA,NA,NA,NA,NA,NA,N,2,0,1,2,A,-,12,21453,A,F,H,G,A,A,H,-,C,A,0,NA,Y,NA,NA,Y,NA,-,99,1,0,0,0,0,0,1,0,0,-,-,NA,NA,LOS ANGELES,LOS ANGELES,-118.29620361328124,33.974609375
8736638,2018,2018-11-26,1942,2018-07-15,1350,32305,1268,7,5,7,1942,0,0,0,L,0,12A45,MAIN ST,84TH PL,200,S,N,A,-,N,NA,NA,NA,NA,NA,NA,NA,NA,NA,Y,4,0,1,2,A,-,01,23152,A,F,D,C,A,A,H,-,A,D,0,NA,NA,NA,NA,Y,Y,A,01,0,0,1,0,0,0,0,0,0,-,-,NA,NA,LOS ANGELES,LOS ANGELES,-118.27388763427734,33.96181106567383
8736680,2018,2018-11-29,1942,2018-10-14,1230,39410,1665,7,5,7,1942,0,0,0,P,0,16A77,GLENOAKS BL,PEORIA ST,0,NA,Y,A,-,N,NA,NA,NA,NA,NA,NA,NA,NA,NA,Y,4,0,2,3,A,-,09,21801,A,N,D,C,A,A,H,-,A,A,0,NA,NA,NA,NA,Y,NA,D,22,0,0,2,0,0,0,0,0,0,-,-,NA,NA,LOS ANGELES,LOS ANGELES,-118.37764739990234,34.24045181274414
8736683,2018,2018-11-30,1942,2018-10-19,1900,43292,1962,5,5,7,1942,0,0,0,NA,0,19X12,PLUMMER ST,NOBLE AV,0,NA,Y,A,-,N,NA,NA,NA,NA,NA,NA,NA,NA,NA,N,4,0,1,2,A,-,09,21804,A,N,B,C,A,A,H,-,C,D,0,NA,NA,NA,NA,Y,NA,-,NA,0,0,1,0,0,0,0,0,0,-,-,NA,NA,LOS ANGELES,LOS ANGELES,-118.4609603881836,34.242740631103516
8736684,2018,2018-11-29,1942,2018-10-23,1700,34599,1667,2,5,7,1942,0,0,0,P,0,16A77,LA TUNA CANYON BL,CENTER LN,45,S,N,A,-,N,NA,NA,NA,NA,NA,NA,NA,NA,NA,N,4,0,2,4,A,-,03,22350,NA,N,C,C,A,A,H,-,A,D,0,NA,NA,NA,NA,Y,NA,A,08,0,0,2,0,0,0,0,0,0,-,-,NA,NA,LOS ANGELES,LOS ANGELES,NA,NA
8736687,2018,2018-12-28,1942,2018-10-28,1030,43120,NA,7,5,7,1942,0,0,0,NA,0,NA,TOPANGA CANYON BL,NORDHOFF ST,1000,N,N,A,-,N,NA,NA,NA,NA,NA,NA,NA,NA,NA,Y,3,0,1,3,A,-,08,22107,NA,N,A,E,A,A,H,-,C,D,0,NA,NA,NA,NA,Y,NA,A,01,0,1,0,0,0,0,0,0,0,-,-,NA,NA,LOS ANGELES,LOS ANGELES,-118.60610198974608,34.23798751831055
8736688,2018,2018-11-29,1942,2018-10-17,1550,26319,1654,3,5,7,1942,0,0,0,P,0,16A23,GLENOAKS BL,OSBORNE ST,320,S,N,A,-,N,NA,NA,NA,NA,NA,NA,NA,NA,NA,Y,3,0,3,2,A,-,05,21460,A,N,A,C,A,A,H,-,A,A,0,NA,NA,NA,NA,Y,NA,A,01,0,2,1,0,0,0,0,0,0,-,-,NA,NA,LOS ANGELES,LOS ANGELES,-118.4012451171875,34.26405334472656
8736691,2018,2018-11-29,1942,2018-10-22,1800,31859,2185,1,5,7,1942,0,0,0,NA,0,21A43,VENTURA BL,SAN FELICIANO DR,0,NA,Y,A,-,N,NA,NA,NA,NA,NA,NA,NA,NA,NA,Y,4,0,1,2,A,-,08,22100,A,N,B,C,A,A,H,-,B,A,0,NA,NA,NA,NA,Y,NA,D,22,0,0,1,0,0,0,0,0,0,-,-,NA,NA,LOS ANGELES,LOS ANGELES,-118.61025238037108,34.16872024536133
8736695,2018,2018-11-30,1942,2018-10-26,1647,42913,1962,5,5,7,1942,0,0,0,NA,0,19EL4,PLUMMER,LEMONA,0,NA,Y,A,-,N,NA,NA,NA,NA,NA,NA,NA,NA,NA,Y,4,0,5,2,A,-,12,21453,A,N,A,C,A,A,H,-,A,A,0,NA,NA,NA,NA,Y,NA,-,NA,0,0,5,0,0,0,0,0,0,-,-,NA,NA,LOS ANGELES,LOS ANGELES,-118.45877075195313,34.24271011352539
8736703,2018,2018-11-28,1942,2018-11-01,2200,41316,1502,4,5,7,1942,0,0,0,O,0,15A21,COLDWATER CANYON AV,BLYTHE ST,9,S,N,A,-,N,NA,NA,NA,NA,NA,NA,NA,NA,NA,Y,2,0,1,2,A,-,03,22350,NA,N,F,I,A,A,H,-,C,D,0,NA,NA,NA,NA,Y,NA,A,01,1,0,0,0,0,0,0,0,0,-,-,NA,NA,LOS ANGELES,LOS ANGELES,-118.41439819335938,34.21366500854492
8736704,2018,2018-11-29,1942,2018-10-31,0630,41497,1656,3,5,7,1942,0,0,0,P,0,16A35,FOOTHILL BL,APPERSON ST,118,E,N,A,-,N,NA,NA,NA,NA,NA,NA,NA,NA,NA,N,2,0,1,2,A,-,11,21954,A,N,G,B,D,A,H,-,C,D,0,Y,NA,NA,NA,Y,NA,N,60,1,0,0,0,1,0,0,0,0,-,-,NA,NA,LOS ANGELES,LOS ANGELES,-118.29922485351564,34.25575256347656
8736708,2018,2019-01-07,1942,2018-10-21,1900,34599,1919,7,5,7,1942,0,0,0,NA,0,19A7,FOOTHILL BL,ARROYO ST,70,S,N,A,-,N,NA,NA,NA,NA,NA,NA,NA,NA,NA,N,2,0,1,2,A,-,11,21954,A,N,G,B,D,A,H,-,C,A,0,Y,NA,NA,NA,Y,NA,N,60,1,0,0,0,1,0,0,0,0,-,-,NA,NA,LOS ANGELES,LOS ANGELES,-118.41426849365234,34.29263687133789
8736712,2018,2018-11-29,1942,2018-10-29,1315,40398,1668,1,5,7,1942,0,0,0,P,0,16A59,VALMONT ST,FERNGLEN AV,0,NA,Y,A,-,N,NA,NA,NA,NA,NA,NA,NA,NA,NA,N,4,0,2,2,A,-,08,22107,NA,N,D,C,A,A,H,-,A,D,0,NA,NA,NA,NA,Y,NA,A,07,0,0,2,0,0,0,0,0,0,-,-,NA,NA,LOS ANGELES,LOS ANGELES,-118.29434967041016,34.25233840942383
8736716,2018,2018-11-29,1942,2018-10-26,1830,40353,1676,5,5,7,1942,0,0,0,P,0,16A77,NETTLETON ST,SUNLAND BL,6,W,N,A,-,N,NA,NA,NA,NA,NA,NA,NA,NA,NA,N,3,0,1,2,A,-,10,21950,A,N,G,B,C,A,H,-,B,D,0,Y,NA,NA,NA,Y,NA,D,22,0,1,0,0,1,0,0,0,0,-,-,NA,NA,LOS ANGELES,LOS ANGELES,-118.36580657958984,34.22528839111328
8736720,2018,2018-11-29,1942,2018-10-23,1435,33294,1675,2,5,7,1942,0,0,0,P,0,16A77,GLENOAKS BL,TUXFORD ST,400,N,N,A,-,N,NA,NA,NA,NA,NA,NA,NA,NA,NA,Y,4,0,1,3,A,-,08,22107,NA,N,D,C,A,A,H,-,A,A,0,NA,NA,NA,NA,Y,NA,D,22,0,0,1,0,0,0,0,0,0,-,-,NA,NA,LOS ANGELES,LOS ANGELES,-118.37222290039064,34.235313415527344
8736721,2018,2018-11-29,1942,2018-10-24,1500,33294,1617,3,5,7,1942,0,0,0,P,0,16A35,FOOTHILL BL,ORO VISTA AV,245,W,N,A,-,N,NA,NA,NA,NA,NA,NA,NA,NA,NA,Y,4,0,1,2,A,-,04,21703,NA,N,C,C,A,A,H,-,A,A,0,NA,NA,NA,NA,Y,NA,D,22,0,0,1,0,0,0,0,0,0,-,-,NA,NA,LOS ANGELES,LOS ANGELES,-118.31656646728516,34.25968933105469
8736725,2018,2018-11-29,1942,2018-10-23,1345,43485,1602,2,5,7,1942,0,0,0,P,0,16A37,GLENOAKS BL,FILMORE ST,200,S,N,A,-,N,NA,NA,NA,NA,NA,NA,NA,NA,NA,Y,4,0,2,2,A,-,08,22101,NA,N,D,C,A,A,H,-,A,D,0,NA,NA,NA,NA,Y,NA,D,22,0,0,2,0,0,0,0,0,0,-,-,NA,NA,LOS ANGELES,LOS ANGELES,-118.41438293457033,34.276241302490234
8736729,2018,2018-11-29,1942,2018-10-26,1845,40388,1689,5,5,7,1942,0,0,0,P,0,16A81,SUNLAND BL,ROSCOE BL,150,W,N,A,-,N,NA,NA,NA,NA,NA,NA,NA,NA,NA,N,4,0,1,2,A,-,09,21804,B,N,D,C,A,A,H,-,C,A,0,NA,NA,NA,NA,Y,Y,A,01,0,0,1,0,0,0,0,0,0,-,-,NA,NA,LOS ANGELES,LOS ANGELES,-118.36737823486328,34.22109603881836
8736779,2018,2019-01-28,1942,2018-11-10,0225,32372,1984,6,5,7,1942,0,0,0,NA,0,19A85,PARTHENIA ST,CEDROS AV,148,W,N,A,-,N,NA,NA,NA,NA,NA,NA,NA,NA,NA,N,4,0,1,3,A,-,05,21650,NA,F,B,E,A,A,H,-,A,D,0,NA,NA,NA,NA,Y,NA,A,01,0,0,1,0,0,0,0,0,0,-,-,NA,NA,LOS ANGELES,LOS ANGELES,-118.45401763916016,34.22826385498047
8736787,2018,2019-01-10,1942,2018-11-05,1835,43292,1915,1,5,7,1942,0,0,0,NA,0,19X62,POLK ST,GLENOAKS,200,W,N,A,-,N,NA,NA,NA,NA,NA,NA,NA,NA,NA,Y,4,0,1,4,A,-,03,22350,NA,F,C,C,A,A,H,-,C,D,0,NA,NA,NA,NA,Y,NA,A,01,0,0,1,0,0,0,0,0,0,-,-,NA,NA,LOS ANGELES,LOS ANGELES,-118.45014190673828,34.30720901489258
8736799,2018,2019-01-09,1942,2018-11-08,1055,30452,1792,4,5,7,1942,0,0,0,Q,0,17A81,CORBIN AV,ROSCOE BL,29,N,N,A,-,N,NA,NA,NA,NA,NA,NA,NA,NA,NA,N,4,0,3,3,A,-,01,23152,A,N,B,C,A,A,H,-,A,D,0,NA,NA,NA,NA,Y,Y,A,07,0,0,3,0,0,0,0,0,0,-,-,NA,NA,LOS ANGELES,LOS ANGELES,-118.56228637695313,34.220428466796875
8736803,2018,2019-01-29,1942,2018-10-23,1554,42537,1981,2,5,7,1942,0,0,0,NA,0,NA,ORION AV,ROSCOE BL,0,NA,Y,A,-,N,NA,NA,NA,NA,NA,NA,NA,NA,NA,Y,4,0,2,2,A,-,08,22107,NA,N,A,D,A,A,H,-,A,D,0,NA,NA,NA,NA,Y,NA,A,01,0,0,2,0,0,0,0,0,0,-,-,NA,NA,LOS ANGELES,LOS ANGELES,-118.47209167480467,34.221378326416016
8736807,2018,2018-11-28,1942,2018-10-26,1557,42537,1954,5,5,7,1942,0,0,0,NA,0,19A79,SEPULVEDA BL,CHATSWORTH ST,0,NA,Y,A,-,N,NA,NA,NA,NA,NA,NA,NA,NA,NA,N,4,0,1,2,A,-,03,22350,NA,N,C,C,A,A,-,-,A,A,0,NA,NA,NA,NA,Y,NA,A,01,0,0,1,0,0,0,0,0,0,-,-,NA,NA,LOS ANGELES,LOS ANGELES,-118.46739959716795,34.26456069946289
8736811,2018,2018-11-30,1942,2018-10-30,1900,37353,2173,2,5,7,1942,0,0,0,NA,0,21A73,VENTURA BL,WOODLAKE AV,0,NA,Y,A,-,N,NA,NA,NA,NA,NA,NA,NA,NA,NA,Y,4,0,1,2,A,-,09,21801,A,N,A,C,A,A,H,-,C,A,0,NA,NA,NA,NA,Y,NA,A,01,0,0,1,0,0,0,0,0,0,-,-,NA,NA,LOS ANGELES,LOS ANGELES,-118.63082122802734,34.16263961791992
8736812,2018,2018-11-28,1942,2018-10-25,1000,34482,1599,4,5,7,1942,0,0,0,O,0,15A67,CAHUENGA BL W,OAKLEY DR,0,NA,Y,A,-,N,NA,NA,NA,NA,NA,NA,NA,NA,NA,Y,4,0,1,2,A,-,09,21801,A,N,D,C,A,A,H,-,A,D,0,NA,NA,NA,NA,Y,NA,A,01,0,0,1,0,0,0,0,0,0,-,-,NA,NA,LOS ANGELES,LOS ANGELES,-118.3539581298828,34.13241958618164
8736815,2018,2018-11-28,1942,2018-10-30,1420,35481,2177,2,5,7,1942,0,0,0,NA,0,21A97,OXNARD ST,DE SOTO AV,0,NA,Y,A,-,N,NA,NA,NA,NA,NA,NA,NA,NA,NA,Y,4,0,2,2,A,-,12,21453,A,N,D,C,A,A,H,-,A,A,0,NA,NA,NA,NA,Y,NA,A,07,0,0,2,0,0,0,0,0,0,-,-,NA,NA,LOS ANGELES,LOS ANGELES,-118.59039306640624,34.17924118041992
8736816,2018,2018-11-28,1942,2018-10-27,1350,33458,1555,6,5,7,1942,0,0,0,O,0,15A67,LANKERSHIM BL,HESBY ST,0,NA,Y,A,-,N,NA,NA,NA,NA,NA,NA,NA,NA,NA,N,3,0,1,2,A,-,09,21801,A,N,D,C,A,A,H,-,A,-,0,NA,NA,NA,NA,Y,NA,A,01,0,1,0,0,0,0,0,0,0,-,-,NA,NA,LOS ANGELES,LOS ANGELES,-118.37294769287108,34.16204833984375