CASE_ID,ACCIDENT_YEAR,PROC_DATE,JURIS,COLLISION_DATE,COLLISION_TIME,OFFICER_ID,REPORTING_DISTRICT,DAY_OF_WEEK,CHP_SHIFT,POPULATION,CNTY_CITY_LOC,SPECIAL_COND,BEAT_TYPE,CHP_BEAT_TYPE,CITY_DIVISION_LAPD,CHP_BEAT_CLASS,BEAT_NUMBER,PRIMARY_RD,SECONDARY_RD,DISTANCE,DIRECTION,INTERSECTION,WEATHER_1,WEATHER_2,STATE_HWY_IND,CALTRANS_COUNTY,CALTRANS_DISTRICT,STATE_ROUTE,ROUTE_SUFFIX,POSTMILE_PREFIX,POSTMILE,LOCATION_TYPE,RAMP_INTERSECTION,SIDE_OF_HWY,TOW_AWAY,COLLISION_SEVERITY,NUMBER_KILLED,NUMBER_INJURED,PARTY_COUNT,PRIMARY_COLL_FACTOR,PCF_CODE_OF_VIOL,PCF_VIOL_CATEGORY,PCF_VIOLATION,PCF_VIOL_SUBSECTION,HIT_AND_RUN,TYPE_OF_COLLISION,MVIW,PED_ACTION,ROAD_SURFACE,ROAD_COND_1,ROAD_COND_2,LIGHTING,CONTROL_DEVICE,CHP_ROAD_TYPE,PEDESTRIAN_ACCIDENT,BICYCLE_ACCIDENT,MOTORCYCLE_ACCIDENT,TRUCK_ACCIDENT,NOT_PRIVATE_PROPERTY,ALCOHOL_INVOLVED,STWD_VEHTYPE_AT_FAULT,CHP_VEHTYPE_AT_FAULT,COUNT_SEVERE_INJ,COUNT_VISIBLE_INJ,COUNT_COMPLAINT_PAIN,COUNT_PED_KILLED,COUNT_PED_INJURED,COUNT_BICYCLIST_KILLED,COUNT_BICYCLIST_INJURED,COUNT_MC_KILLED,COUNT_MC_INJURED,PRIMARY_RAMP,SECONDARY_RAMP,LATITUDE,LONGITUDE,COUNTY,CITY,POINT_X,POINT_Y
8740773,2018,2018-11-19,1942,2018-10-28,0750,34959,1446,7,5,7,1942,0,0,0,N,0,14A49,PACIFIC AV,GRAND VIEW BL,60,W,N,E,-,N,NA,NA,NA,NA,NA,NA,NA,NA,NA,N,4,0,1,2,A,-,10,21954,B,F,G,B,E,A,G,-,A,D,0,Y,NA,NA,NA,Y,Y,-,99,0,0,1,0,1,0,0,0,0,-,-,NA,NA,LOS ANGELES,LOS ANGELES,-118.43067932128906,34.00387954711914
8740774,2018,2018-11-20,1942,2018-10-22,1830,42815,0852,1,5,7,1942,0,0,0,H,0,08EL1,SANTA MONICA BL,BARRY AV,50,E,N,A,-,N,NA,NA,NA,NA,NA,NA,NA,NA,NA,Y,2,0,1,2,A,-,09,21801,A,N,D,C,A,A,H,-,C,D,0,NA,NA,Y,NA,Y,NA,A,01,1,0,0,0,0,0,0,0,1,-,-,NA,NA,LOS ANGELES,LOS ANGELES,-118.454833984375,34.044273376464844
8740776,2018,2018-11-28,1942,2018-08-14,1620,42236,0847,2,5,7,1942,0,0,0,H,0,8A36,OLYMPIC BL,PROSSER AV,120,W,N,A,-,N,NA,NA,NA,NA,NA,NA,NA,NA,NA,NA,4,0,1,2,A,-,04,21703,NA,N,C,C,A,A,H,-,A,D,0,NA,NA,NA,NA,Y,NA,A,08,0,0,1,0,0,0,0,0,0,-,-,NA,NA,LOS ANGELES,LOS ANGELES,-118.4249267578125,34.04789733886719
8740777,2018,2018-11-19,1942,2018-10-24,0700,37770,1427,3,5,7,1942,0,0,0,N,0,14A27,PALMS BL,SEPULVEDA BL,3,N,N,A,-,N,NA,NA,NA,NA,NA,NA,NA,NA,NA,N,3,0,1,2,A,-,10,21950,A,F,G,B,B,A,H,-,A,A,0,Y,NA,NA,NA,Y,NA,-,99,0,1,0,0,1,0,0,0,0,-,-,NA,NA,LOS ANGELES,LOS ANGELES,-118.42218780517578,34.01924514770508
8740778,2018,2018-11-20,1942,2018-10-31,1510,43517,1434,3,5,7,1942,0,0,0,N,0,14A12,WADE ST,VICTORIA AV,150,S,N,A,-,N,NA,NA,NA,NA,NA,NA,NA,NA,NA,N,2,0,1,2,A,-,09,21804,A,N,B,C,A,A,H,-,A,D,0,NA,NA,Y,NA,Y,NA,C,03,1,0,0,0,0,0,0,0,1,-,-,NA,NA,LOS ANGELES,LOS ANGELES,-118.43990325927734,34.003944396972656
8740780,2018,2018-11-28,1942,2018-08-20,2230,41216,0836,1,5,7,1942,0,0,0,H,0,8A29,OLYMPIC,BEVERLY GLEN,0,NA,Y,A,-,N,NA,NA,NA,NA,NA,NA,NA,NA,NA,Y,4,0,1,2,A,-,09,21801,A,N,D,C,A,A,H,-,C,A,0,NA,NA,NA,NA,Y,NA,A,01,0,0,1,0,0,0,0,0,0,-,-,NA,NA,LOS ANGELES,LOS ANGELES,-118.42056274414064,34.05033874511719
8740781,2018,2018-11-19,1942,2018-10-27,1245,41671,1446,6,5,7,1942,0,0,0,N,0,14A49,WASHINGTON PL,GRAND VIEW BL,150,W,N,A,-,N,NA,NA,NA,NA,NA,NA,NA,NA,NA,N,3,0,1,2,A,-,09,21804,A,N,H,G,A,A,H,-,A,D,0,NA,Y,NA,NA,Y,NA,-,99,0,1,0,0,0,0,1,0,0,-,-,NA,NA,LOS ANGELES,LOS ANGELES,-118.42835235595705,34.00041961669922
8740782,2018,2018-11-28,1942,2018-10-31,0620,42396,1454,3,5,7,1942,0,0,0,N,0,14A73,LINCOLN BL,CULVER LOOP,50,N,N,A,-,N,NA,NA,NA,NA,NA,NA,NA,NA,NA,Y,4,0,3,2,A,-,08,22105,NA,N,C,C,A,A,H,-,B,A,0,NA,NA,NA,NA,Y,NA,A,01,0,0,3,0,0,0,0,0,0,-,-,NA,NA,LOS ANGELES,LOS ANGELES,-118.43315887451172,33.97612380981445
8740784,2018,2018-11-28,1942,2018-08-30,1435,42378,0892,4,5,7,1942,0,0,0,H,0,8029,NATIONAL BL,OVERLAND AV,10,W,N,A,-,N,NA,NA,NA,NA,NA,NA,NA,NA,NA,N,4,0,2,2,A,-,04,21703,A,N,C,C,A,A,G,-,A,A,0,NA,NA,NA,NA,Y,NA,A,07,0,0,2,0,0,0,0,0,0,-,-,NA,NA,LOS ANGELES,LOS ANGELES,-118.41764068603516,34.03244400024414
8740785,2018,2018-11-19,1942,2018-10-11,1825,39516,0847,4,5,7,1942,0,0,0,H,0,8A95,MANNING AV,OLYMPIC BL,35,N,N,A,-,N,NA,NA,NA,NA,NA,NA,NA,NA,NA,Y,4,0,1,1,A,-,03,22350,NA,N,E,I,A,A,H,-,B,D,0,NA,NA,NA,NA,Y,NA,A,01,0,0,1,0,0,0,0,0,0,-,-,NA,NA,LOS ANGELES,LOS ANGELES,-118.4264907836914,34.04713821411133
8740786,2018,2018-11-28,1942,2018-10-16,1745,42852,0855,2,5,7,1942,0,0,0,H,0,8A14,WESTWOOD,MASSACHUSETTS,0,NA,Y,A,-,N,NA,NA,NA,NA,NA,NA,NA,NA,NA,N,4,0,1,2,A,-,12,21453,A,N,B,G,A,A,H,-,C,A,0,NA,Y,NA,NA,Y,NA,-,-,0,0,1,0,0,0,1,0,0,-,-,NA,NA,LOS ANGELES,LOS ANGELES,-118.43878936767578,34.051841735839844
8740787,2018,2018-11-20,1942,2018-08-14,1730,34882,2063,2,5,7,1942,0,0,0,NA,0,20A53,HOBART BL,PICO BL,20,N,N,A,-,N,NA,NA,NA,NA,NA,NA,NA,NA,NA,N,4,0,1,2,A,-,08,22107,NA,N,B,C,A,A,H,-,A,D,0,NA,NA,NA,NA,Y,NA,-,99,0,0,1,0,0,0,0,0,0,-,-,NA,NA,LOS ANGELES,LOS ANGELES,-118.30532836914064,34.047210693359375
8740788,2018,2018-11-28,1942,2018-08-21,1650,41717,WILSH,2,5,7,1942,0,0,0,NA,0,0701,MELROSE,ORLANDO,25,E,N,A,-,N,NA,NA,NA,NA,NA,NA,NA,NA,NA,Y,3,0,2,4,A,-,04,21703,NA,N,C,C,A,A,H,-,A,D,0,NA,NA,NA,NA,Y,NA,A,01,0,1,1,0,0,0,0,0,0,-,-,NA,NA,LOS ANGELES,LOS ANGELES,-118.3730697631836,34.08358383178711
8740789,2018,2019-02-26,1942,2018-10-20,1740,40123,736,6,5,7,1942,0,0,0,NA,0,20A34,3RD ST,DETROIT ST,0,NA,Y,A,-,N,NA,NA,NA,NA,NA,NA,NA,NA,NA,N,4,0,2,2,A,-,12,22450,A,N,D,C,A,A,H,-,A,D,0,NA,NA,NA,NA,Y,NA,A,01,0,0,2,0,0,0,0,0,0,-,-,NA,NA,LOS ANGELES,LOS ANGELES,-118.34513854980467,34.06890106201172
8740790,2018,2018-11-20,1942,2018-10-25,2140,41957,1473,4,5,7,1942,0,0,0,N,0,14A73,FALMOUTH AV,W MANCHESTER AV,0,NA,Y,A,-,N,NA,NA,NA,NA,NA,NA,NA,NA,NA,N,3,0,1,2,A,-,10,21950,A,N,G,B,B,A,H,-,C,A,0,Y,NA,NA,NA,Y,NA,A,01,0,1,0,0,1,0,0,0,0,-,-,NA,NA,LOS ANGELES,LOS ANGELES,-118.43744659423828,33.95886993408203
8740791,2018,2018-11-20,1942,2018-08-18,1530,37613,2079,6,5,7,1942,0,0,0,NA,0,20A97,MENLO AV,PICO BL,120,S,N,A,-,N,NA,NA,NA,NA,NA,NA,NA,NA,NA,N,4,0,1,2,A,-,06,21750,A,F,B,C,A,A,H,-,A,D,0,NA,NA,NA,NA,Y,NA,-,99,0,0,1,0,0,0,0,0,0,-,-,NA,NA,LOS ANGELES,LOS ANGELES,-118.29071044921876,34.047271728515625
8740792,2018,2018-11-28,1942,2018-08-23,1931,38721,0774,4,5,7,1942,0,0,0,G,0,7A85,LA BREA AV,VENICE BL,6,N,N,A,-,N,NA,NA,NA,NA,NA,NA,NA,NA,NA,N,4,0,1,2,A,-,08,22107,NA,N,B,C,A,A,H,-,B,A,0,NA,NA,NA,NA,Y,NA,A,01,0,0,1,0,0,0,0,0,0,-,-,NA,NA,LOS ANGELES,LOS ANGELES,-118.3454360961914,34.0458869934082
8740793,2018,2018-11-19,1942,2018-10-08,2100,42815,0808,1,5,7,1942,0,0,0,H,0,8EL1,MULHOLLAND DR,BEVERLY RANCH RD,170,W,N,A,-,N,NA,NA,NA,NA,NA,NA,NA,NA,NA,Y,4,0,1,1,A,-,03,22350,NA,N,E,I,A,A,H,-,D,D,0,NA,NA,NA,NA,Y,NA,A,01,0,0,1,0,0,0,0,0,0,-,-,NA,NA,LOS ANGELES,LOS ANGELES,-118.42863464355467,34.13145446777344
8740794,2018,2018-11-20,1942,2018-10-27,1505,41856,2015,6,5,7,1942,0,0,0,NA,0,20A25,NORMANDIE AV,COUNCIL ST,15,N,N,A,-,N,NA,NA,NA,NA,NA,NA,NA,NA,NA,N,3,0,1,2,A,-,09,21801,A,N,D,G,A,A,H,-,A,D,0,NA,Y,NA,NA,Y,NA,A,01,0,1,0,0,0,0,1,0,0,-,-,NA,NA,LOS ANGELES,LOS ANGELES,-118.30040740966795,34.07535171508789
8740795,2018,2018-11-20,1942,2018-08-19,0230,43082,2027,7,5,7,1942,0,0,0,NA,0,20A33,WILSHIRE BL,S NEW HAMPSHIRE AV,0,NA,Y,A,-,N,NA,NA,NA,NA,NA,NA,NA,NA,NA,N,4,0,1,2,A,-,10,21950,A,N,G,B,B,A,H,-,C,A,0,Y,NA,NA,NA,Y,NA,-,99,0,0,1,0,1,0,0,0,0,-,-,NA,NA,LOS ANGELES,LOS ANGELES,-118.29290008544922,34.061790466308594
8740796,2018,2018-11-28,1942,2018-08-25,1730,41675,LOSAN,6,5,7,1942,0,0,0,NA,0,7A64,HIGHLAND AV,WILSHIRE BL,500,S,N,A,-,N,NA,NA,NA,NA,NA,NA,NA,NA,NA,Y,4,0,1,3,A,-,00,22658,A,N,B,E,A,A,H,-,A,D,0,NA,NA,NA,NA,Y,NA,A,01,0,0,1,0,0,0,0,0,0,-,-,NA,NA,LOS ANGELES,LOS ANGELES,-118.338623046875,34.06079864501953
8740797,2018,2018-11-19,1942,2018-10-24,2030,37575,0749,3,5,7,1942,0,0,0,G,0,7A47,WILSHIRE BL,CRENSHAW BL,0,NA,Y,A,-,N,NA,NA,NA,NA,NA,NA,NA,NA,NA,N,4,0,1,2,A,-,09,21801,A,N,D,G,A,A,H,-,C,A,0,NA,Y,NA,NA,Y,NA,A,01,0,0,1,0,0,0,1,0,0,-,-,NA,NA,LOS ANGELES,LOS ANGELES,-118.31916046142578,34.061729431152344
8740798,2018,2018-11-20,1942,2018-10-08,1920,43176,816,1,5,7,1942,0,0,0,NA,0,A13,KELTON AV,LEVERING AV,0,NA,Y,A,-,N,NA,NA,NA,NA,NA,NA,NA,NA,NA,N,3,0,1,2,A,-,10,21950,A,N,G,B,B,A,H,-,C,D,0,Y,NA,NA,NA,Y,NA,A,01,0,1,0,0,1,0,0,0,0,-,-,NA,NA,LOS ANGELES,LOS ANGELES,-118.45343780517578,34.0665283203125
8740799,2018,2018-11-20,1942,2018-08-26,2250,37839,1472,7,5,7,1942,0,0,0,N,0,14A73,CULVER BL,JEFFERSON BL,1056,N,N,A,-,N,NA,NA,NA,NA,NA,NA,NA,NA,NA,Y,3,0,1,1,A,-,01,23152,A,N,F,I,A,A,H,-,C,D,0,NA,NA,NA,NA,Y,Y,A,01,0,1,0,0,0,0,0,0,0,-,-,NA,NA,LOS ANGELES,LOS ANGELES,-118.43704223632813,33.970497131347656
8740800,2018,2018-11-28,1942,2018-08-30,0130,41485,0884,4,5,7,1942,0,0,0,H,0,8A29W3,SEPULVEDA BL,OLYMPIC BL,0,NA,Y,A,-,N,NA,NA,NA,NA,NA,NA,NA,NA,NA,N,3,0,2,2,A,-,12,21453,A,N,D,C,A,A,H,-,C,A,0,NA,NA,NA,NA,Y,NA,A,01,0,1,1,0,0,0,0,0,0,-,-,NA,NA,LOS ANGELES,LOS ANGELES,-118.43791961669922,34.040218353271484
8740804,2018,2018-11-19,1941,2018-10-31,0600,11249,NA,3,5,7,1941,0,0,0,NA,0,NA,ANAHEIM ST,OREGON AV,200,W,N,A,-,N,NA,NA,NA,NA,NA,NA,NA,NA,NA,N,4,0,1,2,A,-,03,22350,NA,N,H,A,A,B,H,-,C,A,0,NA,NA,NA,NA,Y,NA,A,NA,0,0,1,0,0,0,0,0,0,-,-,NA,NA,LOS ANGELES,LONG BEACH,-118.2016372680664,33.782814025878906
8740808,2018,2018-11-19,1941,2018-10-26,1503,5767,NA,5,5,7,1941,0,0,0,NA,0,NA,EAST 7TH ST,ATLANTIC AV,0,NA,Y,A,-,N,NA,NA,NA,NA,NA,NA,NA,NA,NA,Y,3,0,3,2,D,-,00,NA,NA,N,D,C,A,A,H,-,A,A,0,NA,NA,NA,NA,Y,NA,-,-,0,1,2,0,0,0,0,0,0,-,-,NA,NA,LOS ANGELES,LONG BEACH,-118.18505096435548,33.77534103393555
8740812,2018,2018-12-03,1941,2018-10-31,0002,10850,NA,3,5,7,1941,0,0,0,NA,0,NA,STUDEBAKER RD,LOYNES DR,402,N,N,A,-,N,NA,NA,NA,NA,NA,NA,NA,NA,NA,Y,4,0,1,2,A,-,01,23152,A,N,-,C,A,A,H,-,-,D,0,NA,NA,NA,NA,Y,NA,A,NA,0,0,1,0,0,0,0,0,0,-,-,NA,NA,LOS ANGELES,LONG BEACH,-118.1031494140625,33.76810073852539
8740816,2018,2018-11-19,1941,2018-10-31,0810,11244,NA,3,5,7,1941,0,0,0,NA,0,NA,7TH ST,ALMOND AV,0,NA,Y,A,-,N,NA,NA,NA,NA,NA,NA,NA,NA,NA,N,4,0,1,2,A,-,15,21235,A,N,D,C,A,A,H,-,A,A,0,NA,NA,Y,NA,Y,NA,C,NA,0,0,1,0,0,0,0,0,1,-,-,NA,NA,LOS ANGELES,LONG BEACH,-118.17472839355467,33.77534103393555
8740820,2018,2018-11-19,1942,2018-10-24,2050,34561,1562,3,5,7,1942,0,0,0,O,0,15A85,COLDWATER CANYON AV,RIVERSIDE DR,230,S,N,A,-,N,NA,NA,NA,NA,NA,NA,NA,NA,NA,Y,4,0,1,2,A,-,05,21460,A,F,A,C,A,A,H,-,C,A,0,NA,NA,NA,NA,Y,NA,A,01,0,0,1,0,0,0,0,0,0,-,-,NA,NA,LOS ANGELES,LOS ANGELES,-118.41378784179688,34.15699768066406
8740824,2018,2018-11-19,1942,2018-10-14,1405,38007,0758,7,5,7,1942,0,0,0,G,0,7A47,W OLYMPIC BL,S RIMPAU BL,0,NA,Y,A,-,N,NA,NA,NA,NA,NA,NA,NA,NA,NA,Y,4,0,1,2,A,-,09,21801,A,N,D,C,A,A,H,-,A,D,0,NA,NA,NA,NA,Y,NA,A,01,0,0,1,0,0,0,0,0,0,-,-,NA,NA,LOS ANGELES,LOS ANGELES,-118.33373260498048,34.05690002441406
8740828,2018,2018-11-19,1942,2018-10-15,0845,32921,0788,1,5,7,1942,0,0,0,G,0,7A69,CRENSHAW BL,WASHINGTON BL,220,S,N,A,-,N,NA,NA,NA,NA,NA,NA,NA,NA,NA,N,4,0,2,2,A,-,04,21703,NA,N,C,C,A,A,H,-,A,D,0,NA,NA,NA,NA,Y,NA,A,01,0,0,2,0,0,0,0,0,0,-,-,NA,NA,LOS ANGELES,LOS ANGELES,-118.33137512207033,34.03931427001953
8740832,2018,2018-11-19,1942,2018-10-18,0958,37416,0715,4,5,7,1942,0,0,0,G,0,7A1,N LA BREA AV,BEVERLY BL,31,S,N,A,-,N,NA,NA,NA,NA,NA,NA,NA,NA,NA,Y,4,0,1,3,A,-,08,22107,NA,N,B,C,F,A,H,-,A,D,0,Y,NA,NA,NA,Y,NA,A,07,0,0,1,0,1,0,0,0,0,-,-,NA,NA,LOS ANGELES,LOS ANGELES,-118.3440399169922,34.07608413696289
8740836,2018,2018-11-19,1941,2018-10-26,0701,10861,NA,5,5,7,1941,0,0,0,NA,0,NA,4TH ST,WALNUT AV,0,NA,Y,A,-,N,NA,NA,NA,NA,NA,NA,NA,NA,NA,Y,4,0,2,2,D,-,00,NA,NA,N,D,C,A,A,H,-,A,A,0,NA,NA,NA,NA,Y,NA,-,-,0,0,2,0,0,0,0,0,0,-,-,NA,NA,LOS ANGELES,LONG BEACH,-118.17204284667967,33.77170944213867
8740840,2018,2018-11-19,1941,2018-10-26,0513,5572,NA,5,5,7,1941,0,0,0,NA,0,017,PALO VERDE AV,WARDLOW RD,0,NA,Y,A,-,N,NA,NA,NA,NA,NA,NA,NA,NA,NA,Y,3,0,2,2,D,-,00,NA,NA,N,D,C,A,A,H,-,B,A,0,NA,NA,NA,NA,Y,NA,-,-,0,2,0,0,0,0,0,0,0,-,-,NA,NA,LOS ANGELES,LONG BEACH,-118.10787200927734,33.818870544433594
8740844,2018,2018-12-03,1941,2018-10-31,0855,11234,NA,3,5,7,1941,0,0,0,NA,0,NA,BROADWAY,LIME AV,7,E,N,A,-,N,NA,NA,NA,NA,NA,NA,NA,NA,NA,N,3,0,1,2,A,-,10,21950,A,N,B,B,B,A,H,-,A,A,0,Y,NA,NA,NA,Y,NA,A,NA,0,1,0,0,1,0,0,0,0,-,-,NA,NA,LOS ANGELES,LONG BEACH,-118.1836395263672,33.7692985534668
8740848,2018,2018-11-19,1941,2018-10-27,1346,11126,NA,6,5,7,1941,0,0,0,NA,0,NA,OLIVE,7TH ST,0,NA,Y,A,-,N,NA,NA,NA,NA,NA,NA,NA,NA,NA,N,3,0,1,2,D,-,00,NA,NA,N,G,G,A,A,H,-,A,A,0,NA,Y,NA,NA,Y,Y,-,-,0,1,0,0,0,0,1,0,0,-,-,NA,NA,LOS ANGELES,LONG BEACH,-118.18240356445313,33.77534103393555
8740852,2018,2018-11-19,1941,2018-10-30,0909,11099,NA,2,5,7,1941,0,0,0,NA,0,NA,SPRING ST,LAKEWOOD BL,950,W,-,A,-,N,NA,NA,NA,NA,NA,NA,NA,NA,NA,Y,2,0,1,1,D,-,00,NA,NA,N,A,I,A,A,H,-,A,D,0,NA,NA,NA,NA,Y,NA,-,-,1,0,0,0,0,0,0,0,0,-,-,NA,NA,LOS ANGELES,LONG BEACH,-118.14234924316406,33.812530517578125
8740856,2018,2018-11-19,1941,2018-10-26,1640,11223,NA,5,5,7,1941,0,0,0,NA,0,NA,ANAHEIM ST,ROSE AV,200,W,N,A,-,N,NA,NA,NA,NA,NA,NA,NA,NA,NA,N,3,0,1,2,A,-,05,21202,A,M,G,G,A,A,H,-,A,A,0,NA,Y,NA,NA,Y,NA,L,NA,0,1,0,0,0,0,1,0,0,-,-,NA,NA,LOS ANGELES,LONG BEACH,-118.17051696777344,33.78261184692383
8740860,2018,2018-11-19,1941,2018-10-27,1637,11271,NA,6,5,7,1941,0,0,0,NA,0,NA,CHERRY AV,SPAULDING WY,0,NA,Y,A,-,N,NA,NA,NA,NA,NA,NA,NA,NA,NA,N,4,0,1,2,D,-,00,NA,NA,F,G,G,A,A,H,-,A,D,0,NA,Y,NA,NA,Y,NA,-,-,0,0,1,0,0,0,1,0,0,-,-,NA,NA,LOS ANGELES,LONG BEACH,-118.16766357421876,33.78569030761719
8740902,2018,2018-11-15,1942,2018-08-21,0835,41957,0758,2,5,7,1942,0,0,0,G,0,7A47,OLYMPIC BL,WEST BL,35,E,N,A,-,N,NA,NA,NA,NA,NA,NA,NA,NA,NA,N,4,0,1,3,A,-,03,22350,NA,N,C,C,A,A,H,-,A,A,0,NA,NA,NA,NA,Y,Y,A,07,0,0,1,0,0,0,0,0,0,-,-,NA,NA,LOS ANGELES,LOS ANGELES,-118.3306884765625,34.056053161621094
8740906,2018,2018-11-15,1942,2018-08-31,0710,33169,0727,5,5,7,1942,0,0,0,G,0,7A17,S HIGHLAND AV,W 1ST ST,0,NA,Y,A,-,N,NA,NA,NA,NA,NA,NA,NA,NA,NA,N,4,0,1,2,A,-,09,21802,A,N,D,C,A,A,H,-,A,D,0,NA,NA,NA,NA,Y,NA,A,07,0,0,1,0,0,0,0,0,0,-,-,NA,NA,LOS ANGELES,LOS ANGELES,-118.33865356445313,34.07358169555664
8740914,2018,2018-12-28,1942,2018-08-02,1900,39123,0515,4,5,7,1942,0,0,0,E,0,5A15,NEPTUNE AV,RT 1,1,S,N,A,-,Y,LA,7,1,-,-,10.901,I,6,S,Y,4,0,1,2,A,-,03,22350,NA,F,C,C,A,A,H,-,A,D,0,NA,NA,NA,NA,Y,NA,A,01,0,0,1,0,0,0,0,0,0,-,-,NA,NA,LOS ANGELES,LOS ANGELES,-118.26971435546876,33.790771484375
8740942,2018,2018-11-15,1900,2018-08-22,2041,608281,1453,3,5,2,1999,0,0,0,NA,0,147A,HARBOR BL,KASHLAN RD,180,S,N,A,-,N,NA,NA,NA,NA,NA,NA,NA,NA,NA,Y,4,0,1,1,A,-,07,21658,A,N,E,I,A,A,H,-,C,D,0,NA,NA,NA,NA,Y,NA,A,01,0,0,1,0,0,0,0,0,0,-,-,33.949771881103516,-117.92868041992188,LOS ANGELES,LA HABRA HEIGHTS,-117.92877960205078,33.94989013671875
8740954,2018,2018-11-15,1942,2018-08-30,0925,33169,0745,4,5,7,1942,0,0,0,G,0,7A33,WILSHIRE BL,COCHRAN AV,148,W,N,A,-,N,NA,NA,NA,NA,NA,NA,NA,NA,NA,N,3,0,1,1,B,-,22,NA,NA,N,H,J,A,A,H,-,A,-,0,NA,NA,Y,NA,Y,NA,C,02,0,1,0,0,0,0,0,0,1,-,-,NA,NA,LOS ANGELES,LOS ANGELES,-118.34768676757813,34.06229782104492
8740958,2018,2018-11-15,1942,2018-08-30,0900,32921,0705,4,5,7,1942,0,0,0,G,0,7A1,BEVERLY BL,ALTA VISTA,60,W,N,A,-,N,NA,NA,NA,NA,NA,NA,NA,NA,NA,N,4,0,1,2,A,-,04,21703,NA,F,C,C,A,A,H,-,A,D,0,NA,NA,NA,NA,Y,NA,-,99,0,0,1,0,0,0,0,0,0,-,-,NA,NA,LOS ANGELES,LOS ANGELES,-118.34764862060548,34.076171875
8740967,2018,2018-11-16,1900,2018-10-12,2009,629526,1125,5,5,6,1992,0,0,0,NA,0,112T1,VALLEY CENTRAL WY,CENTRAL CT,292,S,N,A,-,N,NA,NA,NA,NA,NA,NA,NA,NA,NA,Y,3,0,1,2,A,-,09,21804,A,N,D,C,A,A,H,-,C,D,0,NA,NA,NA,NA,Y,NA,A,01,0,1,0,0,0,0,0,0,0,-,-,NA,NA,LOS ANGELES,LANCASTER,-118.17243194580078,34.69111251831055
8740976,2018,2018-11-20,1900,2018-10-25,0412,626575,1159,4,5,6,1992,0,0,0,NA,0,111T1,AVENUE J,70TH ST WEST,140,E,N,A,-,N,NA,NA,NA,NA,NA,NA,NA,NA,NA,N,3,0,1,2,A,-,08,22107,NA,F,G,B,E,A,H,-,D,D,0,Y,NA,NA,NA,Y,NA,A,01,0,1,0,0,1,0,0,0,0,-,-,NA,NA,LOS ANGELES,LANCASTER,-118.25364685058594,34.68935012817383
8740990,2018,2018-11-19,1900,2018-10-31,0735,408957,2924,3,5,5,1990,0,0,0,NA,0,292K1,GOLDEN SPRINGS DR,GATEWAY CENTER DR,0,NA,Y,A,-,N,NA,NA,NA,NA,NA,NA,NA,NA,NA,Y,4,0,2,2,A,-,09,21801,A,N,B,C,A,A,H,-,A,A,0,NA,NA,NA,NA,Y,NA,A,01,0,0,2,0,0,0,0,0,0,-,-,NA,NA,LOS ANGELES,DIAMOND BAR,-117.83251953125,34.00191879272461
8741071,2018,2018-12-05,1900,2018-10-17,1647,629526,1134,3,5,6,1992,0,0,0,NA,0,112T1,AVENUE M,3RD ST EAST,18480,W,N,A,-,N,NA,NA,NA,NA,NA,NA,NA,NA,NA,Y,3,0,1,2,A,-,09,21801,A,N,D,C,A,A,H,-,A,D,0,NA,NA,NA,NA,Y,NA,A,01,0,1,0,0,0,0,0,0,0,-,-,NA,NA,LOS ANGELES,LANCASTER,-118.12995147705078,34.64585876464844
8741101,2018,2018-11-19,1900,2018-10-15,0940,507857,0972,1,5,4,1979,0,0,0,NA,0,92T2,MELROSE AV,ROBERTSON BL,0,NA,Y,A,-,N,NA,NA,NA,NA,NA,NA,NA,NA,NA,Y,3,0,2,2,A,-,09,21801,A,N,A,C,A,A,H,-,A,A,0,NA,NA,NA,NA,Y,NA,A,01,0,1,1,0,0,0,0,0,0,-,-,34.08000183105469,-118.38500213623048,LOS ANGELES,WEST HOLLYWOOD,-118.38546752929688,34.080810546875
8741105,2018,2018-11-19,1900,2018-10-24,1730,527698,0975,3,5,4,1979,0,0,0,NA,0,98A,CRESCENT HEIGHTS BL,NORTON AV,0,NA,Y,A,-,N,NA,NA,NA,NA,NA,NA,NA,NA,NA,Y,3,0,1,2,A,-,09,21802,A,N,D,C,A,A,H,-,A,D,0,NA,NA,NA,NA,Y,NA,A,01,0,1,0,0,0,0,0,0,0,-,-,34.09177017211914,-118.36592864990234,LOS ANGELES,WEST HOLLYWOOD,-118.36595153808594,34.091758728027344
8741109,2018,2018-11-19,1900,2018-10-19,1545,527698,0986,5,5,4,1979,0,0,0,NA,0,92T4,SUNSET BL,LONDONDERRY PL,0,NA,Y,A,-,N,NA,NA,NA,NA,NA,NA,NA,NA,NA,Y,4,0,2,2,A,-,09,21802,A,N,D,C,A,A,H,-,A,A,0,NA,NA,NA,NA,Y,NA,A,07,0,0,2,0,0,0,0,0,0,-,-,34.0931510925293,-118.37832641601564,LOS ANGELES,WEST HOLLYWOOD,-118.37827301025392,34.09315872192383
8741113,2018,2018-11-19,1900,2018-10-16,0025,509623,0972,2,5,4,1979,0,0,0,NA,0,93T2,ALLEY SOUTH OF MELROSE AV,ROBERTSON BL,320,W,N,A,-,N,NA,NA,NA,NA,NA,NA,NA,NA,NA,N,2,0,1,2,A,-,11,21954,A,F,G,B,E,A,H,-,C,D,0,Y,NA,NA,NA,Y,NA,N,60,1,0,0,0,1,0,0,0,0,-,-,34.08039855957031,-118.38639068603516,LOS ANGELES,WEST HOLLYWOOD,-118.386341,34.080358