CASE_ID,ACCIDENT_YEAR,PROC_DATE,JURIS,COLLISION_DATE,COLLISION_TIME,OFFICER_ID,REPORTING_DISTRICT,DAY_OF_WEEK,CHP_SHIFT,POPULATION,CNTY_CITY_LOC,SPECIAL_COND,BEAT_TYPE,CHP_BEAT_TYPE,CITY_DIVISION_LAPD,CHP_BEAT_CLASS,BEAT_NUMBER,PRIMARY_RD,SECONDARY_RD,DISTANCE,DIRECTION,INTERSECTION,WEATHER_1,WEATHER_2,STATE_HWY_IND,CALTRANS_COUNTY,CALTRANS_DISTRICT,STATE_ROUTE,ROUTE_SUFFIX,POSTMILE_PREFIX,POSTMILE,LOCATION_TYPE,RAMP_INTERSECTION,SIDE_OF_HWY,TOW_AWAY,COLLISION_SEVERITY,NUMBER_KILLED,NUMBER_INJURED,PARTY_COUNT,PRIMARY_COLL_FACTOR,PCF_CODE_OF_VIOL,PCF_VIOL_CATEGORY,PCF_VIOLATION,PCF_VIOL_SUBSECTION,HIT_AND_RUN,TYPE_OF_COLLISION,MVIW,PED_ACTION,ROAD_SURFACE,ROAD_COND_1,ROAD_COND_2,LIGHTING,CONTROL_DEVICE,CHP_ROAD_TYPE,PEDESTRIAN_ACCIDENT,BICYCLE_ACCIDENT,MOTORCYCLE_ACCIDENT,TRUCK_ACCIDENT,NOT_PRIVATE_PROPERTY,ALCOHOL_INVOLVED,STWD_VEHTYPE_AT_FAULT,CHP_VEHTYPE_AT_FAULT,COUNT_SEVERE_INJ,COUNT_VISIBLE_INJ,COUNT_COMPLAINT_PAIN,COUNT_PED_KILLED,COUNT_PED_INJURED,COUNT_BICYCLIST_KILLED,COUNT_BICYCLIST_INJURED,COUNT_MC_KILLED,COUNT_MC_INJURED,PRIMARY_RAMP,SECONDARY_RAMP,LATITUDE,LONGITUDE,COUNTY,CITY,POINT_X,POINT_Y
8741813,2018,2019-01-10,1900,2018-11-13,0834,407639,1335,2,5,5,1908,0,0,0,NA,0,133T1,FLOWER ST,CLARK AV,235,W,N,A,-,N,NA,NA,NA,NA,NA,NA,NA,NA,NA,Y,4,0,1,2,A,-,03,22350,NA,N,C,C,A,A,H,-,A,D,0,NA,NA,NA,NA,Y,NA,A,01,0,0,1,0,0,0,0,0,0,-,-,NA,NA,LOS ANGELES,BELLFLOWER,-118.13473510742188,33.88204574584961
8741814,2018,2018-12-03,1900,2018-11-09,1520,546525,2619,5,5,6,1950,0,0,0,NA,0,262T1,DIVISION ST,PENINA WY,0,NA,Y,A,-,N,NA,NA,NA,NA,NA,NA,NA,NA,NA,N,4,0,1,2,A,-,09,21801,A,N,D,C,A,A,H,-,A,A,0,NA,NA,NA,NA,Y,NA,A,01,0,0,1,0,0,0,0,0,0,-,-,34.60816955566406,-118.13005828857422,LOS ANGELES,PALMDALE,-118.12999725341795,34.60818099975586
8741816,2018,2018-11-30,1941,2018-11-01,2057,6074,NA,4,5,7,1941,0,0,0,NA,0,NA,ATLANTIC AV,ATLANTIC AV 1337,0,NA,-,A,-,N,NA,NA,NA,NA,NA,NA,NA,NA,NA,N,3,0,1,2,A,-,11,21956,A,N,H,B,E,A,H,-,D,D,0,Y,NA,NA,NA,Y,NA,N,NA,0,1,0,0,1,0,0,0,0,-,-,NA,NA,LOS ANGELES,LONG BEACH,-118.185049,33.78336
8741817,2018,2019-01-10,1900,2018-11-02,0730,476816,1328,5,5,5,1935,0,0,0,NA,0,132T1,CENTRALIA ST,BLOOMFIELD AV,0,NA,Y,A,-,N,NA,NA,NA,NA,NA,NA,NA,NA,NA,Y,3,0,1,2,A,-,09,21801,A,N,D,C,A,A,H,-,A,A,0,NA,NA,Y,NA,Y,NA,A,01,0,1,0,0,0,0,0,0,1,-,-,NA,NA,LOS ANGELES,LAKEWOOD,-118.0634765625,33.83876037597656
8741818,2018,2018-12-03,1942,2018-11-06,1400,41944,557,2,5,7,1942,0,0,0,NA,0,5A59,CABRILLO AV,2ND ST,0,NA,Y,A,-,N,NA,NA,NA,NA,NA,NA,NA,NA,NA,N,4,0,1,2,A,-,12,22450,A,N,D,C,A,A,H,-,A,A,0,NA,NA,NA,NA,Y,NA,A,01,0,0,1,0,0,0,0,0,0,-,-,NA,NA,LOS ANGELES,LOS ANGELES,-118.29456329345705,33.742408752441406
8741821,2018,2019-01-10,1900,2018-11-06,1954,606987,1328,2,5,5,1935,0,0,0,NA,0,132T1,CENTRALIA ST,NORWALK BL,0,NA,Y,A,-,N,NA,NA,NA,NA,NA,NA,NA,NA,NA,N,2,0,1,2,A,-,08,21717,NA,F,B,G,A,A,H,-,C,A,0,NA,Y,NA,NA,Y,NA,A,01,1,0,0,0,0,0,1,0,0,-,-,NA,NA,LOS ANGELES,LAKEWOOD,-118.07208251953124,33.838741302490234
8741822,2018,2018-12-03,1942,2018-11-08,1130,38600,0585,4,5,7,1942,0,0,0,E,0,5X64,24TH ST,GAFFEY ST,200,W,N,A,-,N,NA,NA,NA,NA,NA,NA,NA,NA,NA,Y,4,0,1,4,D,-,00,NA,NA,N,D,B,E,A,H,-,A,D,0,Y,NA,NA,NA,Y,NA,-,-,0,0,1,0,1,0,0,0,0,-,-,NA,NA,LOS ANGELES,LOS ANGELES,-118.29307556152344,33.72246170043945
8741825,2018,2019-01-10,1900,2018-11-03,1230,534813,1348,6,5,3,1903,0,0,0,NA,0,134A,ROSETON AV,178TH ST,610,N,N,A,-,N,NA,NA,NA,NA,NA,NA,NA,NA,NA,N,3,0,1,2,A,-,04,21703,NA,N,B,G,A,A,H,-,A,D,0,NA,Y,NA,NA,Y,NA,A,01,0,1,0,0,0,0,1,0,0,-,-,33.87112045288086,-118.08718872070313,LOS ANGELES,ARTESIA,-118.08716583251952,33.87101364135742
8741826,2018,2018-12-03,1942,2018-11-11,0045,43223,0551,7,5,7,1942,0,0,0,E,0,5A55,WESTERN AV,SUMMERLAND,100,S,N,A,-,N,NA,NA,NA,NA,NA,NA,NA,NA,NA,Y,4,0,1,2,A,-,21,22106,NA,N,B,C,A,A,H,-,C,A,0,NA,NA,Y,NA,Y,NA,A,01,0,0,1,0,0,0,0,0,1,-,-,NA,NA,LOS ANGELES,LOS ANGELES,-118.30962371826172,33.746856689453125
8741829,2018,2019-01-10,1900,2018-11-04,1737,622431,1334,7,5,5,1908,0,0,0,NA,0,133D,BELLFLOWER BL,ARKANSAS ST,0,NA,Y,A,-,N,NA,NA,NA,NA,NA,NA,NA,NA,NA,Y,4,0,2,2,A,-,09,21801,A,N,D,C,A,A,H,-,A,B,0,NA,NA,NA,NA,Y,NA,A,01,0,0,2,0,0,0,0,0,0,-,-,NA,NA,LOS ANGELES,BELLFLOWER,-118.12525177001952,33.87934875488281
8741830,2018,2018-12-13,1942,2018-11-09,1450,41001,LOS A,5,5,7,1942,0,0,0,NA,0,0507,223RD ST,HARVARD BL,0,NA,Y,A,-,N,NA,NA,NA,NA,NA,NA,NA,NA,NA,N,3,0,2,2,A,-,09,21801,NA,N,D,C,A,A,H,-,A,D,0,NA,NA,NA,NA,Y,NA,A,08,0,1,1,0,0,0,0,0,0,-,-,NA,NA,LOS ANGELES,LOS ANGELES,-118.30641174316406,33.824501037597656
8741833,2018,2019-02-04,1900,2018-11-09,0940,547820,1352,5,5,3,1927,0,0,0,NA,0,135B,CARSON ST,BELSHIRE AV,0,NA,Y,A,-,N,NA,NA,NA,NA,NA,NA,NA,NA,NA,Y,4,0,1,2,A,-,12,21453,A,N,D,C,A,A,H,-,A,A,0,NA,NA,NA,NA,Y,NA,-,-,0,0,1,0,0,0,0,0,0,-,-,NA,NA,LOS ANGELES,HAWAIIAN GARDENS,-118.06986236572266,33.83155059814453
8741834,2018,2018-12-03,1942,2018-11-11,1515,43070,0,7,5,7,1942,0,0,0,NA,0,5X58,PACIFIC AV,3RD ST,10,N,N,A,-,N,NA,NA,NA,NA,NA,NA,NA,NA,NA,Y,3,0,2,3,A,-,03,22350,A,N,B,C,A,A,H,-,A,D,0,NA,NA,NA,NA,Y,NA,A,07,0,1,1,0,0,0,0,0,0,-,-,NA,NA,LOS ANGELES,LOS ANGELES,-118.28790283203124,33.74151611328125
8741837,2018,2019-01-10,1900,2018-11-07,0630,424043,1337,3,5,5,1908,0,0,0,NA,0,133B,CORNUTA AV,FLORA VISTA ST,60,N,N,A,-,N,NA,NA,NA,NA,NA,NA,NA,NA,NA,Y,3,0,2,2,A,-,09,21804,A,N,D,C,A,A,H,-,A,D,0,NA,NA,NA,NA,Y,NA,A,01,0,1,1,0,0,0,0,0,0,-,-,NA,NA,LOS ANGELES,BELLFLOWER,-118.11981201171876,33.88401412963867
8741840,2018,2018-11-30,1902,2018-11-13,1820,759,20,2,5,5,1902,0,0,0,NA,0,004,W DUARTE RD,LA CADENA AV,399,E,N,A,-,N,NA,NA,NA,NA,NA,NA,NA,NA,NA,Y,4,0,1,3,A,-,03,22350,NA,N,C,C,A,A,H,-,C,D,0,NA,NA,NA,NA,Y,NA,A,01,0,0,1,0,0,0,0,0,0,-,-,NA,NA,LOS ANGELES,ARCADIA,-118.04817199707033,34.127052307128906
8741875,2018,2019-01-24,1976,2018-11-04,0259,426,NA,7,5,5,1976,0,0,0,NA,0,004,LEFFINGWELL RD,LAMBERT RD,700,N,N,A,-,N,NA,NA,NA,NA,NA,NA,NA,NA,NA,Y,3,0,1,3,A,-,08,22107,NA,N,B,E,A,A,H,-,C,D,0,NA,NA,NA,NA,Y,NA,A,01,0,1,0,0,0,0,0,0,0,-,-,NA,NA,LOS ANGELES,WHITTIER,-117.98799896240234,33.9323844909668
8741877,2018,2018-11-30,1900,2018-10-22,0255,499039,1513,1,5,5,1954,0,0,0,NA,0,151T3,ROSEMEAD BL,MANZANAR AV,277,N,N,A,-,N,NA,NA,NA,NA,NA,NA,NA,NA,NA,Y,2,0,3,1,A,-,08,22107,NA,N,F,J,A,A,-,-,C,D,0,NA,NA,NA,NA,Y,NA,D,22,1,2,0,0,0,0,0,0,0,-,-,33.99599838256836,-118.08499908447266,LOS ANGELES,PICO RIVERA,-118.0854263305664,33.99673843383789
8741881,2018,2018-12-10,1900,2018-10-29,1210,430275,1517,1,5,5,1954,0,0,0,NA,0,151T1,WASHINGTON BL,LOCH ALENE AV,180,W,N,A,-,N,NA,NA,NA,NA,NA,NA,NA,NA,NA,Y,4,0,1,2,A,-,07,21658,A,N,B,C,A,A,H,-,A,D,0,NA,NA,NA,Y,Y,NA,F,27,0,0,1,0,0,0,0,0,0,-,-,33.981201171875,-118.09380340576172,LOS ANGELES,PICO RIVERA,-118.09453582763672,33.981788635253906
8741887,2018,2019-01-24,1900,2018-11-20,0504,2849,NA,2,5,1,1932,0,0,0,NA,0,NA,CLOVERLEAF DR,LIGHT POLE #2127465E,126,E,N,A,-,N,NA,NA,NA,NA,NA,NA,NA,NA,NA,NA,4,0,1,1,A,-,08,22107,NA,N,B,I,A,A,H,-,C,D,0,NA,NA,NA,NA,Y,NA,I,11,0,0,1,0,0,0,0,0,0,-,-,NA,NA,LOS ANGELES,INDUSTRY,NA,NA
8741900,2018,2018-12-07,1900,2018-11-24,1130,546525,2619,6,5,6,1950,0,0,0,NA,0,262T1,10TH ST WEST,AVENUE O,303,S,N,A,-,N,NA,NA,NA,NA,NA,NA,NA,NA,NA,N,4,0,1,3,A,-,04,21703,NA,N,C,C,A,A,H,-,A,A,0,NA,NA,NA,NA,Y,NA,A,01,0,0,1,0,0,0,0,0,0,-,-,34.615760803222656,-118.14766693115234,LOS ANGELES,PALMDALE,-118.14776611328124,34.615779876708984
8741910,2018,2018-12-04,1900,2018-10-17,1742,C11056,0245,3,5,3,1914,0,0,0,NA,0,27Z1P,GARFIELD AV,WASHINGTON BL,650,N,N,A,-,N,NA,NA,NA,NA,NA,NA,NA,NA,NA,Y,4,0,1,2,A,-,09,21804,A,N,B,C,A,A,H,-,A,D,0,NA,NA,NA,Y,Y,NA,G,25,0,0,1,0,0,0,0,0,0,-,-,NA,NA,LOS ANGELES,COMMERCE,-118.1328353881836,34.00035858154297
8741912,2018,2018-12-17,1900,2018-11-09,1100,546525,2612,5,5,6,1950,0,0,0,NA,0,262T1,ELIZABETH LAKE RD,GODDE HILL RD,0,NA,Y,A,-,N,NA,NA,NA,NA,NA,NA,NA,NA,NA,N,2,0,1,2,A,-,03,22350,NA,N,C,G,A,A,H,-,A,A,0,NA,Y,NA,NA,Y,NA,D,22,1,0,0,0,0,0,1,0,0,-,-,34.60803985595703,-118.25881958007813,LOS ANGELES,PALMDALE,-118.25868988037108,34.60797119140625
8741916,2018,2019-01-28,1900,2018-11-11,1314,609138,2612,7,5,6,1950,0,0,0,NA,0,263T1,30TH ST W,RANCHO VISTA BL,415,N,N,A,-,N,NA,NA,NA,NA,NA,NA,NA,NA,NA,Y,4,0,3,2,A,-,09,21804,A,N,D,C,A,A,H,-,A,D,0,NA,NA,NA,NA,Y,NA,D,22,0,0,3,0,0,0,0,0,0,-,-,34.60306930541992,-118.1832275390625,LOS ANGELES,PALMDALE,-118.18318939208984,34.60289764404297
8741921,2018,2018-11-30,1902,2018-11-11,1851,786,04,7,5,5,1902,0,0,0,NA,0,001,FOOTHILL BL,2ND AV,0,NA,Y,A,-,N,NA,NA,NA,NA,NA,NA,NA,NA,NA,Y,4,0,1,2,A,-,09,21801,A,N,D,C,A,A,H,-,C,A,0,NA,NA,NA,NA,Y,NA,A,07,0,0,1,0,0,0,0,0,0,-,-,NA,NA,LOS ANGELES,ARCADIA,-118.0254135131836,34.151058197021484
8741922,2018,2018-12-03,1900,2018-10-04,2025,499039,1517,4,5,5,1954,0,0,0,NA,0,151T2,PASSONS BL,BASCOM ST,15,N,N,A,-,N,NA,NA,NA,NA,NA,NA,NA,NA,NA,N,4,0,1,2,A,-,04,21703,NA,N,C,C,A,A,-,-,C,D,0,NA,NA,NA,NA,Y,NA,A,01,0,0,1,0,0,0,0,0,0,-,-,33.97201919555664,-118.09477996826172,LOS ANGELES,PICO RIVERA,-118.0947723388672,33.97195816040039
8741925,2018,2018-11-30,1902,2018-11-13,0314,785,11,2,5,5,1902,0,0,0,NA,0,002,HUNTINGTON DR,1ST AV,191,W,N,A,-,N,NA,NA,NA,NA,NA,NA,NA,NA,NA,Y,4,0,1,1,A,-,01,23152,A,N,-,I,A,A,H,-,C,D,0,NA,NA,NA,NA,Y,Y,A,01,0,0,1,0,0,0,0,0,0,-,-,NA,NA,LOS ANGELES,ARCADIA,-118.02897644042967,34.140071868896484
8741926,2018,2018-12-03,1900,2018-10-22,2208,499039,1516,1,5,5,1954,0,0,0,NA,0,151T3,PARAMOUNT BL,SLAUSON AV,0,NA,Y,A,-,N,NA,NA,NA,NA,NA,NA,NA,NA,NA,Y,3,0,2,2,A,-,12,21453,A,N,D,C,A,A,-,-,C,A,0,NA,NA,NA,NA,Y,NA,A,01,0,2,0,0,0,0,0,0,0,-,-,33.97349166870117,-118.11284637451172,LOS ANGELES,PICO RIVERA,-118.11299896240234,33.973411560058594
8741929,2018,2018-11-30,1902,2018-11-13,1642,783,12,2,5,5,1902,0,0,0,NA,0,003,COLORADO ST,COLORADO BL,15,W,N,A,-,N,NA,NA,NA,NA,NA,NA,NA,NA,NA,Y,4,0,3,2,A,-,02,22400,A,N,C,C,A,A,H,-,B,A,0,NA,NA,NA,NA,Y,NA,A,01,0,0,3,0,0,0,0,0,0,-,-,NA,NA,LOS ANGELES,ARCADIA,-118.04173278808594,34.14576721191406
8741930,2018,2018-12-03,1900,2018-10-04,0900,468968,1515,4,5,5,1954,0,0,0,NA,0,151T1,WASHINGTON BL,ROSEMEAD BL,300,E,N,A,-,N,NA,NA,NA,NA,NA,NA,NA,NA,NA,Y,4,0,1,2,A,-,09,21801,A,N,D,C,A,A,H,-,A,D,0,NA,NA,NA,NA,Y,NA,A,01,0,0,1,0,0,0,0,0,0,-,-,33.982730865478516,-118.09603881835938,LOS ANGELES,PICO RIVERA,-118.09633636474608,33.98276901245117
8741934,2018,2019-01-03,1900,2018-10-02,2220,530376,1513,2,5,5,1954,0,0,0,NA,0,151T3,CANDACE AV,CARRON ST,150,S,N,A,-,N,NA,NA,NA,NA,NA,NA,NA,NA,NA,N,4,0,1,2,A,-,11,21954,A,N,G,B,E,A,H,-,C,D,0,Y,NA,NA,NA,Y,Y,N,60,0,0,1,0,1,0,0,0,0,-,-,33.9887809753418,-118.1018524169922,LOS ANGELES,PICO RIVERA,-118.10205841064452,33.98834991455078
8741938,2018,2018-12-03,1900,2018-10-19,0815,455303,1518,5,5,5,1954,0,0,0,NA,0,151T1,TELEGRAPH RD,ARRINGTON AV,22,E,N,A,-,N,NA,NA,NA,NA,NA,NA,NA,NA,NA,Y,3,0,1,2,A,-,09,21801,A,N,D,C,A,A,H,-,A,A,0,NA,NA,NA,NA,Y,NA,A,01,0,1,0,0,0,0,0,0,0,-,-,33.95793151855469,-118.10616302490234,LOS ANGELES,PICO RIVERA,-118.10840606689452,33.95983123779297
8741942,2018,2018-12-03,1900,2018-10-23,1505,430275,6515,2,5,5,1954,0,0,0,NA,0,151T1,PASSONS BL,BALFOUR ST,15,N,N,A,-,N,NA,NA,NA,NA,NA,NA,NA,NA,NA,N,4,0,1,2,A,-,10,21950,A,N,G,B,B,A,H,-,A,A,0,Y,NA,NA,NA,Y,NA,A,08,0,0,1,0,1,0,0,0,0,-,-,33.98619842529297,-118.08560180664064,LOS ANGELES,PICO RIVERA,-118.08560943603516,33.98625564575195
8741968,2018,2018-11-30,1942,2018-11-08,2106,38503,1846,4,5,7,1942,0,0,0,R,0,25T27,SUCCESS AV,IMPERIAL HWY,24,N,N,A,-,N,NA,NA,NA,NA,NA,NA,NA,NA,NA,Y,4,0,1,2,A,-,03,22350,NA,F,A,C,A,A,H,-,C,D,0,NA,NA,NA,NA,Y,NA,A,01,0,0,1,0,0,0,0,0,0,-,-,NA,NA,LOS ANGELES,LOS ANGELES,-118.2493133544922,33.929534912109375
8741974,2018,2018-12-03,1962,2018-10-30,0912,078,1962,2,5,4,1962,0,0,0,NA,0,014,LAFAYETTE ST,VALLEY BL,230,N,N,A,-,N,NA,NA,NA,NA,NA,NA,NA,NA,NA,N,3,0,1,2,A,-,21,22106,NA,N,G,B,E,A,H,-,A,D,0,Y,NA,NA,NA,Y,NA,A,01,0,1,0,0,1,0,0,0,0,-,-,34.08002853393555,-118.0936279296875,LOS ANGELES,SAN GABRIEL,-118.09355926513672,34.08066177368164
8741978,2018,2018-12-03,1962,2018-10-24,1527,128,1962,3,5,4,1962,0,0,0,NA,0,002,LONGDEN AV,HUNTER DR,25,W,N,A,-,N,NA,NA,NA,NA,NA,NA,NA,NA,NA,Y,4,0,1,1,A,-,08,22107,NA,N,A,I,A,A,H,-,A,D,0,NA,NA,NA,NA,Y,NA,A,01,0,0,1,0,0,0,0,0,0,-,-,34.113521575927734,-118.08284759521484,LOS ANGELES,SAN GABRIEL,-118.09505462646484,34.113460540771484
8741982,2018,2018-12-03,1962,2018-10-23,1842,143,1962,2,5,4,1962,0,0,0,NA,0,002,LAS TUNAS DR,GLADYS AV,0,NA,Y,A,-,N,NA,NA,NA,NA,NA,NA,NA,NA,NA,Y,4,0,2,2,A,-,09,21801,A,N,A,C,A,A,H,-,C,D,0,NA,NA,NA,NA,Y,NA,A,01,0,0,2,0,0,0,0,0,0,-,-,34.10340881347656,-118.08978271484376,LOS ANGELES,SAN GABRIEL,-118.08975219726564,34.10342025756836
8741986,2018,2018-12-03,1962,2018-10-22,1509,128,1962,1,5,4,1962,0,0,0,NA,0,001,SAN MARINO AV,LAS TUNAS DR,0,NA,Y,A,-,N,NA,NA,NA,NA,NA,NA,NA,NA,NA,N,4,0,1,2,A,-,12,21453,A,N,D,C,A,A,H,-,A,A,0,NA,NA,NA,NA,Y,NA,A,07,0,0,1,0,0,0,0,0,0,-,-,34.102508544921875,-118.10253143310548,LOS ANGELES,SAN GABRIEL,-118.1024932861328,34.10248947143555
8741990,2018,2018-12-03,1962,2018-10-18,1402,078,1962,4,5,4,1962,0,0,0,NA,0,012,SAN GABRIEL BL,LIVE OAK ST,175,N,N,A,-,N,NA,NA,NA,NA,NA,NA,NA,NA,NA,Y,4,0,1,2,A,-,09,21804,A,N,D,C,A,A,H,-,A,D,0,NA,NA,Y,NA,Y,NA,A,07,0,0,1,0,0,0,0,0,1,-,-,34.101600646972656,-118.09101104736328,LOS ANGELES,SAN GABRIEL,-118.09100341796876,34.102081298828125
8741994,2018,2019-01-08,1962,2018-10-15,0720,129,1962,1,5,4,1962,0,0,0,NA,0,001,LAS TUNAS DR,SANTA ANITA ST,0,NA,Y,A,-,N,NA,NA,NA,NA,NA,NA,NA,NA,NA,Y,4,0,1,2,A,-,12,21453,A,N,D,C,A,A,H,-,A,A,0,NA,NA,NA,NA,Y,NA,-,-,0,0,1,0,0,0,0,0,0,-,-,34.10247039794922,-118.10610961914064,LOS ANGELES,SAN GABRIEL,-118.10606384277344,34.10245895385742
8741998,2018,2018-12-03,1962,2018-10-11,1510,081,1962,4,5,4,1962,0,0,0,NA,0,003,FAIRVIEW AV,BILTON WY,0,NA,Y,A,-,N,NA,NA,NA,NA,NA,NA,NA,NA,NA,N,3,0,1,2,A,-,17,21663,NA,N,D,G,A,A,H,-,A,A,0,NA,Y,NA,NA,Y,NA,L,04,0,1,0,0,0,0,1,0,0,-,-,NA,NA,LOS ANGELES,SAN GABRIEL,-118.1006317138672,34.089839935302734
8742050,2018,2018-11-29,1900,2018-08-24,2300,616135,SOUTH,5,5,4,1945,0,0,0,NA,0,27T,LOMA VISTA AV,56TH ST,28,N,N,A,-,N,NA,NA,NA,NA,NA,NA,NA,NA,NA,N,4,0,1,2,A,-,03,22350,NA,N,B,G,A,A,H,-,C,D,0,NA,Y,NA,NA,Y,Y,-,99,0,0,1,0,0,0,1,0,0,-,-,33.991600036621094,-118.19830322265624,LOS ANGELES,MAYWOOD,-118.19831085205078,33.991455078125
8742059,2018,2018-11-29,1900,2018-09-30,1135,455303,1518,7,5,5,1954,0,0,0,NA,0,151T1,BURKE ST,SERAPIS AV,226,E,N,A,-,N,NA,NA,NA,NA,NA,NA,NA,NA,NA,Y,3,0,1,2,A,-,09,21804,A,N,D,C,A,A,H,-,A,D,0,NA,NA,NA,NA,Y,NA,A,07,0,1,0,0,0,0,0,0,0,-,-,33.96860122680664,-118.10061645507813,LOS ANGELES,PICO RIVERA,-118.10066223144533,33.968589782714844
8742060,2018,2018-12-21,1900,2018-10-02,0531,531269,0262,2,5,4,1917,0,0,0,NA,0,26T,ELIZABETH ST,ATLANTIC BL,90,E,N,A,-,N,NA,NA,NA,NA,NA,NA,NA,NA,NA,N,3,0,1,1,A,-,07,21658,A,N,E,J,A,A,H,-,C,D,0,NA,NA,NA,NA,Y,NA,A,01,0,1,0,0,0,0,0,0,0,-,-,33.970001220703125,-118.18800354003906,LOS ANGELES,CUDAHY,-118.18613433837892,33.96318435668945
8742063,2018,2018-11-29,1900,2018-09-22,0830,430275,1510,6,5,5,1954,0,0,0,NA,0,151T1,WHITTIER BL,PARAMOUNT BL,0,NA,Y,A,-,N,NA,NA,NA,NA,NA,NA,NA,NA,NA,N,4,0,1,2,A,-,08,22107,NA,N,D,G,A,A,H,-,A,A,0,NA,Y,NA,NA,Y,NA,A,01,0,0,1,0,0,0,1,0,0,-,-,34.003299713134766,-118.0885009765625,LOS ANGELES,PICO RIVERA,-118.08869171142578,34.00336837768555
8742064,2018,2019-01-08,1900,2018-10-04,1650,608299,0261,4,5,4,1917,0,0,0,NA,0,026,ATLANTIC AV,OAK ST,0,NA,Y,A,-,N,NA,NA,NA,NA,NA,NA,NA,NA,NA,N,3,0,1,2,A,-,10,21950,A,N,G,B,B,A,H,-,A,A,0,Y,NA,NA,NA,Y,NA,A,01,0,1,0,0,1,0,0,0,0,-,-,NA,NA,LOS ANGELES,CUDAHY,NA,NA
8742067,2018,2018-12-28,1965,2018-11-05,0721,3984,0B10,1,5,5,1965,0,0,0,NA,0,B001,OCEAN AV,ALTA AV,30,N,N,A,-,N,NA,NA,NA,NA,NA,NA,NA,NA,NA,Y,3,0,1,1,A,-,03,22350,NA,N,H,A,A,A,H,-,A,A,0,NA,NA,Y,NA,Y,NA,C,02,0,1,0,0,0,0,0,0,1,-,-,NA,NA,LOS ANGELES,SANTA MONICA,-118.50981903076172,34.02398681640625
8742068,2018,2018-12-03,1900,2018-10-09,0748,525033,0241,2,5,3,1914,0,0,0,NA,0,27T,TELEGRAPH RD,EASTERN AV,105,E,N,A,-,N,NA,NA,NA,NA,NA,NA,NA,NA,NA,Y,3,0,1,1,A,-,08,22107,NA,N,E,I,A,D,H,-,A,D,0,NA,NA,NA,NA,Y,NA,A,07,0,1,0,0,0,0,0,0,0,-,-,NA,NA,LOS ANGELES,COMMERCE,-118.17366027832033,34.01725769042969
8742071,2018,2018-12-28,1965,2018-11-03,2310,3984,0B1G,6,5,5,1965,0,0,0,NA,0,B001,WILSHIRE BL,3RD ST,34,W,N,A,-,N,NA,NA,NA,NA,NA,NA,NA,NA,NA,N,4,0,2,2,A,-,03,22350,NA,N,C,C,A,A,H,-,C,A,0,NA,NA,NA,NA,Y,NA,A,01,0,0,2,0,0,0,0,0,0,-,-,NA,NA,LOS ANGELES,SANTA MONICA,-118.49937438964844,34.01826095581055
8742072,2018,2018-12-03,1900,2018-10-16,1730,532019,0261,2,5,4,1917,0,0,0,NA,0,26TPMS,ATLANTIC AV,CLARA AV,0,NA,Y,A,-,N,NA,NA,NA,NA,NA,NA,NA,NA,NA,NA,4,0,1,2,A,-,10,21950,A,N,D,G,A,A,H,-,A,A,0,NA,Y,NA,NA,Y,NA,A,01,0,0,1,0,0,0,1,0,0,-,-,33.96500015258789,-118.18599700927734,LOS ANGELES,CUDAHY,-118.18701934814452,33.96556854248047
8742075,2018,2018-12-28,1965,2018-11-06,1045,3813,0B3F,2,5,5,1965,0,0,0,NA,0,B003,PICO BL,29TH ST,121,E,N,A,-,N,NA,NA,NA,NA,NA,NA,NA,NA,NA,N,3,0,1,2,A,-,17,21461,A,N,B,C,A,A,H,-,A,A,0,NA,NA,Y,NA,Y,NA,A,07,0,1,0,0,0,0,0,0,1,-,-,37.01594924926758,-120.90914154052734,LOS ANGELES,SANTA MONICA,-118.45915222167967,34.02497100830078
8742077,2018,2018-12-19,1942,2018-11-06,0615,42330,0659,2,5,7,1942,0,0,0,F,0,6A79,NORMANDIE AV,SUNSET BL,5,S,N,A,-,N,NA,NA,NA,NA,NA,NA,NA,NA,NA,Y,4,0,1,2,A,-,12,21453,A,N,B,-,A,A,H,-,A,A,0,NA,NA,NA,NA,Y,NA,-,-,0,0,1,0,0,0,0,0,0,-,-,NA,NA,LOS ANGELES,LOS ANGELES,-118.30052185058594,34.098106384277344
8742162,2018,2018-12-03,1900,2018-10-16,0206,622989,1328,2,5,5,1935,0,0,0,NA,0,135B,DEL AMO BL,NORWALK BL,24,E,N,A,-,N,NA,NA,NA,NA,NA,NA,NA,NA,NA,Y,4,0,2,2,A,-,01,23152,A,N,D,C,A,A,H,-,C,A,0,NA,NA,NA,NA,Y,Y,A,01,0,0,2,0,0,0,0,0,0,-,-,NA,NA,LOS ANGELES,LAKEWOOD,-118.0720443725586,33.84614944458008