CASE_ID,ACCIDENT_YEAR,PROC_DATE,JURIS,COLLISION_DATE,COLLISION_TIME,OFFICER_ID,REPORTING_DISTRICT,DAY_OF_WEEK,CHP_SHIFT,POPULATION,CNTY_CITY_LOC,SPECIAL_COND,BEAT_TYPE,CHP_BEAT_TYPE,CITY_DIVISION_LAPD,CHP_BEAT_CLASS,BEAT_NUMBER,PRIMARY_RD,SECONDARY_RD,DISTANCE,DIRECTION,INTERSECTION,WEATHER_1,WEATHER_2,STATE_HWY_IND,CALTRANS_COUNTY,CALTRANS_DISTRICT,STATE_ROUTE,ROUTE_SUFFIX,POSTMILE_PREFIX,POSTMILE,LOCATION_TYPE,RAMP_INTERSECTION,SIDE_OF_HWY,TOW_AWAY,COLLISION_SEVERITY,NUMBER_KILLED,NUMBER_INJURED,PARTY_COUNT,PRIMARY_COLL_FACTOR,PCF_CODE_OF_VIOL,PCF_VIOL_CATEGORY,PCF_VIOLATION,PCF_VIOL_SUBSECTION,HIT_AND_RUN,TYPE_OF_COLLISION,MVIW,PED_ACTION,ROAD_SURFACE,ROAD_COND_1,ROAD_COND_2,LIGHTING,CONTROL_DEVICE,CHP_ROAD_TYPE,PEDESTRIAN_ACCIDENT,BICYCLE_ACCIDENT,MOTORCYCLE_ACCIDENT,TRUCK_ACCIDENT,NOT_PRIVATE_PROPERTY,ALCOHOL_INVOLVED,STWD_VEHTYPE_AT_FAULT,CHP_VEHTYPE_AT_FAULT,COUNT_SEVERE_INJ,COUNT_VISIBLE_INJ,COUNT_COMPLAINT_PAIN,COUNT_PED_KILLED,COUNT_PED_INJURED,COUNT_BICYCLIST_KILLED,COUNT_BICYCLIST_INJURED,COUNT_MC_KILLED,COUNT_MC_INJURED,PRIMARY_RAMP,SECONDARY_RAMP,LATITUDE,LONGITUDE,COUNTY,CITY,POINT_X,POINT_Y
8744944,2018,2018-12-03,1973,2018-10-08,1111,632,1973,1,5,1,1973,0,0,0,NA,0,001,ALAMEDA ST,55TH ST,10,S,N,A,-,N,NA,NA,NA,NA,NA,NA,NA,NA,NA,N,4,0,1,2,A,-,03,22350,NA,F,C,C,A,A,H,-,A,A,0,NA,NA,NA,NA,Y,NA,-,NA,0,0,1,0,0,0,0,0,0,-,-,NA,NA,LOS ANGELES,VERNON,-118.23825073242188,33.992942810058594
8744945,2018,2018-12-06,1973,2018-10-03,0830,567,1973,3,5,1,1973,0,0,0,NA,0,002,SLAUSON AV,ALCOA AV,0,NA,Y,A,-,N,NA,NA,NA,NA,NA,NA,NA,NA,NA,Y,4,0,1,2,A,-,03,22350,NA,N,C,C,A,A,H,-,A,A,0,NA,NA,NA,NA,Y,NA,-,NA,0,0,1,0,0,0,0,0,0,-,-,NA,NA,LOS ANGELES,VERNON,-118.20844268798828,33.98918914794922
8744947,2018,2018-11-29,1942,2018-11-08,2305,43445,0629,4,5,7,1942,0,0,0,F,0,6A49,WESTERN AV,FRANKLIN AV,0,NA,Y,A,-,N,NA,NA,NA,NA,NA,NA,NA,NA,NA,N,2,0,1,2,A,-,12,21453,A,F,G,B,B,A,H,-,C,A,0,Y,NA,NA,NA,Y,NA,-,99,1,0,0,0,1,0,0,0,0,-,-,NA,NA,LOS ANGELES,LOS ANGELES,-118.30925750732422,34.10538101196289
8744948,2018,2018-12-03,1973,2018-10-10,1942,614,1973,3,5,1,1973,0,0,0,NA,0,001,LEONIS BL,SOTO ST,0,NA,Y,A,-,N,NA,NA,NA,NA,NA,NA,NA,NA,NA,Y,4,0,1,2,A,-,12,21453,A,N,D,C,A,A,H,-,C,A,0,NA,NA,NA,NA,Y,NA,-,NA,0,0,1,0,0,0,0,0,0,-,-,NA,NA,LOS ANGELES,VERNON,-118.21959686279295,34.000038146972656
8744951,2018,2018-11-29,1942,2018-11-11,0645,34959,1487,7,5,7,1942,0,0,0,N,0,14A67,SEPULVEDA BL,MANCHESTER AV,0,NA,Y,A,-,N,NA,NA,NA,NA,NA,NA,NA,NA,NA,Y,4,0,1,2,A,-,09,21801,A,N,D,C,A,A,H,-,A,D,0,NA,NA,NA,NA,Y,NA,A,01,0,0,1,0,0,0,0,0,0,-,-,NA,NA,LOS ANGELES,LOS ANGELES,-118.39623260498048,33.95991897583008
8744952,2018,2018-12-03,1973,2018-10-12,1352,568,1973,5,5,1,1973,0,0,0,NA,0,001,38TH ST,ROSS ST,0,NA,Y,A,-,N,NA,NA,NA,NA,NA,NA,NA,NA,NA,Y,4,0,1,2,A,-,12,22450,A,N,D,C,A,A,H,-,A,D,0,NA,NA,NA,NA,Y,NA,-,NA,0,0,1,0,0,0,0,0,0,-,-,NA,NA,LOS ANGELES,VERNON,-118.23692321777344,34.00804901123047
8744955,2018,2018-11-29,1942,2018-11-16,2110,38090,1469,5,5,7,1942,0,0,0,N,0,6T7,S LA CIENEGA BL,FAIRVIEW AV,32,N,N,A,-,N,NA,NA,NA,NA,NA,NA,NA,NA,NA,Y,3,0,2,2,A,-,01,23152,A,N,C,C,A,A,H,-,C,A,0,NA,NA,NA,NA,Y,Y,A,01,0,2,0,0,0,0,0,0,0,-,-,NA,NA,LOS ANGELES,LOS ANGELES,-118.37034606933594,33.97998809814453
8744956,2018,2018-12-03,1973,2018-10-13,0810,638,1973,6,5,1,1973,0,0,0,NA,0,001,SANTA FE AV,VERNON AV,0,NA,Y,C,-,N,NA,NA,NA,NA,NA,NA,NA,NA,NA,Y,4,0,1,2,A,-,09,21801,A,N,D,C,A,B,H,-,A,A,0,NA,NA,NA,NA,Y,NA,A,01,0,0,1,0,0,0,0,0,0,-,-,NA,NA,LOS ANGELES,VERNON,-118.2302474975586,34.005218505859375
8744959,2018,2018-11-29,1942,2018-11-09,1100,40235,0745,5,5,7,1942,0,0,0,G,0,7A33,SAN VICENTE BL,HAUSER BL,0,NA,Y,A,-,N,NA,NA,NA,NA,NA,NA,NA,NA,NA,Y,4,0,2,2,A,-,09,21801,A,N,D,C,A,A,H,-,A,A,0,NA,NA,NA,NA,Y,NA,A,01,0,0,2,0,0,0,0,0,0,-,-,NA,NA,LOS ANGELES,LOS ANGELES,-118.3547592163086,34.05393981933594
8744960,2018,2018-12-03,1973,2018-10-15,1815,555,1973,1,5,1,1973,0,0,0,NA,0,001,ALAMEDA ST,VERNON AV,0,NA,Y,A,-,N,NA,NA,NA,NA,NA,NA,NA,NA,NA,N,4,0,2,2,D,-,00,NA,NA,N,D,C,A,A,H,-,B,B,0,NA,NA,NA,NA,Y,NA,-,-,0,0,2,0,0,0,0,0,0,-,-,NA,NA,LOS ANGELES,VERNON,-118.23918151855467,34.003929138183594
8744961,2018,2018-11-29,1942,2018-09-15,0200,42215,0734,6,5,7,1942,0,0,0,G,0,7A33,FAIRFAX AV,3RD ST,0,NA,Y,A,-,N,NA,NA,NA,NA,NA,NA,NA,NA,NA,Y,4,0,1,2,A,-,09,21801,A,F,D,C,A,A,H,-,C,A,0,NA,NA,NA,NA,Y,Y,A,07,0,0,1,0,0,0,0,0,0,-,-,NA,NA,LOS ANGELES,LOS ANGELES,-118.36144256591795,34.07154846191406
8744964,2018,2018-11-30,1925,2018-11-12,1414,24111,157,1,5,6,1925,0,0,0,NA,0,004,CHEVY CHASE DR,GLEN OAKS BL,240,W,N,A,-,N,NA,NA,NA,NA,NA,NA,NA,NA,NA,N,4,0,1,2,A,-,09,21804,A,N,D,C,A,A,H,-,A,D,0,NA,NA,NA,NA,Y,NA,A,01,0,0,1,0,0,0,0,0,0,-,-,NA,NA,LOS ANGELES,GLENDALE,-118.22980499267578,34.15317916870117
8744965,2018,2018-11-29,1942,2018-09-10,1800,41856,0749,1,5,7,1942,0,0,0,G,0,7A47,OLYMPIC BL,PLYMOUTH BL,25,E,N,A,-,N,NA,NA,NA,NA,NA,NA,NA,NA,NA,Y,3,0,3,2,A,-,09,21802,A,N,D,C,A,A,H,-,A,D,0,NA,NA,NA,NA,Y,NA,A,07,0,3,0,0,0,0,0,0,0,-,-,NA,NA,LOS ANGELES,LOS ANGELES,-118.3268585205078,34.05514144897461
8744969,2018,2018-11-29,1942,2018-09-04,1502,37613,1428,2,5,7,1942,0,0,0,N,0,14A27,OVERLAND AV,NATIONAL PL,110,S,N,A,-,N,NA,NA,NA,NA,NA,NA,NA,NA,NA,Y,3,0,2,2,A,-,05,21650,NA,N,A,C,A,A,H,-,A,A,0,NA,NA,NA,NA,Y,NA,A,01,0,1,1,0,0,0,0,0,0,-,-,NA,NA,LOS ANGELES,LOS ANGELES,-118.4161376953125,34.03056335449219
8744976,2018,2018-11-30,1925,2018-11-10,1333,20871,233,6,5,6,1925,0,0,0,NA,0,004,GLENDALE AV,LEXINGTON DR,0,NA,Y,A,-,N,NA,NA,NA,NA,NA,NA,NA,NA,NA,Y,4,0,1,2,A,-,12,21453,A,N,D,C,A,A,H,-,A,A,0,NA,NA,NA,NA,Y,NA,A,07,0,0,1,0,0,0,0,0,0,-,-,NA,NA,LOS ANGELES,GLENDALE,-118.24476623535156,34.151790618896484
8744980,2018,2018-11-30,1925,2018-11-11,0653,27561,219,7,5,6,1925,0,0,0,NA,0,001,GOODE AV,CENTRAL AV,0,NA,Y,A,-,N,NA,NA,NA,NA,NA,NA,NA,NA,NA,Y,4,0,1,2,B,-,22,NA,NA,N,F,C,A,A,H,-,B,A,0,NA,NA,NA,NA,Y,NA,A,01,0,0,1,0,0,0,0,0,0,-,-,NA,NA,LOS ANGELES,GLENDALE,-118.25792694091795,34.1567497253418
8744984,2018,2018-11-30,1925,2018-11-12,1645,13002,232,1,5,6,1925,0,0,0,NA,0,NA,LEXINGTON DR,GENEVA ST,47,W,N,A,-,N,NA,NA,NA,NA,NA,NA,NA,NA,NA,N,4,0,1,2,A,-,05,21650,1,N,D,G,A,A,H,-,B,D,0,NA,Y,NA,NA,Y,NA,L,04,0,0,1,0,0,0,1,0,0,-,-,NA,NA,LOS ANGELES,GLENDALE,-118.2465362548828,34.15182113647461
8744988,2018,2018-11-30,1925,2018-11-11,1351,25307,223,7,5,6,1925,0,0,0,NA,0,002,BRAND BL,LEXINGTON AV,0,NA,N,A,-,N,NA,NA,NA,NA,NA,NA,NA,NA,NA,Y,4,0,1,3,A,-,07,21658,A,N,C,C,A,A,H,-,A,D,0,NA,NA,NA,NA,Y,NA,A,01,0,0,1,0,0,0,0,0,0,-,-,NA,NA,LOS ANGELES,GLENDALE,-118.25511932373048,34.15171813964844
8744989,2018,2018-11-29,1973,2018-09-16,0345,639,1973,7,5,1,1973,0,0,0,NA,0,002,VERNON AV,BOYLE AV,0,NA,Y,A,-,N,NA,NA,NA,NA,NA,NA,NA,NA,NA,Y,3,0,2,2,A,-,03,22350,NA,N,D,C,A,A,H,-,C,A,0,NA,NA,NA,NA,Y,NA,-,NA,0,1,1,0,0,0,0,0,0,-,-,NA,NA,LOS ANGELES,VERNON,-118.21318817138672,34.00558090209961
8744992,2018,2018-11-30,1900,2018-11-04,1952,620972,2847,7,5,5,1915,0,0,0,NA,0,285D,ALONDRA BL,WHITE AV,7,E,N,A,-,N,NA,NA,NA,NA,NA,NA,NA,NA,NA,N,3,0,1,2,A,-,17,21200,A,N,D,G,A,A,H,-,C,A,0,NA,Y,NA,NA,Y,NA,-,-,0,1,0,0,0,0,1,0,0,-,-,NA,NA,LOS ANGELES,COMPTON,-118.19510650634766,33.88875198364258
8744993,2018,2018-11-29,1973,2018-09-14,1408,529,1973,5,5,1,1973,0,0,0,NA,0,001,ALAMEDA ST,VERNON AV,0,NA,Y,A,-,N,NA,NA,NA,NA,NA,NA,NA,NA,NA,N,4,0,1,2,A,-,21,22106,NA,N,C,C,A,A,H,-,A,A,0,NA,NA,NA,NA,Y,NA,A,08,0,0,1,0,0,0,0,0,0,-,-,NA,NA,LOS ANGELES,VERNON,-118.23918151855467,34.003929138183594
8744997,2018,2018-11-29,1973,2018-09-17,1540,646,1973,1,5,1,1973,0,0,0,NA,0,0A2,DOWNEY RD,VERNON AV,176,N,N,A,-,N,NA,NA,NA,NA,NA,NA,NA,NA,NA,N,4,0,1,2,A,-,03,22350,NA,F,C,C,A,A,H,-,A,A,0,NA,NA,NA,NA,Y,NA,A,07,0,0,1,0,0,0,0,0,0,-,-,NA,NA,LOS ANGELES,VERNON,-118.20491027832033,34.00618362426758
8745001,2018,2018-11-29,1973,2018-09-16,1148,645,1973,7,5,1,1973,0,0,0,NA,0,002,SOTO ST,VERNON AV,0,NA,Y,A,-,N,NA,NA,NA,NA,NA,NA,NA,NA,NA,N,4,0,2,2,A,-,12,21453,A,N,D,C,A,A,H,-,A,A,0,NA,NA,NA,NA,Y,NA,A,01,0,0,2,0,0,0,0,0,0,-,-,NA,NA,LOS ANGELES,VERNON,-118.21967315673828,34.00545120239258
8745005,2018,2018-11-29,1973,2018-09-23,1149,645,1973,7,5,1,1973,0,0,0,NA,0,001,SANTA FE AV,55TH ST,0,NA,Y,A,-,N,NA,NA,NA,NA,NA,NA,NA,NA,NA,N,4,0,1,2,D,-,00,NA,NA,N,D,C,A,A,H,-,A,A,0,NA,NA,NA,NA,Y,NA,-,-,0,0,1,0,0,0,0,0,0,-,-,NA,NA,LOS ANGELES,VERNON,-118.23030853271484,33.9929313659668
8745009,2018,2018-11-29,1973,2018-09-24,1310,555,1973,1,5,1,1973,0,0,0,NA,0,001,37TH ST,JEWEL AV,8,E,N,A,-,N,NA,NA,NA,NA,NA,NA,NA,NA,NA,Y,4,0,1,2,A,-,03,22350,NA,N,C,C,A,A,H,-,A,A,0,NA,NA,NA,NA,Y,NA,A,01,0,0,1,0,0,0,0,0,0,-,-,NA,NA,LOS ANGELES,VERNON,-118.22284698486328,34.00893020629883
8745013,2018,2018-11-29,1973,2018-09-28,0751,638,1973,5,5,1,1973,0,0,0,NA,0,003,DISTRICT BL,CORONA AV,225,W,N,A,-,N,NA,NA,NA,NA,NA,NA,NA,NA,NA,N,4,0,1,2,A,-,09,21801,A,N,D,G,A,A,H,-,A,A,0,NA,Y,NA,NA,Y,NA,A,08,0,0,1,0,0,0,1,0,0,-,-,NA,NA,LOS ANGELES,VERNON,-118.19396209716795,33.999324798583984
8745024,2018,2018-11-30,1942,2018-11-08,1300,40578,0985,4,5,7,1942,0,0,0,I,0,9A89,VAN NUYS BL,VENTURA BL,0,NA,Y,A,-,N,NA,NA,NA,NA,NA,NA,NA,NA,NA,N,2,0,1,2,A,-,10,21950,A,N,G,B,B,A,H,-,A,A,0,Y,NA,NA,NA,Y,NA,A,01,1,0,0,0,1,0,0,0,0,-,-,NA,NA,LOS ANGELES,LOS ANGELES,-118.44869995117188,34.15092086791992
8745025,2018,2018-11-29,1973,2018-09-04,2005,614,1973,2,5,1,1973,0,0,0,NA,0,003,LOMA VISTA AV,49TH ST,0,NA,Y,A,-,N,NA,NA,NA,NA,NA,NA,NA,NA,NA,N,4,0,1,2,A,-,12,22450,A,F,H,G,A,A,H,-,C,A,0,NA,Y,NA,NA,Y,NA,L,04,0,0,1,0,0,0,1,0,0,-,-,NA,NA,LOS ANGELES,VERNON,-118.19731903076172,33.99776840209961
8745028,2018,2018-12-13,1942,2018-11-10,0700,42051,1765,6,5,7,1942,0,0,0,Q,0,17A35,TAMPA AV,LASSEN ST,0,NA,Y,A,-,N,NA,NA,NA,NA,NA,NA,NA,NA,NA,Y,4,0,1,2,A,-,12,21453,A,F,D,C,A,A,D,-,A,A,0,NA,NA,NA,NA,Y,NA,-,-,0,0,1,0,0,0,0,0,0,-,-,NA,NA,LOS ANGELES,LOS ANGELES,-118.55359649658205,34.25
8745029,2018,2018-11-29,1973,2018-09-07,0815,613,1973,5,5,1,1973,0,0,0,NA,0,001,ALAMEDA ST,25TH ST,25,S,N,A,-,N,NA,NA,NA,NA,NA,NA,NA,NA,NA,N,4,0,1,2,A,-,09,21801,A,N,D,C,A,A,H,-,A,A,0,NA,NA,NA,NA,Y,NA,A,01,0,0,1,0,0,0,0,0,0,-,-,NA,NA,LOS ANGELES,VERNON,-118.23967742919922,34.014678955078125
8745032,2018,2018-11-30,1942,2018-11-10,0230,39551,2157,6,5,7,1942,0,0,0,NA,0,21A73,VAN OWEN ST,CANOGA AV,0,NA,Y,A,-,N,NA,NA,NA,NA,NA,NA,NA,NA,NA,Y,4,0,1,2,A,-,01,23152,A,N,C,C,A,A,H,-,C,A,0,NA,NA,NA,NA,Y,Y,A,01,0,0,1,0,0,0,0,0,0,-,-,NA,NA,LOS ANGELES,LOS ANGELES,-118.59748077392578,34.193748474121094
8745033,2018,2018-11-29,1973,2018-09-08,1713,645,1973,6,5,1,1973,0,0,0,NA,0,003,ATLANTIC BL,BANDINI BL,13,S,N,A,-,N,NA,NA,NA,NA,NA,NA,NA,NA,NA,Y,3,0,4,2,B,-,22,NA,NA,N,B,C,A,A,H,-,A,A,0,NA,NA,NA,NA,Y,NA,-,-,0,1,3,0,0,0,0,0,0,-,-,NA,NA,LOS ANGELES,VERNON,-118.17549896240234,33.99833297729492
8745036,2018,2018-11-30,1942,2018-11-10,1940,42818,1023,6,5,7,1942,0,0,0,J,0,10A21,TAMPA AV,HART ST,0,NA,Y,A,-,N,NA,NA,NA,NA,NA,NA,NA,NA,NA,Y,4,0,1,2,A,-,09,21801,A,N,B,C,A,A,H,-,C,A,0,NA,NA,NA,NA,Y,Y,D,22,0,0,1,0,0,0,0,0,0,-,-,NA,NA,LOS ANGELES,LOS ANGELES,-118.55345916748048,34.19746017456055
8745037,2018,2018-11-29,1973,2018-09-12,1200,567,1973,3,5,1,1973,0,0,0,NA,0,003,DISTRICT BL,CORONA AV,250,W,N,A,-,N,NA,NA,NA,NA,NA,NA,NA,NA,NA,Y,3,0,1,2,A,-,21,22106,NA,N,D,C,A,A,H,-,A,D,0,NA,NA,NA,NA,Y,NA,-,NA,0,1,0,0,0,0,0,0,0,-,-,NA,NA,LOS ANGELES,VERNON,-118.1940460205078,33.999332427978516
8745040,2018,2018-11-30,1942,2018-11-12,2205,42818,0981,1,5,7,1942,0,0,0,I,0,9A89,SEPULVEDA BL,VALLEY VISTA BL,77,N,N,A,-,N,NA,NA,NA,NA,NA,NA,NA,NA,NA,Y,3,0,1,1,A,-,01,23152,A,N,E,I,A,A,H,-,C,D,0,NA,NA,NA,NA,Y,NA,A,01,0,1,0,0,0,0,0,0,0,-,-,NA,NA,LOS ANGELES,LOS ANGELES,-118.46784973144533,34.1491584777832
8745058,2018,2018-12-21,1941,2018-11-09,1226,11273,NA,5,5,7,1941,0,0,0,NA,0,NA,LONG BEACH BL,53RD ST,0,NA,Y,A,-,N,NA,NA,NA,NA,NA,NA,NA,NA,NA,Y,3,0,2,2,-,-,-,NA,NA,N,C,C,A,A,H,-,A,A,0,NA,NA,NA,NA,Y,NA,-,-,0,1,1,0,0,0,0,0,0,-,-,NA,NA,LOS ANGELES,LONG BEACH,-118.19593811035156,33.8524284362793
8745062,2018,2018-12-21,1941,2018-11-14,0754,11128,NA,3,5,7,1941,0,0,0,NA,0,NA,BELLFLOWER BL,ANAHEIM RD,245,S,N,A,-,N,NA,NA,NA,NA,NA,NA,NA,NA,NA,Y,4,0,1,3,A,-,04,21703,NA,N,C,C,A,A,H,-,A,A,0,NA,NA,NA,NA,Y,NA,A,NA,0,0,1,0,0,0,0,0,0,-,-,NA,NA,LOS ANGELES,LONG BEACH,-118.12239837646484,33.778778076171875
8745066,2018,2018-12-20,1941,2018-11-17,1513,11274,NA,6,5,7,1941,0,0,0,NA,0,NA,8TH ST,PINE AV,0,NA,Y,A,-,N,NA,NA,NA,NA,NA,NA,NA,NA,NA,Y,4,0,1,3,D,-,00,NA,NA,N,D,C,A,A,H,-,A,D,0,NA,NA,NA,NA,Y,NA,-,-,0,0,1,0,0,0,0,0,0,-,-,NA,NA,LOS ANGELES,LONG BEACH,-118.19236755371094,33.776580810546875
8745072,2018,2018-11-30,1900,2018-10-29,2140,610204,28,1,5,5,1915,0,0,0,NA,0,281T1,LONG BEACH BL,BENNETT ST,15,N,N,A,-,N,NA,NA,NA,NA,NA,NA,NA,NA,NA,Y,4,0,4,2,A,-,08,22107,NA,N,B,C,A,A,H,-,C,D,0,NA,NA,NA,NA,Y,NA,A,01,0,0,4,0,0,0,0,0,0,-,-,NA,NA,LOS ANGELES,COMPTON,-118.20538330078124,33.8830680847168
8745076,2018,2018-11-30,1900,2018-10-30,2230,610204,2824,2,5,5,1915,0,0,0,NA,0,281T1,PALMER ST,LONG BEACH BL,0,NA,Y,A,-,N,NA,NA,NA,NA,NA,NA,NA,NA,NA,Y,4,0,3,2,A,-,12,21453,A,N,D,C,A,A,H,-,C,A,0,NA,NA,NA,NA,Y,NA,A,01,0,0,3,0,0,0,0,0,0,-,-,NA,NA,LOS ANGELES,COMPTON,-118.20810699462892,33.898311614990234
8745080,2018,2018-11-30,1900,2018-10-26,0640,516893,2822,5,5,5,1915,0,0,0,NA,0,282T1,COMPTON BL,ROSE AV,0,NA,Y,A,-,N,NA,NA,NA,NA,NA,NA,NA,NA,NA,N,4,0,1,2,A,-,05,21202,NA,N,D,G,A,A,H,-,C,A,0,NA,Y,NA,NA,Y,NA,L,04,0,0,1,0,0,0,1,0,0,-,-,NA,NA,LOS ANGELES,COMPTON,-118.21909332275392,33.895999908447266
8745098,2018,2018-12-20,1941,2018-11-14,1739,11121,NA,3,5,7,1941,0,0,0,NA,0,NA,OCEAN BL,WEST TEMPLE AV,9,E,N,A,-,N,NA,NA,NA,NA,NA,NA,NA,NA,NA,Y,4,0,1,2,A,-,09,21801,A,N,D,C,A,A,H,-,C,A,0,NA,NA,NA,NA,Y,NA,A,NA,0,0,1,0,0,0,0,0,0,-,-,NA,NA,LOS ANGELES,LONG BEACH,-118.15966796875,33.762454986572266
8745100,2018,2018-11-30,1942,2018-10-04,0805,38432,1457,4,5,7,1942,0,0,0,N,0,14A27,VENICE BL,S SEPULVEDA BL,0,NA,Y,A,-,N,NA,NA,NA,NA,NA,NA,NA,NA,NA,Y,4,0,2,4,A,-,12,21453,A,N,A,C,A,A,H,-,A,A,0,NA,NA,NA,NA,Y,NA,A,01,0,0,2,0,0,0,0,0,0,-,-,NA,NA,LOS ANGELES,LOS ANGELES,-118.41725158691406,34.01298141479492
8745102,2018,2018-12-20,1941,2018-11-16,1551,10941,NA,5,5,7,1941,0,0,0,NA,0,NA,SANTA FE AV,BURNETT,5,S,N,A,-,N,NA,NA,NA,NA,NA,NA,NA,NA,NA,N,2,0,1,2,D,-,00,NA,NA,N,A,B,B,A,H,-,A,A,0,Y,NA,NA,NA,Y,NA,-,-,1,0,0,0,1,0,0,0,0,-,-,NA,NA,LOS ANGELES,LONG BEACH,-118.21552276611328,33.80072784423828
8745104,2018,2018-11-30,1942,2018-10-21,1305,42656,0702,7,5,7,1942,0,0,0,G,0,7A1,MELROSE AV,N MARTEL AV,0,NA,Y,A,-,N,NA,NA,NA,NA,NA,NA,NA,NA,NA,N,4,0,1,2,A,-,08,22107,NA,N,D,C,A,A,H,-,A,A,0,NA,NA,Y,NA,Y,NA,A,01,0,0,1,0,0,0,0,0,1,-,-,NA,NA,LOS ANGELES,LOS ANGELES,-118.35114288330078,34.08359909057617
8745108,2018,2018-12-20,1942,2018-10-10,1350,31465,0765,3,5,7,1942,0,0,0,G,0,7A47,W PICO BL,MULLEN AV,0,NA,Y,A,-,N,NA,NA,NA,NA,NA,NA,NA,NA,NA,Y,4,0,2,2,A,-,12,21453,A,N,D,C,A,A,H,-,A,A,0,NA,NA,NA,NA,Y,NA,-,-,0,0,2,0,0,0,0,0,0,-,-,NA,NA,LOS ANGELES,LOS ANGELES,-118.33572387695313,34.04874038696289
8745112,2018,2018-11-30,1900,2018-10-26,1345,615127,0454,5,5,6,1949,0,0,0,NA,0,45K2,CARMENITA RD,MAPLEDALE ST,197,N,N,A,-,N,NA,NA,NA,NA,NA,NA,NA,NA,NA,Y,3,0,2,4,A,-,08,22107,NA,N,B,D,A,A,H,-,A,D,0,NA,NA,NA,NA,Y,NA,A,01,0,1,1,0,0,0,0,0,0,-,-,NA,NA,LOS ANGELES,NORWALK,-118.04662322998048,33.89929962158203
8745116,2018,2018-11-30,1900,2018-10-28,0005,542244,2842,7,5,5,1915,0,0,0,NA,0,281T1,ALAMEDA ST,ARTESIA,10,S,N,A,-,N,NA,NA,NA,NA,NA,NA,NA,NA,NA,Y,3,0,2,2,A,-,03,22350,NA,N,C,C,A,A,H,-,C,D,0,NA,NA,NA,NA,Y,NA,A,01,0,1,1,0,0,0,0,0,0,-,-,NA,NA,LOS ANGELES,COMPTON,-118.21698760986328,33.874202728271484
8745120,2018,2018-11-30,1900,2018-10-30,2157,611248,2833,2,5,5,1915,0,0,0,NA,0,283T3,GREENLEAF BL,WILMINGTON AV,0,NA,Y,A,-,N,NA,NA,NA,NA,NA,NA,NA,NA,NA,Y,4,0,1,2,D,-,00,NA,NA,N,D,D,A,A,H,-,C,A,0,NA,NA,NA,NA,Y,NA,-,-,0,0,1,0,0,0,0,0,0,-,-,NA,NA,LOS ANGELES,COMPTON,-118.23655700683594,33.88072967529297
8745133,2018,2018-12-10,1942,2018-10-17,1450,43157,05A5,3,5,7,1942,0,0,0,E,0,5A25,F ST,LAGOON AV,0,NA,Y,A,-,N,NA,NA,NA,NA,NA,NA,NA,NA,NA,N,4,0,2,5,A,-,08,22107,NA,N,B,C,A,A,H,-,A,A,0,NA,NA,NA,NA,Y,NA,A,01,0,0,2,0,0,0,0,0,0,-,-,NA,NA,LOS ANGELES,LOS ANGELES,-118.26746368408205,33.776798248291016
8745141,2018,2018-12-20,1942,2018-11-26,1710,40700,0585,1,5,7,1942,0,0,0,E,0,25MQ56,GAFFEY ST,23RD ST,0,NA,Y,A,-,N,NA,NA,NA,NA,NA,NA,NA,NA,NA,Y,4,0,1,4,A,-,03,22350,NA,N,C,C,A,A,H,-,B,D,0,NA,NA,NA,NA,Y,NA,A,01,0,0,1,0,0,0,0,0,0,-,-,NA,NA,LOS ANGELES,LOS ANGELES,-118.29241180419922,33.72336196899414
8745189,2018,2019-01-17,1955,2018-11-16,0645,40437,25,5,5,6,1955,0,0,0,NA,0,002,LA VERNE AV,LAS VEGAS AV,0,NA,Y,A,-,N,NA,NA,NA,NA,NA,NA,NA,NA,NA,Y,3,0,1,4,A,-,08,22107,NA,N,C,E,A,A,H,-,A,D,0,NA,NA,NA,NA,Y,NA,D,22,0,1,0,0,0,0,0,0,0,-,-,NA,NA,LOS ANGELES,POMONA,-117.75034332275392,34.0848388671875
8745197,2018,2019-01-17,1955,2018-11-06,0545,42254,55,2,5,6,1955,0,0,0,NA,0,001,HOLT AV,UNION AV,0,NA,Y,A,-,N,NA,NA,NA,NA,NA,NA,NA,NA,NA,Y,4,0,1,2,A,-,12,21453,A,N,D,C,A,A,H,-,A,A,0,NA,NA,NA,NA,Y,NA,D,22,0,0,1,0,0,0,0,0,0,-,-,NA,NA,LOS ANGELES,POMONA,-117.78323364257813,34.061561584472656
8745203,2018,2018-11-29,1942,2018-09-05,2215,39655,1445,3,5,7,1942,0,0,0,N,0,14A45,VENICE BL,BEETHOVEN ST,66,W,N,A,-,N,NA,NA,NA,NA,NA,NA,NA,NA,NA,Y,3,0,1,3,A,-,01,23152,A,N,C,C,A,A,H,-,C,A,0,NA,NA,NA,Y,Y,Y,A,01,0,1,0,0,0,0,0,0,0,-,-,NA,NA,LOS ANGELES,LOS ANGELES,-118.44149780273438,33.999778747558594
8745207,2018,2019-01-17,1942,2018-07-31,1830,33267,1479,2,5,7,1942,0,0,0,N,0,14A58,76TH ST,BENJAMIN AV,205,W,N,A,-,N,NA,NA,NA,NA,NA,NA,NA,NA,NA,Y,3,0,1,3,A,-,01,23152,A,N,B,E,A,A,H,-,A,D,0,NA,NA,NA,NA,Y,Y,A,07,0,1,0,0,0,0,0,0,0,-,-,NA,NA,LOS ANGELES,LOS ANGELES,-118.374755859375,33.968162536621094