CASE_ID,ACCIDENT_YEAR,PROC_DATE,JURIS,COLLISION_DATE,COLLISION_TIME,OFFICER_ID,REPORTING_DISTRICT,DAY_OF_WEEK,CHP_SHIFT,POPULATION,CNTY_CITY_LOC,SPECIAL_COND,BEAT_TYPE,CHP_BEAT_TYPE,CITY_DIVISION_LAPD,CHP_BEAT_CLASS,BEAT_NUMBER,PRIMARY_RD,SECONDARY_RD,DISTANCE,DIRECTION,INTERSECTION,WEATHER_1,WEATHER_2,STATE_HWY_IND,CALTRANS_COUNTY,CALTRANS_DISTRICT,STATE_ROUTE,ROUTE_SUFFIX,POSTMILE_PREFIX,POSTMILE,LOCATION_TYPE,RAMP_INTERSECTION,SIDE_OF_HWY,TOW_AWAY,COLLISION_SEVERITY,NUMBER_KILLED,NUMBER_INJURED,PARTY_COUNT,PRIMARY_COLL_FACTOR,PCF_CODE_OF_VIOL,PCF_VIOL_CATEGORY,PCF_VIOLATION,PCF_VIOL_SUBSECTION,HIT_AND_RUN,TYPE_OF_COLLISION,MVIW,PED_ACTION,ROAD_SURFACE,ROAD_COND_1,ROAD_COND_2,LIGHTING,CONTROL_DEVICE,CHP_ROAD_TYPE,PEDESTRIAN_ACCIDENT,BICYCLE_ACCIDENT,MOTORCYCLE_ACCIDENT,TRUCK_ACCIDENT,NOT_PRIVATE_PROPERTY,ALCOHOL_INVOLVED,STWD_VEHTYPE_AT_FAULT,CHP_VEHTYPE_AT_FAULT,COUNT_SEVERE_INJ,COUNT_VISIBLE_INJ,COUNT_COMPLAINT_PAIN,COUNT_PED_KILLED,COUNT_PED_INJURED,COUNT_BICYCLIST_KILLED,COUNT_BICYCLIST_INJURED,COUNT_MC_KILLED,COUNT_MC_INJURED,PRIMARY_RAMP,SECONDARY_RAMP,LATITUDE,LONGITUDE,COUNTY,CITY,POINT_X,POINT_Y
8748633,2018,2018-12-21,1942,2018-11-26,1845,41978,1414,1,5,7,1942,0,0,0,N,0,14A13,LINCOLN BL,CALIFORNIA AV,0,NA,Y,A,-,N,NA,NA,NA,NA,NA,NA,NA,NA,NA,Y,4,0,1,2,A,-,09,21801,A,N,D,C,A,A,H,-,C,A,0,NA,NA,NA,NA,Y,NA,A,07,0,0,1,0,0,0,0,0,0,-,-,NA,NA,LOS ANGELES,LOS ANGELES,-118.46105194091795,33.998050689697266
8748637,2018,2018-12-13,1942,2018-10-27,0854,36705,1432,6,5,7,1942,0,0,0,N,0,14A13,LINCOLN BL,PALMS BL,50,S,N,A,-,N,NA,NA,NA,NA,NA,NA,NA,NA,NA,N,4,0,1,2,A,-,04,21703,NA,N,C,C,A,A,H,-,A,A,0,NA,NA,NA,NA,Y,NA,A,01,0,0,1,0,0,0,0,0,0,-,-,NA,NA,LOS ANGELES,LOS ANGELES,-118.45912933349608,33.997127532958984
8748684,2018,2019-01-31,1900,2018-11-29,0650,526292,0560,4,5,3,1968,0,0,0,NA,0,55T1AM,RT 164,KLINGERMAN ST,354,S,N,C,-,Y,LA,7,164,-,-,4.24,H,-,N,Y,4,0,1,2,A,-,03,22350,NA,N,C,C,A,B,H,-,A,D,0,NA,NA,NA,NA,Y,NA,D,22,0,0,1,0,0,0,0,0,0,-,-,34.05464172363281,-118.06410980224608,LOS ANGELES,SOUTH EL MONTE,-118.064208984375,34.054466247558594
8748696,2018,2019-01-23,1942,2018-11-27,0655,37679,0329,2,5,7,1942,0,0,0,C,0,3A19,W ADAMS BL,S FIGUEROA ST,0,NA,Y,A,-,N,NA,NA,NA,NA,NA,NA,NA,NA,NA,Y,3,0,5,2,A,-,09,21801,A,N,D,C,A,A,H,-,A,A,0,NA,NA,NA,NA,Y,NA,D,22,0,3,2,0,0,0,0,0,0,-,-,NA,NA,LOS ANGELES,LOS ANGELES,-118.27601623535156,34.028160095214844
8748736,2018,2019-01-23,1965,2018-11-25,2049,3985,0B1F,7,5,5,1965,0,0,0,NA,0,B001,MAIN ST,HILL ST,28,N,N,A,-,N,NA,NA,NA,NA,NA,NA,NA,NA,NA,N,3,0,1,2,A,-,11,21955,NA,N,G,B,D,A,H,-,C,A,0,Y,NA,NA,NA,Y,NA,N,60,0,1,0,0,1,0,0,0,0,-,-,NA,NA,LOS ANGELES,SANTA MONICA,-118.48262786865234,34.00104904174805
8748740,2018,2019-01-23,1965,2018-11-26,0821,3178,0B2C,1,5,5,1965,0,0,0,NA,0,B002,HILL ST,23RD ST,0,NA,Y,A,-,N,NA,NA,NA,NA,NA,NA,NA,NA,NA,Y,4,0,2,2,A,-,09,21802,A,N,D,C,A,A,H,-,A,A,0,NA,NA,NA,NA,Y,NA,A,01,0,0,2,0,0,0,0,0,0,-,-,NA,NA,LOS ANGELES,SANTA MONICA,-118.46058654785156,34.01369857788086
8748744,2018,2019-01-23,1965,2018-11-20,1115,3178,0B1G,2,5,5,1965,0,0,0,NA,0,B001,COLORADO AV,4TH ST,50,E,N,A,-,N,NA,NA,NA,NA,NA,NA,NA,NA,NA,N,4,0,1,2,A,-,21,22106,NA,N,C,C,A,A,H,-,A,A,0,NA,NA,Y,NA,Y,NA,A,08,0,0,1,0,0,0,0,0,1,-,-,NA,NA,LOS ANGELES,SANTA MONICA,-118.491943359375,34.01384353637695
8748768,2018,2019-01-19,1942,2018-11-07,1820,43006,1362,3,5,7,1942,0,0,0,M,0,15X94,SAN PEDRO,52ND ST,0,NA,Y,A,-,N,NA,NA,NA,NA,NA,NA,NA,NA,NA,N,4,0,2,2,A,-,09,21804,A,M,-,C,A,A,H,-,C,D,0,NA,NA,NA,NA,Y,NA,-,99,0,0,2,0,0,0,0,0,0,-,-,NA,NA,LOS ANGELES,LOS ANGELES,-118.27015686035156,33.9952392578125
8748772,2018,2019-01-19,1942,2018-11-15,0705,34458,1324,4,5,7,1942,0,0,0,M,0,13A27,E 20TH ST,NAOMI ST,25,E,N,A,-,N,NA,NA,NA,NA,NA,NA,NA,NA,NA,N,3,0,1,2,A,-,05,21650,1,N,H,G,A,A,H,-,A,D,0,NA,Y,NA,NA,Y,NA,L,04,0,1,0,0,0,0,1,0,0,-,-,NA,NA,LOS ANGELES,LOS ANGELES,-118.24896240234376,34.021732330322266
8748776,2018,2019-01-19,1942,2018-11-14,0710,33130,1327,3,5,7,1942,0,0,0,M,0,13A27,S ALAMEDA ST,E 22ND ST,0,NA,Y,A,-,N,NA,NA,NA,NA,NA,NA,NA,NA,NA,N,4,0,3,2,A,-,04,21703,NA,N,C,C,A,A,H,-,A,D,0,NA,NA,NA,NA,Y,NA,A,01,0,0,3,0,0,0,0,0,0,-,-,NA,NA,LOS ANGELES,LOS ANGELES,-118.23963928222656,34.016448974609375
8748780,2018,2019-01-19,1942,2018-11-27,0950,39407,359,2,5,7,1942,0,0,0,NA,0,3X95,FIGUEROA ST,34TH ST,0,NA,Y,A,-,N,NA,NA,NA,NA,NA,NA,NA,NA,NA,N,3,0,1,2,A,-,10,21950,A,N,G,B,B,A,H,-,A,A,0,Y,NA,NA,NA,Y,NA,A,01,0,1,0,0,1,0,0,0,0,-,-,NA,NA,LOS ANGELES,LOS ANGELES,-118.28054809570313,34.02119064331055
8748784,2018,2019-01-19,1942,2018-11-11,1710,43139,0377,7,5,7,1942,0,0,0,C,0,3A1,NORMANDIE AV,39TH PL,0,NA,Y,A,-,N,NA,NA,NA,NA,NA,NA,NA,NA,NA,N,4,0,1,2,A,-,09,21801,A,F,A,C,A,A,H,-,C,A,0,NA,NA,NA,NA,Y,NA,-,99,0,0,1,0,0,0,0,0,0,-,-,NA,NA,LOS ANGELES,LOS ANGELES,-118.30017852783205,34.0141487121582
8748788,2018,2019-01-19,1942,2018-11-30,1740,42838,0333,5,5,7,1942,0,0,0,C,0,3X72,JEFFERSON,WELLINGTON,0,NA,Y,A,-,N,NA,NA,NA,NA,NA,NA,NA,NA,NA,N,2,0,1,2,A,-,10,21950,A,N,G,B,D,A,D,-,C,D,0,Y,NA,NA,NA,Y,NA,-,99,1,0,0,0,1,0,0,0,0,-,-,NA,NA,LOS ANGELES,LOS ANGELES,-118.33843231201172,34.025569915771484
8748792,2018,2019-01-19,1942,2018-11-27,0120,38503,0374,2,5,7,1942,0,0,0,C,0,25TL45,W MARTIN LUTHER KING JR BL,ARLINGTON AV,0,NA,Y,A,-,N,NA,NA,NA,NA,NA,NA,NA,NA,NA,Y,2,0,3,2,A,-,12,21453,A,N,D,C,A,A,H,-,C,A,0,NA,NA,NA,NA,Y,NA,-,-,2,0,1,0,0,0,0,0,0,-,-,NA,NA,LOS ANGELES,LOS ANGELES,-118.31825256347656,34.01081848144531
8748796,2018,2019-01-19,1942,2018-11-18,2140,40209,1433,7,5,7,1942,0,0,0,N,0,14A25,VENICE BL,LINCOLN BL,0,NA,Y,A,-,N,NA,NA,NA,NA,NA,NA,NA,NA,NA,N,3,0,1,2,A,-,11,21456,B,N,G,B,B,A,H,-,C,A,0,Y,NA,NA,NA,Y,NA,N,60,0,1,0,0,1,0,0,0,0,-,-,NA,NA,LOS ANGELES,LOS ANGELES,-118.45285034179688,33.99409866333008
8748800,2018,2019-01-19,1942,2018-11-21,2240,42834,1497,3,5,7,1942,0,0,0,N,0,LAX,W CENTURY BL,INTERNATIONAL RD,641,E,N,C,-,N,NA,NA,NA,NA,NA,NA,NA,NA,NA,Y,3,0,1,2,A,-,05,21460,A,N,A,C,A,B,H,-,C,D,0,NA,NA,NA,NA,Y,NA,A,01,0,1,0,0,0,0,0,0,0,-,-,NA,NA,LOS ANGELES,LOS ANGELES,-118.37952423095705,33.9452018737793
8748801,2018,2019-01-19,1942,2018-11-22,2255,42834,1409,4,5,7,1942,0,0,0,N,0,14A27,VENICE BL,DURANGO BL,0,NA,N,A,-,N,NA,NA,NA,NA,NA,NA,NA,NA,NA,Y,3,0,3,2,A,-,03,22350,NA,N,C,C,A,A,H,-,C,D,0,NA,NA,NA,NA,Y,NA,A,01,0,1,2,0,0,0,0,0,0,-,-,NA,NA,LOS ANGELES,LOS ANGELES,-118.39338684082033,34.026588439941406
8748802,2018,2019-01-19,1942,2018-11-30,1605,41139,0622,5,5,7,1942,0,0,0,F,0,6A31,FRANKLIN AV,LA BREA AV,250,W,N,B,-,N,NA,NA,NA,NA,NA,NA,NA,NA,NA,N,3,0,1,2,A,-,08,22103,NA,N,D,-,A,A,H,-,A,D,0,NA,Y,NA,NA,Y,NA,A,01,0,1,0,0,0,0,1,0,0,-,-,NA,NA,LOS ANGELES,LOS ANGELES,-118.34660339355467,34.10346603393555
8748803,2018,2019-01-25,1942,2018-11-25,0100,42154,1433,7,5,7,1942,0,0,0,N,0,14EL1,VENICE BL,LINCOLN BL,5,W,N,A,-,N,NA,NA,NA,NA,NA,NA,NA,NA,NA,N,4,0,1,2,A,-,05,21650,1,N,B,G,A,A,H,-,C,A,0,NA,Y,NA,NA,Y,NA,L,04,0,0,1,0,0,0,1,0,0,-,-,NA,NA,LOS ANGELES,LOS ANGELES,-118.45286560058594,33.99409103393555
8748804,2018,2019-01-24,1900,2018-11-29,1542,546256,0532,4,5,5,1959,0,0,0,NA,0,53T1PM,GARVEY AV,JACKSON AV,30,W,N,B,-,N,NA,NA,NA,NA,NA,NA,NA,NA,NA,Y,3,0,1,4,A,-,08,22107,NA,N,C,D,A,B,H,-,A,A,0,NA,NA,NA,NA,Y,NA,A,01,0,1,0,0,0,0,0,0,0,-,-,34.06270980834961,-118.10388946533205,LOS ANGELES,ROSEMEAD,-118.10382843017578,34.0626106262207
8748805,2018,2019-01-19,1942,2018-11-08,0800,40157,1457,4,5,7,1942,0,0,0,N,0,14A49,STONER AV,CULVER BL,0,NA,Y,A,-,N,NA,NA,NA,NA,NA,NA,NA,NA,NA,N,3,0,2,2,A,-,09,21802,A,N,D,C,A,A,H,-,A,A,0,NA,NA,NA,NA,Y,NA,A,01,0,1,1,0,0,0,0,0,0,-,-,NA,NA,LOS ANGELES,LOS ANGELES,-118.41667175292967,33.99626159667969
8748806,2018,2019-01-19,1942,2018-11-30,1000,40010,0644,5,5,7,1942,0,0,0,F,0,6A45,FOUNTAIN AV,N LA BREA AV,0,NA,Y,A,-,N,NA,NA,NA,NA,NA,NA,NA,NA,NA,N,3,0,1,2,A,-,10,21950,A,F,G,B,B,A,H,-,A,A,0,Y,NA,NA,NA,Y,NA,-,99,0,1,0,0,1,0,0,0,0,-,-,NA,NA,LOS ANGELES,LOS ANGELES,-118.34410095214844,34.0943717956543
8748807,2018,2019-02-12,1942,2018-11-14,1902,43259,0679,3,5,7,1942,0,0,0,F,0,NA,N NORMANDIE AV,MONROE ST,0,NA,Y,A,-,N,NA,NA,NA,NA,NA,NA,NA,NA,NA,N,4,0,1,2,A,-,09,21801,A,N,D,G,A,A,H,-,C,D,0,NA,Y,NA,NA,Y,NA,A,01,0,0,1,0,0,0,1,0,0,-,-,NA,NA,LOS ANGELES,LOS ANGELES,-118.30046081542967,34.08559036254883
8748808,2018,2019-01-24,1900,2018-11-26,0940,434049,0534,1,5,5,1959,0,0,0,NA,0,53T1AM,GARVEY AV,RIVER AV,13,E,N,A,-,N,NA,NA,NA,NA,NA,NA,NA,NA,NA,N,4,0,1,2,A,-,09,21801,B,N,D,G,A,A,H,-,A,A,0,NA,Y,NA,NA,Y,NA,L,04,0,0,1,0,0,0,1,0,0,-,-,34.062618255615234,-118.0730209350586,LOS ANGELES,ROSEMEAD,-118.07306671142578,34.062740325927734
8748809,2018,2019-02-26,1942,2018-11-18,1920,38090,1454,7,5,7,1942,0,0,0,N,0,6T7,LINCOLN BL,RT 90,11,E,N,A,-,Y,LA,7,1,-,-,31.278,I,5,N,N,3,0,1,2,A,-,11,21453,D,N,G,B,B,A,H,-,C,A,0,Y,NA,NA,NA,Y,NA,N,60,0,1,0,0,1,0,0,0,0,-,-,NA,NA,LOS ANGELES,LOS ANGELES,-118.44255828857422,33.98457717895508
8748810,2018,2019-01-19,1942,2018-11-21,1500,41370,0645,3,5,7,1942,0,0,0,F,0,6TL4,SUNSET BL,HIGHLAND AV,22,E,N,A,-,N,NA,NA,NA,NA,NA,NA,NA,NA,NA,Y,3,0,1,2,A,-,12,21453,A,N,D,C,A,A,H,-,A,A,0,NA,NA,Y,NA,Y,NA,C,02,0,1,0,0,0,0,0,0,1,-,-,NA,NA,LOS ANGELES,LOS ANGELES,-118.33858489990234,34.09796905517578
8748811,2018,2019-01-25,1942,2018-11-19,0045,42880,0666,1,5,7,1942,0,0,0,F,0,6A67,N EL CENTRO AV,SUNSET BL,5,W,N,A,-,N,NA,NA,NA,NA,NA,NA,NA,NA,NA,N,4,0,1,2,A,-,04,21703,NA,N,A,G,A,A,H,-,C,D,0,NA,Y,NA,NA,Y,NA,A,07,0,0,1,0,0,0,1,0,0,-,-,NA,NA,LOS ANGELES,LOS ANGELES,-118.32373809814452,34.0980110168457
8748812,2018,2019-01-24,1900,2018-11-14,1700,527455,0542,3,5,3,1921,0,0,0,NA,0,58T1AM,HUNTINGTON DR,BRADBURY AV,585,E,N,A,-,N,NA,NA,NA,NA,NA,NA,NA,NA,NA,N,4,0,1,2,A,-,09,21801,A,N,B,C,A,A,H,-,C,D,0,NA,NA,Y,NA,Y,NA,A,07,0,0,1,0,0,0,0,0,1,-,-,34.13951873779297,-117.9797592163086,LOS ANGELES,DUARTE,-117.97994995117188,34.13959884643555
8748813,2018,2019-01-19,1942,2018-11-17,1100,36553,1444,6,5,7,1942,0,0,0,N,0,14A45,LINCOLN BL,ZANJA ST,0,NA,Y,B,-,N,NA,NA,NA,NA,NA,NA,NA,NA,NA,N,3,0,1,2,A,-,09,21801,A,N,D,G,A,A,H,-,A,D,0,NA,Y,NA,NA,Y,NA,A,07,0,1,0,0,0,0,1,0,0,-,-,NA,NA,LOS ANGELES,LOS ANGELES,-118.4495086669922,33.99237060546875
8748814,2018,2019-01-19,1942,2018-11-27,0900,41054,2036,2,5,7,1942,0,0,0,NA,0,20A45,S NEW HAPMSHIRE AV,W 7TH ST,0,NA,Y,A,-,N,NA,NA,NA,NA,NA,NA,NA,NA,NA,N,3,0,1,2,A,-,10,21950,A,N,G,B,B,A,H,-,A,A,0,Y,NA,NA,NA,Y,NA,A,01,0,1,0,0,1,0,0,0,0,-,-,NA,NA,LOS ANGELES,LOS ANGELES,-118.29289245605467,34.059791564941406
8748815,2018,2019-01-25,1942,2018-11-22,1358,40850,1465,4,5,7,1942,0,0,0,N,0,14A9,W JEFFERSON BL,CENTINELLA AV,150,W,N,A,-,N,NA,NA,NA,NA,NA,NA,NA,NA,NA,Y,3,0,1,2,A,-,09,21804,A,N,F,C,A,A,H,-,A,D,0,NA,NA,NA,NA,Y,NA,-,99,0,1,0,0,0,0,0,0,0,-,-,NA,NA,LOS ANGELES,LOS ANGELES,-118.40960693359376,33.98114013671875
8748817,2018,2019-01-19,1942,2018-11-25,1150,41977,1431,7,5,7,1942,0,0,0,N,0,14A11,PACIFIC AV,VENICE WY,0,NA,Y,A,-,N,NA,NA,NA,NA,NA,NA,NA,NA,NA,N,3,0,1,1,A,-,09,21804,A,N,H,J,A,A,H,-,A,A,0,NA,NA,Y,NA,Y,NA,C,03,0,1,0,0,0,0,0,0,1,-,-,NA,NA,LOS ANGELES,LOS ANGELES,-118.47203063964844,33.987369537353516
8748818,2018,2019-01-19,1942,2018-11-21,1830,39022,0701,3,5,7,1942,0,0,0,G,0,7A1,N LA CIENEGA BL,WILLOUGHBY AV,25,N,N,B,-,N,NA,NA,NA,NA,NA,NA,NA,NA,NA,N,4,0,1,2,A,-,21,22106,NA,N,G,B,E,A,H,-,C,D,0,Y,NA,NA,NA,Y,NA,A,01,0,0,1,0,1,0,0,0,0,-,-,NA,NA,LOS ANGELES,LOS ANGELES,-118.37644958496094,34.08707809448242
8748819,2018,2019-01-25,1942,2018-11-13,1130,37740,1483,2,5,7,1942,0,0,0,N,0,14A73,MANCHESTER AV,LOYOLA BL,0,NA,Y,A,-,N,NA,NA,NA,NA,NA,NA,NA,NA,NA,N,4,0,1,2,A,-,10,21950,A,F,G,B,B,A,H,-,A,A,0,Y,NA,NA,NA,Y,NA,-,99,0,0,1,0,1,0,0,0,0,-,-,NA,NA,LOS ANGELES,LOS ANGELES,-118.41668701171876,33.959861755371094
8748821,2018,2019-01-19,1942,2018-11-19,1015,40010,1456,1,5,7,1942,0,0,0,N,0,14A49,CULVER BL,INGLEWOOD BL,0,NA,Y,A,-,N,NA,NA,NA,NA,NA,NA,NA,NA,NA,Y,4,0,1,2,A,-,12,21453,A,N,D,C,A,A,H,-,A,A,0,NA,NA,NA,NA,Y,NA,A,07,0,0,1,0,0,0,0,0,0,-,-,NA,NA,LOS ANGELES,LOS ANGELES,-118.41808319091795,33.99502944946289
8748822,2018,2019-01-19,1942,2018-11-21,2300,35330,1401,3,5,7,1942,0,0,0,N,0,14A56,BUNDY DR,NATIONAL BL,100,N,N,A,-,N,NA,NA,NA,NA,NA,NA,NA,NA,NA,N,4,0,1,2,A,-,09,21804,A,N,D,G,A,B,H,-,C,D,0,NA,Y,NA,NA,Y,NA,A,01,0,0,1,0,0,0,1,0,0,-,-,NA,NA,LOS ANGELES,LOS ANGELES,-118.44495391845705,34.02024459838867
8748823,2018,2019-01-25,1942,2018-11-11,0400,43522,1454,7,5,7,1942,0,0,0,N,0,14A13,MINDANAO WY,MARINA FWY,5,N,N,A,-,N,NA,NA,NA,NA,NA,NA,NA,NA,NA,N,4,0,1,2,A,-,10,21950,A,F,G,B,D,A,H,-,C,A,0,Y,NA,NA,NA,Y,Y,-,99,0,0,1,0,1,0,0,0,0,-,-,NA,NA,LOS ANGELES,LOS ANGELES,-118.43806,33.98297
8748825,2018,2019-01-19,1942,2018-11-19,1345,36664,1477,1,5,7,1942,0,0,0,N,0,14A73,W 80TH ST,S SEPULVEDA BL,0,NA,Y,A,-,N,NA,NA,NA,NA,NA,NA,NA,NA,NA,Y,4,0,1,2,A,-,12,21453,A,N,D,C,A,A,H,-,A,A,0,NA,NA,NA,NA,Y,NA,-,-,0,0,1,0,0,0,0,0,0,-,-,NA,NA,LOS ANGELES,LOS ANGELES,-118.39605712890624,33.966949462890625
8748826,2018,2019-01-19,1942,2018-11-05,0640,39341,0883,1,5,7,1942,0,0,0,H,0,8A35,W PICO BL,S SEPULVEDA BL,0,NA,Y,B,-,N,NA,NA,NA,NA,NA,NA,NA,NA,NA,N,3,0,1,2,A,-,09,21801,A,N,H,J,A,A,H,-,A,A,0,NA,NA,Y,NA,Y,NA,A,07,0,1,0,0,0,0,0,0,1,-,-,NA,NA,LOS ANGELES,LOS ANGELES,-118.43512725830078,34.036991119384766
8748827,2018,2019-01-25,1942,2018-11-25,2135,39022,1433,7,5,7,1942,0,0,0,N,0,14A25,WALNUT AV,VENICE BL,5,S,N,A,-,N,NA,NA,NA,NA,NA,NA,NA,NA,NA,N,4,0,1,2,A,-,03,22350,NA,F,C,C,A,A,H,-,C,A,0,NA,NA,NA,NA,Y,NA,-,99,0,0,1,0,0,0,0,0,0,-,-,NA,NA,LOS ANGELES,LOS ANGELES,-118.45020294189452,33.99541091918945
8748829,2018,2019-01-19,1942,2018-11-12,1135,36553,1489,1,5,7,1942,0,0,0,N,0,14A67,W CENTURY BL,GLASGOW PL,0,NA,Y,A,-,N,NA,NA,NA,NA,NA,NA,NA,NA,NA,Y,4,0,2,3,A,-,03,22350,NA,N,C,C,A,A,H,-,A,D,0,NA,NA,NA,NA,Y,NA,A,01,0,0,2,0,0,0,0,0,0,-,-,NA,NA,LOS ANGELES,LOS ANGELES,-118.3711395263672,33.94538879394531
8748830,2018,2019-01-19,1942,2018-11-02,1635,42470,0882,5,5,7,1942,0,0,0,H,0,8A12W4,W OLYMPIC BL,SAWTELLE BL,30,W,N,A,-,N,NA,NA,NA,NA,NA,NA,NA,NA,NA,N,4,0,1,2,B,-,22,NA,NA,N,D,G,A,A,H,-,A,D,0,NA,Y,NA,NA,Y,NA,L,04,0,0,1,0,0,0,1,0,0,-,-,NA,NA,LOS ANGELES,LOS ANGELES,-118.44129180908205,34.03813171386719
8748833,2018,2019-01-19,1942,2018-11-16,1230,41370,1468,5,5,7,1942,0,0,0,N,0,8TL26,INGLEWOOD BL,BRADDOCK DR,13,N,N,A,-,N,NA,NA,NA,NA,NA,NA,NA,NA,NA,Y,4,0,2,2,A,-,09,21801,A,N,D,C,A,A,H,-,A,A,0,NA,NA,NA,NA,Y,NA,A,07,0,0,2,0,0,0,0,0,0,-,-,NA,NA,LOS ANGELES,LOS ANGELES,-118.41451263427734,33.992671966552734
8748834,2018,2019-01-19,1942,2018-11-19,1520,42685,0898,1,5,7,1942,0,0,0,H,0,8A59,CANFIELD AV,HARGIS ST,0,NA,Y,B,-,N,NA,NA,NA,NA,NA,NA,NA,NA,NA,N,3,0,1,2,A,-,12,22450,A,N,D,C,A,A,H,-,A,A,0,NA,NA,Y,NA,Y,NA,C,03,0,1,0,0,0,0,0,0,1,-,-,NA,NA,LOS ANGELES,LOS ANGELES,-118.39214324951172,34.0365104675293
8748836,2018,2019-01-24,1944,2018-11-01,1856,329,SOUTH,4,5,4,1944,0,0,0,NA,0,004,AVIATION BL,33RD ST,40,S,N,A,-,N,NA,NA,NA,NA,NA,NA,NA,NA,NA,Y,4,0,1,3,A,-,03,22350,NA,N,C,C,A,A,H,-,C,D,0,NA,NA,NA,NA,Y,NA,A,01,0,0,1,0,0,0,0,0,0,-,-,NA,NA,LOS ANGELES,MANHATTAN BEACH,-118.3787078857422,33.8985595703125
8748837,2018,2019-01-19,1942,2018-11-17,1915,42451,1406,6,5,7,1942,0,0,0,N,0,14A27,OVERLAND AV,PALMS BL,0,NA,Y,A,-,N,NA,NA,NA,NA,NA,NA,NA,NA,NA,N,4,0,3,2,A,-,09,21801,A,N,D,C,A,A,H,-,C,A,0,NA,NA,NA,NA,Y,NA,A,01,0,0,3,0,0,0,0,0,0,-,-,NA,NA,LOS ANGELES,LOS ANGELES,-118.41162109375,34.02473068237305
8748838,2018,2019-01-19,1942,2018-11-09,1815,43302,0882,5,5,7,1942,0,0,0,H,0,8A53,GATEWAY BL,COLBY AV,0,NA,Y,A,-,N,NA,NA,NA,NA,NA,NA,NA,NA,NA,N,3,0,1,2,A,-,05,21460,A,N,B,C,A,A,H,-,C,A,0,NA,NA,Y,NA,Y,NA,C,03,0,1,0,0,0,0,0,0,1,-,-,NA,NA,LOS ANGELES,LOS ANGELES,-118.44190979003906,34.03282165527344
8748841,2018,2019-01-19,1942,2018-11-03,0750,39127,1427,6,5,7,1942,0,0,0,N,0,14A27,NATIONAL BL,SEPULVEDA BL,260,W,N,A,-,N,NA,NA,NA,NA,NA,NA,NA,NA,NA,Y,4,0,2,2,A,-,12,21453,A,N,D,C,A,A,H,-,A,A,0,NA,NA,NA,NA,Y,NA,A,01,0,0,2,0,0,0,0,0,0,-,-,NA,NA,LOS ANGELES,LOS ANGELES,-118.42943572998048,34.02705764770508
8748842,2018,2019-01-19,1942,2018-11-07,2100,43454,0881,3,5,7,1942,0,0,0,H,0,853,LA GRANGE AV,WESTGATE AV,0,NA,Y,A,-,N,NA,NA,NA,NA,NA,NA,NA,NA,NA,N,4,0,1,2,A,-,10,21950,A,N,G,B,B,A,H,-,D,D,0,Y,NA,NA,NA,Y,NA,A,01,0,0,1,0,1,0,0,0,0,-,-,NA,NA,LOS ANGELES,LOS ANGELES,-118.4531707763672,34.03535079956055
8748845,2018,2019-01-19,1942,2018-11-23,1153,42136,1485,5,5,7,1942,0,0,0,N,0,14A49,SEPULVEDA BL,WESTCHESTER PKWY,5,N,N,A,-,N,NA,NA,NA,NA,NA,NA,NA,NA,NA,N,4,0,1,2,A,-,10,21950,A,F,G,B,B,A,H,-,A,A,0,Y,NA,NA,NA,Y,NA,-,99,0,0,1,0,1,0,0,0,0,-,-,NA,NA,LOS ANGELES,LOS ANGELES,-118.39620971679688,33.95462417602539
8748846,2018,2019-01-19,1942,2018-11-17,1455,37613,0835,6,5,7,1942,0,0,0,H,0,8A35,WESTWOOD BL,MISSOURI AV,3,S,N,A,-,N,NA,NA,NA,NA,NA,NA,NA,NA,NA,N,2,0,1,2,A,-,10,21950,A,N,G,B,B,A,H,-,A,A,0,Y,NA,NA,NA,Y,NA,A,01,1,0,0,0,1,0,0,0,0,-,-,NA,NA,LOS ANGELES,LOS ANGELES,-118.43545532226564,34.048213958740234
8748849,2018,2019-01-19,1942,2018-11-21,1845,42834,0852,3,5,7,1942,0,0,0,H,0,8A53,SANTA MONICA BL,ARMACOST AV,0,NA,Y,B,-,N,NA,NA,NA,NA,NA,NA,NA,NA,NA,N,4,0,1,2,A,-,09,21802,A,F,C,G,A,A,H,-,C,A,0,NA,Y,NA,NA,Y,NA,A,01,0,0,1,0,0,0,1,0,0,-,-,NA,NA,LOS ANGELES,LOS ANGELES,-118.46027374267578,34.041900634765625
8748850,2018,2019-01-19,1942,2018-11-22,1315,39142,0832,4,5,7,1942,0,0,0,H,0,8A12,BARRINGTON AV,KIOWA AV,30,N,N,A,-,N,NA,NA,NA,NA,NA,NA,NA,NA,NA,N,3,0,1,2,A,-,09,21802,A,N,D,C,A,A,H,-,A,D,0,NA,NA,Y,NA,Y,NA,A,01,0,1,0,0,0,0,0,0,1,-,-,NA,NA,LOS ANGELES,LOS ANGELES,-118.46266174316406,34.051109313964844
8748853,2018,2019-01-19,1942,2018-11-06,2325,39022,0646,2,5,7,1942,0,0,0,F,0,6A63,VINE ST,HOLLYWOOD BL,350,N,N,A,-,N,NA,NA,NA,NA,NA,NA,NA,NA,NA,N,2,0,1,2,A,-,11,21456,B,F,G,B,C,A,H,-,C,A,0,Y,NA,NA,NA,Y,NA,N,60,1,0,0,0,1,0,0,0,0,-,-,NA,NA,LOS ANGELES,LOS ANGELES,-118.32669830322266,34.10255813598633