CASE_ID,ACCIDENT_YEAR,PROC_DATE,JURIS,COLLISION_DATE,COLLISION_TIME,OFFICER_ID,REPORTING_DISTRICT,DAY_OF_WEEK,CHP_SHIFT,POPULATION,CNTY_CITY_LOC,SPECIAL_COND,BEAT_TYPE,CHP_BEAT_TYPE,CITY_DIVISION_LAPD,CHP_BEAT_CLASS,BEAT_NUMBER,PRIMARY_RD,SECONDARY_RD,DISTANCE,DIRECTION,INTERSECTION,WEATHER_1,WEATHER_2,STATE_HWY_IND,CALTRANS_COUNTY,CALTRANS_DISTRICT,STATE_ROUTE,ROUTE_SUFFIX,POSTMILE_PREFIX,POSTMILE,LOCATION_TYPE,RAMP_INTERSECTION,SIDE_OF_HWY,TOW_AWAY,COLLISION_SEVERITY,NUMBER_KILLED,NUMBER_INJURED,PARTY_COUNT,PRIMARY_COLL_FACTOR,PCF_CODE_OF_VIOL,PCF_VIOL_CATEGORY,PCF_VIOLATION,PCF_VIOL_SUBSECTION,HIT_AND_RUN,TYPE_OF_COLLISION,MVIW,PED_ACTION,ROAD_SURFACE,ROAD_COND_1,ROAD_COND_2,LIGHTING,CONTROL_DEVICE,CHP_ROAD_TYPE,PEDESTRIAN_ACCIDENT,BICYCLE_ACCIDENT,MOTORCYCLE_ACCIDENT,TRUCK_ACCIDENT,NOT_PRIVATE_PROPERTY,ALCOHOL_INVOLVED,STWD_VEHTYPE_AT_FAULT,CHP_VEHTYPE_AT_FAULT,COUNT_SEVERE_INJ,COUNT_VISIBLE_INJ,COUNT_COMPLAINT_PAIN,COUNT_PED_KILLED,COUNT_PED_INJURED,COUNT_BICYCLIST_KILLED,COUNT_BICYCLIST_INJURED,COUNT_MC_KILLED,COUNT_MC_INJURED,PRIMARY_RAMP,SECONDARY_RAMP,LATITUDE,LONGITUDE,COUNTY,CITY,POINT_X,POINT_Y
8749510,2018,2018-11-29,1900,2018-09-27,2030,532783,1321,4,5,5,1935,0,0,0,NA,0,132T1,LAKEWOOD BL,SOUTH ST,53,S,N,A,-,N,NA,NA,NA,NA,NA,NA,NA,NA,NA,Y,4,0,1,2,A,-,04,21703,NA,N,C,C,A,A,H,-,C,A,0,NA,NA,NA,NA,Y,NA,A,01,0,0,1,0,0,0,0,0,0,-,-,NA,NA,LOS ANGELES,LAKEWOOD,-118.14258575439452,33.860103607177734
8749540,2018,2019-01-22,1976,2018-11-01,2251,480,NA,4,5,5,1976,0,0,0,NA,0,003,COLIMA RD,WHITTIER BL,5,N,N,A,-,Y,LA,7,72,-,-,1.853,I,5,N,N,3,0,1,2,A,-,01,23152,A,F,C,C,A,A,H,-,C,A,0,NA,NA,NA,NA,Y,Y,A,01,0,1,0,0,0,0,0,0,0,-,-,NA,NA,LOS ANGELES,WHITTIER,-118.00645446777344,33.948848724365234
8749545,2018,2019-01-07,1941,2018-11-10,2136,11253,NA,6,5,7,1941,0,0,0,NA,0,005,MARTIN LUTHER KING JR AV,HILL ST,0,NA,Y,A,-,N,NA,NA,NA,NA,NA,NA,NA,NA,NA,N,4,0,2,2,A,-,12,22450,A,N,D,C,A,A,H,-,C,A,0,NA,NA,NA,NA,Y,NA,A,NA,0,0,2,0,0,0,0,0,0,-,-,NA,NA,LOS ANGELES,LONG BEACH,-118.1807098388672,33.79713821411133
8749593,2018,2019-01-11,1965,2018-11-01,1947,3566,0B2A,4,5,5,1965,0,0,0,NA,0,B002,BAY ST,LINCOLN BL,109,E,N,A,-,N,NA,NA,NA,NA,NA,NA,NA,NA,NA,N,3,0,1,2,A,-,09,21804,A,N,H,G,A,A,H,-,C,D,0,NA,Y,NA,NA,Y,NA,L,04,0,1,0,0,0,0,1,0,0,-,-,NA,NA,LOS ANGELES,SANTA MONICA,-118.482177734375,34.01166915893555
8749605,2018,2019-01-08,1942,2018-09-04,1020,34959,1479,2,5,7,1942,0,0,0,N,0,14A67,LA TIJERA BL,OSAGE AV,35,N,N,A,-,Y,LA,7,405,-,-,24.439,R,4,S,Y,4,0,1,2,A,-,07,21658,A,N,B,C,A,A,H,-,A,D,0,NA,NA,NA,NA,Y,NA,A,01,0,0,1,0,0,0,0,0,0,-,-,NA,NA,LOS ANGELES,LOS ANGELES,-118.38042449951172,33.97309494018555
8749613,2018,2019-01-07,1942,2018-10-25,1235,43531,1353,4,5,7,1942,0,0,0,M,0,13A85,AVALON BL,45TH ST,40,N,N,A,-,N,NA,NA,NA,NA,NA,NA,NA,NA,NA,N,4,0,1,2,A,-,04,21703,NA,N,C,C,A,A,H,-,A,A,0,NA,NA,NA,NA,Y,NA,A,01,0,0,1,0,0,0,0,0,0,-,-,NA,NA,LOS ANGELES,LOS ANGELES,-118.2652587890625,34.002628326416016
8749617,2018,2019-01-07,1942,2018-10-17,1440,43531,1313,3,5,7,1942,0,0,0,M,0,13A75,MAPLE AV,16TH ST,0,NA,Y,A,-,N,NA,NA,NA,NA,NA,NA,NA,NA,NA,N,4,0,2,2,A,-,08,22107,NA,N,D,C,A,A,H,-,A,A,0,NA,NA,NA,NA,Y,NA,A,01,0,0,2,0,0,0,0,0,0,-,-,NA,NA,LOS ANGELES,LOS ANGELES,-118.25942230224608,34.031829833984375
8749624,2018,2019-01-07,1931,2018-11-25,1133,5305,1931,7,5,5,1931,0,0,0,NA,0,001,SEVILLE AV,BELGRAVE AV,0,NA,Y,A,-,N,NA,NA,NA,NA,NA,NA,NA,NA,NA,N,4,0,1,2,A,-,10,21950,A,N,A,B,C,A,H,-,A,D,0,Y,NA,NA,NA,Y,Y,A,01,0,0,1,0,1,0,0,0,0,-,-,NA,NA,LOS ANGELES,HUNTINGTON PARK,-118.22264862060548,33.9871711730957
8749627,2018,2019-02-15,1942,2018-11-15,1845,36589,059,4,5,7,1942,0,0,0,E,0,5A28,RT 47,NAVY WY,1200,W,N,A,-,N,NA,NA,NA,NA,NA,NA,NA,NA,NA,N,4,0,1,2,A,-,03,22350,NA,N,C,C,A,A,H,-,C,D,0,NA,NA,NA,NA,Y,NA,A,01,0,0,1,0,0,0,0,0,0,-,-,NA,NA,LOS ANGELES,LOS ANGELES,NA,NA
8749631,2018,2019-01-30,1942,2018-11-13,1455,38642,0503,2,5,7,1942,0,0,0,E,0,5XL2,PACIFIC COAST HWY,MCCOY AV,0,NA,Y,A,-,Y,LA,7,1,-,-,12.065,I,5,S,N,4,0,2,2,A,-,09,21801,A,N,D,C,A,A,H,-,A,D,0,NA,NA,NA,NA,Y,NA,A,01,0,0,2,0,0,0,0,0,0,-,-,NA,NA,LOS ANGELES,LOS ANGELES,-118.28993988037108,33.790950775146484
8749651,2018,2019-01-30,1929,2018-11-12,0858,178,NA,1,5,3,1929,0,0,0,NA,0,003,PACIFIC COAST HWY,16TH ST,0,NA,Y,A,-,Y,LA,7,1,-,-,21.461,I,5,S,N,4,0,1,2,A,-,08,22100,A,N,D,C,A,A,H,-,A,A,0,NA,NA,NA,NA,Y,NA,A,07,0,0,1,0,0,0,0,0,0,-,-,NA,NA,LOS ANGELES,HERMOSA BEACH,-118.39360809326172,33.86655044555664
8749654,2018,2019-01-30,1929,2018-11-20,1817,196,1929,2,5,3,1929,0,0,0,NA,0,001,PACIFIC COAST HWY,2ND ST,60,N,N,A,-,Y,LA,7,1,-,-,20.75,H,-,S,N,4,0,1,2,A,-,04,21703,NA,N,C,C,A,A,H,-,C,A,0,NA,NA,NA,NA,Y,NA,A,07,0,0,1,0,0,0,0,0,0,-,-,NA,NA,LOS ANGELES,HERMOSA BEACH,-118.39078521728516,33.85668182373047
8749657,2018,2019-01-11,1975,2018-11-20,1045,640,NA,2,5,6,1975,0,0,0,NA,0,005,AZUSA AV,MANILA WY,0,NA,Y,A,-,N,NA,NA,NA,NA,NA,NA,NA,NA,NA,N,3,0,2,2,A,-,12,21453,A,N,D,C,A,A,H,-,A,A,0,NA,NA,NA,NA,Y,NA,A,01,0,2,0,0,0,0,0,0,0,-,-,NA,NA,LOS ANGELES,WEST COVINA,-117.914017,34.032876
8749661,2018,2019-01-30,1906,2018-11-20,0505,2823,ELMON,2,5,5,1906,0,0,0,NA,0,001,RT 605,RAMONA BL,0,S,Y,A,-,Y,LA,7,605,-,-,20.882,R,3,S,Y,4,0,1,1,A,-,00,22107,2,N,A,I,A,A,H,-,C,A,0,NA,NA,NA,NA,Y,NA,A,01,0,0,1,0,0,0,0,0,0,-,-,NA,NA,LOS ANGELES,BALDWIN PARK,-117.99886322021484,34.074913024902344
8749663,2018,2019-01-22,1900,2018-11-06,1830,604215,2608,2,5,6,1950,0,0,0,NA,0,264T1,RT 138,35TH ST EAST,261,W,N,A,-,Y,LA,7,138,-,-,47.19,H,-,E,Y,4,0,1,2,A,-,04,21703,NA,N,C,C,A,C,H,-,C,D,0,NA,NA,NA,NA,Y,NA,A,01,0,0,1,0,0,0,0,0,0,-,-,34.58015060424805,-118.06732940673828,LOS ANGELES,PALMDALE,-118.06832122802734,34.5802001953125
8749667,2018,2019-01-30,1925,2018-11-13,1425,21601,208,2,5,6,1925,0,0,0,NA,0,001,RIVERSIDE DR,RT 134,0,NA,Y,A,-,Y,LA,7,134,-,-,4.66,R,4,W,N,3,0,1,2,A,-,09,21801,A,N,D,G,A,A,H,-,A,D,0,NA,Y,NA,NA,Y,NA,A,07,0,1,0,0,0,0,1,0,0,-,NO,NA,NA,LOS ANGELES,GLENDALE,-118.29653167724608,34.15571975708008
8749669,2018,2019-01-11,1975,2018-11-15,1708,354,NA,4,5,6,1975,0,0,0,NA,0,002,100TH AV,ROWLAND,0,NA,Y,A,-,N,NA,NA,NA,NA,NA,NA,NA,NA,NA,Y,4,0,1,2,A,-,03,22350,NA,N,C,C,A,A,H,-,C,A,0,NA,NA,NA,NA,Y,NA,A,01,0,0,1,0,0,0,0,0,0,-,-,NA,NA,LOS ANGELES,WEST COVINA,NA,NA
8749671,2018,2019-01-22,1956,2018-11-15,2107,1320,68,4,5,5,1956,0,0,0,NA,0,005,RT 107,ARTESIA BL,0,NA,Y,A,-,Y,LA,7,107,-,-,4.696,I,5,S,Y,4,0,1,2,A,-,09,21800,A,N,A,C,A,A,H,-,C,A,0,NA,NA,NA,Y,Y,NA,A,01,0,0,1,0,0,0,0,0,0,-,-,NA,NA,LOS ANGELES,REDONDO BEACH,-118.35265350341795,33.872764587402344
8749675,2018,2019-01-22,1956,2018-11-12,1358,1337,620,1,5,5,1956,0,0,0,NA,0,002,RT 1,DIAMOND ST,10,N,N,A,-,Y,LA,7,1,-,-,19.941,I,5,N,Y,4,0,1,2,A,-,03,22350,NA,N,C,C,A,A,H,-,A,A,0,NA,NA,NA,NA,Y,NA,A,01,0,0,1,0,0,0,0,0,0,-,-,NA,NA,LOS ANGELES,REDONDO BEACH,-118.38726043701172,33.844970703125
8749677,2018,2019-01-07,1901,2018-10-27,0217,171,18,6,5,5,1901,0,0,0,NA,0,004,RAMONA,CURTIS,95,E,N,A,-,N,NA,NA,NA,NA,NA,NA,NA,NA,NA,Y,3,0,1,2,A,-,01,23152,A,N,B,E,A,A,H,-,C,D,0,NA,NA,NA,NA,Y,Y,A,01,0,1,0,0,0,0,0,0,0,-,-,NA,NA,LOS ANGELES,ALHAMBRA,-118.1368408203125,34.07178497314453
8749688,2018,2019-01-24,1925,2018-11-25,1106,22328,219,7,5,6,1925,0,0,0,NA,0,001,CENTRAL AV,GOODE AV,0,NA,Y,A,-,Y,LA,7,134,-,R,6.709,R,4,W,Y,3,0,1,2,A,-,01,23152,A,N,D,C,A,A,H,-,A,A,0,NA,NA,NA,NA,Y,NA,A,NA,0,1,0,0,0,0,0,0,0,-,-,NA,NA,LOS ANGELES,GLENDALE,-118.26211547851564,34.15642547607422
8749692,2018,2019-01-11,1955,2018-11-21,0906,30537,26,3,5,6,1955,0,0,0,NA,0,002,GAREY AV,ARROW HWY,234,S,N,A,-,N,NA,NA,NA,NA,NA,NA,NA,NA,NA,N,3,0,1,2,A,-,11,21954,A,N,G,B,D,A,H,-,A,A,0,Y,NA,NA,NA,Y,NA,N,60,0,1,0,0,1,0,0,0,0,-,-,NA,NA,LOS ANGELES,POMONA,-117.74965667724608,34.089324951171875
8749696,2018,2019-01-24,1955,2018-11-24,1630,42261,64,6,5,6,1955,0,0,0,NA,0,001,SOUTH CAMPUS DR,CORPORATE CENTER DR,0,NA,Y,A,-,Y,LA,7,71,-,-,42.783,R,4,S,Y,3,0,3,2,A,-,08,22107,NA,N,B,C,A,A,H,-,A,A,0,NA,NA,NA,NA,Y,NA,A,07,0,3,0,0,0,0,0,0,0,-,-,NA,NA,LOS ANGELES,POMONA,-117.80242919921876,34.0607795715332
8749700,2018,2019-01-24,1955,2018-11-12,1105,42150,40,1,5,6,1955,0,0,0,NA,0,002,WHITE AV,RT 10,0,NA,Y,A,-,Y,LA,7,10,-,-,45.165,R,3,W,N,3,0,1,2,A,-,05,21650,1,N,D,G,A,A,H,-,A,A,0,NA,Y,NA,NA,Y,NA,L,04,0,1,0,0,0,0,1,0,0,-,-,NA,NA,LOS ANGELES,POMONA,-117.76152801513672,34.07094955444336
8749704,2018,2019-01-24,1900,2018-11-09,2058,459533,0454,5,5,6,1949,0,0,0,NA,0,45T1,ROSECRANS AV,RT 5,12,S,N,A,-,Y,LA,7,5,-,-,3.383,R,4,S,Y,4,0,2,2,A,-,12,21453,A,N,D,C,A,A,H,-,C,A,0,NA,NA,NA,NA,Y,NA,A,01,0,0,2,0,0,0,0,0,0,-,-,NA,NA,LOS ANGELES,NORWALK,-118.06073760986328,33.90156173706055
8749752,2018,2019-01-24,1900,2018-11-24,0150,500049,0531,6,5,5,1959,0,0,0,NA,0,53T1EM,VALLEY BL,RT 164,0,NA,Y,A,-,Y,LA,7,164,-,-,6.224,I,5,N,Y,4,0,1,2,-,-,-,NA,NA,N,D,I,A,A,H,-,C,A,0,NA,NA,NA,NA,Y,NA,-,-,0,0,1,0,0,0,0,0,0,-,-,34.080810546875,-118.07315826416016,LOS ANGELES,ROSEMEAD,-118.07313537597656,34.08091354370117
8749756,2018,2019-01-24,1900,2018-11-19,1800,602223,0560,1,5,3,1968,0,0,0,NA,0,55T1PM,RT 164,GARVEY AV,528,N,N,A,-,Y,LA,7,164,-,-,4.91,H,-,S,Y,4,0,1,3,A,-,22,23123,A,N,C,C,A,A,H,-,C,A,0,NA,NA,NA,NA,Y,NA,A,01,0,0,1,0,0,0,0,0,0,-,-,NA,NA,LOS ANGELES,SOUTH EL MONTE,-118.06649017333984,34.06394958496094
8749765,2018,2018-12-05,1956,2018-11-02,1425,1292,54,5,5,5,1956,0,0,0,NA,0,005,INGLEWOOD AV,ARTESIA BL,0,NA,Y,A,-,N,NA,NA,NA,NA,NA,NA,NA,NA,NA,Y,4,0,2,2,A,-,17,21451,A,N,D,C,A,A,H,-,A,A,0,NA,NA,NA,NA,Y,NA,A,01,0,0,2,0,0,0,0,0,0,-,-,NA,NA,LOS ANGELES,REDONDO BEACH,-118.36129760742188,33.872920989990234
8749778,2018,2019-01-15,1900,2018-10-21,1820,467707,0521,7,5,4,1971,0,0,0,NA,0,52T1PM,RT 164,GARIBALDI AV,0,NA,Y,A,-,N,NA,NA,NA,NA,NA,NA,NA,NA,NA,Y,3,0,4,2,A,-,09,21801,A,N,A,C,A,A,H,-,C,A,0,NA,NA,NA,NA,Y,NA,A,01,0,3,1,0,0,0,0,0,0,-,-,34.109371185302734,-118.07366943359376,LOS ANGELES,TEMPLE CITY,-118.073573,34.10932
8749781,2018,2018-12-05,1900,2018-11-13,0641,609106,0977,2,5,4,1979,0,0,0,NA,0,91T1AM,SAN VICENTE BL,HARRATT ST,0,NA,Y,A,-,N,NA,NA,NA,NA,NA,NA,NA,NA,NA,Y,4,0,1,2,A,-,09,21802,A,N,D,C,A,A,H,-,A,D,0,NA,NA,NA,NA,Y,NA,A,01,0,0,1,0,0,0,0,0,0,-,-,NA,NA,LOS ANGELES,WEST HOLLYWOOD,-118.38561248779295,34.089439392089844
8749785,2018,2018-12-05,1900,2018-11-14,0913,443069,0977,3,5,4,1979,0,0,0,NA,0,92T1,HAMMOND ST,HARRATT ST,119,N,N,A,-,N,NA,NA,NA,NA,NA,NA,NA,NA,NA,Y,3,0,1,1,A,-,03,22350,NA,N,E,I,A,A,C,-,A,D,0,NA,NA,NA,NA,Y,NA,A,01,0,1,0,0,0,0,0,0,0,-,-,NA,NA,LOS ANGELES,WEST HOLLYWOOD,-118.38764190673828,34.08981704711914
8749825,2018,2019-01-07,1942,2018-08-26,1800,43175,1446,7,5,7,1942,0,0,0,N,0,14A67,VENICE BL,INGLEWOOD BL,0,NA,Y,A,-,N,NA,NA,NA,NA,NA,NA,NA,NA,NA,N,4,0,1,2,A,-,10,21950,A,F,G,B,B,A,H,-,A,A,0,Y,NA,NA,NA,Y,NA,-,99,0,0,1,0,1,0,0,0,0,-,-,NA,NA,LOS ANGELES,LOS ANGELES,-118.42899322509766,34.00625991821289
8749829,2018,2019-01-07,1942,2018-08-25,1540,37613,1441,6,5,7,1942,0,0,0,N,0,14A11,VENICE BL,ABBOTT KINNEY BL,0,NA,Y,A,-,N,NA,NA,NA,NA,NA,NA,NA,NA,NA,N,3,0,1,2,A,-,09,21801,A,N,H,A,A,A,H,-,A,A,0,NA,NA,Y,NA,Y,NA,D,22,0,1,0,0,0,0,0,0,1,-,-,NA,NA,LOS ANGELES,LOS ANGELES,-118.46256256103516,33.98912048339844
8749845,2018,2019-01-24,1941,2018-11-06,0945,5707,NA,2,5,7,1941,0,0,0,NA,0,005,PACIFIC COAST HWY,CHERRY AV,0,NA,Y,A,-,Y,LA,7,1,-,-,5.011,I,6,N,N,4,0,1,2,A,-,10,21950,A,N,-,B,B,A,H,-,A,A,0,Y,NA,NA,NA,Y,NA,A,NA,0,0,1,0,1,0,0,0,0,-,-,NA,NA,LOS ANGELES,LONG BEACH,-118.16763305664064,33.7899169921875
8749857,2018,2019-01-11,1942,2018-11-01,1820,38469,1043,4,5,7,1942,0,0,0,J,0,10X8,RESEDA BL,COLLINS ST,200,N,N,A,-,N,NA,NA,NA,NA,NA,NA,NA,NA,NA,N,3,0,1,2,A,-,11,21953,NA,N,A,B,-,A,H,-,C,D,0,Y,NA,NA,NA,Y,NA,N,60,0,1,0,0,1,0,0,0,0,-,-,NA,NA,LOS ANGELES,LOS ANGELES,-118.5360107421875,34.17545700073242
8749881,2018,2019-01-24,1942,2018-11-12,1415,38025,1862,1,5,7,1942,0,0,0,R,0,18A63,IMPERIAL HWY,OLIVE ST,0,NA,Y,A,-,Y,LA,7,110,-,-,13.798,R,4,N,Y,4,0,1,2,A,-,12,21453,A,N,D,C,A,A,H,-,A,A,0,NA,NA,NA,NA,Y,NA,A,01,0,0,1,0,0,0,0,0,0,-,-,NA,NA,LOS ANGELES,LOS ANGELES,-118.28057861328124,33.92852020263672
8749897,2018,2019-01-11,1941,2018-11-18,1526,10574,NA,7,5,7,1941,0,0,0,NA,0,006,RT 710,BROADWAY,280,N,N,A,-,N,NA,NA,NA,NA,NA,NA,NA,NA,NA,Y,4,0,1,2,A,-,03,22350,NA,N,C,C,A,A,H,-,A,D,0,NA,NA,Y,NA,Y,Y,C,NA,0,0,1,0,0,0,0,0,1,NO,-,NA,NA,LOS ANGELES,LONG BEACH,-118.20852,33.767384
8749901,2018,2019-01-28,1941,2018-10-11,0752,5578,NA,4,5,7,1941,0,0,0,NA,0,NA,ATLANTIC AV,RT 91,0,NA,Y,A,-,Y,LA,7,91,-,R,12.242,R,4,W,N,4,0,1,2,D,-,00,NA,NA,N,B,C,A,A,H,-,A,A,0,NA,NA,Y,NA,Y,NA,-,-,0,0,1,0,0,0,0,0,1,-,WF,NA,NA,LOS ANGELES,LONG BEACH,-118.1837158203125,33.87685012817383
8749905,2018,2019-01-11,1948,2018-11-03,1216,453,1948,6,5,5,1948,0,0,0,NA,0,001,GARVEY AV,ATLANTIC BL,80,W,N,A,-,N,NA,NA,NA,NA,NA,NA,NA,NA,NA,N,3,0,5,4,A,-,03,22350,NA,N,C,C,A,A,H,-,A,A,0,NA,NA,NA,NA,Y,NA,D,22,0,2,3,0,0,0,0,0,0,-,-,NA,NA,LOS ANGELES,MONTEREY PARK,-118.13450622558594,34.062503814697266
8749931,2018,2019-01-22,1942,2018-10-18,2040,38050,0461,4,5,7,1942,0,0,0,D,0,4A71,EAST 4TH ST,S PECAN ST,0,NA,Y,A,-,Y,LA,7,101,-,S,0.691,R,4,S,N,3,0,1,2,A,-,12,21453,A,N,H,G,A,-,H,-,C,A,0,NA,Y,NA,NA,Y,NA,L,04,0,1,0,0,0,0,1,0,0,-,-,NA,NA,LOS ANGELES,LOS ANGELES,-118.22116088867188,34.044029235839844
8749935,2018,2019-01-22,1942,2018-10-27,1745,37952,0451,6,5,7,1942,0,0,0,D,0,4A71,N MISSION RD,E ALISO ST,0,NA,Y,A,-,Y,LA,7,10,-,S,0.071,R,4,E,Y,3,0,3,2,A,-,09,21801,A,N,D,C,A,A,H,-,A,A,0,NA,NA,NA,NA,Y,NA,A,01,0,1,2,0,0,0,0,0,0,-,-,NA,NA,LOS ANGELES,LOS ANGELES,-118.22335815429688,34.05282211303711
8749939,2018,2019-01-17,1942,2018-10-11,1155,32996,1176,4,5,7,1942,0,0,0,K,0,11A95,RIVERSIDE DR,EADS ST,0,NA,Y,A,-,Y,LA,7,5,-,-,21.859,R,4,N,Y,3,0,2,2,A,-,09,21801,A,N,D,C,A,A,G,-,A,A,0,NA,NA,NA,NA,Y,NA,A,01,0,1,1,0,0,0,0,0,0,-,-,NA,NA,LOS ANGELES,LOS ANGELES,-118.24275970458984,34.09450149536133
8749967,2018,2019-01-11,1942,2018-10-16,0900,34332,0462,2,5,7,1942,0,0,0,D,0,4A71,EAST 7TH ST,S BOYLE AV,354,W,N,A,-,N,NA,NA,NA,NA,NA,NA,NA,NA,NA,N,3,0,2,2,A,-,07,21658,A,N,D,C,A,A,H,-,A,A,0,NA,NA,NA,NA,Y,NA,A,01,0,1,1,0,0,0,0,0,0,-,-,NA,NA,LOS ANGELES,LOS ANGELES,-118.22061920166016,34.03390121459961
8749989,2018,2019-01-08,1942,2018-11-17,0930,38025,1841,6,5,7,1942,0,0,0,R,0,18A41,HOOVER ST,IMPERIAL HWY,15,N,N,A,-,N,NA,NA,NA,NA,NA,NA,NA,NA,NA,N,4,0,1,2,A,-,21,22106,NA,N,G,B,B,A,H,-,A,A,0,Y,NA,NA,NA,Y,NA,A,01,0,0,1,0,1,0,0,0,0,-,-,NA,NA,LOS ANGELES,LOS ANGELES,-118.2869873046875,33.9310302734375
8749991,2018,2019-01-22,1900,2018-10-26,1617,283301,1261,5,5,3,1991,0,0,0,NA,0,121T1,ANGELES CREST HWY,OLIVE LN,369,S,N,A,-,Y,LA,7,2,-,-,24.82,H,-,W,Y,3,0,1,2,A,-,21,22106,NA,N,D,C,A,A,H,-,A,D,0,NA,NA,NA,NA,Y,NA,D,22,0,1,0,0,0,0,0,0,0,-,-,34.21154022216797,-118.2002410888672,LOS ANGELES,LA CANADA-FLINTRIDGE,-118.2002182006836,34.211917877197266
8749993,2018,2019-01-08,1942,2018-11-25,1045,39200,1001,7,5,7,1942,0,0,0,J,0,10A17,ROSCOE BL,TAMPA AV,0,NA,-,A,-,N,NA,NA,NA,NA,NA,NA,NA,NA,NA,N,4,0,1,5,A,-,04,21703,NA,F,C,C,A,A,H,-,A,A,0,NA,NA,NA,NA,Y,NA,-,99,0,0,1,0,0,0,0,0,0,-,-,NA,NA,LOS ANGELES,LOS ANGELES,-118.5535125732422,34.220481872558594
8749997,2018,2019-01-10,1942,2018-11-03,0855,30452,1562,6,5,7,1942,0,0,0,O,0,15A85,LAUREL CANYON BL,VENTURA FWY,0,NA,Y,A,-,Y,LA,7,101,-,-,13.053,R,4,S,N,4,0,3,2,A,-,12,21453,A,N,D,C,A,A,H,-,A,A,0,NA,NA,NA,NA,Y,NA,A,01,0,0,3,0,0,0,0,0,0,-,-,NA,NA,LOS ANGELES,LOS ANGELES,-118.399658203125,34.15485382080078
8750001,2018,2019-01-24,1975,2018-11-15,1648,683,NA,4,5,6,1975,0,0,0,NA,0,003,FRANCISCITO AV,WILLOW AV,0,NA,Y,A,-,N,NA,NA,NA,NA,NA,NA,NA,NA,NA,Y,3,0,2,2,A,-,09,21801,A,N,D,C,A,A,H,-,C,A,0,NA,NA,NA,NA,Y,NA,-,NA,0,2,0,0,0,0,0,0,0,-,-,NA,NA,LOS ANGELES,WEST COVINA,-117.96355,34.0608
8750002,2018,2019-01-24,1942,2018-11-16,1240,37724,0319,5,5,7,1942,0,0,0,C,0,3A19,S FIGUEROA ST,ADAMS BL,450,N,N,A,-,N,NA,NA,NA,NA,NA,NA,NA,NA,NA,N,4,0,1,2,A,-,09,21801,B,N,D,G,A,A,H,-,A,D,0,NA,Y,NA,NA,Y,NA,L,04,0,0,1,0,0,0,1,0,0,-,-,NA,NA,LOS ANGELES,LOS ANGELES,-118.27532958984376,34.02925109863281
8750003,2018,2019-01-25,1942,2018-11-06,0550,42157,1494,2,5,7,1942,0,0,0,N,0,14A13,AVION DR,CENTURY BL,0,NA,Y,A,-,N,NA,NA,NA,NA,NA,NA,NA,NA,NA,N,4,0,1,2,A,-,09,21801,A,N,E,I,A,A,H,-,B,A,0,NA,NA,NA,NA,Y,NA,A,01,0,0,1,0,0,0,0,0,0,-,-,NA,NA,LOS ANGELES,LOS ANGELES,-118.39013671875,33.945579528808594
8750004,2018,2018-12-14,1942,2018-10-03,1320,37613,1425,3,5,7,1942,0,0,0,N,0,14A25,NATIONAL BL,FEDERAL AV,0,NA,Y,A,-,N,NA,NA,NA,NA,NA,NA,NA,NA,NA,Y,3,0,2,2,A,-,09,21802,A,N,D,C,A,A,H,-,A,A,0,NA,NA,NA,NA,Y,NA,A,01,0,1,1,0,0,0,0,0,0,-,-,NA,NA,LOS ANGELES,LOS ANGELES,-118.43660736083984,34.023681640625
8750005,2018,2019-01-24,1975,2018-11-17,0847,998,CITRU,6,5,6,1975,0,0,0,NA,0,004,S LARK ELLEN AVE,E MICHELLE ST,0,NA,Y,B,-,N,NA,NA,NA,NA,NA,NA,NA,NA,NA,N,4,0,3,2,A,-,09,21801,A,N,D,C,A,A,H,-,A,A,0,NA,NA,NA,Y,Y,NA,A,07,0,0,3,0,0,0,0,0,0,-,-,34.051998138427734,-117.91600036621094,LOS ANGELES,WEST COVINA,-117.91683959960938,34.05284881591797
8750006,2018,2019-01-25,1942,2018-11-12,1935,36814,1309,1,5,7,1942,0,0,0,M,0,13A9,EAST WASHINGTON BL,ALAMEDA ST,115,E,N,A,-,N,NA,NA,NA,NA,NA,NA,NA,NA,NA,Y,4,0,3,2,A,-,01,23152,A,N,D,C,A,A,H,-,C,D,0,NA,NA,NA,NA,Y,Y,A,01,0,0,3,0,0,0,0,0,0,-,-,NA,NA,LOS ANGELES,LOS ANGELES,-118.23917388916016,34.01988220214844
8750007,2018,2019-01-25,1942,2018-11-07,0815,31573,1477,3,5,7,1942,0,0,0,N,0,14A67,S SEPULVEDA BL,W MANCHESTER AV,0,NA,Y,A,-,N,NA,NA,NA,NA,NA,NA,NA,NA,NA,Y,4,0,2,2,A,-,12,21453,A,N,B,C,A,A,H,-,A,A,0,NA,NA,NA,NA,Y,NA,A,01,0,0,2,0,0,0,0,0,0,-,-,NA,NA,LOS ANGELES,LOS ANGELES,-118.39623260498048,33.95991897583008
8750008,2018,2018-12-28,1942,2018-11-08,1755,37700,1465,4,5,7,1942,0,0,0,N,0,14A49,INGLEWOOD BL,BEATRICE ST,0,NA,Y,A,-,N,NA,NA,NA,NA,NA,NA,NA,NA,NA,Y,4,0,1,4,A,-,09,21802,A,N,D,C,A,A,H,-,C,A,0,NA,NA,NA,NA,Y,NA,A,01,0,0,1,0,0,0,0,0,0,-,-,NA,NA,LOS ANGELES,LOS ANGELES,-118.40656280517578,33.985008239746094