CASE_ID,ACCIDENT_YEAR,PROC_DATE,JURIS,COLLISION_DATE,COLLISION_TIME,OFFICER_ID,REPORTING_DISTRICT,DAY_OF_WEEK,CHP_SHIFT,POPULATION,CNTY_CITY_LOC,SPECIAL_COND,BEAT_TYPE,CHP_BEAT_TYPE,CITY_DIVISION_LAPD,CHP_BEAT_CLASS,BEAT_NUMBER,PRIMARY_RD,SECONDARY_RD,DISTANCE,DIRECTION,INTERSECTION,WEATHER_1,WEATHER_2,STATE_HWY_IND,CALTRANS_COUNTY,CALTRANS_DISTRICT,STATE_ROUTE,ROUTE_SUFFIX,POSTMILE_PREFIX,POSTMILE,LOCATION_TYPE,RAMP_INTERSECTION,SIDE_OF_HWY,TOW_AWAY,COLLISION_SEVERITY,NUMBER_KILLED,NUMBER_INJURED,PARTY_COUNT,PRIMARY_COLL_FACTOR,PCF_CODE_OF_VIOL,PCF_VIOL_CATEGORY,PCF_VIOLATION,PCF_VIOL_SUBSECTION,HIT_AND_RUN,TYPE_OF_COLLISION,MVIW,PED_ACTION,ROAD_SURFACE,ROAD_COND_1,ROAD_COND_2,LIGHTING,CONTROL_DEVICE,CHP_ROAD_TYPE,PEDESTRIAN_ACCIDENT,BICYCLE_ACCIDENT,MOTORCYCLE_ACCIDENT,TRUCK_ACCIDENT,NOT_PRIVATE_PROPERTY,ALCOHOL_INVOLVED,STWD_VEHTYPE_AT_FAULT,CHP_VEHTYPE_AT_FAULT,COUNT_SEVERE_INJ,COUNT_VISIBLE_INJ,COUNT_COMPLAINT_PAIN,COUNT_PED_KILLED,COUNT_PED_INJURED,COUNT_BICYCLIST_KILLED,COUNT_BICYCLIST_INJURED,COUNT_MC_KILLED,COUNT_MC_INJURED,PRIMARY_RAMP,SECONDARY_RAMP,LATITUDE,LONGITUDE,COUNTY,CITY,POINT_X,POINT_Y
8750153,2018,2018-12-05,1942,2018-10-23,1715,40123,2029,2,5,7,1942,0,0,0,NA,0,20XL2,4TH ST,VIRGIL,100,E,N,A,-,N,NA,NA,NA,NA,NA,NA,NA,NA,NA,N,4,0,3,3,A,-,21,22106,NA,N,D,C,A,A,H,-,A,D,0,NA,NA,NA,NA,Y,NA,A,01,0,0,3,0,0,0,0,0,0,-,-,NA,NA,LOS ANGELES,LOS ANGELES,-118.28678894042967,34.066688537597656
8750154,2018,2018-12-05,1942,2018-10-26,1500,34845,0275,5,5,7,1942,0,0,0,B,0,2A56,OLYMPIC BL,BONNIE BRAE AV,15,E,N,A,-,N,NA,NA,NA,NA,NA,NA,NA,NA,NA,Y,3,0,3,2,A,-,09,21801,A,N,A,C,A,A,H,-,A,A,0,NA,NA,NA,NA,Y,NA,A,01,0,1,2,0,0,0,0,0,0,-,-,NA,NA,LOS ANGELES,LOS ANGELES,-118.27759552001952,34.05070114135742
8750155,2018,2018-12-04,1942,2018-10-26,0750,40726,0354,5,5,7,1942,0,0,0,C,0,25MQ15,EXPOSITION BL,10TH AV,160,E,N,A,-,N,NA,NA,NA,NA,NA,NA,NA,NA,NA,N,4,0,1,2,A,-,03,22350,NA,N,C,C,A,A,H,-,A,D,0,NA,NA,NA,NA,Y,NA,A,07,0,0,1,0,0,0,0,0,0,-,-,NA,NA,LOS ANGELES,LOS ANGELES,-118.32785034179688,34.02119445800781
8750157,2018,2018-12-05,1942,2018-10-01,0910,36705,2019,1,5,7,1942,0,0,0,NA,0,20A39,W 1ST ST,VIRGIL AV,20,W,N,A,-,N,NA,NA,NA,NA,NA,NA,NA,NA,NA,N,4,0,1,2,A,-,04,21703,NA,N,C,C,A,A,H,-,A,D,0,NA,NA,NA,NA,Y,NA,A,08,0,0,1,0,0,0,0,0,0,-,-,NA,NA,LOS ANGELES,LOS ANGELES,-118.2868423461914,34.07347106933594
8750158,2018,2018-12-05,1942,2018-10-27,1220,34595,292,6,5,7,1942,0,0,0,NA,0,2A69,WASHINGTON BL,BURLINGTON,0,NA,Y,A,-,N,NA,NA,NA,NA,NA,NA,NA,NA,NA,N,4,0,1,2,A,-,03,22350,NA,N,C,C,A,A,H,-,A,A,0,NA,NA,NA,NA,Y,NA,A,08,0,0,1,0,0,0,0,0,0,-,-,NA,NA,LOS ANGELES,LOS ANGELES,-118.28282165527344,34.03926086425781
8750176,2018,2019-01-17,1942,2018-11-18,1435,30947,0941,7,5,7,1942,0,0,0,I,0,9A89,VAN NUYS BL,OXNARD ST,100,N,N,A,-,N,NA,NA,NA,NA,NA,NA,NA,NA,NA,Y,4,0,2,2,A,-,03,22350,NA,F,B,C,A,A,H,-,A,D,0,NA,NA,NA,NA,Y,NA,D,22,0,0,2,0,0,0,0,0,0,-,-,NA,NA,LOS ANGELES,LOS ANGELES,-118.44873809814452,34.1796760559082
8750186,2018,2018-12-04,1900,2018-10-30,1344,507857,0972,2,5,4,1979,0,0,0,NA,0,92T1,LA CIENEGA BL,ROSEWOOD AV,0,NA,Y,A,-,N,NA,NA,NA,NA,NA,NA,NA,NA,NA,N,4,0,1,2,A,-,10,21950,A,M,G,B,B,A,H,-,A,A,0,Y,NA,NA,NA,Y,NA,A,01,0,0,1,0,1,0,0,0,0,-,-,34.08018112182617,-118.37667846679688,LOS ANGELES,WEST HOLLYWOOD,-118.37657165527344,34.08018112182617
8750190,2018,2018-12-04,1922,2018-10-29,0215,680,1,1,5,6,1922,0,0,0,NA,0,001,SANTA ANITA,BRYANT,400,S,N,A,-,N,NA,NA,NA,NA,NA,NA,NA,NA,NA,Y,3,0,1,1,A,-,01,23152,A,N,E,I,A,A,H,-,C,D,0,NA,NA,NA,NA,Y,Y,A,01,0,1,0,0,0,0,0,0,0,-,-,34.08198928833008,-118.0348663330078,LOS ANGELES,EL MONTE,-118.0358428955078,34.08123016357422
8750194,2018,2018-12-04,1900,2018-10-20,1111,527698,0973,6,5,4,1979,0,0,0,NA,0,92T4,SANTA MONICA BL,LA BREA AV,244,W,N,A,-,N,NA,NA,NA,NA,NA,NA,NA,NA,NA,Y,4,0,1,2,A,-,06,21755,NA,N,B,C,A,A,H,-,A,D,0,NA,NA,Y,NA,Y,NA,C,02,0,0,1,0,0,0,0,0,1,-,-,34.090641021728516,-118.3450164794922,LOS ANGELES,WEST HOLLYWOOD,-118.34488677978516,34.0906982421875
8750206,2018,2018-12-04,1976,2018-10-28,0319,860,NA,7,5,5,1976,0,0,0,NA,0,001,PENN ST,GUILFORD,492,E,N,A,-,N,NA,NA,NA,NA,NA,NA,NA,NA,NA,Y,4,0,1,3,A,-,01,23152,A,N,B,E,A,A,H,-,C,D,0,NA,NA,NA,NA,Y,Y,A,01,0,0,1,0,0,0,0,0,0,-,-,NA,NA,LOS ANGELES,WHITTIER,-118.02931213378906,33.975399017333984
8750209,2018,2018-12-13,1942,2018-10-17,0840,31152,0489,3,5,7,1942,0,0,0,D,0,4A97,SOTO ST,8TH ST,150,N,N,A,-,N,NA,NA,NA,NA,NA,NA,NA,NA,NA,N,4,0,1,2,A,-,08,22107,NA,N,B,C,A,A,H,-,A,A,0,NA,NA,NA,Y,Y,NA,G,25,0,0,1,0,0,0,0,0,0,-,-,NA,NA,LOS ANGELES,LOS ANGELES,-118.21923828125,34.02845764160156
8750220,2018,2019-01-17,1922,2018-11-04,0306,694,NA,7,5,6,1922,0,0,0,NA,0,001,BALDWIN AV,LOFTUS,300,N,N,A,-,N,NA,NA,NA,NA,NA,NA,NA,NA,NA,Y,3,0,1,4,A,-,07,21658,A,N,C,E,A,A,H,-,C,D,0,NA,NA,NA,NA,Y,NA,A,01,0,1,0,0,0,0,0,0,0,-,-,NA,NA,LOS ANGELES,EL MONTE,-118.05368041992188,34.07515335083008
8750221,2018,2018-12-11,1942,2018-10-13,1755,37952,1132,6,5,7,1942,0,0,0,K,0,11A1,LOS FELIZ BL,HUXLEY ST,0,NA,Y,A,-,N,NA,NA,NA,NA,NA,NA,NA,NA,NA,N,4,0,1,3,A,-,03,22350,NA,N,C,C,A,A,H,-,A,D,0,NA,NA,NA,NA,Y,NA,D,22,0,0,1,0,0,0,0,0,0,-,-,NA,NA,LOS ANGELES,LOS ANGELES,-118.27335357666016,34.11565017700195
8750225,2018,2018-12-24,1942,2018-10-31,0730,33130,0491,3,5,7,1942,0,0,0,D,0,4A97,S SOTO ST,EAST WASHINGTON BL,0,NA,Y,A,-,N,NA,NA,NA,NA,NA,NA,NA,NA,NA,N,4,0,2,2,A,-,12,21453,A,N,D,C,A,A,H,-,A,A,0,NA,NA,NA,NA,Y,NA,-,-,0,0,2,0,0,0,0,0,0,-,-,NA,NA,LOS ANGELES,LOS ANGELES,-118.22004699707033,34.01728820800781
8750231,2018,2019-01-17,1928,2018-11-22,1429,384,526,4,5,5,1928,0,0,0,NA,0,501,116TH ST,GREVILLEA AV,163,W,N,A,-,N,NA,NA,NA,NA,NA,NA,NA,NA,NA,Y,3,0,1,2,A,-,03,22350,NA,N,F,E,A,A,H,-,A,D,0,NA,NA,NA,NA,Y,Y,A,01,0,1,0,0,0,0,0,0,0,-,-,33.92900085449219,-118.35399627685548,LOS ANGELES,HAWTHORNE,-118.35535430908205,33.92911911010742
8750233,2018,2018-12-11,1942,2018-10-18,0700,30380,0442,4,5,7,1942,0,0,0,D,0,4A15,CLEMENT ST,MARENGO ST,0,NA,Y,A,-,N,NA,NA,NA,NA,NA,NA,NA,NA,NA,Y,4,0,1,2,A,-,09,21802,A,N,D,C,A,A,H,-,A,A,0,NA,NA,NA,NA,Y,NA,D,22,0,0,1,0,0,0,0,0,0,-,-,NA,NA,LOS ANGELES,LOS ANGELES,-118.21103668212892,34.05820083618164
8750236,2018,2018-12-10,1922,2018-10-31,2109,681,NA,3,5,6,1922,0,0,0,NA,0,NA,SANTA ANITA AV,TYLER AV,200,S,N,A,-,N,NA,NA,NA,NA,NA,NA,NA,NA,NA,Y,3,0,1,2,A,-,07,21658,A,N,C,E,A,A,H,-,C,D,0,NA,NA,NA,NA,Y,NA,A,08,0,1,0,0,0,0,0,0,0,-,-,34.08536911010742,-118.03067016601564,LOS ANGELES,EL MONTE,-118.03119659423828,34.08510208129883
8750242,2018,2018-12-05,1942,2018-11-20,1500,42469,0985,2,5,7,1942,0,0,0,I,0,9A89,VAN NUYS BL,MOORPARK ST,150,N,N,A,-,N,NA,NA,NA,NA,NA,NA,NA,NA,NA,Y,4,0,1,2,A,-,08,22107,NA,F,B,C,A,A,H,-,A,D,0,NA,NA,Y,NA,Y,NA,-,99,0,0,1,0,0,0,0,0,1,-,-,NA,NA,LOS ANGELES,LOS ANGELES,-118.44869232177734,34.152320861816406
8750245,2018,2019-01-25,1922,2018-11-22,1142,668,NA,4,5,6,1922,0,0,0,NA,0,NA,SEAMAN AV,GARVEY AV,50,S,N,B,-,N,NA,NA,NA,NA,NA,NA,NA,NA,NA,N,3,0,2,3,A,-,11,21954,A,N,G,B,D,A,H,-,A,D,0,Y,NA,NA,NA,Y,NA,N,60,0,2,0,0,2,0,0,0,0,-,-,34.061370849609375,-118.05280303955078,LOS ANGELES,EL MONTE,-118.05287170410156,34.06261444091797
8750246,2018,2018-12-05,1942,2018-11-20,1110,41274,1009,2,5,7,1942,0,0,0,J,0,10A39,ROSCOE BL,HASKELL AV,298,E,N,A,-,N,NA,NA,NA,NA,NA,NA,NA,NA,NA,Y,4,0,1,2,A,-,07,21658,A,F,B,C,A,A,H,-,A,A,0,NA,NA,NA,NA,Y,NA,-,99,0,0,1,0,0,0,0,0,0,-,-,NA,NA,LOS ANGELES,LOS ANGELES,-118.47547912597656,34.22135925292969
8750250,2018,2018-12-05,1942,2018-11-09,1315,38995,0926,5,5,7,1942,0,0,0,I,0,9A19,VAN NUYS BL,HAMLIN ST,170,S,N,A,-,N,NA,NA,NA,NA,NA,NA,NA,NA,NA,N,4,0,1,2,A,-,09,21804,A,F,B,C,A,A,H,-,A,D,0,NA,NA,NA,NA,Y,NA,-,99,0,0,1,0,0,0,0,0,0,-,-,NA,NA,LOS ANGELES,LOS ANGELES,-118.44873809814452,34.188194274902344
8750254,2018,2018-12-05,1942,2018-11-18,1225,40398,1025,7,5,7,1942,0,0,0,J,0,10A21,SHERMAN WY,DARBY AV,0,NA,Y,A,-,N,NA,NA,NA,NA,NA,NA,NA,NA,NA,N,3,0,1,2,A,-,08,22107,NA,F,H,G,A,A,H,-,A,A,0,NA,Y,NA,NA,Y,NA,-,99,0,1,0,0,0,0,1,0,0,-,-,NA,NA,LOS ANGELES,LOS ANGELES,-118.53347778320313,34.20117950439453
8750258,2018,2018-12-05,1951,2018-11-30,1226,725,712,5,5,3,1951,0,0,0,NA,0,012,PALOS VERDES DR W,VIA CHICO,263,E,N,A,-,N,NA,NA,NA,NA,NA,NA,NA,NA,NA,N,4,0,1,2,A,-,09,21802,NA,N,A,G,A,A,H,-,A,D,0,NA,Y,NA,NA,Y,NA,A,01,0,0,1,0,0,0,1,0,0,-,-,NA,NA,LOS ANGELES,PALOS VERDES EST,-118.3879852294922,33.80105972290039
8750262,2018,2018-12-05,1942,2018-11-20,2340,32372,1651,2,5,7,1942,0,0,0,P,0,16A23,LAUREL CANYON BL,OSBORNE ST,490,N,N,A,-,N,NA,NA,NA,NA,NA,NA,NA,NA,NA,N,3,0,1,2,A,-,11,21954,A,F,G,B,D,A,H,-,C,D,0,Y,NA,NA,NA,Y,NA,N,60,0,1,0,0,1,0,0,0,0,-,-,NA,NA,LOS ANGELES,LOS ANGELES,-118.4206085205078,34.24789047241211
8750265,2018,2019-01-22,1922,2018-11-05,1019,620,2,1,5,6,1922,0,0,0,NA,0,NA,PECK RD,FEDERAL DR,0,NA,Y,A,-,N,NA,NA,NA,NA,NA,NA,NA,NA,NA,Y,4,0,2,2,A,-,12,21453,A,N,D,C,A,A,H,-,A,A,0,NA,NA,NA,NA,Y,NA,A,01,0,0,2,0,0,0,0,0,0,-,-,34.07004165649414,-118.0270767211914,LOS ANGELES,EL MONTE,-118.02709197998048,34.069969177246094
8750266,2018,2018-12-05,1942,2018-11-19,1330,42469,2189,1,5,7,1942,0,0,0,NA,0,21A97,VENTURA BL,DEL MORENO DR,150,E,N,B,-,N,NA,NA,NA,NA,NA,NA,NA,NA,NA,N,4,0,2,2,A,-,03,22350,NA,F,C,C,A,A,H,-,A,D,0,NA,NA,NA,NA,Y,NA,A,01,0,0,2,0,0,0,0,0,0,-,-,NA,NA,LOS ANGELES,LOS ANGELES,-118.574462890625,34.16969299316406
8750269,2018,2019-02-14,1922,2018-11-03,0910,686,4,6,5,6,1922,0,0,0,NA,0,NA,MAXSON RD,MAXSON 4002,0,NA,Y,A,-,N,NA,NA,NA,NA,NA,NA,NA,NA,NA,Y,3,0,1,2,A,-,09,21804,A,N,B,C,A,A,H,-,A,D,0,NA,NA,NA,NA,Y,NA,A,01,0,1,0,0,0,0,0,0,0,-,-,NA,NA,LOS ANGELES,EL MONTE,-118.008816,34.07366
8750270,2018,2018-12-05,1942,2018-11-20,0730,40065,1028,2,5,7,1942,0,0,0,J,0,10A17,VANOWEN ST,HAYVENHURST AV,28,E,N,A,-,N,NA,NA,NA,NA,NA,NA,NA,NA,NA,N,4,0,1,2,A,-,04,21703,NA,F,C,C,A,A,H,-,A,A,0,NA,NA,NA,NA,Y,NA,-,99,0,0,1,0,0,0,0,0,0,-,-,NA,NA,LOS ANGELES,LOS ANGELES,-118.4923095703125,34.19390106201172
8750271,2018,2018-12-04,1956,2018-10-31,1013,1257,54,3,5,5,1956,0,0,0,NA,0,005,ARTESIA BL,FELTON LN,0,NA,Y,A,-,N,NA,NA,NA,NA,NA,NA,NA,NA,NA,N,4,0,1,2,A,-,10,21950,A,N,G,B,B,-,H,-,A,A,0,Y,NA,NA,NA,Y,NA,A,01,0,0,1,0,1,0,0,0,0,-,-,NA,NA,LOS ANGELES,REDONDO BEACH,-118.36432647705078,33.87290954589844
8750273,2018,2019-01-22,1922,2018-11-08,0839,576,NA,4,5,6,1922,0,0,0,NA,0,NA,DURFEE AV,GARVEY AV,0,NA,Y,A,-,N,NA,NA,NA,NA,NA,NA,NA,NA,NA,N,3,0,1,2,A,-,09,21801,A,N,D,C,A,A,H,-,A,A,0,NA,NA,NA,NA,Y,NA,A,07,0,1,0,0,0,0,0,0,0,-,-,34.06364059448242,-118.01165771484376,LOS ANGELES,EL MONTE,-118.01158142089844,34.063629150390625
8750276,2018,2018-12-04,1922,2018-10-22,1919,640,NA,1,5,6,1922,0,0,0,NA,0,003,GARVEY AV,SANTA ANITA AV,0,NA,Y,A,-,N,NA,NA,NA,NA,NA,NA,NA,NA,NA,N,3,0,1,2,A,-,05,21650,1,N,A,G,A,A,H,-,C,A,0,NA,Y,NA,NA,Y,NA,L,04,0,1,0,0,0,0,1,0,0,-,-,NA,NA,LOS ANGELES,EL MONTE,-118.0425033569336,34.06275177001953
8750277,2018,2019-01-22,1922,2018-11-16,1502,674,3,5,5,6,1922,0,0,0,NA,0,NA,PECK RD,CONCERT ST,0,NA,Y,A,-,N,NA,NA,NA,NA,NA,NA,NA,NA,NA,Y,3,0,3,3,A,-,09,21802,A,N,D,C,A,A,H,-,A,D,0,NA,NA,NA,NA,Y,NA,A,01,0,3,0,0,0,0,0,0,0,-,-,34.06385040283203,-118.03054809570313,LOS ANGELES,EL MONTE,-118.03054809570313,34.063819885253906
8750279,2018,2018-12-18,1942,2018-10-29,2045,42352,1469,1,5,7,1942,0,0,0,N,0,14A73,LA TIJERA BL,ALVERN CIR,0,NA,-,A,-,N,NA,NA,NA,NA,NA,NA,NA,NA,NA,Y,3,0,1,4,A,-,00,20001,A,N,C,D,A,A,H,-,C,A,0,NA,NA,NA,NA,Y,Y,-,99,0,1,0,0,0,0,0,0,0,-,-,NA,NA,LOS ANGELES,LOS ANGELES,-118.37436676025392,33.975040435791016
8750281,2018,2019-01-22,1922,2018-11-01,0937,620,NA,4,5,6,1922,0,0,0,NA,0,002,FERRIS RD,COGSWELL RD,110,E,N,A,-,N,NA,NA,NA,NA,NA,NA,NA,NA,NA,Y,3,0,2,2,A,-,09,21804,A,N,A,C,A,A,H,-,A,A,0,NA,NA,NA,NA,Y,NA,A,01,0,1,1,0,0,0,0,0,0,-,-,34.07061004638672,-118.01554870605467,LOS ANGELES,EL MONTE,-118.01516723632813,34.06962585449219
8750283,2018,2018-12-19,1928,2018-10-06,1937,371,507,6,5,5,1928,0,0,0,NA,0,502,120TH ST,CRENSHAW BL,500,W,N,B,-,N,NA,NA,NA,NA,NA,NA,NA,NA,NA,N,4,0,1,2,A,-,03,22350,NA,N,C,C,A,A,H,-,C,D,0,NA,NA,NA,NA,Y,NA,A,01,0,0,1,0,0,0,0,0,0,-,-,33.923709869384766,-118.32646942138672,LOS ANGELES,HAWTHORNE,-118.32815551757813,33.92374038696289
8750285,2018,2019-01-22,1922,2018-11-05,1806,632,4,1,5,6,1922,0,0,0,NA,0,004,MOUNTAIN VIEW RD,LANSDALE AV,0,NA,Y,A,-,N,NA,NA,NA,NA,NA,NA,NA,NA,NA,N,2,0,1,2,A,-,05,21650,1,N,D,G,A,A,H,-,C,D,0,NA,Y,NA,NA,Y,NA,L,04,1,0,0,0,0,0,1,0,0,-,-,34.065120697021484,-118.01960754394533,LOS ANGELES,EL MONTE,-118.01956176757813,34.065101623535156
8750288,2018,2018-12-04,1922,2018-10-31,1642,569,4,3,5,6,1922,0,0,0,NA,0,NA,PECK RD,MOUNT VIEW,0,NA,Y,A,-,N,NA,NA,NA,NA,NA,NA,NA,NA,NA,Y,4,0,1,2,A,-,09,21804,A,N,D,C,A,A,H,-,A,A,0,NA,NA,NA,NA,Y,NA,A,01,0,0,1,0,0,0,0,0,0,-,-,34.05509948730469,-118.03060150146484,LOS ANGELES,EL MONTE,-118.03057861328124,34.0553092956543
8750289,2018,2019-01-18,1900,2018-11-13,1045,524504,0972,2,5,4,1979,0,0,0,NA,0,91T3,MELROSE AV,WESTBOURNE DR,12,W,N,A,-,N,NA,NA,NA,NA,NA,NA,NA,NA,NA,N,3,0,1,2,A,-,06,21750,NA,N,D,C,A,A,H,-,A,D,0,NA,NA,Y,NA,Y,NA,C,02,0,1,0,0,0,0,0,0,1,-,-,34.0820198059082,-118.37954711914064,LOS ANGELES,WEST HOLLYWOOD,-118.37976837158205,34.08196258544922
8750292,2018,2018-12-04,1922,2018-10-31,1947,624,NA,3,5,6,1922,0,0,0,NA,0,NA,RAMONA BL,GILMAN RD,0,NA,Y,A,-,N,NA,NA,NA,NA,NA,NA,NA,NA,NA,N,4,0,1,2,A,-,05,21650,1,N,D,G,A,A,H,-,C,A,0,NA,Y,NA,NA,Y,NA,L,04,0,0,1,0,0,0,1,0,0,-,-,34.07661056518555,-118.0025634765625,LOS ANGELES,EL MONTE,-118.00251770019533,34.07661056518555
8750293,2018,2019-01-18,1922,2018-11-06,0839,576,NA,2,5,6,1922,0,0,0,NA,0,NA,DURFEE AV,POINSETTIA AV,0,NA,Y,A,-,N,NA,NA,NA,NA,NA,NA,NA,NA,NA,N,3,0,1,2,A,-,05,21650,1,N,D,G,A,A,H,-,A,A,0,NA,Y,NA,NA,Y,NA,L,04,0,1,0,0,0,0,1,0,0,-,-,34.05464172363281,-118.01901245117188,LOS ANGELES,EL MONTE,-118.01896667480467,34.054649353027344
8750296,2018,2018-12-04,1922,2018-10-21,1427,689,NA,7,5,6,1922,0,0,0,NA,0,001,VALLEY BL,MEEKER AV,0,NA,Y,A,-,N,NA,NA,NA,NA,NA,NA,NA,NA,NA,N,4,0,2,2,A,-,09,21800,A,N,D,C,A,A,H,-,A,A,0,NA,NA,NA,NA,Y,NA,A,01,0,0,2,0,0,0,0,0,0,-,-,34.070068359375,-118.02963256835938,LOS ANGELES,EL MONTE,-118.02960205078124,34.070068359375
8750297,2018,2019-01-18,1922,2018-11-02,2043,650,4,5,5,6,1922,0,0,0,NA,0,NA,PECK RD,KLINGERMAN ST,0,NA,Y,A,-,N,NA,NA,NA,NA,NA,NA,NA,NA,NA,Y,3,0,2,2,A,-,12,22450,A,F,B,C,A,A,H,-,A,A,0,NA,NA,NA,NA,Y,NA,-,-,0,2,0,0,0,0,0,0,0,-,-,34.055320739746094,-118.03048706054688,LOS ANGELES,EL MONTE,-118.03057861328124,34.05598831176758
8750300,2018,2018-12-04,1922,2018-10-25,1214,584,NA,4,5,6,1922,0,0,0,NA,0,NA,VALLEY BL,ARDEN DR,0,NA,Y,A,-,N,NA,NA,NA,NA,NA,NA,NA,NA,NA,Y,4,0,1,2,A,-,09,21801,B,N,D,C,A,A,H,-,A,A,0,NA,NA,NA,NA,Y,NA,-,NA,0,0,1,0,0,0,0,0,0,-,-,34.076560974121094,-118.04624938964844,LOS ANGELES,EL MONTE,-118.04622650146484,34.07658004760742
8750301,2018,2019-01-18,1900,2018-11-04,1208,438060,0972,7,5,4,1979,0,0,0,NA,0,92T1,MELROSE AV,LA PEER DR,40,W,N,A,-,N,NA,NA,NA,NA,NA,NA,NA,NA,NA,N,4,0,1,2,A,-,08,22107,NA,N,D,G,A,A,H,-,A,D,0,NA,Y,NA,NA,Y,NA,A,01,0,0,1,0,0,0,1,0,0,-,-,NA,NA,LOS ANGELES,WEST HOLLYWOOD,-118.38677978515624,34.08081817626953
8750304,2018,2018-12-04,1922,2018-10-25,1530,560,NA,4,5,6,1922,0,0,0,NA,0,NA,LOWER AZUSA RD,EL MONTE AV,50,E,N,A,-,N,NA,NA,NA,NA,NA,NA,NA,NA,NA,N,3,0,2,3,A,-,03,22350,NA,N,C,C,A,A,H,-,A,D,0,NA,NA,NA,NA,Y,NA,A,01,0,2,0,0,0,0,0,0,0,-,-,NA,NA,LOS ANGELES,EL MONTE,-118.03521728515624,34.09269714355469
8750305,2018,2019-01-18,1922,2018-11-14,1207,576,NA,3,5,6,1922,0,0,0,NA,0,NA,MAXSON RD,KERRWOOD AV,210,S,N,A,-,N,NA,NA,NA,NA,NA,NA,NA,NA,NA,Y,3,0,1,2,A,-,09,21801,B,N,D,C,A,A,H,-,A,A,0,NA,NA,NA,NA,Y,NA,A,01,0,1,0,0,0,0,0,0,0,-,-,34.07456970214844,-118.00908660888672,LOS ANGELES,EL MONTE,-118.00835418701172,34.07453918457031
8750308,2018,2018-12-04,1922,2018-10-24,1214,668,2,3,5,6,1922,0,0,0,NA,0,NA,PECK RD,LOWER AZUSA RD,0,NA,Y,A,-,N,NA,NA,NA,NA,NA,NA,NA,NA,NA,N,2,0,1,2,A,-,10,21950,A,N,G,B,B,A,H,-,A,A,0,Y,NA,NA,NA,Y,NA,A,01,1,0,0,0,1,0,0,0,0,-,-,34.09096908569336,-118.01461791992188,LOS ANGELES,EL MONTE,-118.01454925537108,34.09095001220703
8750309,2018,2019-01-18,1900,2018-11-18,0220,526486,0975,7,5,4,1979,0,0,0,NA,0,93T3,FAIRFAX AV,FOUNTAIN AV,36,S,N,A,-,N,NA,NA,NA,NA,NA,NA,NA,NA,NA,Y,4,0,1,4,A,-,01,23152,A,M,C,C,A,A,H,-,C,A,0,NA,NA,NA,NA,Y,Y,A,01,0,0,1,0,0,0,0,0,0,-,-,34.094390869140625,-118.36155700683594,LOS ANGELES,WEST HOLLYWOOD,-118.36154174804688,34.0943603515625
8750312,2018,2019-01-28,1922,2018-10-09,1755,584,NA,2,5,6,1922,0,0,0,NA,0,001,BALDWIN AV,RT 10,50,N,N,A,-,Y,LA,7,10,-,-,27.978,R,4,E,N,3,0,1,2,A,-,04,21703,NA,F,C,C,A,A,H,-,B,D,0,NA,NA,NA,NA,Y,NA,A,07,0,1,0,0,0,0,0,0,0,-,-,34.07276916503906,-118.05367279052734,LOS ANGELES,EL MONTE,-118.0537109375,34.072269439697266
8750313,2018,2019-01-18,1900,2018-11-07,0114,614257,0973,3,5,4,1979,0,0,0,NA,0,93E,FOUNTAIN AV,FORMOSA AV,0,NA,Y,A,-,N,NA,NA,NA,NA,NA,NA,NA,NA,NA,Y,4,0,1,2,A,-,09,21802,A,N,B,C,A,A,H,-,C,D,0,NA,NA,NA,NA,Y,NA,A,01,0,0,1,0,0,0,0,0,0,-,-,NA,NA,LOS ANGELES,WEST HOLLYWOOD,-118.34626007080078,34.0943489074707
8750316,2018,2018-12-04,1922,2018-10-31,1651,650,3,3,5,6,1922,0,0,0,NA,0,NA,SANTA ANITA AV,ELLIOTT AV,0,NA,Y,A,-,N,NA,NA,NA,NA,NA,NA,NA,NA,NA,Y,3,0,2,2,A,-,09,21802,A,N,D,C,A,A,H,-,A,D,0,NA,NA,NA,NA,Y,NA,A,01,0,2,0,0,0,0,0,0,0,-,-,34.058658599853516,-118.04242706298828,LOS ANGELES,EL MONTE,-118.04237365722656,34.05862045288086
8750317,2018,2019-01-18,1900,2018-10-22,0050,509623,0975,1,5,4,1979,0,0,0,NA,0,93T2,FOUNTAIN AV,N SPAULDING AV,0,NA,Y,A,-,N,NA,NA,NA,NA,NA,NA,NA,NA,NA,N,4,0,1,1,A,-,01,23152,A,N,D,I,A,A,H,-,C,A,0,NA,NA,NA,NA,Y,Y,A,01,0,0,1,0,0,0,0,0,0,-,-,34.09450149536133,-118.3567123413086,LOS ANGELES,WEST HOLLYWOOD,-118.35669708251952,34.09442138671875
8750320,2018,2018-12-04,1922,2018-10-15,1450,688,NA,1,5,6,1922,0,0,0,NA,0,NA,GARVEY AV,CENTER AV,80,E,N,A,-,N,NA,NA,NA,NA,NA,NA,NA,NA,NA,Y,3,0,2,3,A,-,03,22350,NA,M,C,C,A,A,H,-,A,A,0,NA,NA,NA,NA,Y,NA,-,NA,0,1,1,0,0,0,0,0,0,-,-,NA,NA,LOS ANGELES,EL MONTE,-118.046658,34.062728