CASE_ID,ACCIDENT_YEAR,PROC_DATE,JURIS,COLLISION_DATE,COLLISION_TIME,OFFICER_ID,REPORTING_DISTRICT,DAY_OF_WEEK,CHP_SHIFT,POPULATION,CNTY_CITY_LOC,SPECIAL_COND,BEAT_TYPE,CHP_BEAT_TYPE,CITY_DIVISION_LAPD,CHP_BEAT_CLASS,BEAT_NUMBER,PRIMARY_RD,SECONDARY_RD,DISTANCE,DIRECTION,INTERSECTION,WEATHER_1,WEATHER_2,STATE_HWY_IND,CALTRANS_COUNTY,CALTRANS_DISTRICT,STATE_ROUTE,ROUTE_SUFFIX,POSTMILE_PREFIX,POSTMILE,LOCATION_TYPE,RAMP_INTERSECTION,SIDE_OF_HWY,TOW_AWAY,COLLISION_SEVERITY,NUMBER_KILLED,NUMBER_INJURED,PARTY_COUNT,PRIMARY_COLL_FACTOR,PCF_CODE_OF_VIOL,PCF_VIOL_CATEGORY,PCF_VIOLATION,PCF_VIOL_SUBSECTION,HIT_AND_RUN,TYPE_OF_COLLISION,MVIW,PED_ACTION,ROAD_SURFACE,ROAD_COND_1,ROAD_COND_2,LIGHTING,CONTROL_DEVICE,CHP_ROAD_TYPE,PEDESTRIAN_ACCIDENT,BICYCLE_ACCIDENT,MOTORCYCLE_ACCIDENT,TRUCK_ACCIDENT,NOT_PRIVATE_PROPERTY,ALCOHOL_INVOLVED,STWD_VEHTYPE_AT_FAULT,CHP_VEHTYPE_AT_FAULT,COUNT_SEVERE_INJ,COUNT_VISIBLE_INJ,COUNT_COMPLAINT_PAIN,COUNT_PED_KILLED,COUNT_PED_INJURED,COUNT_BICYCLIST_KILLED,COUNT_BICYCLIST_INJURED,COUNT_MC_KILLED,COUNT_MC_INJURED,PRIMARY_RAMP,SECONDARY_RAMP,LATITUDE,LONGITUDE,COUNTY,CITY,POINT_X,POINT_Y
8755089,2018,2019-01-29,1900,2018-12-06,1452,620752,1127,4,5,6,1992,0,0,0,NA,0,111T2,30TH ST WEST,AVE J,180,S,N,C,-,N,NA,NA,NA,NA,NA,NA,NA,NA,NA,Y,4,0,2,3,A,-,03,22350,NA,N,C,C,A,B,H,-,D,A,0,NA,NA,NA,NA,Y,NA,D,22,0,0,2,0,0,0,0,0,0,-,-,NA,NA,LOS ANGELES,LANCASTER,-118.1838150024414,34.68887710571289
8755093,2018,2019-02-13,1900,2018-12-04,0620,550490,1126,2,5,6,1992,0,0,0,NA,0,111T2,AVE K,17TH ST WEST,7,E,N,A,-,N,NA,NA,NA,NA,NA,NA,NA,NA,NA,N,4,0,1,2,A,-,-,NA,NA,N,G,B,B,A,H,-,B,A,0,Y,NA,NA,NA,Y,NA,D,22,0,0,1,0,1,0,0,0,0,-,-,NA,NA,LOS ANGELES,LANCASTER,-118.16123962402344,34.67497253417969
8755101,2018,2018-12-27,1900,2018-11-27,1554,610418,1133,2,5,6,1992,0,0,0,NA,0,112T1,AVENUE J,GLENRAVEN RD,296,E,N,A,-,N,NA,NA,NA,NA,NA,NA,NA,NA,NA,Y,2,0,2,3,A,-,03,22350,NA,N,B,C,A,A,H,-,A,D,0,NA,NA,NA,NA,Y,NA,A,01,1,0,1,0,0,0,0,0,0,-,-,NA,NA,LOS ANGELES,LANCASTER,-118.12728118896484,34.68946838378906
8755109,2018,2018-12-21,1900,2018-10-23,1052,546182,1126,2,5,6,1992,0,0,0,NA,0,112T2,AVENUE K,GADSDEN AV,595,W,N,A,-,N,NA,NA,NA,NA,NA,NA,NA,NA,NA,N,3,0,1,2,A,-,10,21950,A,N,G,B,B,A,H,-,A,A,0,Y,NA,NA,NA,Y,NA,D,22,0,1,0,0,1,0,0,0,0,-,-,NA,NA,LOS ANGELES,LANCASTER,-118.14350128173828,34.6750602722168
8755199,2018,2018-12-17,1942,2018-11-07,1815,43555,1273,3,5,7,1942,0,0,0,L,0,12A15,MANCHESTER AV,SAINT ANDREWS PL,0,NA,Y,A,-,N,NA,NA,NA,NA,NA,NA,NA,NA,NA,N,4,0,1,2,A,-,03,22350,A,N,D,C,A,A,H,-,A,D,0,NA,NA,NA,NA,Y,Y,A,01,0,0,1,0,0,0,0,0,0,-,-,NA,NA,LOS ANGELES,LOS ANGELES,-118.31120300292967,33.9599609375
8755285,2018,2019-01-04,1900,2018-11-06,1010,453008,1366,2,5,5,1952,0,0,0,NA,0,136B,ALONDRA BL,TEXACO AV,30,E,N,A,-,N,NA,NA,NA,NA,NA,NA,NA,NA,NA,N,4,0,2,2,A,-,03,22350,A,M,C,C,A,A,H,-,A,D,0,NA,NA,NA,NA,Y,NA,A,01,0,0,2,0,0,0,0,0,0,-,-,NA,NA,LOS ANGELES,PARAMOUNT,-118.17178344726564,33.889190673828125
8755289,2018,2018-12-28,1900,2018-11-16,2100,625498,1369,5,5,5,1952,0,0,0,NA,0,136D,DOWNEY AV,FLOWER ST,0,NA,Y,A,-,N,NA,NA,NA,NA,NA,NA,NA,NA,NA,Y,4,0,1,2,A,-,12,21453,A,M,A,C,A,A,H,-,C,A,0,NA,NA,NA,NA,Y,NA,A,07,0,0,1,0,0,0,0,0,0,-,-,NA,NA,LOS ANGELES,PARAMOUNT,-118.15132904052734,33.881988525390625
8755309,2018,2018-12-28,1900,2018-11-13,1401,622641,1335,2,5,5,1908,0,0,0,NA,0,133E,WOODRUFF AV,ARTESIA BL,613,N,N,A,-,N,NA,NA,NA,NA,NA,NA,NA,NA,NA,Y,4,0,1,2,A,-,08,21460,5,N,B,C,A,A,H,-,A,D,0,NA,NA,NA,NA,Y,NA,D,22,0,0,1,0,0,0,0,0,0,-,-,33.874698638916016,-118.11730194091795,LOS ANGELES,BELLFLOWER,-118.11730194091795,33.87457275390625
8755335,2018,2019-01-04,1909,2018-11-29,1120,560,1909,4,5,4,1909,0,0,0,NA,0,WEST,GAGE AV,SPECHT AV,370,W,N,C,-,N,NA,NA,NA,NA,NA,NA,NA,NA,NA,Y,3,0,2,2,A,-,08,22107,NA,N,E,I,A,B,H,-,A,D,0,NA,NA,NA,NA,Y,NA,D,22,0,1,1,0,0,0,0,0,0,-,-,NA,NA,LOS ANGELES,BELL GARDENS,-118.1662826538086,33.97573471069336
8755338,2018,2018-12-28,1900,2018-12-01,0230,274533,1335,6,5,5,1908,0,0,0,NA,0,133T1,ARTESIA BL,DOWNEY AV,0,NA,Y,A,-,N,NA,NA,NA,NA,NA,NA,NA,NA,NA,Y,3,0,1,2,A,-,01,23152,A,N,D,C,A,A,H,-,C,A,0,NA,NA,NA,NA,Y,Y,D,22,0,1,0,0,0,0,0,0,0,-,-,NA,NA,LOS ANGELES,BELLFLOWER,-118.15129089355467,33.874778747558594
8755341,2018,2019-01-31,1900,2018-11-02,0019,609637,1327,5,5,5,1935,0,0,0,NA,0,135B,CARSON ST,RT 605,4,N,N,A,-,Y,LA,7,605,-,R,1.558,R,4,N,Y,4,0,1,2,A,-,12,21453,A,N,D,C,A,A,H,-,C,A,0,NA,NA,NA,NA,Y,NA,D,22,0,0,1,0,0,0,0,0,0,-,NF,33.83137130737305,-118.08310699462892,LOS ANGELES,LAKEWOOD,-118.08271026611328,33.82870864868164
8755350,2018,2018-12-28,1900,2018-11-29,1852,625459,1368,4,5,5,1952,0,0,0,NA,0,136T1,ALONDRA BL,VERMONT AV,0,NA,Y,C,-,N,NA,NA,NA,NA,NA,NA,NA,NA,NA,Y,4,0,1,2,A,-,09,21801,A,N,D,C,A,B,H,-,C,A,0,NA,NA,NA,NA,Y,NA,D,22,0,0,1,0,0,0,0,0,0,-,-,NA,NA,LOS ANGELES,PARAMOUNT,-118.16272735595705,33.88922119140625
8755357,2018,2019-01-09,1900,2018-10-29,1700,615113,1324,1,5,5,1935,0,0,0,NA,0,132B,CARSON ST,WOODRUFF AV,0,NA,Y,A,-,N,NA,NA,NA,NA,NA,NA,NA,NA,NA,N,3,0,1,2,A,-,10,21950,A,N,G,B,B,A,H,-,A,D,0,Y,NA,NA,NA,Y,NA,D,22,0,1,0,0,1,0,0,0,0,-,-,NA,NA,LOS ANGELES,LAKEWOOD,-118.11653900146484,33.83232879638672
8755361,2018,2019-01-24,1900,2018-11-21,1310,550490,1126,3,5,6,1992,0,0,0,NA,0,111T2,AVENUE K,12TH ST WEST,210,W,N,A,-,N,NA,NA,NA,NA,NA,NA,NA,NA,NA,N,4,0,3,2,A,-,03,22350,NA,N,C,C,A,A,H,-,A,A,0,NA,NA,NA,NA,Y,NA,A,07,0,0,3,0,0,0,0,0,0,-,-,NA,NA,LOS ANGELES,LANCASTER,-118.15304565429688,34.67485046386719
8755362,2018,2019-01-25,1900,2018-12-05,1807,620752,1182,3,5,6,1992,0,0,0,NA,0,111T2,AVENUE L,40TH ST WEST,580,W,N,C,-,N,NA,NA,NA,NA,NA,NA,NA,NA,NA,Y,4,0,1,3,A,-,09,21801,A,N,D,C,A,B,H,-,C,D,0,NA,NA,NA,NA,Y,NA,A,01,0,0,1,0,0,0,0,0,0,-,-,NA,NA,LOS ANGELES,LANCASTER,-118.20327758789064,34.66014099121094
8755365,2018,2019-01-24,1900,2018-11-21,1321,510509,1121,3,5,6,1992,0,0,0,NA,0,112T4,10TH ST WEST,AVENUE H-8,0,NA,Y,B,-,N,NA,NA,NA,NA,NA,NA,NA,NA,NA,Y,4,0,3,2,A,-,09,21802,A,N,B,C,A,A,H,-,A,A,0,NA,NA,NA,NA,Y,NA,-,-,0,0,3,0,0,0,0,0,0,-,-,NA,NA,LOS ANGELES,LANCASTER,-118.14826965332033,34.710838317871094
8755366,2018,2019-01-25,1900,2018-12-05,1511,551435,1127,3,5,6,1992,0,0,0,NA,0,112T2,30TH ST WEST,AVENUE J-8,6,N,N,C,-,N,NA,NA,NA,NA,NA,NA,NA,NA,NA,N,3,0,1,2,A,-,17,21461,NA,N,G,B,B,B,H,-,B,A,0,Y,NA,NA,NA,Y,NA,N,60,0,1,0,0,1,0,0,0,0,-,-,NA,NA,LOS ANGELES,LANCASTER,-118.18370819091795,34.68215560913086
8755369,2018,2019-02-08,1900,2018-11-19,1317,602401,1120,1,5,6,1992,0,0,0,NA,0,111T1,25TH ST WEST,AVENUE 1,0,NA,Y,B,-,N,NA,NA,NA,NA,NA,NA,NA,NA,NA,Y,4,0,1,2,D,-,00,NA,NA,N,D,C,A,A,H,-,A,A,0,NA,NA,NA,NA,Y,NA,-,-,0,0,1,0,0,0,0,0,0,-,-,NA,NA,LOS ANGELES,LANCASTER,-118.08599853515624,34.704341888427734
8755370,2018,2019-01-25,1900,2018-12-04,1705,610418,1134,2,5,6,1992,0,0,0,NA,0,111T2,DIVISION ST,AVENUE K-4,0,NA,Y,A,-,N,NA,NA,NA,NA,NA,NA,NA,NA,NA,Y,3,0,2,2,A,-,01,23152,A,N,D,C,A,A,H,-,C,A,0,NA,NA,NA,NA,Y,Y,A,01,0,1,1,0,0,0,0,0,0,-,-,NA,NA,LOS ANGELES,LANCASTER,-118.1301727294922,34.671268463134766
8755373,2018,2019-01-24,1900,2018-11-23,1255,610418,1127,5,5,6,1992,0,0,0,NA,0,111T1,WEST AVENUE J,20TH ST WEST,0,NA,N,A,-,N,NA,NA,NA,NA,NA,NA,NA,NA,NA,N,4,0,1,2,D,-,00,NA,NA,N,C,C,A,A,H,-,A,-,0,NA,NA,NA,NA,Y,NA,-,-,0,0,1,0,0,0,0,0,0,-,-,NA,NA,LOS ANGELES,LANCASTER,-118.16565704345705,34.68941879272461
8755374,2018,2019-01-25,1900,2018-12-05,0720,620752,1192,3,5,6,1992,0,0,0,NA,0,112T2,AVENUE L,40TH ST WEST,0,NA,Y,B,-,N,NA,NA,NA,NA,NA,NA,NA,NA,NA,Y,3,0,3,2,A,-,12,21453,A,N,A,C,A,B,H,-,A,A,0,NA,NA,NA,NA,Y,NA,A,01,0,1,2,0,0,0,0,0,0,-,-,NA,NA,LOS ANGELES,LANCASTER,-118.20136260986328,34.66017150878906
8755377,2018,2019-01-24,1900,2018-11-26,1724,620752,1133,1,5,6,1992,0,0,0,NA,0,111T2,CHALLENGER WY,AVENUE J-3,4,S,N,A,-,N,NA,NA,NA,NA,NA,NA,NA,NA,NA,N,4,0,1,2,A,-,05,21650,1,N,H,G,A,A,H,-,C,A,0,NA,Y,NA,NA,Y,NA,L,04,0,0,1,0,0,0,1,0,0,-,-,NA,NA,LOS ANGELES,LANCASTER,-118.112609,34.686689
8755378,2018,2019-01-25,1900,2018-12-10,1446,551435,1127,1,5,6,1992,0,0,0,NA,0,112T2,30TH ST WEST,AVENUE J-8,0,NA,Y,B,-,N,NA,NA,NA,NA,NA,NA,NA,NA,NA,Y,4,0,1,2,A,-,09,21801,A,N,A,C,A,A,H,-,A,A,0,NA,NA,NA,NA,Y,NA,A,01,0,0,1,0,0,0,0,0,0,-,-,NA,NA,LOS ANGELES,LANCASTER,-118.18370819091795,34.6821403503418
8755381,2018,2019-01-24,1900,2018-11-26,0745,6Z0752,1192,1,5,6,1992,0,0,0,NA,0,111T2,AVENUE M,30TH ST WEST,25,E,N,A,-,N,NA,NA,NA,NA,NA,NA,NA,NA,NA,Y,4,0,2,2,A,-,08,22100,B,N,A,C,A,A,H,-,A,A,0,NA,NA,NA,NA,Y,NA,A,07,0,0,2,0,0,0,0,0,0,-,-,NA,NA,LOS ANGELES,LANCASTER,-118.18296813964844,34.64569091796875
8755382,2018,2019-01-25,1900,2018-12-08,1218,540658,1137,6,5,6,1992,0,0,0,NA,0,112T2,AVENUE J,17TH ST EAST,0,NA,Y,C,-,N,NA,NA,NA,NA,NA,NA,NA,NA,NA,N,4,0,1,3,A,-,07,21658,A,M,B,C,A,B,H,-,-,A,0,NA,NA,NA,NA,Y,NA,-,99,0,0,1,0,0,0,0,0,0,-,-,NA,NA,LOS ANGELES,LANCASTER,-118.09921264648438,34.68959045410156
8755385,2018,2019-01-24,1900,2018-11-25,1322,602401,1134,7,5,6,1992,0,0,0,NA,0,111T1,BUSINESS CENTER PKWY,AVENUE L,52,N,N,A,-,N,NA,NA,NA,NA,NA,NA,NA,NA,NA,Y,4,0,1,1,A,-,08,22107,NA,N,E,I,A,A,H,-,A,A,0,NA,NA,NA,NA,Y,NA,A,01,0,0,1,0,0,0,0,0,0,-,-,NA,NA,LOS ANGELES,LANCASTER,-118.12343597412108,34.66054153442383
8755386,2018,2019-01-25,1900,2018-12-06,1101,540658,1133,4,5,6,1992,0,0,0,NA,0,112TF,AVENUE K,11TH ST EAST,0,W,N,C,-,N,NA,NA,NA,NA,NA,NA,NA,NA,NA,N,3,0,1,2,A,-,03,22350,NA,M,C,C,A,B,H,-,A,D,0,NA,NA,NA,NA,Y,NA,-,99,0,1,0,0,0,0,0,0,0,-,-,NA,NA,LOS ANGELES,LANCASTER,-118.11063385009766,34.675010681152344
8755388,2018,2018-12-21,1900,2018-12-07,0701,622059,1127,5,5,6,1992,0,0,0,NA,0,112T2,AVENUE J-8,35TH ST WEST,21,W,N,B,C,N,NA,NA,NA,NA,NA,NA,NA,NA,NA,Y,4,0,1,1,A,-,03,22350,NA,N,A,I,A,B,H,-,A,A,0,NA,NA,NA,NA,Y,NA,A,01,0,0,1,0,0,0,0,0,0,-,-,NA,NA,LOS ANGELES,LANCASTER,-118.06812286376952,34.682559967041016
8755389,2018,2019-01-24,1900,2018-11-22,1847,610418,1132,4,5,6,1992,0,0,0,NA,0,112T1,AVENUE I,CHALLENGER WY,241,W,N,A,-,N,NA,NA,NA,NA,NA,NA,NA,NA,NA,Y,4,0,4,2,A,-,09,21801,A,F,B,C,A,A,H,-,C,D,0,NA,NA,NA,NA,Y,NA,A,01,0,0,4,0,0,0,0,0,0,-,-,NA,NA,LOS ANGELES,LANCASTER,-118.113451,34.704227
8755390,2018,2019-01-25,1900,2018-12-08,1749,610418,1135,6,5,6,1992,0,0,0,NA,0,112T1,15TH ST EAST,AVENUE J,0,NA,Y,A,-,N,NA,NA,NA,NA,NA,NA,NA,NA,NA,Y,4,0,2,2,A,-,09,21801,A,N,A,C,A,A,H,-,C,A,0,NA,NA,NA,NA,Y,NA,A,01,0,0,2,0,0,0,0,0,0,-,-,NA,NA,LOS ANGELES,LANCASTER,-118.10369110107422,34.68955993652344
8755392,2018,2018-12-21,1900,2018-12-07,0552,626575,1189,5,5,6,1992,0,0,0,NA,0,111T1,DIVISION ST,AVENUE G-12,300,S,N,C,-,N,NA,NA,NA,NA,NA,NA,NA,NA,NA,Y,4,0,1,1,A,-,03,22350,NA,N,F,I,A,B,F,-,D,D,0,NA,NA,NA,NA,Y,NA,A,01,0,0,1,0,0,0,0,0,0,-,-,NA,NA,LOS ANGELES,LANCASTER,-118.130665,34.721381
8755393,2018,2019-01-24,1900,2018-11-28,2103,610418,1124,3,5,6,1992,0,0,0,NA,0,112T1,10TH ST WEST,AVENUE L,116,S,N,A,-,N,NA,NA,NA,NA,NA,NA,NA,NA,NA,N,4,0,1,2,A,-,03,22350,NA,N,C,C,A,A,H,-,C,A,0,NA,NA,NA,NA,Y,NA,A,01,0,0,1,0,0,0,0,0,0,-,-,NA,NA,LOS ANGELES,LANCASTER,-118.14778137207033,34.66004180908203
8755394,2018,2019-01-25,1900,2018-12-08,1652,610418,1137,6,5,6,1992,0,0,0,NA,0,112T1,CHALLENGER WY,AVENUE J-6,0,NA,Y,A,-,N,NA,NA,NA,NA,NA,NA,NA,NA,NA,N,4,0,1,2,A,-,09,21802,A,N,B,C,A,A,H,-,C,D,0,NA,NA,NA,NA,Y,NA,A,01,0,0,1,0,0,0,0,0,0,-,-,NA,NA,LOS ANGELES,LANCASTER,-118.11266,34.68948
8755397,2018,2019-01-24,1900,2018-11-15,1824,626575,1121,4,5,6,1992,0,0,0,NA,0,111T4,AVENUE H,10TH ST WEST,117,E,N,A,-,N,NA,NA,NA,NA,NA,NA,NA,NA,NA,N,4,0,1,3,A,-,01,23152,A,N,C,C,A,A,H,-,C,A,0,NA,NA,NA,NA,Y,Y,A,01,0,0,1,0,0,0,0,0,0,-,-,NA,NA,LOS ANGELES,LANCASTER,-118.14804077148438,34.718509674072266
8755401,2018,2019-01-24,1900,2018-11-18,0342,626575,1121,7,5,6,1992,0,0,0,NA,0,111T1,10TH ST WEST,AVENUE H-6,78,S,N,A,-,N,NA,NA,NA,NA,NA,NA,NA,NA,NA,Y,2,0,2,1,A,-,01,23152,A,N,A,I,A,A,H,-,C,D,0,NA,NA,NA,NA,Y,Y,A,01,1,0,1,0,0,0,0,0,0,-,-,NA,NA,LOS ANGELES,LANCASTER,-118.14805603027344,34.712799072265625
8755406,2018,2019-01-25,1900,2018-12-03,1532,551435,1182,1,5,6,1992,0,0,0,NA,0,112T2,AVENUE M,50TH ST WEST,185,W,N,A,-,N,NA,NA,NA,NA,NA,NA,NA,NA,NA,Y,3,0,1,2,A,-,06,21755,A,N,D,C,A,A,H,-,A,D,0,NA,NA,Y,NA,Y,NA,C,02,0,1,0,0,0,0,0,0,1,-,-,NA,NA,LOS ANGELES,LANCASTER,-118.21902465820313,34.64561080932617
8755410,2018,2019-01-25,1900,2018-12-03,1701,610418,1126,1,5,6,1992,0,0,0,NA,0,112T1,15TH ST WEST,AVENUE J-8,1052,S,N,A,-,N,NA,NA,NA,NA,NA,NA,NA,NA,NA,Y,4,0,2,2,A,-,09,21801,A,N,B,C,A,A,H,-,C,A,0,NA,NA,NA,NA,Y,NA,A,01,0,0,2,0,0,0,0,0,0,-,-,NA,NA,LOS ANGELES,LANCASTER,-118.15680694580078,34.67928695678711
8755414,2018,2019-01-25,1900,2018-12-01,1644,610418,1132,6,5,6,1992,0,0,0,NA,0,112T1,AVENUE J,3RD ST EAST,78,E,N,A,-,N,NA,NA,NA,NA,NA,NA,NA,NA,NA,Y,3,0,2,2,A,-,02,22400,A,N,C,C,A,A,H,-,A,D,0,NA,NA,NA,NA,Y,NA,A,01,0,1,1,0,0,0,0,0,0,-,-,NA,NA,LOS ANGELES,LANCASTER,-118.12614440917967,34.68946838378906
8755422,2018,2019-01-25,1900,2018-12-03,0825,550490,1123,1,5,6,1992,0,0,0,NA,0,111T2,SIERRA HWY,AVENUE J8,640,N,N,A,-,N,NA,NA,NA,NA,NA,NA,NA,NA,NA,Y,4,0,1,2,A,-,03,22350,NA,N,C,C,A,A,H,-,A,D,0,NA,NA,NA,NA,Y,NA,A,01,0,0,1,0,0,0,0,0,0,-,-,NA,NA,LOS ANGELES,LANCASTER,-118.13428497314452,34.68391036987305
8755426,2018,2019-03-12,1900,2018-12-01,1419,551435,1126,6,5,6,1992,0,0,0,NA,0,112T2,AVENUE L,RT 14,0,NA,Y,A,-,Y,LA,7,14,-,R,65.479,R,4,N,N,4,0,1,2,A,-,04,21703,NA,N,C,C,A,A,H,-,A,A,0,NA,NA,NA,NA,Y,NA,A,01,0,0,1,0,0,0,0,0,0,-,NF,NA,NA,LOS ANGELES,LANCASTER,-118.15318298339844,34.657527923583984
8755452,2018,2019-01-25,1900,2018-11-03,1000,616178,1127,6,5,6,1992,0,0,0,NA,0,111T1D,30TH ST WEST,AVENUE J,0,NA,Y,A,-,N,NA,NA,NA,NA,NA,NA,NA,NA,NA,N,4,0,1,3,A,-,12,21453,A,N,D,-,A,A,H,-,A,A,0,NA,NA,NA,NA,Y,NA,A,08,0,0,1,0,0,0,0,0,0,-,-,NA,NA,LOS ANGELES,LANCASTER,-118.18383026123048,34.689369201660156
8755521,2018,2018-12-28,1900,2018-11-09,1535,610417,1326,5,5,5,1935,0,0,0,NA,0,132T2,DEL AMO BL,TURNERGROVE DR,154,E,N,A,-,N,NA,NA,NA,NA,NA,NA,NA,NA,NA,N,4,0,1,2,A,-,03,22350,NA,N,C,D,A,A,H,-,A,D,0,NA,NA,NA,NA,Y,NA,A,01,0,0,1,0,0,0,0,0,0,-,-,33.847049713134766,-118.10833740234376,LOS ANGELES,LAKEWOOD,-118.10881805419922,33.847171783447266
8755526,2018,2018-12-20,1900,2018-10-06,2059,546182,1132,6,5,6,1992,0,0,0,NA,0,112T2,AVENUE J,TREVOR AV,23,E,N,A,-,N,NA,NA,NA,NA,NA,NA,NA,NA,NA,Y,4,0,2,2,A,-,07,21658,A,N,B,C,A,A,H,-,C,A,0,NA,NA,NA,NA,Y,NA,A,01,0,0,2,0,0,0,0,0,0,-,-,NA,NA,LOS ANGELES,LANCASTER,-118.1324462890625,34.689453125
8755530,2018,2018-12-20,1900,2018-10-10,1323,546182,1121,3,5,6,1992,0,0,0,NA,0,112T2,20TH ST W,MINTER WY,0,NA,Y,A,-,N,NA,NA,NA,NA,NA,NA,NA,NA,NA,Y,3,0,4,2,A,-,09,21802,A,N,D,C,A,A,H,-,A,A,0,NA,NA,NA,NA,Y,NA,A,01,0,1,3,0,0,0,0,0,0,-,-,NA,NA,LOS ANGELES,LANCASTER,-118.16602325439452,34.707950592041016
8755531,2018,2018-12-19,1900,2018-10-09,0804,546182,1137,2,5,6,1992,0,0,0,NA,0,112T2,35TH ST EAST,AVENUE K,50,S,N,A,-,N,NA,NA,NA,NA,NA,NA,NA,NA,NA,N,4,0,1,2,A,-,08,22107,NA,N,G,B,E,A,H,-,A,D,0,Y,NA,NA,NA,Y,NA,A,01,0,0,1,0,1,0,0,0,0,-,-,NA,NA,LOS ANGELES,LANCASTER,-118.06790924072266,34.67506408691406
8755534,2018,2018-12-20,1900,2018-10-23,0752,546182,1137,2,5,6,1992,0,0,0,NA,0,112T2,30TH ST E,AVENUE J-4,0,NA,Y,A,-,N,NA,NA,NA,NA,NA,NA,NA,NA,NA,N,4,0,1,2,A,-,09,21802,A,N,B,C,A,A,H,-,A,A,0,NA,NA,NA,NA,Y,NA,A,07,0,0,1,0,0,0,0,0,0,-,-,NA,NA,LOS ANGELES,LANCASTER,-118.18374633789064,34.6846809387207
8755535,2018,2018-12-19,1900,2018-10-26,2250,625432,1135,5,5,6,1992,0,0,0,NA,0,112T2,CHALLENGER WY,LANCASTER BL,0,NA,Y,A,-,N,NA,NA,NA,NA,NA,NA,NA,NA,NA,Y,4,0,9,2,A,-,09,21801,A,N,D,C,A,A,-,-,C,A,0,NA,NA,NA,NA,Y,NA,A,01,0,0,9,0,0,0,0,0,0,-,-,NA,NA,LOS ANGELES,LANCASTER,-118.11265,34.69685
8755537,2018,2018-12-28,1900,2018-11-15,1238,476816,1335,4,5,5,1908,0,0,0,NA,0,130T,CEDAR ST,DOWNEY AV,479,E,N,A,-,N,NA,NA,NA,NA,NA,NA,NA,NA,NA,Y,4,0,1,2,C,-,18,NA,NA,N,C,C,A,A,H,-,A,A,0,NA,NA,NA,NA,Y,NA,-,-,0,0,1,0,0,0,0,0,0,-,-,NA,NA,LOS ANGELES,BELLFLOWER,-118.15022277832033,33.870670318603516
8755553,2018,2018-12-28,1900,2018-12-02,1600,602250,1320,7,5,5,1935,0,0,0,NA,0,132T1,DOWNEY AV,SOUTH ST,0,NA,Y,A,-,N,NA,NA,NA,NA,NA,NA,NA,NA,NA,N,4,0,2,3,A,-,03,22350,NA,N,C,C,A,A,H,-,A,B,0,NA,NA,NA,NA,Y,NA,D,22,0,0,2,0,0,0,0,0,0,-,-,33.86022186279297,-118.15117645263672,LOS ANGELES,LAKEWOOD,-118.15117645263672,33.86022186279297
8755561,2018,2019-01-22,1900,2018-12-04,1710,532457,1328,2,5,5,1935,0,0,0,NA,0,132T2P,BLOOMFIELD AV,215TH ST,35,N,N,A,-,N,NA,NA,NA,NA,NA,NA,NA,NA,NA,N,4,0,1,3,A,-,03,22350,NA,N,C,C,A,A,H,-,C,A,0,NA,NA,NA,Y,Y,NA,F,55,0,0,1,0,0,0,0,0,0,-,-,33.83388900756836,-118.0634536743164,LOS ANGELES,LAKEWOOD,-118.06343841552734,33.833797454833984
8755622,2018,2019-01-19,1909,2018-11-21,1904,498,1909,3,5,4,1909,0,0,0,NA,0,SOUTH,EASTERN AV,LIVE OAK ST,0,NA,Y,A,-,N,NA,NA,NA,NA,NA,NA,NA,NA,NA,Y,4,0,3,2,A,-,09,21801,A,N,D,C,A,A,H,-,C,A,0,NA,NA,NA,NA,Y,NA,A,01,0,0,3,0,0,0,0,0,0,-,-,NA,NA,LOS ANGELES,BELL GARDENS,-118.16512298583984,33.96575927734375
8755626,2018,2019-02-01,1909,2018-11-28,1139,583,1909,3,5,4,1909,0,0,0,NA,0,SOUTH,IRA AV,CLARA ST,0,NA,Y,A,-,N,NA,NA,NA,NA,NA,NA,NA,NA,NA,Y,4,0,1,2,A,-,12,22450,A,N,D,C,A,A,H,-,A,D,0,NA,NA,NA,NA,Y,NA,A,01,0,0,1,0,0,0,0,0,0,-,-,NA,NA,LOS ANGELES,BELL GARDENS,-118.15637969970705,33.96223831176758
8755630,2018,2019-01-19,1909,2018-11-20,1708,583,1909,2,5,4,1909,0,0,0,NA,0,SOUTH,FLORENCE AV,JABONERIA RD,4,W,N,A,-,N,NA,NA,NA,NA,NA,NA,NA,NA,NA,N,4,0,1,2,A,-,11,21456,B,N,G,B,B,A,H,-,C,D,0,Y,NA,NA,NA,Y,NA,N,60,0,0,1,0,1,0,0,0,0,-,-,NA,NA,LOS ANGELES,BELL GARDENS,-118.15779113769533,33.96708297729492
8755634,2018,2019-01-19,1942,2018-11-28,0235,39292,0525,3,5,7,1942,0,0,0,E,0,5A25,C ST,ISLAND AV,8,E,N,A,-,N,NA,NA,NA,NA,NA,NA,NA,NA,NA,Y,2,0,2,1,A,-,01,23152,A,N,E,I,A,A,H,-,C,D,0,NA,NA,NA,NA,Y,Y,A,01,1,1,0,0,0,0,0,0,0,-,-,NA,NA,LOS ANGELES,LOS ANGELES,-118.26578521728516,33.77251052856445