CASE_ID,ACCIDENT_YEAR,PROC_DATE,JURIS,COLLISION_DATE,COLLISION_TIME,OFFICER_ID,REPORTING_DISTRICT,DAY_OF_WEEK,CHP_SHIFT,POPULATION,CNTY_CITY_LOC,SPECIAL_COND,BEAT_TYPE,CHP_BEAT_TYPE,CITY_DIVISION_LAPD,CHP_BEAT_CLASS,BEAT_NUMBER,PRIMARY_RD,SECONDARY_RD,DISTANCE,DIRECTION,INTERSECTION,WEATHER_1,WEATHER_2,STATE_HWY_IND,CALTRANS_COUNTY,CALTRANS_DISTRICT,STATE_ROUTE,ROUTE_SUFFIX,POSTMILE_PREFIX,POSTMILE,LOCATION_TYPE,RAMP_INTERSECTION,SIDE_OF_HWY,TOW_AWAY,COLLISION_SEVERITY,NUMBER_KILLED,NUMBER_INJURED,PARTY_COUNT,PRIMARY_COLL_FACTOR,PCF_CODE_OF_VIOL,PCF_VIOL_CATEGORY,PCF_VIOLATION,PCF_VIOL_SUBSECTION,HIT_AND_RUN,TYPE_OF_COLLISION,MVIW,PED_ACTION,ROAD_SURFACE,ROAD_COND_1,ROAD_COND_2,LIGHTING,CONTROL_DEVICE,CHP_ROAD_TYPE,PEDESTRIAN_ACCIDENT,BICYCLE_ACCIDENT,MOTORCYCLE_ACCIDENT,TRUCK_ACCIDENT,NOT_PRIVATE_PROPERTY,ALCOHOL_INVOLVED,STWD_VEHTYPE_AT_FAULT,CHP_VEHTYPE_AT_FAULT,COUNT_SEVERE_INJ,COUNT_VISIBLE_INJ,COUNT_COMPLAINT_PAIN,COUNT_PED_KILLED,COUNT_PED_INJURED,COUNT_BICYCLIST_KILLED,COUNT_BICYCLIST_INJURED,COUNT_MC_KILLED,COUNT_MC_INJURED,PRIMARY_RAMP,SECONDARY_RAMP,LATITUDE,LONGITUDE,COUNTY,CITY,POINT_X,POINT_Y
8755638,2018,2019-01-19,1942,2018-11-28,1355,41870,0507,3,5,7,1942,0,0,0,E,0,5A1,S WESTERN AV,W 223RD ST,0,NA,Y,A,-,N,NA,NA,NA,NA,NA,NA,NA,NA,NA,Y,4,0,3,2,A,-,09,21801,A,N,D,C,A,A,H,-,A,A,0,NA,NA,NA,NA,Y,NA,A,01,0,0,3,0,0,0,0,0,0,-,-,NA,NA,LOS ANGELES,LOS ANGELES,-118.3089599609375,33.824459075927734
8755650,2018,2019-01-19,1900,2018-11-30,1733,550490,1122,5,5,6,1992,0,0,0,NA,0,111T2,MILLING ST,CEDAR AV,0,NA,Y,A,-,N,NA,NA,NA,NA,NA,NA,NA,NA,NA,N,4,0,1,2,A,-,05,21650,1,N,D,G,A,A,H,-,C,A,0,NA,Y,NA,NA,Y,NA,L,04,0,0,1,0,0,0,1,0,0,-,-,NA,NA,LOS ANGELES,LANCASTER,-118.13922882080078,34.696258544921875
8755654,2018,2019-01-19,1900,2018-11-28,1315,550490,1137,3,5,6,1992,0,0,0,NA,0,111T2,30TH ST EAST,AVENUE J-4,500,N,N,A,-,N,NA,NA,NA,NA,NA,NA,NA,NA,NA,Y,4,0,8,4,A,-,03,22350,NA,N,C,C,A,A,H,-,A,A,0,NA,NA,NA,NA,Y,NA,A,07,0,0,8,0,0,0,0,0,0,-,-,NA,NA,LOS ANGELES,LANCASTER,-118.18376159667967,34.68605041503906
8755695,2018,2019-02-04,1941,2018-12-05,1201,6057,NA,3,5,7,1941,0,0,0,NA,0,NA,PACIFIC COAST HWY,HARBOR,0,NA,Y,A,-,N,NA,NA,NA,NA,NA,NA,NA,NA,NA,N,4,0,1,2,A,-,12,21453,A,N,-,C,A,A,H,-,C,A,0,NA,NA,NA,NA,Y,NA,A,NA,0,0,1,0,0,0,0,0,0,-,-,NA,NA,LOS ANGELES,LONG BEACH,-118.21053314208984,33.789859771728516
8755749,2018,2018-12-26,1900,2018-11-26,1420,532457,1321,1,5,5,1935,0,0,0,NA,0,132TP,BELLFLOWER BL,SOUTH ST,222,S,N,A,-,N,NA,NA,NA,NA,NA,NA,NA,NA,NA,Y,3,0,1,2,A,-,09,21804,A,N,D,C,A,A,H,-,A,A,0,NA,NA,NA,NA,Y,NA,A,01,0,1,0,0,0,0,0,0,0,-,-,33.859588623046875,-118.12518310546876,LOS ANGELES,LAKEWOOD,-118.12516784667967,33.85972213745117
8755753,2018,2018-12-26,1900,2018-11-23,1330,624371,1332,5,5,5,1908,0,0,0,NA,0,133T2,BELLFLOWER BL,SOMERSET BL,25,S,N,A,-,N,NA,NA,NA,NA,NA,NA,NA,NA,NA,N,3,0,1,2,A,-,04,21703,NA,N,C,C,A,A,H,-,A,A,0,NA,NA,NA,NA,Y,NA,A,07,0,1,0,0,0,0,0,0,0,-,-,33.896541595458984,-118.12532043457033,LOS ANGELES,BELLFLOWER,-118.12532806396484,33.896522521972656
8755757,2018,2018-12-26,1900,2018-11-20,1653,610427,1365,2,5,5,1952,0,0,0,NA,0,136T2,CASTANA AV,ROSECRANS AV,0,NA,Y,A,-,N,NA,NA,NA,NA,NA,NA,NA,NA,NA,Y,4,0,2,2,A,-,09,21802,A,N,B,C,A,A,H,-,D,D,0,NA,NA,NA,NA,Y,NA,A,01,0,0,2,0,0,0,0,0,0,-,-,NA,NA,LOS ANGELES,PARAMOUNT,-118.14689636230467,33.90391159057617
8755765,2018,2019-01-30,1941,2018-12-10,1718,11132,NA,1,5,7,1941,0,0,0,NA,0,NA,PACIFIC COAST HWY,RT 710,0,NA,Y,A,-,Y,LA,7,1,-,-,7.19,H,-,N,Y,3,0,1,2,A,-,03,22350,NA,N,C,C,A,A,H,-,C,A,0,NA,NA,NA,NA,Y,Y,A,NA,0,1,0,0,0,0,0,0,0,-,-,NA,NA,LOS ANGELES,LONG BEACH,-118.2060775756836,33.79018783569336
8755769,2018,2018-12-27,1941,2018-12-05,1708,11252,NA,3,5,7,1941,0,0,0,NA,0,NA,SOUTH ST,BRAYTON AV,0,NA,Y,C,-,N,NA,NA,NA,NA,NA,NA,NA,NA,NA,N,4,0,1,2,A,-,05,21650,NA,N,G,G,A,B,H,-,C,D,0,NA,Y,NA,NA,Y,NA,L,NA,0,0,1,0,0,0,1,0,0,-,-,NA,NA,LOS ANGELES,LONG BEACH,-118.17633056640624,33.8601188659668
8755771,2018,2019-01-03,1900,2018-11-19,2130,526057,1349,1,5,3,1903,0,0,0,NA,0,134A,SOUTH ST,JERSEY AV,50,W,N,B,-,N,NA,NA,NA,NA,NA,NA,NA,NA,NA,N,4,0,1,2,D,-,00,NA,NA,N,D,G,A,B,H,-,C,D,0,NA,Y,NA,NA,Y,NA,-,-,0,0,1,0,0,0,1,0,0,-,-,NA,NA,LOS ANGELES,ARTESIA,-118.08610534667967,33.8584098815918
8755773,2018,2018-12-27,1941,2018-12-02,1728,11010,NA,7,5,7,1941,0,0,0,NA,0,NA,ATLANTIC AV,52ND ST,0,NA,Y,A,-,N,NA,NA,NA,NA,NA,NA,NA,NA,NA,N,4,0,1,2,A,-,11,21456,B,N,D,B,B,A,-,-,C,A,0,Y,NA,NA,NA,Y,NA,A,NA,0,0,1,0,1,0,0,0,0,-,-,NA,NA,LOS ANGELES,LONG BEACH,-118.18496704101564,33.85049057006836
8755777,2018,2018-12-27,1941,2018-12-03,1353,5968,NA,1,5,7,1941,0,0,0,NA,0,NA,LONG BEACH BL,5TH ST,0,NA,Y,A,-,N,NA,NA,NA,NA,NA,NA,NA,NA,NA,N,4,0,1,2,A,-,09,21802,A,N,D,C,A,A,H,-,A,D,0,NA,NA,NA,NA,Y,NA,A,NA,0,0,1,0,0,0,0,0,0,-,-,NA,NA,LOS ANGELES,LONG BEACH,-118.18946075439452,33.77267837524414
8755781,2018,2019-01-31,1941,2018-12-05,0813,11244,NA,3,5,7,1941,0,0,0,NA,0,NA,2ND ST,POMONA AV,96,E,N,C,-,N,NA,NA,NA,NA,NA,NA,NA,NA,NA,N,4,0,1,2,D,-,00,NA,NA,N,G,B,E,B,H,-,A,D,0,Y,NA,NA,NA,Y,NA,-,-,0,0,1,0,1,0,0,0,0,-,-,NA,NA,LOS ANGELES,LONG BEACH,-118.13180541992188,33.7589111328125
8755785,2018,2018-12-27,1941,2018-12-05,1353,6117,NA,3,5,7,1941,0,0,0,NA,0,NA,MARKET ST,ORANGE AV,251,E,N,B,-,N,NA,NA,NA,NA,NA,NA,NA,NA,NA,Y,4,0,2,2,A,-,03,22350,NA,N,C,C,A,A,H,-,A,D,0,NA,NA,NA,NA,Y,NA,A,NA,0,0,2,0,0,0,0,0,0,-,-,NA,NA,LOS ANGELES,LONG BEACH,-118.17643737792967,33.8543701171875
8755789,2018,2018-12-27,1941,2018-12-05,2305,3319,NA,3,5,7,1941,0,0,0,NA,0,NA,BELLFLOWER BL,ANAHEIM RD,460,S,N,C,-,N,NA,NA,NA,NA,NA,NA,NA,NA,NA,Y,4,0,1,5,A,-,22,23123,A,N,C,C,A,B,H,-,C,D,0,NA,NA,NA,NA,Y,NA,A,NA,0,0,1,0,0,0,0,0,0,-,-,NA,NA,LOS ANGELES,LONG BEACH,-118.1222915649414,33.7781982421875
8755793,2018,2018-12-27,1941,2018-12-06,1730,5854,NA,4,5,7,1941,0,0,0,NA,0,NA,MAGNOLIA,11TH ST,80,S,N,B,-,N,NA,NA,NA,NA,NA,NA,NA,NA,NA,Y,4,0,2,4,A,-,03,22350,NA,N,C,C,A,A,H,-,C,D,0,NA,NA,NA,NA,Y,NA,A,NA,0,0,2,0,0,0,0,0,0,-,-,NA,NA,LOS ANGELES,LONG BEACH,-118.19803619384766,33.779991149902344
8755797,2018,2019-01-15,1941,2018-12-06,1828,11154,NA,4,5,7,1941,0,0,0,NA,0,NA,7TH ST,ATLANTIC AV,0,NA,Y,A,-,N,NA,NA,NA,NA,NA,NA,NA,NA,NA,N,3,0,1,2,A,-,-,NA,NA,N,G,G,A,B,H,-,B,A,0,NA,Y,NA,NA,Y,NA,L,NA,0,1,0,0,0,0,1,0,0,-,-,NA,NA,LOS ANGELES,LONG BEACH,-118.18505096435548,33.77534103393555
8755801,2018,2018-12-27,1900,2018-12-02,1713,606644,1321,7,5,5,1935,0,0,0,NA,0,132T1,CLARK AV,DEL AMO BL,8,W,N,A,-,N,NA,NA,NA,NA,NA,NA,NA,NA,NA,Y,4,0,2,2,A,-,09,21801,A,N,A,C,A,A,H,-,B,A,0,NA,NA,NA,NA,Y,NA,A,07,0,0,2,0,0,0,0,0,0,-,-,33.84700012207031,-118.13300323486328,LOS ANGELES,LAKEWOOD,-118.13379669189452,33.84714126586914
8755805,2018,2018-12-27,1900,2018-12-02,2339,274533,1364,7,5,5,1952,0,0,0,NA,0,133T1,SOMERSET BL,GARFIELD AV,0,NA,Y,A,-,N,NA,NA,NA,NA,NA,NA,NA,NA,NA,Y,3,0,2,1,A,-,01,23152,A,N,E,I,A,A,H,-,C,A,0,NA,NA,NA,NA,Y,Y,A,07,0,1,1,0,0,0,0,0,0,-,-,NA,NA,LOS ANGELES,PARAMOUNT,-118.16883850097656,33.89643096923828
8755809,2018,2019-01-17,1900,2018-12-02,1530,600904,1335,7,5,5,1908,0,0,0,NA,0,133A,CLARK AV,CEDAR ST,0,NA,Y,A,-,N,NA,NA,NA,NA,NA,NA,NA,NA,NA,Y,3,0,1,2,A,-,09,21801,A,N,-,C,A,A,H,-,A,-,0,NA,NA,NA,NA,Y,NA,A,01,0,1,0,0,0,0,0,0,0,-,-,NA,NA,LOS ANGELES,BELLFLOWER,-118.13388824462892,33.87113952636719
8755813,2018,2018-12-27,1900,2018-12-04,1624,625459,1365,2,5,5,1952,0,0,0,NA,0,136T1,ROSECRANS AV,ORIZABA AV,116,W,N,A,-,N,NA,NA,NA,NA,NA,NA,NA,NA,NA,N,4,0,1,2,A,-,05,21650,NA,N,D,G,A,A,H,-,A,D,0,NA,Y,NA,NA,Y,NA,L,04,0,0,1,0,0,0,1,0,0,-,-,NA,NA,LOS ANGELES,PARAMOUNT,-118.15834045410156,33.903751373291016
8755817,2018,2018-12-27,1900,2018-12-02,1805,622641,1334,7,5,5,1908,0,0,0,NA,0,133T1,LAKEWOOD BL,ALONDRA,285,S,N,A,-,N,NA,NA,19,NA,NA,NA,NA,NA,NA,N,3,0,2,2,A,-,09,21804,A,N,D,C,A,A,H,-,C,D,0,NA,NA,NA,NA,Y,NA,A,01,0,2,0,0,0,0,0,0,0,-,-,33.88840103149414,-118.1427001953125,LOS ANGELES,BELLFLOWER,-118.1427764892578,33.88840103149414
8755821,2018,2018-12-27,1900,2018-12-07,1805,606644,1322,5,5,5,1935,0,0,0,NA,0,132T1,WOODRUFF AV,ALLINGTON ST,0,NA,Y,A,-,N,NA,NA,NA,NA,NA,NA,NA,NA,NA,Y,4,0,2,2,A,-,09,21801,A,N,A,C,A,A,H,-,C,A,0,NA,NA,NA,NA,Y,NA,A,01,0,0,2,0,0,0,0,0,0,-,-,NA,NA,LOS ANGELES,LAKEWOOD,-118.1171875,33.86555099487305
8755825,2018,2018-12-27,1900,2018-12-01,1740,609278,1335,6,5,5,1908,0,0,0,NA,0,133T2,CLARK AV,RAMONA ST,0,NA,Y,A,-,N,NA,NA,NA,NA,NA,NA,NA,NA,NA,Y,4,0,1,2,A,-,09,21802,A,N,B,C,A,A,H,-,C,D,0,NA,NA,NA,NA,Y,NA,A,01,0,0,1,0,0,0,0,0,0,-,-,NA,NA,LOS ANGELES,BELLFLOWER,-118.13388061523438,33.87295913696289
8755844,2018,2018-12-26,1900,2018-11-16,0458,629543,1333,5,5,5,1908,0,0,0,NA,0,133F,ALONDRA BL,MCNAB AV,144,E,N,A,-,N,NA,NA,NA,NA,NA,NA,NA,NA,NA,Y,4,0,1,2,A,-,05,21651,B,N,A,C,A,A,H,-,C,A,0,NA,NA,NA,NA,Y,NA,A,01,0,0,1,0,0,0,0,0,0,-,-,NA,NA,LOS ANGELES,BELLFLOWER,-118.11258697509766,33.888214111328125
8755848,2018,2018-12-26,1900,2018-11-02,1114,629543,1365,5,5,5,1952,0,0,0,NA,0,133T2,SOMERSET BL,LAKEWOOD BL,943,W,N,A,-,N,NA,NA,NA,NA,NA,NA,NA,NA,NA,Y,4,0,1,2,A,-,04,21703,NA,N,C,C,A,A,H,-,A,D,0,NA,NA,NA,NA,Y,NA,A,01,0,0,1,0,0,0,0,0,0,-,-,NA,NA,LOS ANGELES,PARAMOUNT,-118.14589691162108,33.89643096923828
8755852,2018,2018-12-26,1900,2018-11-27,0710,540343,1351,2,5,3,1927,0,0,0,NA,0,135A,NORWALK BL,CARSON ST,0,NA,Y,A,-,N,NA,NA,NA,NA,NA,NA,NA,NA,NA,N,4,0,1,2,A,-,10,21950,A,N,G,B,B,A,H,-,A,B,0,Y,NA,NA,NA,Y,NA,A,01,0,0,1,0,1,0,0,0,0,-,-,NA,NA,LOS ANGELES,HAWAIIAN GARDENS,-118.07208251953124,33.8314208984375
8755856,2018,2018-12-26,1900,2018-11-26,0850,524043,1335,1,5,5,1908,0,0,0,NA,0,133T1,ARTESIA BL,DOWNEY AV,240,E,N,A,-,N,NA,NA,NA,NA,NA,NA,NA,NA,NA,Y,4,0,1,2,A,-,09,21804,A,N,D,C,A,A,H,-,A,D,0,NA,NA,NA,NA,Y,NA,A,07,0,0,1,0,0,0,0,0,0,-,-,NA,NA,LOS ANGELES,BELLFLOWER,-118.15049743652344,33.874778747558594
8755860,2018,2018-12-26,1900,2018-11-27,1155,526288,1334,2,5,5,1908,0,0,0,NA,0,133T2,WOODRUFF AV,FLORA VISTA ST,0,NA,Y,B,-,N,NA,NA,NA,NA,NA,NA,NA,NA,NA,Y,3,0,2,2,A,-,12,21453,A,N,D,D,A,A,H,-,A,A,0,NA,NA,NA,NA,Y,NA,A,01,0,2,0,0,0,0,0,0,0,-,-,NA,NA,LOS ANGELES,BELLFLOWER,-118.1173095703125,33.88188934326172
8755864,2018,2018-12-26,1900,2018-11-17,1500,606987,1362,6,5,5,1952,0,0,0,NA,0,136E,SOMERSET RANCH RD SOUTH,MERKEL AV,25,W,N,A,-,N,NA,NA,NA,NA,NA,NA,NA,NA,NA,Y,3,0,2,2,A,-,03,22350,NA,N,C,C,A,A,H,-,A,A,0,NA,NA,NA,NA,Y,NA,A,01,0,2,0,0,0,0,0,0,0,-,-,33.53261947631836,-118.09446716308594,LOS ANGELES,PARAMOUNT,-118.15533447265624,33.911720275878906
8755868,2018,2018-12-26,1900,2018-11-06,1401,476846,1349,2,5,3,1903,0,0,0,NA,0,134,SOUTH ST,CLARKDALE AV,200,E,N,A,-,N,NA,NA,NA,NA,NA,NA,NA,NA,NA,N,4,0,1,2,A,-,09,21804,A,N,D,C,A,A,H,-,A,D,0,NA,NA,NA,NA,Y,NA,A,01,0,0,1,0,0,0,0,0,0,-,-,NA,NA,LOS ANGELES,ARTESIA,-118.07797241210938,33.85844039916992
8755872,2018,2018-12-26,1900,2018-11-21,2030,620747,1332,3,5,5,1908,0,0,0,NA,0,133T1,SOMERSET BL,TOUCHWOOD AV,87,W,N,A,-,N,NA,NA,NA,NA,NA,NA,NA,NA,NA,Y,3,0,1,2,A,-,21,22106,NA,N,D,D,A,A,H,-,C,D,0,NA,NA,NA,NA,Y,NA,A,01,0,1,0,0,0,0,0,0,0,-,-,NA,NA,LOS ANGELES,BELLFLOWER,-118.13851928710938,33.89653396606445
8755876,2018,2018-12-26,1900,2018-11-17,1605,606644,1324,6,5,5,1935,0,0,0,NA,0,132T1,PALO VERDE AV,HARVEY WY,110,N,N,A,-,N,NA,NA,NA,NA,NA,NA,NA,NA,NA,Y,4,0,2,2,A,-,21,22106,NA,N,B,C,A,A,H,-,A,D,0,NA,NA,NA,NA,Y,NA,A,07,0,0,2,0,0,0,0,0,0,-,-,NA,NA,LOS ANGELES,LAKEWOOD,-118.10774993896484,33.836299896240234
8755880,2018,2018-12-26,1900,2018-11-24,1636,606644,B22,6,5,5,1935,0,0,0,NA,0,B2T1,BELLFLOWER BL,SOUTH ST,65,N,N,A,-,N,NA,NA,NA,NA,NA,NA,NA,NA,NA,Y,3,0,4,2,A,-,09,21804,A,N,C,C,A,A,H,-,A,D,0,NA,NA,NA,NA,Y,NA,A,01,0,2,2,0,0,0,0,0,0,-,-,NA,NA,LOS ANGELES,LAKEWOOD,-118.12516021728516,33.86050796508789
8755884,2018,2018-12-26,1900,2018-11-13,1300,619491,1349,2,5,3,1903,0,0,0,NA,0,134A,PIONEER BL,ARTESIA BL,100,N,N,A,-,N,NA,NA,NA,NA,NA,NA,NA,NA,NA,Y,4,0,1,7,A,-,07,21658,A,N,B,C,A,A,H,-,A,A,0,NA,NA,NA,NA,Y,NA,A,01,0,0,1,0,0,0,0,0,0,-,-,NA,NA,LOS ANGELES,ARTESIA,-118.08233642578124,33.873382568359375
8755888,2018,2018-12-26,1900,2018-11-21,1705,606644,1328,3,5,5,1935,0,0,0,NA,0,132T1,DEL AMO BL,BLOOMFIELD AV,50,E,N,A,-,N,NA,NA,NA,NA,NA,NA,NA,NA,NA,N,4,0,4,2,A,-,09,21801,A,N,D,C,A,A,H,-,C,D,0,NA,NA,NA,NA,Y,NA,A,NA,0,0,4,0,0,0,0,0,0,-,-,NA,NA,LOS ANGELES,LAKEWOOD,-118.06340026855467,33.846168518066406
8755892,2018,2019-01-15,1900,2018-11-14,0937,622641,1328,3,5,5,1935,0,0,0,NA,0,132F,PIONEER BL,215TH ST,0,NA,Y,A,-,N,NA,NA,NA,NA,NA,NA,NA,NA,NA,N,4,0,1,2,A,-,09,21801,A,N,-,C,A,A,H,-,A,A,0,NA,NA,NA,NA,Y,NA,A,07,0,0,1,0,0,0,0,0,0,-,-,33.83399963378906,-118.08180236816406,LOS ANGELES,LAKEWOOD,-118.08193206787108,33.83414840698242
8755893,2018,2019-02-22,1942,2018-12-14,2330,34561,1011,5,5,7,1942,0,0,0,J,0,10A3,TAMPA AV,SATICOY ST,35,N,N,A,-,N,NA,NA,NA,NA,NA,NA,NA,NA,NA,Y,2,0,2,2,A,-,01,23152,A,N,C,C,A,A,H,-,C,A,0,NA,NA,NA,NA,Y,Y,D,22,1,0,1,0,0,0,0,0,0,-,-,NA,NA,LOS ANGELES,LOS ANGELES,-118.5535125732422,34.20845413208008
8755896,2018,2018-12-26,1900,2018-11-08,2220,621507,1351,4,5,3,1927,0,0,0,NA,0,135A,CARSON ST,JUAN AV,100,E,N,A,G,N,NA,NA,NA,NA,NA,NA,NA,NA,NA,N,4,0,1,2,A,-,12,21453,A,N,B,C,A,A,H,-,C,A,0,NA,NA,NA,NA,Y,NA,A,07,0,0,1,0,0,0,0,0,0,-,-,33.83116149902344,-118.07494354248048,LOS ANGELES,HAWAIIAN GARDENS,-118.07527160644533,33.8315315246582
8755897,2018,2019-01-07,1942,2018-11-16,1040,40065,1549,5,5,7,1942,0,0,0,O,0,15A39,BURBANK BL,VINELAND AV,33,E,N,A,-,N,NA,NA,NA,NA,NA,NA,NA,NA,NA,N,4,0,2,2,A,-,09,21801,A,N,D,C,A,A,H,-,A,A,0,NA,NA,NA,NA,Y,NA,A,01,0,0,2,0,0,0,0,0,0,-,-,NA,NA,LOS ANGELES,LOS ANGELES,-118.37019348144533,34.17216110229492
8755900,2018,2018-12-26,1900,2018-11-13,1854,628749,1332,2,5,5,1908,0,0,0,NA,0,133,SOMERSET BL,TOUCHWOOD AV,155,W,N,A,-,N,NA,NA,NA,NA,NA,NA,NA,NA,NA,N,4,0,1,3,A,-,09,21801,A,N,-,C,A,A,-,-,C,D,0,NA,NA,NA,NA,Y,NA,A,01,0,0,1,0,0,0,0,0,0,-,-,NA,NA,LOS ANGELES,BELLFLOWER,-118.13874053955078,33.89653015136719
8755901,2018,2019-01-07,1942,2018-11-21,1200,41514,1505,3,5,7,1942,0,0,0,O,0,15A3,SHERMAN WY,FARMDALE AV,100,W,N,A,-,N,NA,NA,NA,NA,NA,NA,NA,NA,NA,N,3,0,1,2,A,-,08,22107,NA,N,D,C,A,A,H,-,A,D,0,NA,NA,NA,NA,Y,NA,A,01,0,1,0,0,0,0,0,0,0,-,-,NA,NA,LOS ANGELES,LOS ANGELES,-118.38155364990234,34.20119094848633
8755904,2018,2018-12-26,1900,2018-11-02,2220,625459,1364,5,5,5,1952,0,0,0,NA,0,136T1,GARFIELD AV,ALONDRA BL,44,S,N,A,-,N,NA,NA,NA,NA,NA,NA,NA,NA,NA,N,4,0,1,2,A,-,03,22350,NA,M,C,C,A,A,H,-,C,A,0,NA,NA,NA,NA,Y,NA,A,01,0,0,1,0,0,0,0,0,0,-,-,NA,NA,LOS ANGELES,PARAMOUNT,-118.16879272460938,33.88908767700195
8755905,2018,2019-01-07,1942,2018-11-24,1305,39192,1513,6,5,7,1942,0,0,0,O,0,15A21,SHERMAN WAY,WHITSETT AV,300,W,N,A,-,N,NA,NA,NA,NA,NA,NA,NA,NA,NA,Y,4,0,2,4,A,-,07,21658,A,N,B,C,A,A,H,-,A,D,0,NA,NA,NA,NA,Y,NA,D,22,0,0,2,0,0,0,0,0,0,-,-,NA,NA,LOS ANGELES,LOS ANGELES,-118.40618133544922,34.20120620727539
8755908,2018,2018-12-26,1900,2018-11-18,1940,623044,1368,7,5,5,1952,0,0,0,NA,0,136,PARAMOUNT BL,SOMERSET BL,100,S,N,A,-,N,NA,NA,NA,NA,NA,NA,NA,NA,NA,N,3,0,1,2,A,-,04,21703,NA,M,C,C,A,A,H,-,C,A,0,NA,NA,NA,NA,Y,NA,A,01,0,1,0,0,0,0,0,0,0,-,-,33.89619827270508,-118.16000366210938,LOS ANGELES,PARAMOUNT,-118.1602020263672,33.89620590209961
8755909,2018,2019-01-07,1942,2018-11-21,1210,34599,1548,3,5,7,1942,0,0,0,O,0,15A39,LANKERSHIM BL,MAGNOLIA BL,0,NA,Y,A,-,N,NA,NA,NA,NA,NA,NA,NA,NA,NA,N,4,0,2,3,A,-,12,21453,A,N,D,C,A,A,H,-,A,A,0,NA,NA,NA,Y,Y,NA,A,07,0,0,2,0,0,0,0,0,0,-,-,NA,NA,LOS ANGELES,LOS ANGELES,-118.37464904785156,34.16490173339844
8755912,2018,2018-12-26,1900,2018-11-13,1600,476816,1329,2,5,5,1935,0,0,0,NA,0,132T1,ANDLEWOOD ST,GRAYWOOD AV,451,E,N,A,-,N,NA,NA,NA,NA,NA,NA,NA,NA,NA,N,4,0,1,2,A,-,09,21801,A,N,A,C,A,A,H,-,A,A,0,NA,NA,NA,NA,Y,NA,A,NA,0,0,1,0,0,0,0,0,0,-,-,NA,NA,LOS ANGELES,LAKEWOOD,-118.13955688476564,33.85381317138672
8755913,2018,2019-01-07,1942,2018-11-21,0750,40065,1539,3,5,7,1942,0,0,0,O,0,15A39,OXNARD ST,RIVERTON AV,15,W,N,A,-,N,NA,NA,NA,NA,NA,NA,NA,NA,NA,N,4,0,2,2,A,-,09,21802,A,N,D,C,A,A,H,-,A,A,0,NA,NA,NA,NA,Y,NA,A,01,0,0,2,0,0,0,0,0,0,-,-,NA,NA,LOS ANGELES,LOS ANGELES,-118.36602783203124,34.17942810058594
8755916,2018,2018-12-26,1900,2018-11-16,0307,274533,1334,5,5,5,1908,0,0,0,NA,0,13377,CLARK AV,FLOWER ST,0,NA,Y,A,-,N,NA,NA,NA,NA,NA,NA,NA,NA,NA,Y,3,0,1,1,A,-,01,23152,A,N,E,I,A,A,H,-,C,D,0,NA,NA,NA,NA,Y,Y,A,07,0,1,0,0,0,0,0,0,0,-,-,NA,NA,LOS ANGELES,BELLFLOWER,-118.13395690917967,33.882049560546875
8755920,2018,2018-12-26,1900,2018-11-09,1652,630721,1361,5,5,5,1952,0,0,0,NA,0,136,GARFIELD AV,SOMERSET RANCH RD SOUTH,15,N,N,A,-,N,NA,NA,NA,NA,NA,NA,NA,NA,NA,N,4,0,1,2,A,-,08,22107,NA,N,B,C,A,A,H,-,C,A,0,NA,NA,NA,NA,Y,NA,A,07,0,0,1,0,0,0,0,0,0,-,-,33.91088104248047,-118.16885375976564,LOS ANGELES,PARAMOUNT,-118.16891479492188,33.91054153442383
8756003,2018,2019-01-02,1942,2018-11-11,1540,42469,0904,7,5,7,1942,0,0,0,I,0,9A5,WOODMAN PL,WOODMAN AV,0,NA,Y,A,-,N,NA,NA,NA,NA,NA,NA,NA,NA,NA,Y,3,0,2,3,A,-,10,21950,A,N,G,B,-,A,H,-,A,A,0,Y,NA,NA,NA,Y,NA,A,01,0,2,0,0,2,0,0,0,0,-,-,NA,NA,LOS ANGELES,LOS ANGELES,-118.43125915527344,34.20716094970703
8756004,2018,2019-01-19,1942,2018-11-01,1555,41514,0932,4,5,7,1942,0,0,0,I,0,9A23,HALBRENT AV,VICTORY BL,150,S,N,A,-,N,NA,NA,NA,NA,NA,NA,NA,NA,NA,N,4,0,2,3,A,-,09,21804,A,N,D,C,A,A,H,-,A,D,0,NA,NA,NA,NA,Y,NA,A,01,0,0,2,0,0,0,0,0,0,-,-,NA,NA,LOS ANGELES,LOS ANGELES,-118.46504974365234,34.18623733520508
8756007,2018,2019-01-02,1942,2018-11-09,0445,37304,0994,5,5,7,1942,0,0,0,I,0,9A89,BEVERLY RIDGE DR,BEVERLY GLEN BL,2130,N,N,A,-,N,NA,NA,NA,NA,NA,NA,NA,NA,NA,Y,4,0,2,2,A,-,03,22350,NA,N,B,E,A,A,H,-,C,D,0,NA,NA,NA,NA,Y,NA,A,01,0,0,2,0,0,0,0,0,0,-,-,NA,NA,LOS ANGELES,LOS ANGELES,-118.4467315673828,34.139705657958984
8756008,2018,2019-01-19,1942,2018-11-02,1630,35481,0994,5,5,7,1942,0,0,0,I,0,9A89,OAKFIELD DR,MILLBROOK DR,700,S,N,A,-,N,NA,NA,NA,NA,NA,NA,NA,NA,NA,N,4,0,1,2,A,-,10,21954,B,N,G,B,E,A,H,-,A,D,0,Y,NA,NA,NA,Y,NA,A,01,0,0,1,0,1,0,0,0,0,-,-,NA,NA,LOS ANGELES,LOS ANGELES,-118.44614410400392,34.14256286621094