CASE_ID,ACCIDENT_YEAR,PROC_DATE,JURIS,COLLISION_DATE,COLLISION_TIME,OFFICER_ID,REPORTING_DISTRICT,DAY_OF_WEEK,CHP_SHIFT,POPULATION,CNTY_CITY_LOC,SPECIAL_COND,BEAT_TYPE,CHP_BEAT_TYPE,CITY_DIVISION_LAPD,CHP_BEAT_CLASS,BEAT_NUMBER,PRIMARY_RD,SECONDARY_RD,DISTANCE,DIRECTION,INTERSECTION,WEATHER_1,WEATHER_2,STATE_HWY_IND,CALTRANS_COUNTY,CALTRANS_DISTRICT,STATE_ROUTE,ROUTE_SUFFIX,POSTMILE_PREFIX,POSTMILE,LOCATION_TYPE,RAMP_INTERSECTION,SIDE_OF_HWY,TOW_AWAY,COLLISION_SEVERITY,NUMBER_KILLED,NUMBER_INJURED,PARTY_COUNT,PRIMARY_COLL_FACTOR,PCF_CODE_OF_VIOL,PCF_VIOL_CATEGORY,PCF_VIOLATION,PCF_VIOL_SUBSECTION,HIT_AND_RUN,TYPE_OF_COLLISION,MVIW,PED_ACTION,ROAD_SURFACE,ROAD_COND_1,ROAD_COND_2,LIGHTING,CONTROL_DEVICE,CHP_ROAD_TYPE,PEDESTRIAN_ACCIDENT,BICYCLE_ACCIDENT,MOTORCYCLE_ACCIDENT,TRUCK_ACCIDENT,NOT_PRIVATE_PROPERTY,ALCOHOL_INVOLVED,STWD_VEHTYPE_AT_FAULT,CHP_VEHTYPE_AT_FAULT,COUNT_SEVERE_INJ,COUNT_VISIBLE_INJ,COUNT_COMPLAINT_PAIN,COUNT_PED_KILLED,COUNT_PED_INJURED,COUNT_BICYCLIST_KILLED,COUNT_BICYCLIST_INJURED,COUNT_MC_KILLED,COUNT_MC_INJURED,PRIMARY_RAMP,SECONDARY_RAMP,LATITUDE,LONGITUDE,COUNTY,CITY,POINT_X,POINT_Y
8756486,2018,2018-12-20,1931,2018-11-29,1846,5649,1931,4,5,5,1931,0,0,0,NA,0,001,MALABAR ST,57TH ST,0,NA,Y,B,C,N,NA,NA,NA,NA,NA,NA,NA,NA,NA,Y,4,0,1,2,A,-,09,21802,A,N,D,C,A,B,H,-,D,A,0,NA,NA,NA,NA,Y,NA,A,01,0,0,1,0,0,0,0,0,0,-,-,NA,NA,LOS ANGELES,HUNTINGTON PARK,-118.22783660888672,33.9910888671875
8756490,2018,2018-12-20,1931,2018-11-30,1228,5649,1931,5,5,5,1931,0,0,0,NA,0,001,PACIFIC BL,56TH ST,111,N,N,A,-,N,NA,NA,NA,NA,NA,NA,NA,NA,NA,N,4,0,2,2,A,-,09,21804,A,M,D,C,A,A,H,-,A,D,0,NA,NA,NA,NA,Y,NA,A,01,0,0,2,0,0,0,0,0,0,-,-,NA,NA,LOS ANGELES,HUNTINGTON PARK,-118.22524261474608,33.992313385009766
8756491,2018,2018-12-21,1976,2018-11-17,1832,429,NA,6,5,3,1964,0,0,0,NA,0,002,NORWALK BL,FLORENCE AV,10,N,N,A,-,N,NA,NA,NA,NA,NA,NA,NA,NA,NA,Y,3,0,1,2,D,-,00,NA,NA,N,G,B,B,A,H,-,C,A,0,Y,NA,NA,NA,Y,NA,-,-,0,1,0,0,1,0,0,0,0,-,-,NA,NA,LOS ANGELES,SANTA FE SPRINGS,-118.07272338867188,33.93537902832031
8756494,2018,2018-12-20,1942,2018-11-09,1700,42487,1027,5,5,7,1942,0,0,0,J,0,10X94,VANOWEN ST,BALBOA BL,12,W,N,A,-,N,NA,NA,NA,NA,NA,NA,NA,NA,NA,Y,4,0,2,3,A,-,09,21801,A,N,-,D,A,A,H,-,C,A,0,NA,NA,NA,NA,Y,NA,A,01,0,0,2,0,0,0,0,0,0,-,-,NA,NA,LOS ANGELES,LOS ANGELES,-118.50115966796876,34.19389724731445
8756495,2018,2018-12-21,1976,2018-11-25,0330,889,NA,7,5,3,1964,0,0,0,NA,0,NA,FLORENCE AV,FULTON WELLS AV,150,W,N,A,-,N,NA,NA,NA,NA,NA,NA,NA,NA,NA,Y,3,0,1,4,A,-,01,23152,A,N,E,I,A,A,H,-,C,D,0,NA,NA,NA,NA,Y,Y,A,01,0,1,0,0,0,0,0,0,0,-,-,NA,NA,LOS ANGELES,SANTA FE SPRINGS,-118.07672119140624,33.935340881347656
8756498,2018,2018-12-20,1942,2018-11-17,1750,41128,1764,6,5,7,1942,0,0,0,Q,0,17A74,TAMPA AV,PLUMMER ST,760,S,N,A,-,N,NA,NA,NA,NA,NA,NA,NA,NA,NA,N,4,0,1,2,A,-,07,21658,A,F,B,D,A,A,H,-,C,D,0,NA,NA,NA,NA,Y,NA,-,99,0,0,1,0,0,0,0,0,0,-,-,NA,NA,LOS ANGELES,LOS ANGELES,-118.55359649658205,34.24064636230469
8756502,2018,2018-12-20,1942,2018-11-26,0030,34264,1656,1,5,7,1942,0,0,0,P,0,16X58,SUNLAND BL,WYNGATE ST,60,W,N,A,-,N,NA,NA,NA,NA,NA,NA,NA,NA,NA,N,4,0,1,2,A,-,04,21703,NA,F,C,C,A,A,H,-,C,D,0,NA,NA,NA,NA,Y,NA,-,99,0,0,1,0,0,0,0,0,0,-,-,NA,NA,LOS ANGELES,LOS ANGELES,-118.32579803466795,34.259769439697266
8756506,2018,2018-12-20,1942,2018-11-24,0515,43161,1799,6,5,7,1942,0,0,0,Q,0,17A95,WOODLEY AV,ROSCOE BL,30,N,N,A,-,N,NA,NA,NA,NA,NA,NA,NA,NA,NA,Y,4,0,1,2,A,-,12,21453,A,F,H,D,A,A,H,-,C,A,0,NA,NA,NA,NA,Y,NA,-,NA,0,0,1,0,0,0,0,0,0,-,-,NA,NA,LOS ANGELES,LOS ANGELES,-118.48367309570313,34.2214241027832
8756510,2018,2018-12-20,1942,2018-11-30,0940,39814,NA,5,5,7,1942,0,0,0,NA,0,1954,SEPULVEDA BL,LEMARSH ST,15,S,N,A,-,N,NA,NA,NA,NA,NA,NA,NA,NA,NA,N,4,0,1,2,A,-,10,21950,A,F,G,B,B,A,H,-,A,D,0,Y,NA,NA,NA,Y,NA,-,99,0,0,1,0,1,0,0,0,0,-,-,NA,NA,LOS ANGELES,LOS ANGELES,-118.4674835205078,34.2553596496582
8756512,2018,2018-12-19,1942,2018-07-20,1845,43181,LOS A,5,5,7,1942,0,0,0,NA,0,6A66,HOLLYWOOD BL,POINSETTIA PL,0,NA,Y,A,-,N,NA,NA,NA,NA,NA,NA,NA,NA,NA,Y,3,0,2,2,D,-,00,NA,NA,N,C,C,A,A,H,-,-,D,0,NA,NA,NA,NA,Y,NA,-,-,0,1,1,0,0,0,0,0,0,-,-,NA,NA,LOS ANGELES,LOS ANGELES,-118.3478775024414,34.101619720458984
8756514,2018,2018-12-20,1942,2018-11-23,2340,42704,0649,5,5,7,1942,0,0,0,F,0,6A15,NORMANDIE AV,HOLLYWOOD BL,5,N,N,A,-,N,NA,NA,NA,NA,NA,NA,NA,NA,NA,N,4,0,2,3,A,-,10,21950,A,N,A,B,B,A,H,-,C,A,0,Y,NA,NA,NA,Y,NA,A,01,0,0,2,0,2,0,0,0,0,-,-,NA,NA,LOS ANGELES,LOS ANGELES,-118.3005599975586,34.10176467895508
8756518,2018,2019-01-11,1942,2018-11-17,1330,3860,1331,6,5,7,1942,0,0,0,M,0,13A13,HILL ST,ADAMS BL,27,S,N,A,-,N,NA,NA,NA,NA,NA,NA,NA,NA,NA,N,4,0,1,2,A,-,04,21703,NA,N,C,C,A,A,H,-,A,A,0,NA,NA,NA,NA,Y,NA,A,01,0,0,1,0,0,0,0,0,0,-,-,NA,NA,LOS ANGELES,LOS ANGELES,-118.27088165283205,34.0257568359375
8756522,2018,2018-12-20,1942,2018-11-09,2240,42515,1351,5,5,7,1942,0,0,0,M,0,13A63,MAIN ST,E 42ND ST,0,NA,Y,A,-,N,NA,NA,NA,NA,NA,NA,NA,NA,NA,Y,4,0,2,3,A,-,03,22350,NA,N,C,C,A,-,H,-,C,D,0,NA,NA,NA,NA,Y,NA,A,01,0,0,2,0,0,0,0,0,0,-,-,NA,NA,LOS ANGELES,LOS ANGELES,-118.27401733398438,34.00735855102539
8756526,2018,2018-12-20,1942,2018-11-03,1410,42478,1362,6,5,7,1942,0,0,0,M,0,1362,E 48TH ST,WALL ST,0,NA,Y,A,-,N,NA,NA,NA,NA,NA,NA,NA,NA,NA,N,3,0,1,2,A,-,12,22450,A,N,A,G,A,A,H,-,A,A,0,NA,Y,NA,NA,Y,NA,L,04,0,1,0,0,0,0,1,0,0,-,-,NA,NA,LOS ANGELES,LOS ANGELES,-118.27181243896484,33.99925994873047
8756530,2018,2018-12-20,1942,2018-11-21,2200,42137,0642,3,5,7,1942,0,0,0,F,0,6A31W3,SUNSET BL,FAIRFAX AV,10,W,N,B,-,N,NA,NA,NA,NA,NA,NA,NA,NA,NA,Y,4,0,1,2,A,-,09,21801,NA,N,A,C,A,A,H,-,C,A,0,NA,NA,NA,NA,Y,NA,A,01,0,0,1,0,0,0,0,0,0,-,-,NA,NA,LOS ANGELES,LOS ANGELES,-118.36157989501952,34.098060607910156
8756534,2018,2019-01-09,1942,2018-11-28,0555,42137,0668,3,5,7,1942,0,0,0,F,0,6XL69W,WESTERN AV,SANTA MONICA BL,10,S,N,A,-,N,NA,NA,NA,NA,NA,NA,NA,NA,NA,Y,4,0,1,2,A,-,09,21801,A,N,A,C,A,A,H,-,C,A,0,NA,NA,NA,NA,Y,NA,A,01,0,0,1,0,0,0,0,0,0,-,-,NA,NA,LOS ANGELES,LOS ANGELES,-118.30917358398438,34.09074401855469
8756542,2018,2018-12-20,1941,2018-11-22,2216,11270,NA,4,5,7,1941,0,0,0,NA,0,NA,JUNIPERO AV,5TH ST,0,NA,Y,A,-,N,NA,NA,NA,NA,NA,NA,NA,NA,NA,N,3,0,1,2,D,-,00,NA,NA,N,G,B,B,A,H,-,C,D,0,Y,NA,NA,NA,Y,Y,-,-,0,1,0,0,1,0,0,0,0,-,-,NA,NA,LOS ANGELES,LONG BEACH,-118.16413879394533,33.772640228271484
8756550,2018,2018-12-20,1941,2018-11-23,0933,11139,NA,5,5,7,1941,0,0,0,NA,0,NA,WARDLOW RD,LONG BEACH BL,0,NA,Y,A,-,N,NA,NA,NA,NA,NA,NA,NA,NA,NA,Y,4,0,1,2,A,-,12,21453,A,N,D,C,A,A,H,-,A,A,0,NA,NA,NA,NA,Y,NA,A,NA,0,0,1,0,0,0,0,0,0,-,-,NA,NA,LOS ANGELES,LONG BEACH,-118.18933868408205,33.818939208984375
8756563,2018,2018-12-10,1942,2018-11-05,1630,41595,0645,1,5,7,1942,0,0,0,F,0,6A46,DE LONGPRE AV,N SYCAMORE,0,NA,Y,A,-,N,NA,NA,NA,NA,NA,NA,NA,NA,NA,N,3,0,1,2,A,-,08,22107,NA,N,D,G,A,A,H,-,A,D,0,NA,Y,NA,NA,Y,NA,A,07,0,1,0,0,0,0,1,0,0,-,-,NA,NA,LOS ANGELES,LOS ANGELES,-118.34287261962892,34.09614944458008
8756567,2018,2018-12-10,1942,2018-11-05,0815,30702,0663,1,5,7,1942,0,0,0,F,0,6A63,SANTA MONICA BL,HIGHLAND AV,45,E,N,A,-,N,NA,NA,NA,NA,NA,NA,NA,NA,NA,Y,3,0,2,2,A,-,09,21804,A,N,D,C,A,B,H,-,A,D,0,NA,NA,NA,NA,Y,NA,A,01,0,1,1,0,0,0,0,0,0,-,-,NA,NA,LOS ANGELES,LOS ANGELES,-118.33845520019533,34.0906982421875
8756575,2018,2018-12-11,1965,2018-11-17,2340,3979,0B1F,6,5,5,1965,0,0,0,NA,0,B001,MAIN ST,HILL ST,186,S,N,A,-,N,NA,NA,NA,NA,NA,NA,NA,NA,NA,N,4,0,1,2,D,-,00,NA,NA,N,D,C,A,A,H,-,C,D,0,NA,NA,NA,NA,Y,NA,-,-,0,0,1,0,0,0,0,0,0,-,-,36.99076843261719,-121.0043487548828,LOS ANGELES,SANTA MONICA,-118.48218536376952,34.00059509277344
8756589,2018,2018-12-10,1941,2018-11-15,1709,11120,NA,4,5,7,1941,0,0,0,NA,0,NA,OCEANA CT,ELM AV,0,NA,Y,A,-,N,NA,NA,NA,NA,NA,NA,NA,NA,NA,N,4,0,1,2,A,-,10,21950,A,N,G,B,B,A,H,-,C,A,0,Y,NA,NA,NA,Y,NA,D,NA,0,0,1,0,1,0,0,0,0,-,-,NA,NA,LOS ANGELES,LONG BEACH,-118.18763732910156,33.76673126220703
8756590,2018,2018-12-10,1942,2018-10-28,2100,41292,9646,7,5,7,1942,0,0,0,NA,0,6A45,LAS PALMAS AV,LAS PALMAS 1642,0,NA,Y,A,-,N,NA,NA,NA,NA,NA,NA,NA,NA,NA,N,4,0,1,2,A,-,03,22350,NA,F,B,C,A,A,H,-,C,D,0,NA,NA,NA,NA,Y,Y,-,99,0,0,1,0,0,0,0,0,0,-,-,NA,NA,LOS ANGELES,LOS ANGELES,-118.336145,34.10099
8756591,2018,2018-12-11,1942,2018-10-25,1845,42442,1,4,5,7,1942,0,0,0,NA,0,10X88,VENTURA BL,WHITE OAK AV,0,NA,Y,A,-,N,NA,NA,NA,NA,NA,NA,NA,NA,NA,NA,4,0,1,3,A,-,12,21453,A,N,A,C,A,A,H,-,C,A,0,NA,NA,NA,NA,Y,NA,A,01,0,0,1,0,0,0,0,0,0,-,-,NA,NA,LOS ANGELES,LOS ANGELES,-118.51854705810548,34.162418365478516
8756594,2018,2018-12-10,1942,2018-10-23,2015,41780,0636,2,5,7,1942,0,0,0,F,0,0615,FRANKLIN,VINE,0,NA,Y,A,-,N,NA,NA,NA,NA,NA,NA,NA,NA,NA,N,2,0,1,2,A,-,11,21954,A,F,A,B,E,A,H,-,C,A,0,Y,NA,NA,NA,Y,NA,N,60,1,0,0,0,1,0,0,0,0,-,-,NA,NA,LOS ANGELES,LOS ANGELES,-118.32672119140624,34.105228424072266
8756598,2018,2018-12-11,1942,2018-10-31,0425,42380,0669,3,5,7,1942,0,0,0,F,0,6A37,LA MIRADA AV,SERRANO AV,20,E,N,A,-,N,NA,NA,NA,NA,NA,NA,NA,NA,NA,Y,3,0,2,1,A,-,00,23103,NA,N,A,I,A,A,H,-,C,A,0,NA,NA,NA,NA,Y,NA,A,01,0,2,0,0,0,0,0,0,0,-,-,NA,NA,LOS ANGELES,LOS ANGELES,-118.30674743652344,34.093910217285156
8756644,2018,2018-12-12,1925,2018-11-16,0924,14676,285,5,5,6,1925,0,0,0,NA,0,003,GLENDALE AV,CYPRESS ST,0,NA,Y,A,-,N,NA,NA,NA,NA,NA,NA,NA,NA,NA,Y,4,0,1,2,A,-,09,21802,A,N,D,C,A,A,H,-,A,A,0,NA,NA,NA,NA,Y,NA,A,07,0,0,1,0,0,0,0,0,0,-,-,NA,NA,LOS ANGELES,GLENDALE,-118.25257110595705,34.12981033325195
8756650,2018,2018-12-12,1963,2018-10-02,0532,00344,233,2,5,3,1963,0,0,0,NA,0,TND,CALIFORNIA BL,SIERRA MADRE BL,0,NA,Y,A,-,N,NA,NA,NA,NA,NA,NA,NA,NA,NA,Y,4,0,3,2,A,-,09,21801,A,N,A,C,A,A,H,-,C,A,0,NA,NA,NA,NA,Y,NA,A,01,0,0,3,0,0,0,0,0,0,-,-,NA,NA,LOS ANGELES,SAN MARINO,-118.10164642333984,34.13589096069336
8756658,2018,2018-12-12,1955,2018-11-18,0851,42045,30,7,5,6,1955,0,0,0,NA,0,002,FOOTHILL BL,SUMNER AV,300,W,N,A,-,N,NA,NA,NA,NA,NA,NA,NA,NA,NA,N,3,0,1,2,A,-,08,22107,NA,N,B,G,A,A,H,-,A,A,0,NA,Y,NA,NA,Y,NA,L,04,0,1,0,0,0,0,1,0,0,-,-,NA,NA,LOS ANGELES,POMONA,-117.74311065673828,34.107120513916016
8756660,2018,2018-12-12,1942,2018-11-14,0730,43157,0507,3,5,7,1942,0,0,0,E,0,5A25,DENKER AV,CARSON BL,5,W,N,A,-,N,NA,NA,NA,NA,NA,NA,NA,NA,NA,N,4,0,1,2,A,-,05,21650,1,N,D,G,A,A,H,-,A,A,0,NA,Y,NA,NA,Y,NA,L,04,0,0,1,0,0,0,1,0,0,-,-,NA,NA,LOS ANGELES,LOS ANGELES,-118.30384826660156,33.831520080566406
8756664,2018,2018-12-12,1942,2018-11-01,1315,34458,1135,4,5,7,1942,0,0,0,K,0,11A89,FLETCHER DR,WELDON AV,110,W,N,A,-,N,NA,NA,NA,NA,NA,NA,NA,NA,NA,Y,4,0,1,2,A,-,09,21804,A,N,D,C,A,A,H,-,A,D,0,NA,NA,NA,NA,Y,NA,A,01,0,0,1,0,0,0,0,0,0,-,-,NA,NA,LOS ANGELES,LOS ANGELES,-118.23678588867188,34.11891174316406
8756666,2018,2018-12-12,1925,2018-11-25,1520,20812,242,7,5,6,1925,0,0,0,NA,0,003,CHEVY CHASE DR,COLORADO ST,0,NA,Y,A,-,N,NA,NA,NA,NA,NA,NA,NA,NA,NA,N,3,0,1,4,A,-,08,22100,A,N,D,B,B,-,H,-,A,A,0,Y,NA,NA,NA,Y,NA,A,01,0,1,0,0,1,0,0,0,0,-,-,NA,NA,LOS ANGELES,GLENDALE,-118.23960876464844,34.14263153076172
8756672,2018,2018-12-12,1942,2018-10-29,1925,43478,0219,1,5,7,1942,0,0,0,B,0,1A85,BEAUDRY ST,TEMPLE ST,0,NA,Y,A,-,N,NA,NA,NA,NA,NA,NA,NA,NA,NA,Y,4,0,1,2,A,-,09,21801,A,N,D,C,A,A,H,-,C,A,0,NA,NA,Y,NA,Y,NA,A,01,0,0,1,0,0,0,0,0,1,-,-,NA,NA,LOS ANGELES,LOS ANGELES,-118.25135803222656,34.063201904296875
8756676,2018,2018-12-12,1942,2018-11-14,1050,42929,0358,3,5,7,1942,0,0,0,C,0,3X95,JEFFERSON BL,MCCLINTOCK AV,0,NA,Y,A,-,N,NA,NA,NA,NA,NA,NA,NA,NA,NA,N,4,0,1,3,A,-,04,21703,NA,N,C,C,A,A,H,-,A,A,0,NA,Y,NA,NA,Y,NA,A,01,0,0,1,0,0,0,1,0,0,-,-,NA,NA,LOS ANGELES,LOS ANGELES,-118.287109375,34.02505111694336
8756677,2018,2018-12-12,1942,2018-11-17,1945,43147,1523,6,5,7,1942,0,0,0,O,0,15A33,COLDWATER CANYON AV,ADDISON ST,400,N,N,A,-,N,NA,NA,NA,NA,NA,NA,NA,NA,NA,N,3,0,1,2,A,-,11,21955,NA,F,B,B,D,A,H,-,C,D,0,Y,NA,NA,NA,Y,NA,N,60,0,1,0,0,1,0,0,0,0,-,-,NA,NA,LOS ANGELES,LOS ANGELES,-118.41380310058594,34.16234588623047
8756686,2018,2018-12-31,1941,2018-10-09,1734,11093,NA,2,5,7,1941,0,0,0,NA,0,NA,PACIFIC AV,9TH ST,0,NA,Y,A,-,N,NA,NA,NA,NA,NA,NA,NA,NA,NA,N,4,0,1,2,D,-,00,NA,NA,N,D,D,A,A,H,-,A,A,0,NA,NA,NA,NA,Y,NA,-,-,0,0,1,0,0,0,0,0,0,-,-,NA,NA,LOS ANGELES,LONG BEACH,-118.19373321533205,33.77775955200195
8756706,2018,2018-12-31,1942,2018-11-28,0910,33599,1211,3,5,7,1942,0,0,0,L,0,12A31,W 54TH ST,5TH AV,0,NA,Y,A,-,N,NA,NA,NA,NA,NA,NA,NA,NA,NA,Y,4,0,1,2,A,-,12,22450,A,N,D,C,A,A,H,-,A,A,0,NA,NA,NA,NA,Y,NA,D,22,0,0,1,0,0,0,0,0,0,-,-,NA,NA,LOS ANGELES,LOS ANGELES,-118.32254028320313,33.99317932128906
8756742,2018,2019-01-28,1900,2018-06-20,0731,552335,0333,3,5,4,1939,0,0,0,NA,0,35T1,HAWTHORNE BL,168TH ST,48,N,N,B,-,N,NA,NA,NA,NA,NA,NA,NA,NA,NA,Y,2,0,2,2,A,-,07,21658,A,N,B,C,A,A,H,-,A,D,0,NA,NA,Y,NA,Y,NA,D,22,1,1,0,0,0,0,0,0,2,-,-,33.87860107421875,-118.35269927978516,LOS ANGELES,LAWNDALE,-118.35270690917967,33.878631591796875
8756809,2018,2019-02-14,1900,2018-12-01,1549,546256,0530,6,5,5,1959,0,0,0,NA,0,NA,RT 164,LOWER AZUSA RD,80,N,N,A,-,Y,LA,7,164,-,-,6.67,H,-,S,N,4,0,1,2,A,-,07,21658,A,N,B,C,A,A,H,-,A,A,0,NA,NA,NA,NA,Y,NA,J,48,0,0,1,0,0,0,0,0,0,-,-,34.087440490722656,-118.07340240478516,LOS ANGELES,ROSEMEAD,-118.07341003417967,34.08738708496094
8756814,2018,2019-01-08,1955,2018-11-23,1508,42150,35,5,5,6,1955,0,0,0,NA,0,002,PARK AV,MCKINLEY AV,330,N,N,A,-,N,NA,NA,NA,NA,NA,NA,NA,NA,NA,Y,3,0,3,4,A,-,08,22107,NA,N,B,E,A,A,H,-,A,A,0,NA,NA,NA,NA,Y,NA,J,41,0,3,0,0,0,0,0,0,0,-,-,NA,NA,LOS ANGELES,POMONA,-117.75369262695313,34.0760612487793
8756848,2018,2018-12-24,1942,2018-11-23,2340,42364,1268,5,5,7,1942,0,0,0,L,0,12A67,S SAN PEDRO ST,84TH ST,162,N,N,A,-,N,NA,NA,NA,NA,NA,NA,NA,NA,NA,Y,3,0,1,2,A,-,03,22350,NA,N,C,E,A,A,H,-,C,A,0,NA,NA,NA,NA,Y,NA,A,07,0,1,0,0,0,0,0,0,0,-,-,NA,NA,LOS ANGELES,LOS ANGELES,-118.2695083618164,33.96326446533203
8756852,2018,2018-12-24,1942,2018-10-31,1400,35481,1555,3,5,7,1942,0,0,0,O,0,15A67,MAGNOLIA BL,LANKERSHIM BL,150,E,N,A,-,N,NA,NA,NA,NA,NA,NA,NA,NA,NA,N,3,0,1,2,C,-,18,NA,NA,N,B,G,A,A,C,-,A,-,0,NA,Y,NA,NA,Y,NA,-,-,0,1,0,0,0,0,1,0,0,-,-,NA,NA,LOS ANGELES,LOS ANGELES,-118.37415313720705,34.16490173339844
8756879,2018,2018-12-24,1942,2018-11-06,1320,37190,1204,2,5,7,1942,0,0,0,L,0,12A3,NORMANDIE AV,VERNON AV,0,NA,Y,A,-,N,NA,NA,NA,NA,NA,NA,NA,NA,NA,N,4,0,1,2,A,-,10,21950,A,N,G,B,B,A,H,-,A,A,0,Y,NA,NA,NA,Y,NA,D,22,0,0,1,0,1,0,0,0,0,-,-,NA,NA,LOS ANGELES,LOS ANGELES,-118.30019378662108,34.003700256347656
8756904,2018,2018-12-11,1942,2018-11-11,0445,43194,1701,7,5,7,1942,0,0,0,Q,0,17A23,RINALDI ST,BECKFORD AV,100,W,N,A,-,N,NA,NA,NA,NA,NA,NA,NA,NA,NA,Y,4,0,1,2,A,-,08,22107,NA,N,C,E,A,A,H,-,C,-,0,NA,NA,NA,NA,Y,NA,A,01,0,0,1,0,0,0,0,0,0,-,-,NA,NA,LOS ANGELES,LOS ANGELES,-118.55001068115234,34.27546691894531
8756962,2018,2018-12-11,1942,2018-08-08,1640,37770,0774,3,5,7,1942,0,0,0,G,0,7A85,LA BREA AV,VENICE BL,45,N,N,A,-,N,NA,NA,NA,NA,NA,NA,NA,NA,NA,N,3,0,1,2,A,-,08,22107,NA,F,B,G,A,A,H,-,A,A,0,NA,Y,NA,NA,Y,NA,L,04,0,1,0,0,0,0,1,0,0,-,-,NA,NA,LOS ANGELES,LOS ANGELES,-118.34539794921876,34.04598617553711
8756966,2018,2018-12-11,1942,2018-08-14,0645,41957,1488,2,5,7,1942,0,0,0,N,0,14A67,W MANCHESTER BL,BELFORD AV,0,NA,Y,A,-,N,NA,NA,NA,NA,NA,NA,NA,NA,NA,Y,3,0,1,2,A,-,03,22350,NA,N,D,C,A,A,H,-,A,A,0,NA,NA,NA,NA,Y,NA,A,07,0,1,0,0,0,0,0,0,0,-,-,NA,NA,LOS ANGELES,LOS ANGELES,-118.38394927978516,33.95994186401367
8756970,2018,2018-12-11,1942,2018-08-21,0730,38282,2031,2,5,7,1942,0,0,0,NA,0,20A53,WESTERN AV,WILSHIRE BL,0,NA,Y,A,-,N,NA,NA,NA,NA,NA,NA,NA,NA,NA,Y,3,0,2,2,A,-,09,21801,A,N,D,C,A,A,H,-,A,A,0,NA,NA,NA,NA,Y,NA,A,01,0,1,1,0,0,0,0,0,0,-,-,NA,NA,LOS ANGELES,LOS ANGELES,-118.30908203125,34.06167984008789
8756974,2018,2018-12-11,1942,2018-08-11,1229,36705,2001,6,5,7,1942,0,0,0,NA,0,20A1,MELROSE AV,WINDSOR BL,29,W,N,A,-,N,NA,NA,NA,NA,NA,NA,NA,NA,NA,Y,4,0,1,1,A,-,07,21658,A,N,E,I,A,A,H,-,A,A,0,NA,NA,NA,NA,Y,NA,A,01,0,0,1,0,0,0,0,0,0,-,-,NA,NA,LOS ANGELES,LOS ANGELES,-118.31964874267578,34.0835075378418
8756978,2018,2018-12-11,1942,2018-08-14,0900,41376,1401,2,5,7,1942,0,0,0,N,0,14A25,GATEWAY BL,STONER AV,0,NA,Y,A,-,N,NA,NA,NA,NA,NA,NA,NA,NA,NA,N,3,0,1,2,A,-,09,21801,A,N,H,J,A,A,H,-,A,D,0,NA,NA,Y,NA,Y,NA,A,01,0,1,0,0,0,0,0,0,1,-,-,NA,NA,LOS ANGELES,LOS ANGELES,-118.44365692138672,34.02738952636719
8756982,2018,2018-12-11,1942,2018-08-16,2112,38310,1473,4,5,7,1942,0,0,0,N,0,14FBL8,PERSHING DR,FOWLER AV,192,N,N,A,-,N,NA,NA,NA,NA,NA,NA,NA,NA,NA,N,3,0,1,2,A,-,06,21760,C,F,H,G,A,A,H,-,C,D,0,NA,Y,NA,NA,Y,NA,-,99,0,1,0,0,0,0,1,0,0,-,-,NA,NA,LOS ANGELES,LOS ANGELES,NA,NA
8756986,2018,2018-12-11,1942,2018-08-24,2220,43452,NA,5,5,7,1942,0,0,0,NA,0,14A45,CENTURY BL,INTERNATIONAL RD,0,NA,Y,A,-,N,NA,NA,NA,NA,NA,NA,NA,NA,NA,N,4,0,1,2,A,-,03,22350,NA,F,C,C,A,A,H,-,C,D,0,NA,NA,NA,NA,Y,NA,-,99,0,0,1,0,0,0,0,0,0,-,-,NA,NA,LOS ANGELES,LOS ANGELES,-118.381591796875,33.94496154785156
8756990,2018,2018-12-11,1942,2018-08-06,1850,42731,1405,1,5,7,1942,0,0,0,N,0,14A26,NATIONAL BL,MOTOR AV,0,NA,Y,A,-,N,NA,NA,NA,NA,NA,NA,NA,NA,NA,N,4,0,1,2,A,-,03,22350,NA,N,C,G,A,A,H,-,A,D,0,NA,Y,NA,NA,Y,Y,A,01,0,0,1,0,0,0,1,0,0,-,-,NA,NA,LOS ANGELES,LOS ANGELES,-118.41072082519533,34.029239654541016
8756994,2018,2018-12-11,1942,2018-08-21,1810,43455,2001,2,5,7,1942,0,0,0,NA,0,20A53,MELROSE AV,BRONSON AV,50,W,N,A,-,N,NA,NA,NA,NA,NA,NA,NA,NA,NA,N,4,0,1,2,A,-,04,21703,NA,F,C,C,A,A,H,-,A,D,0,NA,NA,NA,NA,Y,NA,-,99,0,0,1,0,0,0,0,0,0,-,-,NA,NA,LOS ANGELES,LOS ANGELES,-118.31804656982422,34.08351135253906
8756995,2018,2018-12-17,1955,2018-11-04,0712,42468,58,7,5,6,1955,0,0,0,NA,0,001,POMONA BL,PIONEER PL,180,W,N,A,-,N,NA,NA,NA,NA,NA,NA,NA,NA,NA,NA,4,0,1,2,A,-,09,21804,A,N,D,C,A,A,H,-,A,D,0,NA,NA,NA,NA,Y,NA,D,22,0,0,1,0,0,0,0,0,0,-,-,NA,NA,LOS ANGELES,POMONA,-117.7976303100586,34.055999755859375