CASE_ID,ACCIDENT_YEAR,PROC_DATE,JURIS,COLLISION_DATE,COLLISION_TIME,OFFICER_ID,REPORTING_DISTRICT,DAY_OF_WEEK,CHP_SHIFT,POPULATION,CNTY_CITY_LOC,SPECIAL_COND,BEAT_TYPE,CHP_BEAT_TYPE,CITY_DIVISION_LAPD,CHP_BEAT_CLASS,BEAT_NUMBER,PRIMARY_RD,SECONDARY_RD,DISTANCE,DIRECTION,INTERSECTION,WEATHER_1,WEATHER_2,STATE_HWY_IND,CALTRANS_COUNTY,CALTRANS_DISTRICT,STATE_ROUTE,ROUTE_SUFFIX,POSTMILE_PREFIX,POSTMILE,LOCATION_TYPE,RAMP_INTERSECTION,SIDE_OF_HWY,TOW_AWAY,COLLISION_SEVERITY,NUMBER_KILLED,NUMBER_INJURED,PARTY_COUNT,PRIMARY_COLL_FACTOR,PCF_CODE_OF_VIOL,PCF_VIOL_CATEGORY,PCF_VIOLATION,PCF_VIOL_SUBSECTION,HIT_AND_RUN,TYPE_OF_COLLISION,MVIW,PED_ACTION,ROAD_SURFACE,ROAD_COND_1,ROAD_COND_2,LIGHTING,CONTROL_DEVICE,CHP_ROAD_TYPE,PEDESTRIAN_ACCIDENT,BICYCLE_ACCIDENT,MOTORCYCLE_ACCIDENT,TRUCK_ACCIDENT,NOT_PRIVATE_PROPERTY,ALCOHOL_INVOLVED,STWD_VEHTYPE_AT_FAULT,CHP_VEHTYPE_AT_FAULT,COUNT_SEVERE_INJ,COUNT_VISIBLE_INJ,COUNT_COMPLAINT_PAIN,COUNT_PED_KILLED,COUNT_PED_INJURED,COUNT_BICYCLIST_KILLED,COUNT_BICYCLIST_INJURED,COUNT_MC_KILLED,COUNT_MC_INJURED,PRIMARY_RAMP,SECONDARY_RAMP,LATITUDE,LONGITUDE,COUNTY,CITY,POINT_X,POINT_Y
8756998,2018,2018-12-11,1942,2018-08-18,1600,41792,1434,6,5,7,1942,0,0,0,N,0,14A28,VENICE BL,WADE ST,0,NA,Y,A,-,N,NA,NA,NA,NA,NA,NA,NA,NA,NA,Y,4,0,1,2,A,-,09,21801,NA,N,A,C,A,A,H,-,A,A,0,NA,NA,NA,NA,Y,NA,A,01,0,0,1,0,0,0,0,0,0,-,-,NA,NA,LOS ANGELES,LOS ANGELES,-118.43808746337892,34.00151062011719
8757000,2018,2018-12-12,1961,2018-09-27,0728,10160,1961,4,5,3,1961,0,0,0,NA,0,002,4TH ST,PARK AV,0,NA,Y,A,-,N,NA,NA,NA,NA,NA,NA,NA,NA,NA,N,4,0,1,2,A,-,10,21950,A,N,G,B,B,A,H,-,A,A,0,Y,NA,NA,NA,Y,NA,-,NA,0,0,1,0,1,0,0,0,0,-,-,NA,NA,LOS ANGELES,SAN FERNANDO,-118.4326629638672,34.28247833251953
8757002,2018,2018-12-11,1942,2018-08-14,1928,38262,2062,2,5,7,1942,0,0,0,NA,0,20A53,PICO BL,WILTON PL,69,W,N,A,-,N,NA,NA,NA,NA,NA,NA,NA,NA,NA,Y,4,0,2,2,A,-,05,21650,NA,F,B,C,A,A,H,-,A,D,0,NA,NA,NA,NA,Y,NA,-,99,0,0,2,0,0,0,0,0,0,-,-,NA,NA,LOS ANGELES,LOS ANGELES,-118.3147201538086,34.04718017578125
8757006,2018,2018-12-11,1942,2018-08-24,1025,33169,2042,5,5,7,1942,0,0,0,NA,0,20A53,WESTERN AV,SAN MARINO ST,0,NA,Y,A,-,N,NA,NA,NA,NA,NA,NA,NA,NA,NA,Y,4,0,1,2,A,-,12,21453,A,N,D,C,A,A,H,-,A,A,0,NA,NA,NA,NA,Y,NA,A,01,0,0,1,0,0,0,0,0,0,-,-,NA,NA,LOS ANGELES,LOS ANGELES,-118.30908203125,34.0544319152832
8757016,2018,2018-12-11,1948,2018-09-11,1820,411,1948,2,5,5,1948,0,0,0,NA,0,001,VERDE VISTA DR,BARRANCA DR,282,W,N,A,-,N,NA,NA,NA,NA,NA,NA,NA,NA,NA,N,3,0,1,2,A,-,11,21954,A,N,B,B,E,A,H,-,A,A,0,Y,NA,NA,NA,Y,NA,N,60,0,1,0,0,1,0,0,0,0,-,-,NA,NA,LOS ANGELES,MONTEREY PARK,-118.15782165527344,34.05946350097656
8757019,2018,2018-12-14,1955,2018-11-26,2010,42369,57,1,5,6,1955,0,0,0,NA,0,001,VALLEY BL,HUMANE WY,0,NA,Y,A,-,N,NA,NA,NA,NA,NA,NA,NA,NA,NA,Y,3,0,1,2,A,-,12,21453,NA,N,-,C,A,A,H,-,C,A,0,NA,NA,NA,NA,Y,NA,A,01,0,1,0,0,0,0,0,0,0,-,-,NA,NA,LOS ANGELES,POMONA,-117.79141998291016,34.061370849609375
8757023,2018,2018-12-17,1955,2018-11-30,1526,41871,25,5,5,6,1955,0,0,0,NA,0,002,ORANGE GROVE AV,TATE ST,250,S,N,A,-,N,NA,NA,NA,NA,NA,NA,NA,NA,NA,Y,4,0,1,3,A,-,08,22107,NA,N,C,C,A,A,H,-,A,A,0,NA,NA,NA,NA,Y,NA,A,01,0,0,1,0,0,0,0,0,0,-,-,NA,NA,LOS ANGELES,POMONA,-117.74892425537108,34.077064514160156
8757027,2018,2019-01-23,1955,2018-11-15,1211,40649,97,4,5,6,1955,0,0,0,NA,0,004,MISSION BL,RESERVOIR ST,210,E,N,A,-,N,NA,NA,NA,NA,NA,NA,NA,NA,NA,Y,4,0,3,2,A,-,09,21804,A,N,D,C,A,A,H,-,A,A,0,NA,NA,NA,Y,Y,NA,F,21,0,0,3,0,0,0,0,0,0,-,-,NA,NA,LOS ANGELES,POMONA,-117.73191833496094,34.05556106567383
8757028,2018,2018-12-11,1942,2018-09-16,0205,43391,0646,7,5,7,1942,0,0,0,F,0,9A67,SUNSET BL,N CAHUENGA BL,0,NA,Y,A,-,N,NA,NA,NA,NA,NA,NA,NA,NA,NA,N,4,0,2,2,A,-,03,22350,NA,F,C,C,A,A,H,-,C,A,0,NA,NA,NA,NA,Y,NA,I,11,0,0,2,0,0,0,0,0,0,-,-,NA,NA,LOS ANGELES,LOS ANGELES,-118.32949066162108,34.0980110168457
8757030,2018,2018-12-11,1942,2018-08-25,1025,41376,0639,6,5,7,1942,0,0,0,F,0,7TL23,NORMANDIE AV,HOLLYWOOD BL,300,N,N,A,-,N,NA,NA,NA,NA,NA,NA,NA,NA,NA,Y,3,0,2,2,A,-,09,21801,A,N,D,C,A,A,H,-,A,D,0,NA,NA,NA,NA,Y,NA,A,07,0,1,1,0,0,0,0,0,0,-,-,NA,NA,LOS ANGELES,LOS ANGELES,-118.3005599975586,34.10257339477539
8757032,2018,2018-12-12,1942,2018-09-21,0850,42269,1823,5,5,7,1942,0,0,0,R,0,PATROL,SAN PEDRO ST,99TH ST,0,NA,Y,A,-,N,NA,NA,NA,NA,NA,NA,NA,NA,NA,N,3,0,1,2,A,-,11,21954,A,N,G,B,D,A,H,-,A,D,0,Y,NA,NA,NA,Y,NA,A,01,0,1,0,0,1,0,0,0,0,-,-,NA,NA,LOS ANGELES,LOS ANGELES,-118.26952362060548,33.94649124145508
8757040,2018,2018-12-18,1942,2018-09-22,1835,32262,1265,6,5,7,1942,0,0,0,L,0,12X58,FLORENCE AV,W RAYMOND AV,10,W,N,A,-,N,NA,NA,NA,NA,NA,NA,NA,NA,NA,N,4,0,1,2,A,-,04,21703,NA,N,C,C,A,A,H,-,A,A,0,NA,NA,NA,NA,Y,NA,A,01,0,0,1,0,0,0,0,0,0,-,-,NA,NA,LOS ANGELES,LOS ANGELES,-118.29814910888672,33.97459030151367
8757044,2018,2018-12-21,1900,2018-11-27,1847,611248,2811,2,5,5,1915,0,0,0,NA,0,283T1,ROSECRANS AV,KEMP AV,0,NA,Y,A,-,N,NA,NA,NA,NA,NA,NA,NA,NA,NA,N,3,0,1,3,A,-,09,21802,A,N,D,C,A,A,H,-,C,D,0,NA,NA,NA,NA,Y,NA,A,01,0,1,0,0,0,0,0,0,0,-,-,NA,NA,LOS ANGELES,COMPTON,-118.2402801513672,33.903358459472656
8757050,2018,2018-12-17,1900,2018-11-20,1414,548793,0460,2,5,4,1936,0,0,0,NA,0,46T1,LA MIRADA BL,WEEKS DR,0,NA,Y,A,-,N,NA,NA,NA,NA,NA,NA,NA,NA,NA,Y,4,0,1,2,A,-,09,21801,A,N,A,C,A,A,H,-,A,A,0,NA,NA,NA,NA,Y,NA,D,22,0,0,1,0,0,0,0,0,0,-,-,NA,NA,LOS ANGELES,LA MIRADA,-118.01203155517578,33.92396926879883
8757058,2018,2018-12-21,1900,2018-11-16,1555,548793,0472,5,5,4,1936,0,0,0,NA,0,46T1P,ROSECRANS AV,BIOLA AV,195,W,N,A,-,N,NA,NA,NA,NA,NA,NA,NA,NA,NA,N,4,0,1,6,A,-,03,22350,NA,N,C,C,A,A,H,-,A,A,0,NA,NA,NA,NA,Y,NA,D,22,0,0,1,0,0,0,0,0,0,-,-,NA,NA,LOS ANGELES,LA MIRADA,-118.01987457275392,33.90108108520508
8757064,2018,2018-12-17,1900,2018-11-19,1130,600696,NA,1,5,5,1915,0,0,0,NA,0,282T1,TAJAUTA AV,152ND ST,0,NA,Y,A,-,N,NA,NA,NA,NA,NA,NA,NA,NA,NA,N,4,0,2,4,A,-,09,21802,NA,N,D,C,A,A,H,-,A,A,0,NA,NA,NA,NA,Y,NA,D,22,0,0,2,0,0,0,0,0,0,-,-,NA,NA,LOS ANGELES,COMPTON,-118.24622344970705,33.894290924072266
8757072,2018,2018-12-17,1900,2018-11-09,1350,614047,2821,5,5,5,1915,0,0,0,NA,0,281A,N ALAMEDA ST,ROSECRANS AV,660,N,N,A,-,N,NA,NA,NA,NA,NA,NA,NA,NA,NA,Y,4,0,3,2,A,-,05,21651,B,N,A,C,A,A,H,-,A,D,0,NA,NA,NA,NA,Y,NA,D,22,0,0,3,0,0,0,0,0,0,-,-,NA,NA,LOS ANGELES,COMPTON,-118.22184753417967,33.905235290527344
8757092,2018,2018-12-13,1900,2018-11-07,1255,600696,2826,3,5,5,1915,0,0,0,NA,0,282A,COMPTON BL,BRADFIELD AV,0,NA,Y,A,-,N,NA,NA,NA,NA,NA,NA,NA,NA,NA,Y,4,0,3,2,A,-,12,21453,A,F,D,C,A,A,H,-,A,A,0,NA,NA,NA,NA,Y,NA,A,01,0,0,3,0,0,0,0,0,0,-,-,NA,NA,LOS ANGELES,COMPTON,-118.20369720458984,33.89604949951172
8757121,2018,2018-12-12,1942,2018-10-17,1215,38432,0645,3,5,7,1942,0,0,0,F,0,6A45,N ORANGE DR,SUNSET BL,372,S,N,A,-,N,NA,NA,NA,NA,NA,NA,NA,NA,NA,Y,4,0,1,2,A,-,03,22350,NA,N,-,E,A,-,H,-,A,D,0,NA,NA,NA,NA,Y,NA,A,01,0,0,1,0,0,0,0,0,0,-,-,NA,NA,LOS ANGELES,LOS ANGELES,-118.34158325195313,34.09695053100586
8757123,2018,2018-12-17,1942,2018-07-21,0300,42585,D647,6,5,7,1942,0,0,0,NA,0,6A49,GOWER AV,SELMA AV,90,N,N,A,-,N,NA,NA,NA,NA,NA,NA,NA,NA,NA,Y,3,0,3,5,A,-,04,21703,NA,N,C,C,A,A,-,-,C,D,0,NA,NA,NA,NA,Y,NA,A,07,0,1,2,0,0,0,0,0,0,-,-,NA,NA,LOS ANGELES,LOS ANGELES,-118.32234191894533,34.100067138671875
8757125,2018,2019-01-18,1942,2018-10-22,0735,41376,0642,1,5,7,1942,0,0,0,F,0,6TL7,FOUNTAIN AV,GARDNER ST,30,W,N,A,-,N,NA,NA,NA,NA,NA,NA,NA,NA,NA,Y,4,0,1,2,A,-,08,22107,NA,N,B,C,A,A,H,-,A,D,0,NA,NA,NA,NA,Y,NA,-,-,0,0,1,0,0,0,0,0,0,-,-,NA,NA,LOS ANGELES,LOS ANGELES,-118.35295104980467,34.094383239746094
8757127,2018,2019-01-07,1942,2018-11-15,1450,31465,0644,4,5,7,1942,0,0,0,F,0,6A45,SUNSET BL,POINSETTIA PL,0,NA,Y,A,-,N,NA,NA,NA,NA,NA,NA,NA,NA,NA,Y,3,0,1,2,A,-,12,21453,A,N,D,C,A,A,H,-,A,A,0,NA,NA,NA,NA,Y,NA,-,-,0,1,0,0,0,0,0,0,0,-,-,NA,NA,LOS ANGELES,LOS ANGELES,-118.3483428955078,34.097999572753906
8757135,2018,2018-12-20,1942,2018-11-24,1710,42359,0649,6,5,7,1942,0,0,0,F,0,6A48,NORMANDIE AV,HOLLYWOOD BL,150,NA,N,A,-,N,NA,NA,NA,NA,NA,NA,NA,NA,NA,Y,4,0,1,8,A,-,01,23152,A,N,B,E,A,A,H,-,B,D,0,NA,NA,NA,NA,Y,Y,D,22,0,0,1,0,0,0,0,0,0,-,-,NA,NA,LOS ANGELES,LOS ANGELES,-118.3005599975586,34.101749420166016
8757150,2018,2018-12-19,1942,2018-12-02,1020,35945,0638,7,5,7,1942,0,0,0,F,0,6A49,N VAN NESS AV,CANYON DR,200,N,N,A,-,N,NA,NA,NA,NA,NA,NA,NA,NA,NA,Y,4,0,1,4,C,-,18,NA,NA,N,B,C,A,A,H,-,A,D,0,NA,NA,NA,NA,Y,NA,-,-,0,0,1,0,0,0,0,0,0,-,-,NA,NA,LOS ANGELES,LOS ANGELES,-118.31582641601564,34.10331726074219
8757152,2018,2019-01-17,1925,2018-11-30,1339,24819,2,5,5,6,1925,0,0,0,NA,0,275,CENTRAL AV,LOS FELIZ RD,15,N,N,A,-,N,NA,NA,NA,NA,NA,NA,NA,NA,NA,N,4,0,2,2,A,-,03,22350,NA,M,C,C,A,A,H,-,A,A,0,NA,NA,NA,NA,Y,NA,D,22,0,0,2,0,0,0,0,0,0,-,-,NA,NA,LOS ANGELES,GLENDALE,-118.2578125,34.128692626953125
8757154,2018,2018-12-19,1925,2018-12-02,1125,24115,4,7,5,6,1925,0,0,0,NA,0,157,WILSON TER,HARVEY DR,32,W,N,A,-,N,NA,NA,NA,NA,NA,NA,NA,NA,NA,Y,3,0,5,2,A,-,05,21460,A,N,B,C,A,A,H,-,A,D,0,NA,NA,NA,NA,Y,NA,A,01,0,1,4,0,0,0,0,0,0,-,-,NA,NA,LOS ANGELES,GLENDALE,-118.22803497314452,34.14888381958008
8757155,2018,2018-12-20,1942,2018-11-05,1050,34458,1394,1,5,7,1942,0,0,0,M,0,13A93,E 70TH ST,SAN PEDRO ST,5,E,N,A,-,N,NA,NA,NA,NA,NA,NA,NA,NA,NA,N,3,0,1,2,A,-,10,21950,A,N,G,B,B,A,H,-,A,D,0,Y,NA,NA,Y,Y,NA,F,21,0,1,0,0,1,0,0,0,0,-,-,NA,NA,LOS ANGELES,LOS ANGELES,-118.2695541381836,33.97616195678711
8757158,2018,2018-12-19,1942,2018-12-01,0840,35945,0666,6,5,7,1942,0,0,0,F,0,6A67,VINE ST,FOUNTAIN AV,0,NA,Y,A,-,N,NA,NA,NA,NA,NA,NA,NA,NA,NA,Y,4,0,1,2,A,-,12,21453,A,N,D,C,A,A,H,-,A,A,0,NA,NA,NA,NA,Y,NA,A,01,0,0,1,0,0,0,0,0,0,-,-,NA,NA,LOS ANGELES,LOS ANGELES,-118.32662200927734,34.0943717956543
8757161,2018,2019-01-23,1941,2018-11-23,1100,10066,NA,5,5,7,1941,0,0,0,NA,0,NA,BROADWAY,PINE AV,13,W,N,A,-,N,NA,NA,NA,NA,NA,NA,NA,NA,NA,N,4,0,1,2,A,-,17,22109,NA,N,C,C,A,A,D,-,A,A,0,NA,NA,NA,NA,Y,NA,A,NA,0,0,1,0,0,0,0,0,0,-,-,NA,NA,LOS ANGELES,LONG BEACH,-118.19241333007813,33.76932144165039
8757162,2018,2018-12-19,1925,2018-12-01,1808,26039,240,6,5,6,1925,0,0,0,NA,0,003,WILSON AV,HARVEY DR,0,NA,Y,A,-,N,NA,NA,NA,NA,NA,NA,NA,NA,NA,Y,3,0,1,2,A,-,12,21453,A,N,A,C,A,A,H,-,C,A,0,NA,NA,NA,NA,Y,NA,A,01,0,1,0,0,0,0,0,0,0,-,-,NA,NA,LOS ANGELES,GLENDALE,-118.22958374023438,34.146671295166016
8757163,2018,2018-12-21,1942,2018-11-03,1045,40008,1394,6,5,7,1942,0,0,0,M,0,13A93,W 65TH ST,MAIN,200,E,N,A,-,N,NA,NA,NA,NA,NA,NA,NA,NA,NA,Y,3,0,3,2,A,-,08,22107,NA,N,D,E,A,A,H,-,A,D,0,NA,NA,NA,NA,Y,NA,A,01,0,3,0,0,0,0,0,0,0,-,-,NA,NA,LOS ANGELES,LOS ANGELES,-118.27394104003906,33.9805793762207
8757166,2018,2018-12-19,1942,2018-12-02,1920,40690,0626,7,5,7,1942,0,0,0,F,0,6A15,N CAHUENGA BL,FRANKLIN AV,0,NA,Y,A,-,N,NA,NA,NA,NA,NA,NA,NA,NA,NA,Y,3,0,2,3,A,-,12,21453,A,N,D,C,A,A,H,-,C,A,0,NA,NA,NA,NA,Y,NA,A,01,0,1,1,0,0,0,0,0,0,-,-,NA,NA,LOS ANGELES,LOS ANGELES,-118.33039093017578,34.10523986816406
8757167,2018,2018-12-19,1942,2018-09-14,1110,34385,0642,5,5,7,1942,0,0,0,F,0,6A31,W SUNSET BL,N GENESEE AV,0,NA,Y,A,-,N,NA,NA,NA,NA,NA,NA,NA,NA,NA,Y,4,0,1,3,A,-,09,21801,A,N,D,C,A,A,H,-,A,A,0,NA,NA,NA,NA,Y,NA,A,07,0,0,1,0,0,0,0,0,0,-,-,NA,NA,LOS ANGELES,LOS ANGELES,-118.35830688476564,34.098060607910156
8757170,2018,2018-12-19,1942,2018-12-02,2115,40529,0318,7,5,7,1942,0,0,0,C,0,3A19,W ADAMS BL,MENLO AV,120,W,N,A,-,N,NA,NA,NA,NA,NA,NA,NA,NA,NA,N,4,0,3,2,A,-,09,21804,A,N,B,-,A,A,-,-,C,-,0,NA,NA,NA,NA,Y,Y,A,01,0,0,3,0,0,0,0,0,0,-,-,NA,NA,LOS ANGELES,LOS ANGELES,-118.29073333740234,34.03274917602539
8757171,2018,2018-12-18,1942,2018-10-16,1500,36940,0663,2,5,7,1942,0,0,0,F,0,6A63,N HIGHLAND AV,LEXINGTON AV,0,NA,Y,A,-,N,NA,NA,NA,NA,NA,NA,NA,NA,NA,Y,4,0,1,2,A,-,09,21800,D,N,D,C,A,A,H,-,A,B,0,NA,NA,NA,NA,Y,NA,A,07,0,0,1,0,0,0,0,0,0,-,-,NA,NA,LOS ANGELES,LOS ANGELES,-118.33860778808594,34.09257125854492
8757174,2018,2018-12-19,1942,2018-12-01,2210,37511,0645,6,5,7,1942,0,0,0,F,0,6A45,N ORANGE DR,LANEWOOD AV,100,N,N,A,-,N,NA,NA,NA,NA,NA,NA,NA,NA,NA,Y,4,0,1,2,A,-,21,22106,NA,N,B,C,A,A,H,-,C,D,0,NA,NA,NA,NA,Y,NA,A,01,0,0,1,0,0,0,0,0,0,-,-,NA,NA,LOS ANGELES,LOS ANGELES,-118.34140777587892,34.0994758605957
8757175,2018,2018-12-21,1942,2018-11-20,1820,42449,1341,2,5,7,1942,0,0,0,M,0,13A41,S HILL ST,39TH ST,0,NA,Y,A,-,N,NA,NA,NA,NA,NA,NA,NA,NA,NA,Y,4,0,1,2,A,-,09,21804,A,N,D,C,A,A,H,-,C,A,0,NA,NA,NA,NA,Y,NA,D,22,0,0,1,0,0,0,0,0,0,-,-,NA,NA,LOS ANGELES,LOS ANGELES,-118.2790985107422,34.01308822631836
8757178,2018,2018-12-12,1942,2018-10-04,1645,34385,0622,4,5,7,1942,0,0,0,F,0,6A31,LAUREL CANYON BL,MOUNT OLYMPUS DR,0,NA,Y,A,-,N,NA,NA,NA,NA,NA,NA,NA,NA,NA,N,3,0,2,2,A,-,09,21801,A,N,D,C,A,A,H,-,A,D,0,NA,NA,NA,NA,Y,NA,A,01,0,2,0,0,0,0,0,0,0,-,-,NA,NA,LOS ANGELES,LOS ANGELES,-118.36604309082033,34.10367965698242
8757179,2018,2018-12-21,1942,2018-11-07,1155,37282,1309,3,5,7,1942,0,0,0,M,0,13X17,OLYMPIC,ALAMEDA,0,NA,Y,A,-,N,NA,NA,NA,NA,NA,NA,NA,NA,NA,N,4,0,1,2,A,-,05,21650,1,N,D,G,A,A,H,-,A,A,0,NA,Y,NA,NA,Y,NA,D,22,0,0,1,0,0,0,1,0,0,-,-,NA,NA,LOS ANGELES,LOS ANGELES,-118.23909,34.02765
8757180,2018,2019-01-15,1942,2018-11-22,0150,42364,0529,4,5,7,1942,0,0,0,E,0,5A17,E ANAHEIM ST,HENRY FORD AV,89,E,N,C,-,N,NA,NA,NA,NA,NA,NA,NA,NA,NA,Y,2,0,1,2,A,-,05,21650,NA,N,A,C,A,B,H,-,C,A,0,NA,NA,NA,Y,Y,NA,A,01,1,0,0,0,0,0,0,0,0,-,-,NA,NA,LOS ANGELES,LOS ANGELES,-118.24144744873048,33.78116226196289
8757185,2018,2018-12-21,1976,2018-11-17,0503,233,NA,6,5,3,1964,0,0,0,NA,0,NA,TELEGRAPH RD,CEDARDALE DR,0,NA,Y,A,-,N,NA,NA,NA,NA,NA,NA,NA,NA,NA,Y,4,0,1,2,A,-,01,23152,A,N,B,C,A,A,H,-,C,A,0,NA,NA,NA,NA,Y,Y,A,01,0,0,1,0,0,0,0,0,0,-,-,NA,NA,LOS ANGELES,SANTA FE SPRINGS,-118.09278106689452,33.95008850097656
8757190,2018,2018-12-12,1942,2018-10-04,0929,32921,0636,4,5,7,1942,0,0,0,F,0,6A15,N HIGHLAND AV,YUCCA ST,5,S,N,A,-,N,NA,NA,NA,NA,NA,NA,NA,NA,NA,N,4,0,1,2,A,-,08,22100,A,N,B,C,A,A,A,-,A,D,0,NA,NA,NA,NA,Y,NA,A,07,0,0,1,0,0,0,0,0,0,-,-,NA,NA,LOS ANGELES,LOS ANGELES,-118.33872985839844,34.10316467285156
8757191,2018,2019-01-23,1942,2018-11-01,2135,43374,1309,4,5,7,1942,0,0,0,M,0,13A93,S ALAMEDA ST,WASHINGTON BL,0,NA,Y,A,-,N,NA,NA,NA,NA,NA,NA,NA,NA,NA,N,4,0,2,2,A,-,21,22106,NA,N,C,C,A,A,H,-,C,D,0,NA,NA,NA,Y,Y,NA,F,25,0,0,2,0,0,0,0,0,0,-,-,NA,NA,LOS ANGELES,LOS ANGELES,-118.23954010009766,34.01996994018555
8757193,2018,2018-12-21,1976,2018-11-19,0453,429,NA,1,5,3,1964,0,0,0,NA,0,002,FLORENCE AV,BLOOMFIELD AV,0,NA,Y,A,-,N,NA,NA,NA,NA,NA,NA,NA,NA,NA,N,4,0,1,2,A,-,12,21453,A,F,D,C,A,A,H,-,C,A,0,NA,NA,NA,NA,Y,NA,D,22,0,0,1,0,0,0,0,0,0,-,-,NA,NA,LOS ANGELES,SANTA FE SPRINGS,-118.06405639648438,33.93547058105469
8757194,2018,2018-12-12,1942,2018-10-05,2201,42979,0636,5,5,7,1942,0,0,0,F,0,6A45,FRANKLIN AV,IVAR AV,0,NA,Y,A,-,N,NA,NA,NA,NA,NA,NA,NA,NA,NA,Y,4,0,1,2,A,-,07,21658,A,N,D,C,A,A,H,-,C,D,0,NA,NA,NA,NA,Y,NA,A,01,0,0,1,0,0,0,0,0,0,-,-,NA,NA,LOS ANGELES,LOS ANGELES,-118.32895660400392,34.105289459228516
8757197,2018,2019-01-15,1976,2018-11-16,1713,760,NA,5,5,3,1964,0,0,0,NA,0,002,TELEGRAPH RD,VILLAGE DR,250,E,N,A,-,N,NA,NA,NA,NA,NA,NA,NA,NA,NA,Y,4,0,1,2,A,-,07,21658,A,N,B,C,A,A,H,-,C,D,0,NA,NA,NA,Y,Y,NA,A,01,0,0,1,0,0,0,0,0,0,-,-,NA,NA,LOS ANGELES,SANTA FE SPRINGS,-118.06818389892578,33.94178009033203
8757198,2018,2018-12-12,1942,2018-10-22,0100,41780,0643,1,5,7,1942,0,0,0,F,0,6A45,LA BREA,HOLLYWOOD,0,NA,Y,A,-,N,NA,NA,NA,NA,NA,NA,NA,NA,NA,N,4,0,1,2,A,-,08,22100,B,N,B,C,A,A,H,-,C,A,0,NA,NA,NA,NA,Y,NA,A,01,0,0,1,0,0,0,0,0,0,-,-,NA,NA,LOS ANGELES,LOS ANGELES,-118.34522247314452,34.101600646972656
8757201,2018,2018-12-19,1942,2018-11-02,1600,43369,1354,5,5,7,1942,0,0,0,M,0,13A28,MAIN ST,41ST PL,10,S,N,A,-,N,NA,NA,NA,NA,NA,NA,NA,NA,NA,N,4,0,1,2,A,-,03,22350,NA,N,B,C,A,A,H,-,A,A,0,NA,NA,NA,NA,Y,NA,A,01,0,0,1,0,0,0,0,0,0,-,-,NA,NA,LOS ANGELES,LOS ANGELES,-118.27400970458984,34.00819396972656
8757202,2018,2018-12-17,1942,2018-11-16,1430,40690,0663,5,5,7,1942,0,0,0,F,0,6A63,N HIGHLAND AV,WILLOUGHBY AV,300,N,N,A,-,N,NA,NA,NA,NA,NA,NA,NA,NA,NA,N,4,0,2,2,A,-,07,21658,A,N,C,C,A,A,H,-,A,D,0,NA,NA,NA,NA,Y,NA,A,01,0,0,2,0,0,0,0,0,0,-,-,NA,NA,LOS ANGELES,LOS ANGELES,-118.3386001586914,34.0879020690918
8757203,2018,2018-12-19,1942,2018-11-14,1750,42471,0629,3,5,7,1942,0,0,0,F,0,6A76,VAN NESS,FRANKLIN,0,NA,Y,A,-,N,NA,NA,NA,NA,NA,NA,NA,NA,NA,Y,2,0,1,2,A,-,09,21802,A,N,D,C,A,A,H,-,B,A,0,NA,NA,NA,NA,Y,NA,A,07,1,0,0,0,0,0,0,0,0,-,-,NA,NA,LOS ANGELES,LOS ANGELES,-118.31585693359376,34.10525894165039
8757204,2018,2018-12-19,1951,2018-12-02,0920,746,706,7,5,3,1951,0,0,0,NA,0,002,PALO VERDE DR W,PALOS VERDES DR N,0,NA,Y,A,-,N,NA,NA,NA,NA,NA,NA,NA,NA,NA,Y,4,0,1,2,A,-,09,21801,A,N,D,G,A,A,H,-,A,A,0,NA,Y,NA,NA,Y,NA,A,01,0,0,1,0,0,0,1,0,0,-,-,NA,NA,LOS ANGELES,PALOS VERDES EST,-118.41744995117188,33.776100158691406
8757205,2018,2018-12-20,1942,2018-11-02,2025,NA,RD134,5,5,7,1942,0,0,0,NA,0,4A71,40TH PL,BROADWAY,0,NA,Y,A,-,N,NA,NA,NA,NA,NA,NA,NA,NA,NA,Y,4,0,1,1,A,-,03,22350,NA,N,E,I,A,A,H,-,C,D,0,NA,NA,NA,NA,Y,NA,A,01,0,0,1,0,0,0,0,0,0,-,-,NA,NA,LOS ANGELES,LOS ANGELES,-118.27835845947266,34.0101318359375
8757206,2018,2019-01-07,1942,2018-11-05,1710,35230,1321,1,5,7,1942,0,0,0,M,0,13A13,S MAIN ST,WASHINGTON BL,130,S,N,A,-,N,NA,NA,NA,NA,NA,NA,NA,NA,NA,N,4,0,1,3,A,-,06,21755,A,F,B,G,A,A,H,-,A,D,0,NA,Y,NA,NA,Y,NA,-,-,0,0,1,0,0,0,1,0,0,-,-,NA,NA,LOS ANGELES,LOS ANGELES,-118.26487731933594,34.0306510925293
8757207,2018,2018-12-19,1942,2018-11-12,0945,41376,0622,1,5,7,1942,0,0,0,F,0,6A31,HOLLYWOOD BL,NICHOLS CANYON RD,0,NA,Y,A,-,N,NA,NA,NA,NA,NA,NA,NA,NA,NA,Y,3,0,1,2,A,-,12,21453,A,N,D,C,A,A,H,-,A,-,0,NA,NA,NA,NA,Y,NA,A,01,0,1,0,0,0,0,0,0,0,-,-,NA,NA,LOS ANGELES,LOS ANGELES,-118.35819244384766,34.10169982910156
8757209,2018,2019-01-15,1942,2018-11-05,1940,42224,1323,1,5,7,1942,0,0,0,M,0,13X94,22ND ST,CENTRAL AV,0,NA,Y,A,-,N,NA,NA,NA,NA,NA,NA,NA,NA,NA,N,3,0,1,2,A,-,10,21950,A,N,A,B,B,A,H,-,C,D,0,Y,NA,NA,NA,Y,NA,A,01,0,1,0,0,1,0,0,0,0,-,-,NA,NA,LOS ANGELES,LOS ANGELES,-118.25314331054688,34.02162170410156