CASE_ID,ACCIDENT_YEAR,PROC_DATE,JURIS,COLLISION_DATE,COLLISION_TIME,OFFICER_ID,REPORTING_DISTRICT,DAY_OF_WEEK,CHP_SHIFT,POPULATION,CNTY_CITY_LOC,SPECIAL_COND,BEAT_TYPE,CHP_BEAT_TYPE,CITY_DIVISION_LAPD,CHP_BEAT_CLASS,BEAT_NUMBER,PRIMARY_RD,SECONDARY_RD,DISTANCE,DIRECTION,INTERSECTION,WEATHER_1,WEATHER_2,STATE_HWY_IND,CALTRANS_COUNTY,CALTRANS_DISTRICT,STATE_ROUTE,ROUTE_SUFFIX,POSTMILE_PREFIX,POSTMILE,LOCATION_TYPE,RAMP_INTERSECTION,SIDE_OF_HWY,TOW_AWAY,COLLISION_SEVERITY,NUMBER_KILLED,NUMBER_INJURED,PARTY_COUNT,PRIMARY_COLL_FACTOR,PCF_CODE_OF_VIOL,PCF_VIOL_CATEGORY,PCF_VIOLATION,PCF_VIOL_SUBSECTION,HIT_AND_RUN,TYPE_OF_COLLISION,MVIW,PED_ACTION,ROAD_SURFACE,ROAD_COND_1,ROAD_COND_2,LIGHTING,CONTROL_DEVICE,CHP_ROAD_TYPE,PEDESTRIAN_ACCIDENT,BICYCLE_ACCIDENT,MOTORCYCLE_ACCIDENT,TRUCK_ACCIDENT,NOT_PRIVATE_PROPERTY,ALCOHOL_INVOLVED,STWD_VEHTYPE_AT_FAULT,CHP_VEHTYPE_AT_FAULT,COUNT_SEVERE_INJ,COUNT_VISIBLE_INJ,COUNT_COMPLAINT_PAIN,COUNT_PED_KILLED,COUNT_PED_INJURED,COUNT_BICYCLIST_KILLED,COUNT_BICYCLIST_INJURED,COUNT_MC_KILLED,COUNT_MC_INJURED,PRIMARY_RAMP,SECONDARY_RAMP,LATITUDE,LONGITUDE,COUNTY,CITY,POINT_X,POINT_Y
8761652,2018,2019-01-18,1944,2018-12-12,1610,329,SOUTH,3,5,4,1944,0,0,0,NA,0,004,REDONDO AV,MARINE AV,275,N,N,A,-,N,NA,NA,NA,NA,NA,NA,NA,NA,NA,N,4,0,1,2,A,-,11,21954,A,N,G,B,D,A,H,-,A,A,0,Y,NA,NA,NA,Y,NA,N,60,0,0,1,0,1,0,0,0,0,-,-,NA,NA,LOS ANGELES,MANHATTAN BEACH,-118.38307189941406,33.89458084106445
8761660,2018,2019-01-18,1966,2018-12-03,0850,10829,7,1,5,3,1966,0,0,0,NA,0,NA,E ORANGE GROVE AV,MOUNTAIN TRAIL AV,19,W,N,A,-,N,NA,NA,NA,NA,NA,NA,NA,NA,NA,Y,3,0,1,2,A,-,09,21802,A,N,D,C,A,A,H,-,A,D,0,NA,NA,NA,NA,Y,NA,A,01,0,1,0,0,0,0,0,0,0,-,-,NA,NA,LOS ANGELES,SIERRA MADRE,-118.04820251464844,34.15713119506836
8761663,2018,2019-01-16,1942,2018-11-30,0545,39510,0932,5,5,7,1942,0,0,0,I,0,9A23,VICTORY BL,KESTER AV,0,NA,Y,A,-,N,NA,NA,NA,NA,NA,NA,NA,NA,NA,Y,4,0,1,2,A,-,09,21801,A,N,B,C,A,A,H,-,B,D,0,NA,NA,NA,NA,Y,NA,-,NA,0,0,1,0,0,0,0,0,0,-,-,NA,NA,LOS ANGELES,LOS ANGELES,-118.45745086669922,34.18666076660156
8761761,2019,2019-02-01,1942,2019-01-06,2130,42344,1684,7,5,7,1942,0,0,0,P,0,16A81,ROSCOE BL,LAUREL CANYON BL,12,W,N,C,-,N,NA,NA,NA,NA,NA,NA,NA,NA,NA,N,3,0,1,2,A,-,10,21950,A,F,G,B,B,B,H,-,C,A,0,Y,NA,NA,NA,Y,NA,-,99,0,1,0,0,1,0,0,0,0,-,-,NA,NA,LOS ANGELES,LOS ANGELES,-118.39655303955078,34.221649169921875
8761764,2018,2019-01-23,1942,2018-11-19,1845,39062,1362,1,5,7,1942,0,0,0,M,0,13A61,E 51ST ST,MAIN ST,20,S,N,A,-,N,NA,NA,NA,NA,NA,NA,NA,NA,NA,N,4,0,1,3,A,-,03,22350,NA,F,C,C,A,A,H,-,C,D,0,NA,NA,NA,NA,Y,NA,-,99,0,0,1,0,0,0,0,0,0,-,-,NA,NA,LOS ANGELES,LOS ANGELES,-118.2739715576172,33.996490478515625
8761769,2019,2019-02-01,1942,2019-01-07,1750,39410,1615,1,5,7,1942,0,0,0,P,0,16A35,FOOTHILL BL,GLADSTONE AV,0,NA,N,A,-,N,NA,NA,NA,NA,NA,NA,NA,NA,NA,N,2,0,1,2,A,-,05,21202,A,N,C,G,A,A,H,-,D,A,0,NA,Y,NA,NA,Y,Y,L,04,1,0,0,0,0,0,1,0,0,-,-,NA,NA,LOS ANGELES,LOS ANGELES,-118.38796997070313,34.273189544677734
8761772,2018,2019-01-23,1942,2018-11-23,1840,34426,1344,5,5,7,1942,0,0,0,M,0,13A43,E 41ST PL,AVALON BL,300,W,N,A,-,N,NA,NA,NA,NA,NA,NA,NA,NA,NA,Y,4,0,1,4,A,-,03,22350,NA,F,B,E,A,A,H,-,C,D,0,NA,NA,NA,NA,Y,NA,A,01,0,0,1,0,0,0,0,0,0,-,-,NA,NA,LOS ANGELES,LOS ANGELES,-118.26626586914064,34.00815963745117
8761773,2019,2019-02-01,1942,2019-01-04,1840,43577,1523,5,5,7,1942,0,0,0,O,0,PATROL,VICTORY BL,BABCOCK AV,20,W,N,A,-,N,NA,NA,NA,NA,NA,NA,NA,NA,NA,N,4,0,1,4,A,-,04,21703,NA,F,C,C,A,A,H,-,C,D,0,NA,NA,NA,NA,Y,NA,-,99,0,0,1,0,0,0,0,0,0,-,-,NA,NA,LOS ANGELES,LOS ANGELES,-118.40639495849608,34.186859130859375
8761776,2018,2019-01-22,1942,2018-11-06,1250,39938,1383,2,5,7,1942,0,0,0,M,0,13A93,MAIN ST,62ND ST,0,NA,Y,A,-,N,NA,NA,NA,NA,NA,NA,NA,NA,NA,Y,4,0,2,2,A,-,09,21801,A,N,D,C,A,A,H,-,A,D,0,NA,NA,NA,NA,Y,NA,A,01,0,0,2,0,0,0,0,0,0,-,-,NA,NA,LOS ANGELES,LOS ANGELES,-118.27394104003906,33.98331832885742
8761777,2019,2019-02-01,1942,2019-01-07,0905,40065,1549,1,5,7,1942,0,0,0,O,0,15A39,BURBANK BL,SATSUMA AV,6,E,N,B,-,N,NA,NA,NA,NA,NA,NA,NA,NA,NA,Y,3,0,1,2,A,-,08,22107,NA,F,D,C,A,A,H,-,A,D,0,NA,NA,Y,NA,Y,NA,A,01,0,1,0,0,0,0,0,0,1,-,-,NA,NA,LOS ANGELES,LOS ANGELES,-118.36753845214844,34.17216110229492
8761782,2018,2019-01-30,1900,2018-12-01,1928,542244,2822,6,5,5,1915,0,0,0,NA,0,283T1,ELM ST,ALAMEDA ST,0,NA,Y,A,-,N,NA,NA,NA,NA,NA,NA,NA,NA,NA,Y,2,0,1,2,D,-,00,NA,NA,N,D,D,A,A,H,-,B,A,0,NA,NA,NA,NA,Y,NA,-,-,1,0,0,0,0,0,0,0,0,-,-,33.90073013305664,-118.2205810546875,LOS ANGELES,COMPTON,-118.22113800048828,33.90066146850586
8761784,2018,2019-01-23,1942,2018-11-19,1515,40099,1323,1,5,7,1942,0,0,0,M,0,13A13,E ADAMS BL,CENTRAL AV,40,E,N,A,-,N,NA,NA,NA,NA,NA,NA,NA,NA,NA,N,4,0,1,2,A,-,04,21703,NA,N,C,C,A,A,H,-,A,D,0,NA,NA,NA,NA,Y,NA,I,20,0,0,1,0,0,0,0,0,0,-,-,NA,NA,LOS ANGELES,LOS ANGELES,-118.25482177734376,34.018714904785156
8761791,2018,2019-01-30,1900,2018-12-21,1153,550490,1132,5,5,6,1992,0,0,0,NA,0,111T2,AVENUE J,TREVOR AV,0,NA,Y,A,-,N,NA,NA,NA,NA,NA,NA,NA,NA,NA,Y,4,0,3,2,A,-,09,21801,A,N,D,C,A,A,H,-,A,D,0,NA,NA,NA,NA,Y,NA,D,22,0,0,3,0,0,0,0,0,0,-,-,NA,NA,LOS ANGELES,LANCASTER,-118.1325225830078,34.689449310302734
8761799,2018,2019-01-23,1900,2018-11-11,1642,629526,1137,7,5,6,1992,0,0,0,NA,0,112T1,CHALLENGER WY,AVENUE J,0,NA,Y,A,-,N,NA,NA,NA,NA,NA,NA,NA,NA,NA,Y,3,0,1,2,A,-,09,21801,A,N,D,C,A,A,H,-,A,A,0,NA,NA,NA,NA,Y,NA,A,01,0,1,0,0,0,0,0,0,0,-,-,NA,NA,LOS ANGELES,LANCASTER,-118.11266,34.68948
8761804,2018,2019-01-23,1942,2018-11-02,1640,38050,0174,5,5,7,1942,0,0,0,A,0,1A85,WERDIN PL,9TH ST,5,N,N,A,-,N,NA,NA,NA,NA,NA,NA,NA,NA,NA,N,3,0,1,2,A,-,09,21804,A,N,H,G,A,A,H,-,A,D,0,NA,Y,NA,NA,Y,NA,L,04,0,1,0,0,0,0,1,0,0,-,-,NA,NA,LOS ANGELES,LOS ANGELES,-118.25454711914064,34.04111862182617
8761808,2018,2019-01-23,1942,2018-11-14,1130,34458,1371,3,5,7,1942,0,0,0,M,0,13A85,S BROADWAY,53RD ST,75,S,N,A,-,N,NA,NA,NA,NA,NA,NA,NA,NA,NA,N,4,0,1,2,A,-,21,22106,NA,N,D,C,A,A,H,-,A,D,0,NA,NA,NA,NA,Y,NA,D,22,0,0,1,0,0,0,0,0,0,-,-,NA,NA,LOS ANGELES,LOS ANGELES,-118.27832794189452,33.99400329589844
8761810,2018,2019-01-22,1900,2018-12-31,0626,548793,0466,1,5,4,1936,0,0,0,NA,0,46T1,ALONDRA BL,STAGE RD,0,NA,Y,A,-,N,NA,NA,NA,NA,NA,NA,NA,NA,NA,Y,4,0,1,2,A,-,09,21801,A,N,A,C,A,A,H,-,C,A,0,NA,NA,NA,NA,Y,NA,A,01,0,0,1,0,0,0,0,0,0,-,-,NA,NA,LOS ANGELES,LA MIRADA,-118.01194763183594,33.888179779052734
8761815,2018,2019-02-05,1900,2018-12-19,1256,612176,0331,3,5,4,1939,0,0,0,NA,0,35T1,HAWTHORNE BL,153RD ST,0,NA,Y,A,-,N,NA,NA,NA,NA,NA,NA,NA,NA,NA,Y,3,0,1,2,A,-,09,21802,A,N,D,C,A,A,H,-,A,A,0,NA,NA,NA,NA,Y,NA,A,01,0,1,0,0,0,0,0,0,0,-,-,NA,NA,LOS ANGELES,LAWNDALE,-118.3527374267578,33.89236068725586
8761823,2018,2019-02-15,1900,2018-12-10,1904,529448,1430,1,5,4,1937,0,0,0,NA,0,143T1,PUENTE AV,TEMPLE AV,0,NA,Y,A,-,N,NA,NA,NA,NA,NA,NA,NA,NA,NA,Y,4,0,4,3,A,-,09,21801,A,N,-,-,A,A,H,-,C,-,0,NA,NA,NA,Y,Y,NA,A,01,0,0,4,0,0,0,0,0,0,-,-,34.05052185058594,-117.9818115234375,LOS ANGELES,LA PUENTE,-117.98188018798828,34.050628662109375
8761832,2018,2019-01-24,1942,2018-12-30,0515,42460,1612,7,5,7,1942,0,0,0,P,0,16A11,PAXTON ST,HERRICK AV,500,S,N,A,-,N,NA,NA,NA,NA,NA,NA,NA,NA,NA,Y,3,0,1,2,A,-,08,22107,NA,F,A,C,A,A,H,-,B,A,0,NA,NA,NA,Y,Y,NA,F,26,0,1,0,0,0,0,0,0,0,-,-,NA,NA,LOS ANGELES,LOS ANGELES,-118.42253112792967,34.276344299316406
8761834,2018,2019-01-24,1900,2018-12-15,1403,602985,0455,6,5,6,1949,0,0,0,NA,0,45T1,FERINA ST,MAIDSTONE AV,0,NA,Y,A,-,N,NA,NA,NA,NA,NA,NA,NA,NA,NA,Y,4,0,2,3,A,-,09,21802,A,N,D,C,A,A,H,-,A,D,0,NA,NA,NA,NA,Y,NA,-,-,0,0,2,0,0,0,0,0,0,-,-,NA,NA,LOS ANGELES,NORWALK,-118.08689880371094,33.89303970336914
8761839,2018,2019-01-22,1900,2018-11-26,1800,406363,1416,1,5,1,1932,0,0,0,NA,0,141T5,CASTLETON ST,STONER CREEK RD,0,NA,Y,A,-,N,NA,NA,NA,NA,NA,NA,NA,NA,NA,Y,4,0,1,3,A,-,09,21801,A,N,D,C,A,A,H,-,C,A,0,NA,NA,NA,NA,Y,NA,A,07,0,0,1,0,0,0,0,0,0,-,-,33.99266052246094,-117.91309356689452,LOS ANGELES,INDUSTRY,-117.9131317138672,33.99258041381836
8761841,2018,2019-01-17,1942,2018-11-17,1000,34332,0118,6,5,7,1942,0,0,0,A,0,1A1,N BROADWAY,BERNARD ST,60,S,N,A,-,N,NA,NA,NA,NA,NA,NA,NA,NA,NA,N,4,0,1,2,A,-,09,21801,A,N,D,C,A,A,H,-,A,A,0,NA,NA,Y,NA,Y,NA,C,06,0,0,1,0,0,0,0,0,0,-,-,NA,NA,LOS ANGELES,LOS ANGELES,-118.23596954345705,34.0666389465332
8761842,2018,2019-01-17,1942,2018-11-17,0140,42876,1361,6,5,7,1942,0,0,0,M,0,24T31,W VERNON AV,BROADWAY,135,E,N,A,-,N,NA,NA,NA,NA,NA,NA,NA,NA,NA,Y,4,0,1,2,A,-,09,21804,A,F,D,C,A,A,H,-,C,D,0,NA,NA,NA,NA,Y,NA,-,99,0,0,1,0,0,0,0,0,0,-,-,NA,NA,LOS ANGELES,LOS ANGELES,-118.27792358398438,34.00379943847656
8761844,2018,2019-01-17,1942,2018-12-21,1455,36733,1601,5,5,7,1942,0,0,0,P,0,16A11,FOOTHILL BL,VAUGHN ST,100,N,N,A,-,N,NA,NA,NA,NA,NA,NA,NA,NA,NA,N,4,0,1,2,A,-,09,21801,A,F,D,C,A,A,H,-,A,D,0,NA,NA,NA,NA,Y,NA,A,01,0,0,1,0,0,0,0,0,0,-,-,NA,NA,LOS ANGELES,LOS ANGELES,-118.41150665283205,34.290035247802734
8761845,2018,2019-01-17,1942,2018-11-16,1645,36460,0122,5,5,7,1942,0,0,0,A,0,1A1,NORTH FIGUEROA ST,DIAMOND ST,106,S,N,A,-,N,NA,NA,NA,NA,NA,NA,NA,NA,NA,N,3,0,1,1,A,-,03,22350,NA,N,H,G,A,A,H,-,A,A,0,NA,Y,NA,NA,Y,NA,L,04,0,1,0,0,0,0,1,0,0,-,-,NA,NA,LOS ANGELES,LOS ANGELES,-118.2515869140625,34.05816650390625
8761846,2018,2019-01-17,1942,2018-11-26,0740,34458,1383,1,5,7,1942,0,0,0,M,0,13A93,E 62ND ST,S MAIN ST,0,NA,Y,A,-,N,NA,NA,NA,NA,NA,NA,NA,NA,NA,Y,4,0,1,2,A,-,09,21802,A,F,D,C,A,A,H,-,A,A,0,NA,NA,NA,NA,Y,NA,-,99,0,0,1,0,0,0,0,0,0,-,-,NA,NA,LOS ANGELES,LOS ANGELES,-118.27394104003906,33.98331832885742
8761848,2018,2019-01-17,1942,2018-12-31,1720,39192,1621,1,5,7,1942,0,0,0,P,0,16A11,REMICK AV,VAN NUYS BL,15,N,N,A,-,N,NA,NA,NA,NA,NA,NA,NA,NA,NA,N,3,0,1,2,A,-,10,21950,A,F,G,B,B,A,H,-,A,D,0,Y,NA,NA,NA,Y,Y,-,99,0,1,0,0,1,0,0,0,0,-,-,NA,NA,LOS ANGELES,LOS ANGELES,-118.43384552001952,34.25762939453125
8761849,2018,2019-01-17,1942,2018-11-19,1815,33950,0181,1,5,7,1942,0,0,0,A,0,1A61,S FIGUEROA ST,W 11TH ST,0,NA,Y,A,-,N,NA,NA,NA,NA,NA,NA,NA,NA,NA,N,4,0,4,3,A,-,03,22350,NA,N,C,C,A,A,H,-,C,A,0,NA,NA,NA,NA,Y,NA,A,01,0,0,4,0,0,0,0,0,0,-,-,NA,NA,LOS ANGELES,LOS ANGELES,-118.26519012451172,34.04370880126953
8761850,2018,2019-01-17,1942,2018-11-24,2045,42876,1351,6,5,7,1942,0,0,0,M,0,24T33,VERNON AV,MAIN ST,65,E,N,A,-,N,NA,NA,NA,NA,NA,NA,NA,NA,NA,N,4,0,3,2,A,-,05,21460,A,F,B,C,A,A,H,-,C,D,0,NA,NA,NA,NA,Y,NA,-,99,0,0,3,0,0,0,0,0,0,-,-,NA,NA,LOS ANGELES,LOS ANGELES,-118.27400970458984,34.00382995605469
8761851,2018,2019-01-17,1900,2018-12-29,2152,632493,2836,6,5,5,1915,0,0,0,NA,0,284F1,WILMINGTON AV,BENNETT ST,50,S,N,A,-,N,NA,NA,NA,NA,NA,NA,NA,NA,NA,Y,4,0,2,2,A,-,03,22350,A,N,C,C,A,A,H,-,C,D,0,NA,NA,NA,NA,Y,NA,A,01,0,0,2,0,0,0,0,0,0,-,-,NA,NA,LOS ANGELES,COMPTON,-118.23664093017578,33.88198471069336
8761852,2018,2019-01-17,1942,2018-12-12,1910,40928,1612,3,5,7,1942,0,0,0,P,0,16EL1,PAXTON ST,BRADLEY AV,425,W,N,A,-,N,NA,NA,NA,NA,NA,NA,NA,NA,NA,N,3,0,1,2,A,-,09,21804,A,F,D,C,A,A,H,-,C,D,0,NA,NA,Y,NA,Y,NA,-,99,0,1,0,0,0,0,0,0,1,-,-,NA,NA,LOS ANGELES,LOS ANGELES,-118.42564392089844,34.27409744262695
8761853,2018,2019-01-17,1942,2018-11-18,1355,39395,0141,7,5,7,1942,0,0,0,A,0,1A41,W 5TH ST,S FIGUEROA ST,0,NA,Y,A,-,N,NA,NA,NA,NA,NA,NA,NA,NA,NA,N,4,0,3,2,A,-,12,21453,A,N,D,C,A,A,H,-,A,A,0,NA,NA,NA,NA,Y,NA,A,01,0,0,3,0,0,0,0,0,0,-,-,NA,NA,LOS ANGELES,LOS ANGELES,-118.25711822509766,34.05228042602539
8761854,2018,2019-01-17,1942,2018-11-20,0725,39395,1313,2,5,7,1942,0,0,0,M,0,13A13,EAST WASHINGTON BL,CENTRAL AV,4,E,N,A,-,N,NA,NA,NA,NA,NA,NA,NA,NA,NA,N,3,0,1,1,A,-,01,23152,E,N,E,I,A,A,H,-,A,A,0,NA,NA,NA,NA,Y,NA,A,01,0,1,0,0,0,0,0,0,0,-,-,NA,NA,LOS ANGELES,LOS ANGELES,-118.25054931640624,34.0244140625
8761855,2018,2019-01-17,1900,2018-12-09,1749,602463,2846,7,5,5,1915,0,0,0,NA,0,283T1,ALAMEDA ST,MYRRH ST,0,NA,Y,A,-,N,NA,NA,NA,NA,NA,NA,NA,NA,NA,Y,4,0,2,2,A,-,12,21453,A,N,D,C,A,A,H,-,B,A,0,NA,NA,NA,NA,Y,NA,A,01,0,0,2,0,0,0,0,0,0,-,-,NA,NA,LOS ANGELES,COMPTON,-118.22000122070313,33.89242935180664
8761856,2018,2019-01-17,1942,2018-12-02,0045,38729,0129,7,5,7,1942,0,0,0,A,0,1A29,E TEMPLE ST,GAREY ST,9,E,N,A,-,N,NA,NA,NA,NA,NA,NA,NA,NA,NA,Y,3,0,1,1,A,-,01,23152,A,N,A,I,A,A,H,-,C,D,0,NA,NA,NA,NA,Y,Y,A,01,0,1,0,0,0,0,0,0,0,-,-,NA,NA,LOS ANGELES,LOS ANGELES,-118.23452758789064,34.05036544799805
8761857,2018,2019-12-28,1942,2018-11-21,0650,31713,0154,3,5,7,1942,0,0,0,A,0,1A35,EAST 6TH ST,S MAIN ST,0,NA,Y,A,-,N,NA,NA,NA,NA,NA,NA,NA,NA,NA,N,4,0,1,2,A,-,08,22100,B,N,B,C,A,A,H,-,A,D,0,NA,NA,NA,NA,Y,NA,A,07,0,0,1,0,0,0,0,0,0,-,-,NA,NA,LOS ANGELES,LOS ANGELES,-118.24992370605467,34.045249938964844
8761858,2018,2019-01-17,1942,2018-11-30,1515,34426,1372,5,5,7,1942,0,0,0,M,0,13A85,MAIN ST,SLAUSON AV,17,S,N,A,-,N,NA,NA,NA,NA,NA,NA,NA,NA,NA,N,4,0,1,2,A,-,03,22350,NA,F,G,B,A,A,H,-,A,A,0,NA,NA,NA,NA,Y,NA,-,99,0,0,1,0,0,0,0,0,0,-,-,NA,NA,LOS ANGELES,LOS ANGELES,-118.27394104003906,33.98916244506836
8761859,2018,2019-01-17,1900,2018-12-19,1659,526692,1414,3,5,1,1932,0,0,0,NA,0,141T6,NELSON AV,WILLOW AV,0,NA,Y,A,-,N,NA,NA,NA,NA,NA,NA,NA,NA,NA,N,3,0,1,2,A,-,09,21802,A,N,D,C,A,A,H,-,B,D,0,NA,NA,NA,NA,Y,NA,A,01,0,1,0,0,0,0,0,0,0,-,-,34.04383087158203,-117.98143005371094,LOS ANGELES,INDUSTRY,-117.98152923583984,34.04389190673828
8761860,2018,2019-01-17,1942,2018-12-26,1530,34426,0111,3,5,7,1942,0,0,0,A,0,1A1,COLLEGE ST,HILL ST,0,NA,Y,A,-,N,NA,NA,NA,NA,NA,NA,NA,NA,NA,N,4,0,1,2,A,-,10,21950,A,N,G,B,B,A,H,-,A,A,0,Y,NA,NA,NA,Y,NA,A,07,0,0,1,0,1,0,0,0,0,-,-,NA,NA,LOS ANGELES,LOS ANGELES,-118.2387237548828,34.064430236816406
8761861,2018,2019-01-17,1942,2018-11-18,1330,40008,1331,7,5,7,1942,0,0,0,M,0,13A41,W ADAMS BL,S GRAND AV,0,NA,Y,A,-,N,NA,NA,NA,NA,NA,NA,NA,NA,NA,N,3,0,1,2,A,-,09,21801,A,N,D,G,A,A,H,-,A,D,0,NA,Y,NA,NA,Y,NA,L,04,0,1,0,0,0,0,1,0,0,-,-,NA,NA,LOS ANGELES,LOS ANGELES,-118.27227020263672,34.02647018432617
8761862,2018,2019-01-17,1942,2018-11-29,0955,34332,1321,4,5,7,1942,0,0,0,M,0,13A13,W ADAMS BL,S BROADWAY,0,NA,Y,C,-,N,NA,NA,NA,NA,NA,NA,NA,NA,NA,N,4,0,2,2,A,-,12,21453,A,F,D,C,A,B,H,-,A,A,0,NA,NA,NA,NA,Y,NA,-,99,0,0,2,0,0,0,0,0,0,-,-,NA,NA,LOS ANGELES,LOS ANGELES,-118.26978302001952,34.02534866333008
8761863,2018,2019-01-17,1900,2018-12-22,1256,600696,2847,6,5,5,1915,0,0,0,NA,0,282,WHITE AV,ALONDRA BL,210,S,N,A,-,N,NA,NA,NA,NA,NA,NA,NA,NA,NA,Y,4,0,2,2,A,-,09,21804,A,N,D,C,A,A,H,-,A,D,0,NA,NA,NA,NA,Y,NA,A,01,0,0,2,0,0,0,0,0,0,-,-,NA,NA,LOS ANGELES,COMPTON,-118.19512939453124,33.88874816894531
8761864,2018,2019-01-17,1942,2018-12-21,1510,41731,1309,5,5,7,1942,0,0,0,M,0,13A9,ALAMEDA,15TH ST,15,E,N,A,-,N,NA,NA,NA,NA,NA,NA,NA,NA,NA,N,4,0,1,2,A,-,05,21650,NA,N,H,G,A,A,-,-,A,A,0,NA,Y,NA,NA,Y,NA,L,04,0,0,1,0,0,0,1,0,0,-,-,NA,NA,LOS ANGELES,LOS ANGELES,NA,NA
8761865,2018,2019-01-17,1942,2018-11-04,1555,37952,0123,7,5,7,1942,0,0,0,A,0,1A1,WTEMPLE ST,N BROADWAY,0,NA,Y,A,-,N,NA,NA,NA,NA,NA,NA,NA,NA,NA,Y,4,0,1,2,A,-,12,21453,A,N,D,C,A,A,H,-,A,A,0,NA,NA,NA,NA,Y,NA,A,01,0,0,1,0,0,0,0,0,0,-,-,NA,NA,LOS ANGELES,LOS ANGELES,-118.24359,34.05576
8761866,2018,2019-01-17,1942,2018-11-25,1230,42706,1385,7,5,7,1942,0,0,0,M,0,13X45,GAGE AV,AVALON BL,25,W,N,A,-,N,NA,NA,NA,NA,NA,NA,NA,NA,NA,N,3,0,1,2,A,-,09,21801,NA,F,A,C,A,A,H,-,A,A,0,NA,NA,NA,NA,Y,NA,-,99,0,1,0,0,0,0,0,0,0,-,-,NA,NA,LOS ANGELES,LOS ANGELES,-118.26527404785156,33.982479095458984
8761867,2018,2019-01-17,1900,2018-12-18,1537,600174,2843,2,5,5,1915,0,0,0,NA,0,283T1,LONG BEACH BL,ALONDRA BL,210,N,N,A,-,N,NA,NA,NA,NA,NA,NA,NA,NA,NA,Y,3,0,5,1,A,-,17,21701,NA,N,E,I,A,A,H,-,A,D,0,NA,NA,NA,NA,Y,NA,A,07,0,2,3,0,0,0,0,0,0,-,-,NA,NA,LOS ANGELES,COMPTON,-118.2072525024414,33.88923645019531
8761868,2018,2019-01-17,1942,2018-12-24,0050,42045,1672,1,5,7,1942,0,0,0,P,0,16A11,LANKERSHIM,SAN FERNANDO,0,NA,Y,A,-,N,NA,NA,NA,NA,NA,NA,NA,NA,NA,Y,4,0,1,2,A,-,03,22350,A,F,C,C,A,A,H,-,C,A,0,NA,NA,NA,NA,Y,Y,-,99,0,0,1,0,0,0,0,0,0,-,-,NA,NA,LOS ANGELES,LOS ANGELES,-118.3878173828125,34.23368835449219
8761870,2018,2019-01-17,1942,2018-11-09,1905,38729,1393,5,5,7,1942,0,0,0,M,0,13A93,S BROADWAY,FLORENCE AV,30,N,N,A,-,N,NA,NA,NA,NA,NA,NA,NA,NA,NA,Y,4,0,2,2,A,-,03,22350,NA,F,C,C,A,A,H,-,C,A,0,NA,NA,NA,NA,Y,NA,A,01,0,0,2,0,0,0,0,0,0,-,-,NA,NA,LOS ANGELES,LOS ANGELES,-118.27832794189452,33.9747428894043
8761872,2018,2019-01-17,1942,2018-12-01,2150,40325,0195,6,5,7,1942,0,0,0,A,0,1A85,MAIN ST,18TH ST,0,NA,Y,A,-,N,NA,NA,NA,NA,NA,NA,NA,NA,NA,N,4,0,3,3,A,-,12,21453,A,N,D,C,A,A,H,-,C,A,0,NA,NA,NA,NA,Y,Y,A,01,0,0,3,0,0,0,0,0,0,-,-,NA,NA,LOS ANGELES,LOS ANGELES,-118.26368713378906,34.03218078613281
8761873,2018,2019-01-17,1942,2018-11-14,1640,40164,0192,3,5,7,1942,0,0,0,A,0,24TL54,PICO BL,GRAND AV,150,W,N,A,-,N,NA,NA,NA,NA,NA,NA,NA,NA,NA,N,4,0,2,2,A,-,09,21804,A,N,B,C,A,A,H,-,C,D,0,NA,NA,NA,NA,Y,NA,A,07,0,0,2,0,0,0,0,0,0,-,-,NA,NA,LOS ANGELES,LOS ANGELES,-118.26475524902344,34.039085388183594
8761874,2018,2019-01-17,1942,2018-11-27,1015,41629,1343,2,5,7,1942,0,0,0,M,0,13A43,S CENTRAL AV,E 34TH ST,0,NA,Y,A,-,N,NA,NA,NA,NA,NA,NA,NA,NA,NA,Y,4,0,1,2,A,-,09,21801,A,N,A,E,A,A,H,-,A,A,0,NA,NA,Y,NA,Y,NA,A,01,0,0,1,0,0,0,0,0,1,-,-,NA,NA,LOS ANGELES,LOS ANGELES,-118.25652313232422,34.01279067993164
8761877,2018,2019-01-17,1942,2018-11-07,1055,31713,0192,3,5,7,1942,0,0,0,A,0,1A61,14TH ST,OLIVE ST,125,W,N,A,-,N,NA,NA,NA,NA,NA,NA,NA,NA,NA,N,4,0,1,2,A,-,10,21952,NA,N,G,B,F,A,H,-,A,D,0,Y,NA,NA,NA,Y,NA,A,01,0,0,1,0,1,0,0,0,0,-,-,NA,NA,LOS ANGELES,LOS ANGELES,-118.26463317871094,34.036773681640625
8761878,2018,2019-01-17,1942,2018-11-30,0705,38502,1313,5,5,7,1942,0,0,0,M,0,13A13,STANFORD AV,EAST WASHINGTON BL,0,NA,Y,A,-,N,NA,NA,NA,NA,NA,NA,NA,NA,NA,N,4,0,1,2,A,-,09,21804,A,N,D,G,A,A,H,-,A,D,0,NA,Y,NA,NA,Y,NA,L,04,0,0,1,0,0,0,1,0,0,-,-,NA,NA,LOS ANGELES,LOS ANGELES,-118.25557708740234,34.02674102783203