CASE_ID,ACCIDENT_YEAR,PROC_DATE,JURIS,COLLISION_DATE,COLLISION_TIME,OFFICER_ID,REPORTING_DISTRICT,DAY_OF_WEEK,CHP_SHIFT,POPULATION,CNTY_CITY_LOC,SPECIAL_COND,BEAT_TYPE,CHP_BEAT_TYPE,CITY_DIVISION_LAPD,CHP_BEAT_CLASS,BEAT_NUMBER,PRIMARY_RD,SECONDARY_RD,DISTANCE,DIRECTION,INTERSECTION,WEATHER_1,WEATHER_2,STATE_HWY_IND,CALTRANS_COUNTY,CALTRANS_DISTRICT,STATE_ROUTE,ROUTE_SUFFIX,POSTMILE_PREFIX,POSTMILE,LOCATION_TYPE,RAMP_INTERSECTION,SIDE_OF_HWY,TOW_AWAY,COLLISION_SEVERITY,NUMBER_KILLED,NUMBER_INJURED,PARTY_COUNT,PRIMARY_COLL_FACTOR,PCF_CODE_OF_VIOL,PCF_VIOL_CATEGORY,PCF_VIOLATION,PCF_VIOL_SUBSECTION,HIT_AND_RUN,TYPE_OF_COLLISION,MVIW,PED_ACTION,ROAD_SURFACE,ROAD_COND_1,ROAD_COND_2,LIGHTING,CONTROL_DEVICE,CHP_ROAD_TYPE,PEDESTRIAN_ACCIDENT,BICYCLE_ACCIDENT,MOTORCYCLE_ACCIDENT,TRUCK_ACCIDENT,NOT_PRIVATE_PROPERTY,ALCOHOL_INVOLVED,STWD_VEHTYPE_AT_FAULT,CHP_VEHTYPE_AT_FAULT,COUNT_SEVERE_INJ,COUNT_VISIBLE_INJ,COUNT_COMPLAINT_PAIN,COUNT_PED_KILLED,COUNT_PED_INJURED,COUNT_BICYCLIST_KILLED,COUNT_BICYCLIST_INJURED,COUNT_MC_KILLED,COUNT_MC_INJURED,PRIMARY_RAMP,SECONDARY_RAMP,LATITUDE,LONGITUDE,COUNTY,CITY,POINT_X,POINT_Y
8766113,2018,2019-01-03,1942,2018-10-31,1830,43468,1351,3,5,7,1942,0,0,0,M,0,1A2,W 40TH PL,BROADWAY PL,0,NA,Y,A,-,N,NA,NA,NA,NA,NA,NA,NA,NA,NA,N,3,0,1,2,A,-,10,21950,A,F,G,B,B,A,H,-,C,-,0,Y,NA,NA,NA,Y,NA,-,99,0,1,0,0,1,0,0,0,0,-,-,NA,NA,LOS ANGELES,LOS ANGELES,-118.27835845947266,34.0101318359375
8766117,2018,2019-01-03,1942,2018-10-15,1830,42445,1307,1,5,7,1942,0,0,0,M,0,13X94,OLYMPIC BL,S CENTRAL AV,0,NA,Y,A,-,N,NA,NA,NA,NA,NA,NA,NA,NA,NA,N,4,0,1,2,A,-,11,21106,B,N,G,B,B,A,H,-,C,A,0,Y,NA,NA,NA,Y,NA,N,60,0,0,1,0,1,0,0,0,0,-,-,NA,NA,LOS ANGELES,LOS ANGELES,-118.2441635131836,34.032039642333984
8766121,2018,2019-01-14,1942,2018-10-27,1320,35455,1145,6,5,7,1942,0,0,0,K,0,11A37,FLETCHER DR,RIVERSIDE DR,0,NA,Y,A,-,N,NA,NA,NA,NA,NA,NA,NA,NA,NA,N,3,0,1,2,A,-,08,22100,A,F,D,G,A,A,H,-,A,A,0,NA,Y,NA,NA,Y,NA,-,99,0,1,0,0,0,0,1,0,0,-,-,NA,NA,LOS ANGELES,LOS ANGELES,-118.25655364990234,34.10599136352539
8766125,2018,2019-01-03,1942,2018-10-06,2130,37782,1163,6,5,7,1942,0,0,0,K,0,4A59,MADISON AV,NORMAL AV,20,S,N,A,-,N,NA,NA,NA,NA,NA,NA,NA,NA,NA,N,4,0,1,2,A,-,08,22107,NA,F,G,B,D,A,H,-,C,D,0,Y,NA,NA,NA,Y,NA,-,99,0,0,1,0,1,0,0,0,0,-,-,NA,NA,LOS ANGELES,LOS ANGELES,-118.28923034667967,34.086585998535156
8766129,2018,2019-01-03,1942,2018-10-18,2240,42903,1145,4,5,7,1942,0,0,0,K,0,11A71,FLETCHER DR,RIPPLE ST,130,W,N,A,-,N,NA,NA,NA,NA,NA,NA,NA,NA,NA,N,3,0,1,2,A,-,09,21801,A,F,H,J,A,A,H,-,C,A,0,NA,NA,Y,NA,Y,NA,-,99,0,1,0,0,0,0,0,0,1,-,-,NA,NA,LOS ANGELES,LOS ANGELES,-118.25474548339844,34.10750961303711
8766133,2018,2019-01-03,1942,2018-10-17,1440,43280,1137,3,5,7,1942,0,0,0,K,0,11A37,MONTE VISTA,AVE 54,0,NA,Y,A,-,N,NA,NA,NA,NA,NA,NA,NA,NA,NA,N,3,0,1,2,A,-,12,21453,A,F,B,C,A,A,H,-,A,A,0,NA,NA,NA,NA,Y,NA,-,99,0,1,0,0,0,0,0,0,0,-,-,NA,NA,LOS ANGELES,LOS ANGELES,-118.1984634399414,34.10980987548828
8766141,2018,2019-01-03,1942,2018-10-17,0907,31188,1265,3,5,7,1942,0,0,0,L,0,25MQ12,MANCHESTER AV,NORMANDIE AV,100,W,N,A,-,N,NA,NA,NA,NA,NA,NA,NA,NA,NA,N,3,0,1,2,A,-,09,21804,A,F,B,C,A,A,H,-,A,A,0,NA,NA,NA,NA,Y,NA,-,99,0,1,0,0,0,0,0,0,0,-,-,NA,NA,LOS ANGELES,LOS ANGELES,-118.30059814453124,33.96001052856445
8766156,2018,2019-01-07,1942,2018-12-05,1355,3714,0308,3,5,7,1942,0,0,0,C,0,25TL22,S UNION AV,21ST ST,12,N,N,C,-,N,NA,NA,NA,NA,NA,NA,NA,NA,NA,N,4,0,1,2,A,-,10,21950,A,N,G,B,B,B,H,-,A,A,0,Y,NA,NA,NA,Y,NA,A,01,0,0,1,0,1,0,0,0,0,-,-,NA,NA,LOS ANGELES,LOS ANGELES,-118.2824249267578,34.03654861450195
8766160,2018,2019-01-07,1942,2018-12-11,1830,35393,1213,2,5,7,1942,0,0,0,L,0,12A3,S WESTERN AV,52ND ST W,0,NA,Y,A,-,N,NA,NA,NA,NA,NA,NA,NA,NA,NA,N,4,0,1,2,A,-,09,21802,A,F,D,C,A,A,H,-,C,A,0,NA,NA,NA,NA,Y,NA,A,01,0,0,1,0,0,0,0,0,0,-,-,NA,NA,LOS ANGELES,LOS ANGELES,-118.30893707275392,33.995059967041016
8766161,2018,2019-01-15,1942,2018-10-28,0020,42948,1134,7,5,7,1942,0,0,0,K,0,11A89,BUSHWICK ST,AVENUE 33,0,NA,Y,A,-,N,NA,NA,NA,NA,NA,NA,NA,NA,NA,Y,4,0,1,1,A,-,12,22450,A,N,E,I,A,A,H,-,C,D,0,NA,NA,NA,NA,Y,Y,A,01,0,0,1,0,0,0,0,0,0,-,-,NA,NA,LOS ANGELES,LOS ANGELES,-118.23967742919922,34.11518859863281
8766165,2018,2019-01-15,1942,2018-10-26,1735,38550,1125,5,5,7,1942,0,0,0,K,0,11A26,YORK BL,AVE 50,10,E,N,A,-,N,NA,NA,NA,NA,NA,NA,NA,NA,NA,Y,2,0,1,2,A,-,09,21801,NA,N,D,C,A,A,H,-,B,A,0,NA,NA,Y,NA,Y,NA,-,-,1,0,0,0,0,0,0,0,1,-,-,NA,NA,LOS ANGELES,LOS ANGELES,-118.20685577392578,34.12147521972656
8766169,2018,2019-01-15,1942,2018-10-27,0950,31271,1125,6,5,7,1942,0,0,0,K,0,11A25,AVENUE 50,BUCHANAN ST,0,NA,Y,A,-,N,NA,NA,NA,NA,NA,NA,NA,NA,NA,N,4,0,1,2,A,-,10,21950,A,N,G,B,B,A,H,-,A,A,0,Y,NA,NA,NA,Y,NA,A,01,0,0,1,0,1,0,0,0,0,-,-,NA,NA,LOS ANGELES,LOS ANGELES,-118.20738983154295,34.11970138549805
8766173,2018,2019-01-02,1942,2018-10-17,1245,43547,1172,3,5,7,1942,0,0,0,K,0,11A71,FLETCHER DR,RIPPLE ST,0,NA,Y,A,-,N,NA,NA,NA,NA,NA,NA,NA,NA,NA,N,4,0,1,2,A,-,09,21801,B,N,B,C,A,A,H,-,A,A,0,NA,NA,NA,NA,Y,NA,A,07,0,0,1,0,0,0,0,0,0,-,-,NA,NA,LOS ANGELES,LOS ANGELES,-118.25444793701172,34.10776901245117
8766178,2018,2019-01-03,1969,2018-10-18,0010,10211,PATRO,4,5,5,1969,0,0,0,NA,0,001,MONTARA AV,SEMINOLE AV,0,NA,Y,A,-,N,NA,NA,NA,NA,NA,NA,NA,NA,NA,Y,4,0,1,4,A,-,09,21802,A,N,D,C,A,A,H,-,C,D,0,NA,NA,NA,NA,Y,NA,A,01,0,0,1,0,0,0,0,0,0,-,-,NA,NA,LOS ANGELES,SOUTH GATE,-118.21961975097656,33.939361572265625
8766182,2018,2019-01-03,1969,2018-10-04,1326,10050,NA,4,5,5,1969,0,0,0,NA,0,0D5,GARFIELD AV,FIRESTONE BL,100,N,N,A,-,N,NA,NA,NA,NA,NA,NA,NA,NA,NA,Y,4,0,1,3,A,-,03,22350,NA,N,C,C,A,A,H,-,A,A,0,NA,NA,NA,NA,Y,NA,A,01,0,0,1,0,0,0,0,0,0,-,-,NA,NA,LOS ANGELES,SOUTH GATE,-118.16516876220705,33.94935607910156
8766186,2018,2019-01-14,1942,2018-10-31,1745,42224,NEWT,3,5,7,1942,0,0,0,NA,0,13X94,HOOPER AV,27TH ST,0,NA,Y,A,-,N,NA,NA,NA,NA,NA,NA,NA,NA,NA,N,2,0,1,2,A,-,12,22450,A,N,A,C,A,A,H,-,A,D,0,NA,NA,Y,NA,Y,NA,-,-,1,0,0,0,0,0,0,0,1,-,-,NA,NA,LOS ANGELES,LOS ANGELES,-118.25086975097656,34.01578903198242
8766190,2018,2019-01-03,1942,2018-10-23,1710,43125,1342,2,5,7,1942,0,0,0,M,0,0LA,MAIN ST,35TH,0,NA,Y,A,-,N,NA,NA,NA,NA,NA,NA,NA,NA,NA,N,3,0,1,2,A,-,17,21454,A,N,A,B,D,A,H,-,A,D,0,Y,NA,NA,NA,Y,NA,N,60,0,1,0,0,1,0,0,0,0,-,-,NA,NA,LOS ANGELES,LOS ANGELES,-118.2734603881836,34.017391204833984
8766193,2018,2019-01-15,1942,2018-10-09,2315,41582,1232,2,5,7,1942,0,0,0,L,0,12A67,CRENSHAW BL,SLAUSON AV,10,N,N,A,-,N,NA,NA,NA,NA,NA,NA,NA,NA,NA,Y,3,0,1,2,A,-,12,21453,A,N,D,C,A,A,H,-,C,A,0,NA,NA,Y,NA,Y,NA,-,-,0,1,0,0,0,0,0,0,1,-,-,NA,NA,LOS ANGELES,LOS ANGELES,-118.33090972900392,33.989036560058594
8766194,2018,2019-01-03,1942,2018-10-23,1640,43114,1313,2,5,7,1942,0,0,0,M,0,13A13,ADAIR ST,WASHINGTON BL,0,NA,Y,A,-,N,NA,NA,NA,NA,NA,NA,NA,NA,NA,N,3,0,1,2,A,-,10,21950,NA,N,G,B,D,A,H,-,A,D,0,Y,NA,NA,NA,Y,NA,A,01,0,1,0,0,1,0,0,0,0,-,-,NA,NA,LOS ANGELES,LOS ANGELES,-118.2582778930664,34.02799987792969
8766197,2018,2019-01-02,1942,2018-10-30,1645,42448,0989,2,5,7,1942,0,0,0,I,0,9A89,WOODMAN AV,MOORPARK ST,50,N,N,A,-,N,NA,NA,NA,NA,NA,NA,NA,NA,NA,NA,4,0,1,2,A,-,08,22107,NA,N,B,C,A,A,H,-,A,D,0,NA,NA,NA,NA,Y,NA,-,NA,0,0,1,0,0,0,0,0,0,-,-,NA,NA,LOS ANGELES,LOS ANGELES,-118.43122863769533,34.15049743652344
8766198,2018,2019-01-03,1942,2018-10-16,0600,42050,1385,2,5,7,1942,0,0,0,M,0,1363,AVALON BL,GAGE AV,100,S,N,A,-,N,NA,NA,NA,NA,NA,NA,NA,NA,NA,N,4,0,1,2,A,-,05,21650,1,N,A,G,A,A,-,-,C,D,0,NA,Y,NA,NA,Y,NA,L,04,0,0,1,0,0,0,1,0,0,-,-,NA,NA,LOS ANGELES,LOS ANGELES,-118.26519012451172,33.98220443725586
8766202,2018,2019-01-14,1942,2018-10-13,0920,43225,1372,6,5,7,1942,0,0,0,M,0,13A75,MAIN ST,53RD ST,0,NA,Y,B,-,N,NA,NA,NA,NA,NA,NA,NA,NA,NA,Y,4,0,1,3,A,-,03,22350,NA,N,C,C,A,B,H,-,A,A,0,NA,NA,NA,NA,Y,NA,A,07,0,0,1,0,0,0,0,0,0,-,-,NA,NA,LOS ANGELES,LOS ANGELES,-118.2739715576172,33.99420166015625
8766206,2018,2019-01-14,1942,2018-10-10,2000,36326,1361,3,5,7,1942,0,0,0,M,0,13A85,GRAND AV,VERNON AV,65,S,N,A,-,N,NA,NA,NA,NA,NA,NA,NA,NA,NA,N,3,0,1,2,A,-,11,21956,A,N,A,B,E,A,H,-,C,D,0,Y,NA,NA,NA,Y,NA,N,60,0,1,0,0,1,0,0,0,0,-,-,NA,NA,LOS ANGELES,LOS ANGELES,-118.2805404663086,34.00359344482422
8766210,2018,2019-01-04,1942,2018-10-10,1915,43484,1353,3,5,7,1942,0,0,0,M,0,13A43,VERNON AV,MCKINLEY AV,0,NA,Y,A,-,N,NA,NA,NA,NA,NA,NA,NA,NA,NA,N,4,0,1,2,A,-,09,21801,A,N,D,C,A,A,H,-,C,A,0,NA,NA,NA,NA,Y,NA,A,01,0,0,1,0,0,0,0,0,0,-,-,NA,NA,LOS ANGELES,LOS ANGELES,-118.26090240478516,34.00389862060547
8766214,2018,2019-01-03,1942,2018-10-07,1830,37280,1353,7,5,7,1942,0,0,0,M,0,13X94,VERNON AV,MCKINLEY,150,E,N,A,-,N,NA,NA,NA,NA,NA,NA,NA,NA,NA,N,4,0,1,2,A,-,21,22106,NA,N,B,C,A,A,H,-,B,D,0,NA,NA,NA,NA,Y,NA,A,01,0,0,1,0,0,0,0,0,0,-,-,NA,NA,LOS ANGELES,LOS ANGELES,-118.26040649414064,34.00389862060547
8766218,2018,2019-01-03,1942,2018-10-28,2140,34906,1385,7,5,7,1942,0,0,0,M,0,13A27,CENTRAL AV,60TH ST,100,S,N,A,-,N,NA,NA,NA,NA,NA,NA,NA,NA,NA,Y,3,0,1,2,A,-,03,22350,NA,N,C,C,A,A,H,-,D,B,0,NA,NA,NA,NA,Y,NA,A,01,0,1,0,0,0,0,0,0,0,-,-,NA,NA,LOS ANGELES,LOS ANGELES,-118.25646209716795,33.98542404174805
8766221,2018,2019-01-02,1900,2018-10-19,1247,609664,0456,5,5,6,1949,0,0,0,NA,0,43T1,PIONEER BL,LINDALE ST,0,NA,Y,A,-,N,NA,NA,NA,NA,NA,NA,NA,NA,NA,Y,4,0,1,4,A,-,03,22350,NA,N,C,C,A,A,H,-,A,A,0,NA,NA,NA,NA,Y,NA,A,01,0,0,1,0,0,0,0,0,0,-,-,NA,NA,LOS ANGELES,NORWALK,-118.08258056640624,33.90032196044922
8766222,2018,2019-01-03,1942,2018-10-28,1820,43036,1307,7,5,7,1942,0,0,0,M,0,13X45W,8TH ST,CERES AV,0,NA,Y,A,-,N,NA,NA,NA,NA,NA,NA,NA,NA,NA,Y,4,0,1,2,A,-,09,21804,A,N,D,G,A,A,H,-,C,D,0,NA,Y,NA,NA,Y,NA,L,04,0,0,1,0,0,0,1,0,0,-,-,NA,NA,LOS ANGELES,LOS ANGELES,-118.24559783935548,34.03554153442383
8766226,2018,2019-01-03,1942,2018-10-27,1710,42313,1321,6,5,7,1942,0,0,0,M,0,13X94,FIGUEROA ST,22ND ST,0,NA,Y,A,-,N,NA,NA,NA,NA,NA,NA,NA,NA,NA,N,2,0,1,2,A,-,05,21650,1,N,-,G,A,A,H,-,A,-,0,NA,Y,NA,NA,Y,NA,L,04,1,0,0,0,0,0,1,0,0,-,-,NA,NA,LOS ANGELES,LOS ANGELES,-118.27384185791016,34.03163146972656
8766230,2018,2019-01-03,1942,2018-10-30,1330,37282,1385,2,5,7,1942,0,0,0,M,0,13X71,GAGE,AVALON,0,NA,Y,A,-,N,NA,NA,NA,NA,NA,NA,NA,NA,NA,Y,4,0,3,2,A,-,09,21801,A,N,A,C,A,A,H,-,A,A,0,NA,NA,NA,NA,Y,NA,A,01,0,0,3,0,0,0,0,0,0,-,-,NA,NA,LOS ANGELES,LOS ANGELES,-118.26519012451172,33.982479095458984
8766234,2018,2019-01-03,1942,2018-10-29,1730,43369,1347,1,5,7,1942,0,0,0,M,0,13A28W,41ST ST,ALAMEDA,48,W,N,A,-,N,NA,NA,NA,NA,NA,NA,NA,NA,NA,N,3,0,1,2,A,-,06,21754,NA,N,B,C,A,A,H,-,A,A,0,NA,NA,Y,NA,Y,NA,C,02,0,1,0,0,0,0,0,0,1,-,-,NA,NA,LOS ANGELES,LOS ANGELES,-118.23969,34.00796
8766238,2018,2019-01-14,1942,2018-10-29,0220,34906,LOS A,1,5,7,1942,0,0,0,NA,0,13A27,24TH ST,LONG BEACH AV,0,NA,Y,A,-,N,NA,NA,NA,NA,NA,NA,NA,NA,NA,N,4,0,1,2,A,-,12,21453,A,F,D,C,A,A,H,-,C,A,0,NA,NA,NA,NA,Y,NA,-,99,0,0,1,0,0,0,0,0,0,-,-,NA,NA,LOS ANGELES,LOS ANGELES,-118.2432098388672,34.015220642089844
8766248,2018,2019-01-09,1942,2018-10-30,1015,32996,0491,2,5,7,1942,0,0,0,D,0,4A97,S SOTO ST,N WASHINGTON BL,665,N,N,A,-,N,NA,NA,NA,NA,NA,NA,NA,NA,NA,N,4,0,1,2,A,-,07,21658,A,N,B,C,A,A,H,-,A,A,0,NA,NA,NA,NA,Y,NA,A,01,0,0,1,0,0,0,0,0,0,-,-,NA,NA,LOS ANGELES,LOS ANGELES,-118.22017669677734,34.01911163330078
8766264,2018,2019-01-12,1972,2018-10-20,1058,18450,NA,6,5,6,1972,0,0,0,NA,0,NA,ARTESIA BL,GLENBURN AV,100,E,N,A,-,N,NA,NA,NA,NA,NA,NA,NA,NA,NA,Y,4,0,1,3,A,-,03,22350,NA,N,C,C,A,A,H,-,A,D,0,NA,NA,NA,NA,Y,NA,A,NA,0,0,1,0,0,0,0,0,0,-,-,NA,NA,LOS ANGELES,TORRANCE,-118.33004760742188,33.87290573120117
8766320,2018,2019-01-10,1900,2018-11-30,1200,532438,1610,5,5,5,1977,0,0,0,NA,0,160T,GARDENA BL,MAIN ST,348,E,N,A,-,N,NA,NA,NA,NA,NA,NA,NA,NA,NA,N,3,0,2,2,A,-,07,21658,A,N,B,C,A,A,H,-,A,D,0,NA,NA,NA,Y,Y,NA,A,01,0,1,1,0,0,0,0,0,0,-,-,33.88214874267578,-118.27156829833984,LOS ANGELES,CARSON,-118.27578735351564,33.88201141357422
8766330,2018,2019-01-03,1942,2018-09-22,0030,42931,0231,6,5,7,1942,0,0,0,B,0,2A69,BEVERLY BL,DILLON ST,70,E,N,A,-,N,NA,NA,NA,NA,NA,NA,NA,NA,NA,Y,4,0,3,5,A,-,03,22350,NA,N,B,C,A,A,H,-,C,A,0,NA,NA,NA,NA,Y,NA,A,01,0,0,3,0,0,0,0,0,0,-,-,NA,NA,LOS ANGELES,LOS ANGELES,-118.2829132080078,34.07212448120117
8766348,2018,2019-01-26,1942,2018-12-09,1930,38947,0923,7,5,7,1942,0,0,0,I,0,9A23,VICTORY BL,KESTER AV,0,NA,Y,A,-,N,NA,NA,NA,NA,NA,NA,NA,NA,NA,Y,4,0,1,2,A,-,09,21801,A,N,D,C,A,A,H,-,B,A,0,NA,NA,NA,NA,Y,NA,A,01,0,0,1,0,0,0,0,0,0,-,-,NA,NA,LOS ANGELES,LOS ANGELES,-118.45745086669922,34.18666076660156
8766352,2018,2019-01-18,1942,2018-12-11,1615,33294,0914,2,5,7,1942,0,0,0,I,0,9A23,VANOWEN ST,VAN NUYS BL,0,NA,Y,A,-,N,NA,NA,NA,NA,NA,NA,NA,NA,NA,Y,4,0,1,2,A,-,12,21453,A,N,D,C,A,A,H,-,A,A,0,NA,NA,NA,NA,Y,NA,A,01,0,0,1,0,0,0,0,0,0,-,-,NA,NA,LOS ANGELES,LOS ANGELES,-118.44873809814452,34.19390869140625
8766356,2018,2019-01-11,1942,2018-12-11,1720,40362,0984,2,5,7,1942,0,0,0,I,0,9X14W4,DICKENS ST,CEDROS AV,0,NA,Y,A,-,N,NA,NA,NA,NA,NA,NA,NA,NA,NA,N,3,0,1,2,A,-,09,21801,A,N,G,B,B,A,H,-,C,A,0,Y,NA,NA,NA,Y,NA,D,22,0,1,0,0,1,0,0,0,0,-,-,NA,NA,LOS ANGELES,LOS ANGELES,-118.4517822265625,34.150428771972656
8766357,2018,2019-01-07,1942,2018-11-15,0750,43153,1613,4,5,7,1942,0,0,0,P,0,16A23,VAN NUYS BL,BORDEN,5,N,N,A,-,N,NA,NA,NA,NA,NA,NA,NA,NA,NA,N,3,0,1,2,A,-,10,21950,A,N,G,B,B,A,H,-,A,D,0,Y,NA,NA,NA,Y,NA,A,01,0,1,0,0,1,0,0,0,0,-,-,NA,NA,LOS ANGELES,LOS ANGELES,-118.40840911865234,34.27608871459961
8766360,2018,2019-01-16,1942,2018-12-21,0925,39217,0926,5,5,7,1942,0,0,0,I,0,9A19,VANOWEN ST,HAZELTINE AV,130,E,N,A,-,N,NA,NA,NA,NA,NA,NA,NA,NA,NA,Y,4,0,1,3,A,-,07,21658,A,N,C,C,A,A,H,-,A,D,0,NA,NA,NA,NA,Y,NA,A,01,0,0,1,0,0,0,0,0,0,-,-,NA,NA,LOS ANGELES,LOS ANGELES,-118.43955230712892,34.193939208984375
8766361,2018,2019-01-24,1942,2018-11-29,1730,36990,952,4,5,7,1942,0,0,0,NA,0,9A63,BURBANK,KESTER,0,NA,Y,C,-,N,NA,NA,NA,NA,NA,NA,NA,NA,NA,Y,4,0,2,2,A,-,09,21801,NA,N,A,C,A,B,H,-,C,A,0,NA,NA,NA,NA,Y,NA,-,NA,0,0,2,0,0,0,0,0,0,-,-,NA,NA,LOS ANGELES,LOS ANGELES,-118.45745086669922,34.17211151123047
8766364,2018,2019-01-26,1942,2018-12-05,0820,40141,0919,3,5,7,1942,0,0,0,I,0,9A19,SHERMAN WY,ALLOTT AV,0,NA,Y,B,-,N,NA,NA,NA,NA,NA,NA,NA,NA,NA,Y,4,0,2,2,A,-,12,21453,A,N,D,C,A,A,H,-,A,A,0,NA,NA,NA,NA,Y,NA,-,-,0,0,2,0,0,0,0,0,0,-,-,NA,NA,LOS ANGELES,LOS ANGELES,-118.42807006835938,34.20119094848633
8766365,2018,2019-01-07,1942,2018-11-27,1435,35737,929,2,5,7,1942,0,0,0,NA,0,9L40,VICTORY BL,LONGRIDGE AV,100,E,N,A,-,N,NA,NA,NA,NA,NA,NA,NA,NA,NA,N,4,0,2,2,A,-,04,21703,NA,N,C,C,A,A,H,-,A,D,0,NA,NA,NA,NA,Y,NA,-,NA,0,0,2,0,0,0,0,0,0,-,-,NA,NA,LOS ANGELES,LOS ANGELES,-118.42111206054688,34.18667984008789
8766369,2018,2019-01-07,1942,2018-11-23,1530,42473,VNYS9,5,5,7,1942,0,0,0,NA,0,0933,VAN NUYS BL,SYLVAN ST,6,S,N,A,-,N,NA,NA,NA,NA,NA,NA,NA,NA,NA,N,3,0,1,2,D,-,00,NA,NA,N,D,G,A,A,H,-,A,D,0,NA,Y,NA,NA,Y,NA,-,-,0,1,0,0,0,0,1,0,0,-,-,NA,NA,LOS ANGELES,LOS ANGELES,-118.44876098632813,34.18462371826172
8766373,2018,2019-01-07,1942,2018-11-26,1840,3,0923,1,5,7,1942,0,0,0,I,0,10X24,MAGNOLIA BL,VAN NUYS BL,0,NA,Y,A,-,N,NA,NA,NA,NA,NA,NA,NA,NA,NA,N,4,0,1,2,A,-,09,21801,A,N,A,C,A,A,H,-,C,A,0,NA,NA,NA,NA,Y,NA,A,01,0,0,1,0,0,0,0,0,0,-,-,NA,NA,LOS ANGELES,LOS ANGELES,-118.4487075805664,34.16487121582031
8766377,2018,2019-01-16,1942,2018-11-03,1400,42562,LAPD,6,5,7,1942,0,0,0,NA,0,9X6,VENTURA BL,COLDWATER CANYON,50,E,N,A,-,N,NA,NA,NA,NA,NA,NA,NA,NA,NA,N,3,0,1,2,A,-,09,21801,NA,N,D,C,A,A,H,-,A,B,0,NA,NA,NA,NA,Y,NA,A,01,0,1,0,0,0,0,0,0,0,-,-,NA,NA,LOS ANGELES,LOS ANGELES,-118.41355895996094,34.14509963989258
8766386,2018,2019-01-03,1942,2018-09-18,1725,41719,0752,2,5,7,1942,0,0,0,G,0,7A54,OLYMPIC BL,ORLANDO AV,25,W,N,A,-,N,NA,NA,NA,NA,NA,NA,NA,NA,NA,N,3,0,3,2,A,-,07,21658,A,N,B,C,A,A,H,-,A,D,0,NA,NA,NA,NA,Y,NA,A,01,0,1,2,0,0,0,0,0,0,-,-,NA,NA,LOS ANGELES,LOS ANGELES,-118.3738021850586,34.059329986572266
8766390,2018,2019-01-03,1942,2018-09-15,1600,42423,0822,6,5,7,1942,0,0,0,H,0,8A95,SUNSET BL,EL MEDIO AV,0,NA,Y,A,-,N,NA,NA,NA,NA,NA,NA,NA,NA,NA,Y,3,0,1,1,A,-,03,22350,NA,N,E,I,A,A,H,-,A,A,0,NA,NA,Y,NA,Y,NA,C,02,0,1,0,0,0,0,0,0,1,-,-,NA,NA,LOS ANGELES,LOS ANGELES,-118.53331756591795,34.04877853393555
8766394,2018,2019-01-03,1942,2018-09-19,1325,41675,LOS A,3,5,7,1942,0,0,0,NA,0,7A28W4,FAIRFAX AV,FARMERS MARKET PL,0,NA,Y,A,-,N,NA,NA,NA,NA,NA,NA,NA,NA,NA,Y,4,0,2,3,A,-,09,21801,A,N,D,D,A,A,H,-,A,A,0,NA,NA,NA,NA,Y,NA,A,07,0,0,2,0,0,0,0,0,0,-,-,NA,NA,LOS ANGELES,LOS ANGELES,-118.36142730712892,34.07299041748047
8766401,2018,2019-01-03,1942,2018-12-12,1850,41844,1255,3,5,7,1942,0,0,0,L,0,12A53,S VERMONT AV,FLORENCE AV,150,N,N,A,-,N,NA,NA,NA,NA,NA,NA,NA,NA,NA,N,4,0,1,2,C,-,18,NA,NA,N,G,B,F,A,H,-,C,D,0,Y,NA,NA,NA,Y,NA,-,-,0,0,1,0,1,0,0,0,0,-,-,NA,NA,LOS ANGELES,LOS ANGELES,-118.29174041748048,33.975040435791016
8766402,2018,2019-01-03,1900,2018-12-06,1520,618888,1615,4,5,5,1977,0,0,0,NA,0,164T1,LEAPWOOD AV,DEL AMO BL,0,NA,Y,A,-,N,NA,NA,NA,NA,NA,NA,NA,NA,NA,N,4,0,1,2,A,-,10,21950,A,N,G,B,B,B,H,-,A,A,0,Y,NA,NA,NA,Y,NA,A,08,0,0,1,0,1,0,0,0,0,-,-,33.8468017578125,-118.25869750976564,LOS ANGELES,CARSON,-118.25871276855467,33.846839904785156
8766405,2018,2019-01-03,1942,2018-12-01,1520,41973,1235,6,5,7,1942,0,0,0,L,0,12A45,S NORMANDIE AV,W SLAUSON AV,0,NA,Y,A,-,N,NA,NA,NA,NA,NA,NA,NA,NA,NA,N,4,0,1,1,A,-,03,22350,NA,N,H,J,A,A,H,-,A,D,0,NA,NA,Y,NA,Y,NA,C,02,0,0,1,0,0,0,0,0,1,-,-,NA,NA,LOS ANGELES,LOS ANGELES,-118.30019378662108,33.989139556884766
8766406,2018,2019-02-14,1900,2018-12-06,1743,618888,1617,4,5,5,1977,0,0,0,NA,0,164T1,MAIN ST,RT 405,0,NA,Y,A,-,Y,LA,7,405,-,-,12.439,R,4,S,Y,4,0,3,2,D,-,00,NA,NA,N,D,C,A,B,H,-,C,A,0,NA,NA,NA,NA,Y,NA,-,-,0,0,3,0,0,0,0,0,0,-,-,33.85200119018555,-118.28050231933594,LOS ANGELES,CARSON,-118.27835083007813,33.85169219970703