CASE_ID,ACCIDENT_YEAR,PROC_DATE,JURIS,COLLISION_DATE,COLLISION_TIME,OFFICER_ID,REPORTING_DISTRICT,DAY_OF_WEEK,CHP_SHIFT,POPULATION,CNTY_CITY_LOC,SPECIAL_COND,BEAT_TYPE,CHP_BEAT_TYPE,CITY_DIVISION_LAPD,CHP_BEAT_CLASS,BEAT_NUMBER,PRIMARY_RD,SECONDARY_RD,DISTANCE,DIRECTION,INTERSECTION,WEATHER_1,WEATHER_2,STATE_HWY_IND,CALTRANS_COUNTY,CALTRANS_DISTRICT,STATE_ROUTE,ROUTE_SUFFIX,POSTMILE_PREFIX,POSTMILE,LOCATION_TYPE,RAMP_INTERSECTION,SIDE_OF_HWY,TOW_AWAY,COLLISION_SEVERITY,NUMBER_KILLED,NUMBER_INJURED,PARTY_COUNT,PRIMARY_COLL_FACTOR,PCF_CODE_OF_VIOL,PCF_VIOL_CATEGORY,PCF_VIOLATION,PCF_VIOL_SUBSECTION,HIT_AND_RUN,TYPE_OF_COLLISION,MVIW,PED_ACTION,ROAD_SURFACE,ROAD_COND_1,ROAD_COND_2,LIGHTING,CONTROL_DEVICE,CHP_ROAD_TYPE,PEDESTRIAN_ACCIDENT,BICYCLE_ACCIDENT,MOTORCYCLE_ACCIDENT,TRUCK_ACCIDENT,NOT_PRIVATE_PROPERTY,ALCOHOL_INVOLVED,STWD_VEHTYPE_AT_FAULT,CHP_VEHTYPE_AT_FAULT,COUNT_SEVERE_INJ,COUNT_VISIBLE_INJ,COUNT_COMPLAINT_PAIN,COUNT_PED_KILLED,COUNT_PED_INJURED,COUNT_BICYCLIST_KILLED,COUNT_BICYCLIST_INJURED,COUNT_MC_KILLED,COUNT_MC_INJURED,PRIMARY_RAMP,SECONDARY_RAMP,LATITUDE,LONGITUDE,COUNTY,CITY,POINT_X,POINT_Y
8766409,2018,2019-01-03,1942,2018-12-11,1544,41080,LAPD,2,5,7,1942,0,0,0,NA,0,1842,FIGUEROA ST,108TH ST,30,S,N,A,-,N,NA,NA,NA,NA,NA,NA,NA,NA,NA,Y,4,0,1,2,A,-,21,22106,NA,N,H,C,A,A,H,-,A,D,0,NA,NA,NA,NA,Y,NA,A,01,0,0,1,0,0,0,0,0,0,-,-,NA,NA,LOS ANGELES,LOS ANGELES,-118.28260803222656,33.938167572021484
8766410,2018,2019-01-03,1900,2018-12-08,1410,618888,1620,6,5,5,1977,0,0,0,NA,0,164T1,TILLMAN AV,DEL AMO BL,0,NA,Y,A,-,N,NA,NA,NA,NA,NA,NA,NA,NA,NA,Y,2,0,1,2,A,-,08,22100,B,N,D,C,A,A,H,-,A,A,0,NA,NA,NA,NA,Y,NA,A,01,1,0,0,0,0,0,0,0,0,-,-,33.84600067138672,-118.25299835205078,LOS ANGELES,CARSON,-118.25348663330078,33.84682846069336
8766413,2018,2019-01-03,1942,2018-12-01,0635,40440,1824,6,5,7,1942,0,0,0,R,0,18A34,CENTRAL AV,98TH ST,250,N,N,A,-,N,NA,NA,NA,NA,NA,NA,NA,NA,NA,N,4,0,1,2,A,-,09,21804,A,N,D,C,A,A,H,-,A,D,0,NA,NA,NA,NA,Y,NA,A,01,0,0,1,0,0,0,0,0,0,-,-,NA,NA,LOS ANGELES,LOS ANGELES,-118.25406646728516,33.948097229003906
8766414,2018,2019-01-03,1900,2018-12-04,1424,606669,1610,2,5,5,1977,0,0,0,NA,0,164T,FIGUEROA ST,WALNUT ST,0,NA,Y,A,-,N,NA,NA,NA,NA,NA,NA,NA,NA,NA,N,4,0,1,2,A,-,09,21804,A,N,D,C,A,A,H,-,A,D,0,NA,NA,Y,NA,Y,NA,A,01,0,0,1,0,0,0,0,0,1,-,-,NA,NA,LOS ANGELES,CARSON,-118.28211975097656,33.873531341552734
8766417,2018,2019-01-03,1942,2018-12-01,0800,40440,1842,6,5,7,1942,0,0,0,R,0,18A41,W 110TH ST,S FIGUEROA ST,0,NA,Y,A,-,N,NA,NA,NA,NA,NA,NA,NA,NA,NA,Y,4,0,1,3,A,-,12,22450,A,F,D,C,A,A,H,-,A,A,0,NA,NA,NA,NA,Y,NA,-,99,0,0,1,0,0,0,0,0,0,-,-,NA,NA,LOS ANGELES,LOS ANGELES,-118.28260803222656,33.935630798339844
8766418,2018,2019-01-03,1900,2018-12-03,1601,619590,1618,1,5,5,1977,0,0,0,NA,0,164T1,220TH ST,DOLORES ST,0,NA,Y,A,-,N,NA,NA,NA,NA,NA,NA,NA,NA,NA,Y,4,0,2,3,A,-,04,21703,NA,N,C,C,A,A,H,-,A,A,0,NA,NA,NA,NA,Y,NA,A,01,0,0,2,0,0,0,0,0,0,-,-,NA,NA,LOS ANGELES,CARSON,-118.27236938476564,33.82780838012695
8766421,2018,2019-01-03,1942,2018-12-13,1545,36911,1836,4,5,7,1942,0,0,0,R,0,18A35,COMPTON AV,E 103RD ST,0,NA,Y,A,-,N,NA,NA,NA,NA,NA,NA,NA,NA,NA,Y,2,0,2,3,A,-,10,21950,A,N,G,B,B,A,H,-,A,A,0,Y,NA,NA,NA,Y,NA,A,07,1,0,1,0,2,0,0,0,0,-,-,NA,NA,LOS ANGELES,LOS ANGELES,-118.24620819091795,33.94322967529297
8766425,2018,2019-01-03,1942,2018-12-15,1100,37724,1844,6,5,7,1942,0,0,0,R,0,18A34,S SAN PEDRO ST,109TH ST,80,N,N,A,-,N,NA,NA,NA,NA,NA,NA,NA,NA,NA,Y,3,0,1,2,A,-,17,21208,A,N,C,J,A,A,H,-,A,D,0,NA,Y,NA,NA,Y,NA,L,04,0,1,0,0,0,0,1,0,0,-,-,NA,NA,LOS ANGELES,LOS ANGELES,-118.26953887939452,33.9376106262207
8766429,2018,2019-01-22,1942,2018-12-12,1610,40994,1823,3,5,7,1942,0,0,0,R,0,18A3,SAN PEDRO ST,98TH ST,0,NA,Y,A,-,N,NA,NA,NA,NA,NA,NA,NA,NA,NA,N,4,0,2,2,A,-,09,21801,A,N,D,C,A,A,H,-,A,D,0,NA,NA,NA,NA,Y,NA,A,01,0,0,2,0,0,0,0,0,0,-,-,NA,NA,LOS ANGELES,LOS ANGELES,-118.26952362060548,33.947391510009766
8766433,2018,2019-01-03,1942,2018-12-10,1040,43618,1824,1,5,7,1942,0,0,0,R,0,18A3,94TH ST,AVALON,150,E,N,A,-,N,NA,NA,NA,NA,NA,NA,NA,NA,NA,N,4,0,1,2,A,-,03,22350,NA,N,C,C,A,A,H,-,A,D,0,NA,NA,NA,NA,Y,NA,A,01,0,0,1,0,0,0,0,0,0,-,-,NA,NA,LOS ANGELES,LOS ANGELES,-118.26467895507813,33.951107025146484
8766455,2018,2019-01-03,1942,2018-12-08,2025,33452,1181,6,5,7,1942,0,0,0,K,0,11A71,GLENDALE BL,MONTANA ST,232,S,N,A,-,N,NA,NA,NA,NA,NA,NA,NA,NA,NA,N,3,0,1,2,A,-,00,21200,E,N,C,G,A,A,H,-,C,D,0,NA,Y,NA,NA,Y,Y,L,04,0,1,0,0,0,0,1,0,0,-,-,NA,NA,LOS ANGELES,LOS ANGELES,-118.26029205322266,34.07920455932617
8766459,2018,2019-01-03,1942,2018-12-10,2225,42876,1323,1,5,7,1942,0,0,0,M,0,13A13,SAN PEDRO ST,27TH ST,108,NA,N,A,-,N,NA,NA,NA,NA,NA,NA,NA,NA,NA,N,2,0,1,2,A,-,11,21954,A,N,G,B,D,A,H,-,C,D,0,Y,NA,NA,NA,Y,Y,N,60,1,0,0,0,1,0,0,0,0,-,-,NA,NA,LOS ANGELES,LOS ANGELES,-118.26190185546876,34.0206184387207
8766463,2018,2019-01-03,1942,2018-12-03,2025,42926,1383,1,5,7,1942,0,0,0,M,0,13A93,E SLAUSON AV,S LOS ANGELES ST,70,NA,N,A,-,N,NA,NA,NA,NA,NA,NA,NA,NA,NA,N,2,0,1,2,A,-,11,21955,NA,N,G,B,D,A,H,-,C,-,0,Y,NA,NA,NA,Y,NA,N,60,1,0,0,0,1,0,0,0,0,-,-,NA,NA,LOS ANGELES,LOS ANGELES,-118.2705535888672,33.989219665527344
8766477,2018,2019-01-03,1900,2018-12-11,1605,618940,1623,2,5,5,1977,0,0,0,NA,0,167T1,FIGUEROA ST,223RD ST,0,NA,Y,A,-,N,NA,NA,NA,NA,NA,NA,NA,NA,NA,Y,2,0,2,2,A,-,12,21453,A,N,D,C,A,A,H,-,A,A,0,NA,NA,NA,NA,Y,NA,A,01,1,0,1,0,0,0,0,0,0,-,-,33.8244514465332,-118.28604888916016,LOS ANGELES,CARSON,-118.285963,33.824427
8766489,2018,2019-01-08,1955,2018-12-15,0145,42305,093,6,5,6,1955,0,0,0,NA,0,004,TOWNE AV,9TH ST,0,NA,Y,A,-,N,NA,NA,NA,NA,NA,NA,NA,NA,NA,Y,3,0,2,1,C,-,18,NA,NA,N,A,I,A,A,H,-,C,A,0,NA,NA,NA,NA,Y,NA,-,-,0,2,0,0,0,0,0,0,0,-,-,NA,NA,LOS ANGELES,POMONA,-117.7411880493164,34.05167007446289
8766493,2018,2019-01-08,1955,2018-12-01,1905,42115,51,6,5,6,1955,0,0,0,NA,0,001,MISSION BL,HAMILTON BL,30,W,N,A,-,N,NA,NA,NA,NA,NA,NA,NA,NA,NA,Y,3,0,1,2,A,-,12,21453,A,N,D,C,A,A,H,-,C,A,0,NA,NA,NA,NA,Y,NA,A,07,0,1,0,0,0,0,0,0,0,-,-,NA,NA,LOS ANGELES,POMONA,-117.76323699951172,34.054786682128906
8766497,2018,2019-01-08,1955,2018-12-11,2210,40347,89,2,5,6,1955,0,0,0,NA,0,004,RESERVOIR ST,FRANKLIN AV,12,N,N,A,-,N,NA,NA,NA,NA,NA,NA,NA,NA,NA,N,4,0,1,2,A,-,03,22350,NA,F,C,C,A,A,H,-,C,A,0,NA,NA,NA,NA,Y,NA,A,01,0,0,1,0,0,0,0,0,0,-,-,NA,NA,LOS ANGELES,POMONA,-117.73206329345705,34.04103469848633
8766524,2018,2019-02-08,1906,2018-12-18,0603,2849,NA,2,5,5,1906,0,0,0,NA,0,NA,RAMONA BL,RT 105,40,W,N,A,-,N,NA,NA,NA,NA,NA,NA,NA,NA,NA,N,4,0,1,2,A,-,08,22100,NA,N,D,C,A,A,H,-,B,D,0,NA,NA,NA,NA,Y,NA,A,01,0,0,1,0,0,0,0,0,0,-,-,NA,NA,LOS ANGELES,BALDWIN PARK,NA,NA
8766533,2018,2019-01-18,1906,2018-12-21,1919,4428,NA,5,5,5,1906,0,0,0,NA,0,002,STEWART AV,ROCKENBACH ST,82,S,N,A,-,N,NA,NA,NA,NA,NA,NA,NA,NA,NA,Y,3,0,1,2,A,-,08,22107,NA,N,C,E,A,A,H,-,C,D,0,NA,NA,NA,NA,Y,Y,A,01,0,1,0,0,0,0,0,0,0,-,-,NA,NA,LOS ANGELES,BALDWIN PARK,-117.96923828125,34.0942268371582
8766543,2018,2019-01-29,1900,2018-12-13,2208,453085,2115,4,5,5,1943,0,0,0,NA,0,212T4,ATLANTIC AV,LOS FLORES BL,250,S,N,A,-,N,NA,NA,NA,NA,NA,NA,NA,NA,NA,N,4,0,1,2,A,-,07,21658,A,M,E,I,A,A,H,-,C,A,0,NA,NA,NA,NA,Y,NA,D,22,0,0,1,0,0,0,0,0,0,-,-,NA,NA,LOS ANGELES,LYNWOOD,-118.18423461914064,33.929161071777344
8766561,2018,2018-12-27,1942,2018-11-20,2055,39655,1494,2,5,7,1942,0,0,0,N,0,LAX,W CENTURY BL,BELLANCA AV,0,NA,Y,A,-,N,NA,NA,NA,NA,NA,NA,NA,NA,NA,N,4,0,1,2,A,-,09,21801,A,N,A,C,A,A,H,-,C,A,0,NA,NA,NA,NA,Y,NA,A,07,0,0,1,0,0,0,0,0,0,-,-,NA,NA,LOS ANGELES,LOS ANGELES,-118.37995910644533,33.945579528808594
8766562,2018,2019-01-29,1900,2018-12-01,1655,615106,2612,6,5,6,1950,0,0,0,NA,0,262T1,30TH ST WEST,AVENUE P-8,0,NA,Y,A,-,N,NA,NA,NA,NA,NA,NA,NA,NA,NA,Y,4,0,1,1,A,-,01,23152,F,N,E,I,A,A,H,-,C,D,0,NA,NA,NA,NA,Y,NA,A,01,0,0,1,0,0,0,0,0,0,-,-,34.594600677490234,-118.18309783935548,LOS ANGELES,PALMDALE,-118.18289947509766,34.594478607177734
8766563,2018,2019-01-28,1942,2018-12-04,0720,36553,1463,2,5,7,1942,0,0,0,N,0,14A45,W JEFFERSON BL,PLAYA VISTA DR,0,NA,Y,A,-,N,NA,NA,NA,NA,NA,NA,NA,NA,NA,Y,4,0,2,2,A,-,12,21453,A,N,D,C,A,A,H,-,A,A,0,NA,NA,NA,NA,Y,NA,A,01,0,0,2,0,0,0,0,0,0,-,-,NA,NA,LOS ANGELES,LOS ANGELES,-118.42774963378906,33.97332000732422
8766564,2018,2018-12-21,1942,2018-10-12,2015,41439,0822,5,5,7,1942,0,0,0,H,0,8A1,SUNSET BL,MARQUEZ AV,180,E,N,C,-,N,NA,NA,NA,NA,NA,NA,NA,NA,NA,Y,3,0,1,1,A,-,03,22350,NA,N,F,J,A,B,H,-,C,D,0,NA,NA,NA,NA,Y,NA,A,01,0,1,0,0,0,0,0,0,0,-,-,NA,NA,LOS ANGELES,LOS ANGELES,-118.54869079589844,34.04193878173828
8766565,2018,2018-12-27,1942,2018-11-22,0830,40929,1444,4,5,7,1942,0,0,0,N,0,14A67,SOUTH VENICE BL,PACIFIC AV,0,NA,Y,A,-,N,NA,NA,NA,NA,NA,NA,NA,NA,NA,N,4,0,1,2,A,-,12,21453,A,N,D,C,A,A,H,-,A,A,0,NA,NA,NA,NA,Y,NA,A,01,0,0,1,0,0,0,0,0,0,-,-,NA,NA,LOS ANGELES,LOS ANGELES,-118.46967315673828,33.984500885009766
8766566,2018,2019-01-29,1900,2018-12-03,0540,530869,2603,1,5,6,1950,0,0,0,NA,0,264T1,PEARBLOSSOM HWY,30TH ST EAST,0,NA,Y,A,-,N,NA,NA,NA,NA,NA,NA,NA,NA,NA,Y,3,0,3,2,A,-,04,21703,NA,N,C,C,A,A,H,-,B,A,0,NA,NA,NA,NA,Y,NA,A,01,0,1,2,0,0,0,0,0,0,-,-,34.541648864746094,-118.0737762451172,LOS ANGELES,PALMDALE,-118.07347106933594,34.54174041748047
8766567,2018,2019-01-28,1942,2018-12-03,0745,40157,1487,1,5,7,1942,0,0,0,N,0,14A67,MANCHESTER AV,WILEY POST AV,0,NA,Y,A,-,N,NA,NA,NA,NA,NA,NA,NA,NA,NA,N,4,0,1,2,A,-,12,21453,A,N,D,C,A,A,H,-,A,A,0,NA,NA,NA,NA,Y,NA,A,01,0,0,1,0,0,0,0,0,0,-,-,NA,NA,LOS ANGELES,LOS ANGELES,-118.38719940185548,33.95994186401367
8766568,2018,2019-01-07,1900,2018-10-19,2359,546540,2840,5,5,5,1915,0,0,0,NA,0,281T1,WILLOW BROOK AV,COMPTON BL,185,S,N,A,-,N,NA,NA,NA,NA,NA,NA,NA,NA,NA,Y,4,0,1,1,A,-,03,22350,NA,N,B,I,A,A,H,-,C,D,0,NA,NA,NA,NA,Y,NA,A,07,0,0,1,0,0,0,0,0,0,-,-,NA,NA,LOS ANGELES,COMPTON,-118.22438049316406,33.89598846435547
8766569,2018,2018-12-27,1942,2018-11-21,1355,40610,1443,3,5,7,1942,0,0,0,N,0,14A58,LINCOLN BL,COEUR D ALENE AV,0,NA,Y,A,-,N,NA,NA,NA,NA,NA,NA,NA,NA,NA,N,4,0,2,2,A,-,03,22350,NA,N,A,C,A,A,H,-,A,D,0,NA,NA,Y,NA,Y,NA,C,02,0,0,2,0,0,0,0,0,1,-,-,NA,NA,LOS ANGELES,LOS ANGELES,-118.45124053955078,33.99332046508789
8766570,2018,2019-01-29,1900,2018-12-01,1259,546525,2610,6,5,6,1950,0,0,0,NA,0,262T1,PALM VISTA AV,AVENUE R-4,110,N,N,A,-,N,NA,NA,NA,NA,NA,NA,NA,NA,NA,Y,3,0,1,2,A,-,08,22107,NA,N,A,E,A,A,H,-,A,A,0,NA,NA,NA,NA,Y,NA,A,01,0,1,0,0,0,0,0,0,0,-,-,34.56938171386719,-118.10842895507813,LOS ANGELES,PALMDALE,-118.10848236083984,34.56926345825195
8766571,2018,2019-01-28,1942,2018-12-04,2140,43457,1454,2,5,7,1942,0,0,0,N,0,14A56,LINCOLN BL,JEFFERSON BL,2640,N,N,A,-,N,NA,NA,NA,NA,NA,NA,NA,NA,NA,N,4,0,1,2,A,-,11,21954,A,N,G,B,E,A,H,-,D,D,0,Y,NA,NA,NA,Y,Y,N,60,0,0,1,0,1,0,0,0,0,-,-,NA,NA,LOS ANGELES,LOS ANGELES,-118.42608642578124,33.96607208251953
8766573,2018,2018-12-27,1942,2018-11-24,2110,42157,1444,6,5,7,1942,0,0,0,N,0,14A45,WEST WASHINGTON BL,GLENCOE AV,0,NA,Y,A,-,N,NA,NA,NA,NA,NA,NA,NA,NA,NA,N,4,0,1,2,A,-,09,21804,A,N,B,C,A,A,H,-,C,A,0,NA,NA,NA,NA,Y,NA,A,07,0,0,1,0,0,0,0,0,0,-,-,NA,NA,LOS ANGELES,LOS ANGELES,-118.44423675537108,33.99222946166992
8766574,2018,2019-01-29,1900,2018-11-29,0712,527069,2610,4,5,6,1950,0,0,0,NA,0,261T1,AVENUE R-10,20TH ST EAST,0,NA,Y,C,-,N,NA,NA,NA,NA,NA,NA,NA,NA,NA,N,4,0,1,2,A,-,08,22107,NA,N,A,C,A,B,H,-,A,A,0,NA,NA,NA,NA,Y,NA,A,01,0,0,1,0,0,0,0,0,0,-,-,34.56351852416992,-118.09406280517578,LOS ANGELES,PALMDALE,-118.09392,34.56427
8766575,2018,2019-01-28,1942,2018-12-03,1945,42243,1452,1,5,7,1942,0,0,0,N,0,14A11,PACIFIC AV,WASHINGTON BL,5,W,N,A,-,N,NA,NA,NA,NA,NA,NA,NA,NA,NA,Y,4,0,1,2,A,-,17,22109,NA,N,C,C,A,A,H,-,C,D,0,NA,NA,NA,NA,Y,NA,A,01,0,0,1,0,0,0,0,0,0,-,-,NA,NA,LOS ANGELES,LOS ANGELES,-118.46565246582033,33.979740142822266
8766577,2018,2018-12-27,1942,2018-11-28,1300,38262,1409,3,5,7,1942,0,0,0,N,0,1427,NATIONAL BL,MANNING AV,146,S,N,A,-,N,NA,NA,NA,NA,NA,NA,NA,NA,NA,Y,4,0,2,2,A,-,08,22107,NA,N,D,C,A,A,H,-,A,D,0,NA,NA,NA,NA,Y,NA,A,01,0,0,2,0,0,0,0,0,0,-,-,NA,NA,LOS ANGELES,LOS ANGELES,-118.40309143066406,34.0296745300293
8766578,2018,2019-01-29,1900,2018-12-09,2145,533363,2610,7,5,6,1950,0,0,0,NA,0,264T1,AVENUE Q,8TH ST EAST,0,NA,Y,A,-,N,NA,NA,NA,NA,NA,NA,NA,NA,NA,Y,4,0,2,2,A,-,12,22450,NA,N,D,C,A,A,H,-,C,A,0,NA,NA,NA,NA,Y,NA,A,01,0,0,2,0,0,0,0,0,0,-,-,34.5872688293457,-118.11638641357422,LOS ANGELES,PALMDALE,-118.11640167236328,34.587249755859375
8766579,2018,2019-01-28,1942,2018-12-03,1200,35267,1401,1,5,7,1942,0,0,0,N,0,14A25,S BUNDY DR,PEARL,20,S,N,A,-,N,NA,NA,NA,NA,NA,NA,NA,NA,NA,Y,3,0,1,3,A,-,03,22350,NA,N,F,C,A,A,H,-,A,A,0,NA,NA,NA,NA,Y,NA,A,01,0,1,0,0,0,0,0,0,0,-,-,NA,NA,LOS ANGELES,LOS ANGELES,-118.44825744628906,34.02696228027344
8766581,2018,2018-12-27,1942,2018-11-25,1950,43570,2029,7,5,7,1942,0,0,0,NA,0,20A39,WESTERN AV,4TH ST,0,NA,Y,A,-,N,NA,NA,NA,NA,NA,NA,NA,NA,NA,N,3,0,1,2,A,-,12,21453,A,F,D,G,A,A,H,-,C,A,0,NA,Y,NA,NA,Y,NA,-,99,0,1,0,0,0,0,1,0,0,-,-,NA,NA,LOS ANGELES,LOS ANGELES,-118.30911,34.06714
8766582,2018,2019-01-29,1900,2018-12-05,1015,527381,2608,3,5,6,1950,0,0,0,NA,0,263T1,AVENUE S,30TH ST EAST,233,W,N,A,-,N,NA,NA,NA,NA,NA,NA,NA,NA,NA,Y,4,0,2,2,A,-,07,21658,A,N,C,C,A,B,H,-,A,D,0,NA,NA,NA,NA,Y,NA,A,08,0,0,2,0,0,0,0,0,0,-,-,34.55815887451172,-118.07718658447266,LOS ANGELES,PALMDALE,-118.07704162597656,34.55812072753906
8766583,2018,2019-01-28,1942,2018-12-09,0015,42243,0849,7,5,7,1942,0,0,0,H,0,8A59,OLYMPIC BL,SHENANDOAH ST,0,NA,Y,A,-,N,NA,NA,NA,NA,NA,NA,NA,NA,NA,Y,4,0,2,2,A,-,09,21802,A,N,D,C,A,A,H,-,C,D,0,NA,NA,NA,NA,Y,NA,A,01,0,0,2,0,0,0,0,0,0,-,-,NA,NA,LOS ANGELES,LOS ANGELES,-118.38143157958984,34.05936050415039
8766585,2018,2018-12-27,1942,2018-11-11,1745,43517,1431,7,5,7,1942,0,0,0,N,0,14A58,MILDRED AV,RIVIERA DR,100,E,N,A,-,N,NA,NA,NA,NA,NA,NA,NA,NA,NA,N,4,0,2,2,A,-,21,22106,NA,F,B,C,A,A,H,-,C,A,0,NA,NA,NA,NA,Y,NA,A,01,0,0,2,0,0,0,0,0,0,-,-,NA,NA,LOS ANGELES,LOS ANGELES,-118.46812438964844,33.986839294433594
8766586,2018,2019-01-29,1900,2018-12-08,1540,532124,0521,6,5,4,1971,0,0,0,NA,0,52T1PM,ROSEMEAD BL,HERMOSA DR,0,NA,Y,A,-,N,NA,NA,NA,NA,NA,NA,NA,NA,NA,N,4,0,1,2,A,-,09,21802,A,N,A,D,A,A,H,-,A,D,0,NA,NA,NA,NA,Y,NA,A,01,0,0,1,0,0,0,0,0,0,-,-,34.10652160644531,-118.07356262207033,LOS ANGELES,TEMPLE CITY,-118.0736083984375,34.106300354003906
8766587,2018,2019-01-28,1942,2018-12-07,1520,43072,LOSAN,5,5,7,1942,0,0,0,NA,0,0885,OVERLAND AV,CONVENTRY,0,NA,Y,A,-,N,NA,NA,NA,NA,NA,NA,NA,NA,NA,Y,4,0,4,2,A,-,09,21801,NA,N,D,C,A,A,H,-,A,A,0,NA,NA,NA,NA,Y,NA,A,01,0,0,4,0,0,0,0,0,0,-,-,NA,NA,LOS ANGELES,LOS ANGELES,-118.42004,34.03564
8766589,2018,2018-12-27,1942,2018-11-30,1325,36553,0637,5,5,7,1942,0,0,0,F,0,6A49,HOLLYWOOD BL,ARGYLE ST,188,W,N,A,-,N,NA,NA,NA,NA,NA,NA,NA,NA,NA,N,2,0,1,2,A,-,11,21955,NA,F,G,B,D,A,H,-,A,D,0,Y,NA,NA,NA,Y,NA,N,60,1,0,0,0,1,0,0,0,0,-,-,NA,NA,LOS ANGELES,LOS ANGELES,-118.32579803466795,34.10162353515625
8766590,2018,2019-01-29,1900,2018-12-12,0821,530855,0522,3,5,4,1971,0,0,0,NA,0,52T1AM,LAS TUNAS DR,SULTANA AV,0,NA,Y,A,-,N,NA,NA,NA,NA,NA,NA,NA,NA,NA,NA,4,0,1,2,A,-,12,21453,A,N,D,C,A,A,H,-,A,A,0,NA,NA,NA,NA,Y,NA,A,01,0,0,1,0,0,0,0,0,0,-,-,34.10430145263672,-118.07170104980467,LOS ANGELES,TEMPLE CITY,-118.07170104980467,34.10430908203125
8766591,2018,2019-01-29,1942,2018-12-07,1929,43302,0825,5,5,7,1942,0,0,0,H,0,8A29,SUNSET BL,CARMELINA AV,0,NA,Y,A,-,N,NA,NA,NA,NA,NA,NA,NA,NA,NA,Y,4,0,2,2,A,-,07,21658,NA,N,C,C,A,A,H,-,D,D,0,NA,NA,NA,NA,Y,NA,A,01,0,0,2,0,0,0,0,0,0,-,-,NA,NA,LOS ANGELES,LOS ANGELES,-118.480712890625,34.057830810546875
8766593,2018,2018-12-27,1942,2018-11-28,2300,37575,1462,3,5,7,1942,0,0,0,N,0,14A45,CULVER BL,W JEFFERSON BL,0,NA,Y,C,-,N,NA,NA,NA,NA,NA,NA,NA,NA,NA,Y,4,0,1,2,A,-,08,22107,NA,F,D,C,A,B,H,-,C,A,0,NA,NA,NA,NA,Y,NA,-,99,0,0,1,0,0,0,0,0,0,-,-,NA,NA,LOS ANGELES,LOS ANGELES,-118.4392318725586,33.96828842163086
8766594,2018,2019-01-29,1900,2018-12-07,1858,532124,0523,5,5,4,1971,0,0,0,NA,0,52T1PM,LIVE OAK AV,KAUFFMAN AV,0,NA,Y,A,-,N,NA,NA,NA,NA,NA,NA,NA,NA,NA,N,4,0,1,2,A,-,09,21804,A,N,A,C,A,A,H,-,C,D,0,NA,NA,NA,NA,Y,NA,A,01,0,0,1,0,0,0,0,0,0,-,-,34.10346984863281,-118.05731964111328,LOS ANGELES,TEMPLE CITY,-118.0573501586914,34.103458404541016
8766595,2018,2019-01-29,1942,2018-12-08,2100,39655,0886,6,5,7,1942,0,0,0,H,0,8A96,PICO BL,W PEERLESS PL,90,W,N,A,-,N,NA,NA,NA,NA,NA,NA,NA,NA,NA,N,4,0,1,2,A,-,07,21658,A,N,B,C,A,A,H,-,C,D,0,NA,NA,Y,NA,Y,NA,A,01,0,0,1,0,0,0,0,0,1,-,-,NA,NA,LOS ANGELES,LOS ANGELES,-118.40339660644533,34.05357360839844
8766597,2018,2018-12-27,1942,2018-11-29,0600,36553,1443,4,5,7,1942,0,0,0,N,0,14A45,LINCOLN BL,NELROSE AV,17,S,N,C,-,N,NA,NA,NA,NA,NA,NA,NA,NA,NA,N,2,0,1,2,A,-,11,21956,A,N,G,B,D,B,H,-,B,D,0,Y,NA,NA,NA,Y,NA,N,60,1,0,0,0,1,0,0,0,0,-,-,NA,NA,LOS ANGELES,LOS ANGELES,-118.45140838623048,33.993404388427734
8766598,2018,2019-01-29,1900,2018-12-07,1855,532124,0524,5,5,4,1971,0,0,0,NA,0,52T1AM,LOWER AZUSA RD,ROWLAND AV,0,NA,Y,A,-,N,NA,NA,NA,NA,NA,NA,NA,NA,NA,Y,4,0,2,2,A,-,09,21802,A,N,A,C,A,A,H,-,C,D,0,NA,NA,NA,NA,Y,NA,A,01,0,0,2,0,0,0,0,0,0,-,-,34.090911865234375,-118.04997253417967,LOS ANGELES,TEMPLE CITY,-118.05045318603516,34.09048843383789
8766599,2018,2019-01-29,1942,2018-12-05,0610,38764,0838,3,5,7,1942,0,0,0,H,0,8X75,VETERAN AV,WEYBURN AV,0,NA,Y,B,-,N,NA,NA,NA,NA,NA,NA,NA,NA,NA,N,4,0,1,2,A,-,10,21950,A,N,G,B,B,B,-,-,C,D,0,Y,NA,NA,NA,Y,NA,-,NA,0,0,1,0,1,0,0,0,0,-,-,NA,NA,LOS ANGELES,LOS ANGELES,-118.4507293701172,34.061431884765625
8766601,2018,2018-12-27,1900,2018-11-07,1821,618148,0466,3,5,4,1936,0,0,0,NA,0,46T2,VALLEY VIEW AV,FIRESTONE BL,246,S,N,A,-,N,NA,NA,NA,NA,NA,NA,NA,NA,NA,Y,4,0,2,3,A,-,08,22107,NA,N,F,C,A,A,D,-,C,D,0,NA,NA,NA,NA,Y,NA,A,07,0,0,2,0,0,0,0,0,0,-,-,NA,NA,LOS ANGELES,LA MIRADA,-118.0290069580078,33.8851203918457
8766602,2018,2019-01-29,1900,2018-12-04,1940,532124,0523,2,5,4,1971,0,0,0,NA,0,52T1PM,BALDWIN AV,OLIVE ST,0,NA,Y,A,-,N,NA,NA,NA,NA,NA,NA,NA,NA,NA,Y,3,0,2,2,A,-,09,21801,A,N,D,C,A,A,H,-,C,D,0,NA,NA,NA,NA,Y,NA,A,01,0,1,1,0,0,0,0,0,0,-,-,34.09907150268555,-118.05046081542967,LOS ANGELES,TEMPLE CITY,-118.0505599975586,34.09904098510742