CASE_ID,ACCIDENT_YEAR,PROC_DATE,JURIS,COLLISION_DATE,COLLISION_TIME,OFFICER_ID,REPORTING_DISTRICT,DAY_OF_WEEK,CHP_SHIFT,POPULATION,CNTY_CITY_LOC,SPECIAL_COND,BEAT_TYPE,CHP_BEAT_TYPE,CITY_DIVISION_LAPD,CHP_BEAT_CLASS,BEAT_NUMBER,PRIMARY_RD,SECONDARY_RD,DISTANCE,DIRECTION,INTERSECTION,WEATHER_1,WEATHER_2,STATE_HWY_IND,CALTRANS_COUNTY,CALTRANS_DISTRICT,STATE_ROUTE,ROUTE_SUFFIX,POSTMILE_PREFIX,POSTMILE,LOCATION_TYPE,RAMP_INTERSECTION,SIDE_OF_HWY,TOW_AWAY,COLLISION_SEVERITY,NUMBER_KILLED,NUMBER_INJURED,PARTY_COUNT,PRIMARY_COLL_FACTOR,PCF_CODE_OF_VIOL,PCF_VIOL_CATEGORY,PCF_VIOLATION,PCF_VIOL_SUBSECTION,HIT_AND_RUN,TYPE_OF_COLLISION,MVIW,PED_ACTION,ROAD_SURFACE,ROAD_COND_1,ROAD_COND_2,LIGHTING,CONTROL_DEVICE,CHP_ROAD_TYPE,PEDESTRIAN_ACCIDENT,BICYCLE_ACCIDENT,MOTORCYCLE_ACCIDENT,TRUCK_ACCIDENT,NOT_PRIVATE_PROPERTY,ALCOHOL_INVOLVED,STWD_VEHTYPE_AT_FAULT,CHP_VEHTYPE_AT_FAULT,COUNT_SEVERE_INJ,COUNT_VISIBLE_INJ,COUNT_COMPLAINT_PAIN,COUNT_PED_KILLED,COUNT_PED_INJURED,COUNT_BICYCLIST_KILLED,COUNT_BICYCLIST_INJURED,COUNT_MC_KILLED,COUNT_MC_INJURED,PRIMARY_RAMP,SECONDARY_RAMP,LATITUDE,LONGITUDE,COUNTY,CITY,POINT_X,POINT_Y
8766603,2018,2019-01-29,1942,2018-12-11,1440,39930,0622,2,5,7,1942,0,0,0,F,0,6A31,HILLSIDE AV,FAIRFAX AV,12,S,N,A,-,N,NA,NA,NA,NA,NA,NA,NA,NA,NA,Y,4,0,1,2,A,-,03,22350,NA,F,D,C,A,A,H,-,A,A,0,NA,NA,NA,NA,Y,NA,A,07,0,0,1,0,0,0,0,0,0,-,-,NA,NA,LOS ANGELES,LOS ANGELES,-118.36226654052734,34.10216522216797
8766604,2018,2018-12-24,1942,2018-11-26,1830,42481,1033,1,5,7,1942,0,0,0,J,0,10X8,CALVERT ST,YOLANDA AV,0,W,N,A,-,N,NA,NA,NA,NA,NA,NA,NA,NA,NA,NA,2,0,1,1,A,-,03,22350,NA,M,A,I,A,A,C,-,C,D,0,NA,NA,NA,NA,Y,NA,A,01,1,0,0,0,0,0,0,0,0,-,-,NA,NA,LOS ANGELES,LOS ANGELES,-118.54041290283205,34.18183135986328
8766605,2018,2018-12-27,1942,2018-11-30,1200,39077,0855,5,5,7,1942,0,0,0,H,0,8ATT,GREENFIELD AV,SANTA MONICA BL,0,NA,Y,A,-,N,NA,NA,NA,NA,NA,NA,NA,NA,NA,N,4,0,1,2,A,-,21,22106,NA,F,H,C,A,A,H,-,A,D,0,NA,NA,NA,NA,Y,NA,-,99,0,0,1,0,0,0,0,0,0,-,-,NA,NA,LOS ANGELES,LOS ANGELES,-118.4413833618164,34.04867935180664
8766606,2018,2019-01-29,1900,2018-12-08,1235,279461,0453,6,5,6,1949,0,0,0,NA,0,43T1D,FOSTER RD,LEFFINGWELL RD,0,NA,Y,A,-,N,NA,NA,NA,NA,NA,NA,NA,NA,NA,Y,4,0,1,2,A,-,12,22450,A,N,D,C,A,A,H,-,A,A,0,NA,NA,NA,NA,Y,NA,A,01,0,0,1,0,0,0,0,0,0,-,-,NA,NA,LOS ANGELES,NORWALK,-118.086219,33.909966
8766607,2018,2019-01-29,1942,2018-12-04,1840,43454,0853,2,5,7,1942,0,0,0,H,0,8A13,SANTA MONICA BL,STONER BL,0,NA,Y,A,-,N,NA,NA,NA,NA,NA,NA,NA,NA,NA,N,4,0,3,2,A,-,09,21802,A,N,A,C,A,A,H,-,C,D,0,NA,NA,NA,NA,Y,NA,A,01,0,0,3,0,0,0,0,0,0,-,-,NA,NA,LOS ANGELES,LOS ANGELES,-118.45713043212892,34.04328155517578
8766609,2018,2018-12-27,1942,2018-11-30,1200,41139,0827,5,5,7,1942,0,0,0,H,0,8A13,S BARRINGTON AV,LORNA CT,126,S,N,B,-,N,NA,NA,NA,NA,NA,NA,NA,NA,NA,Y,3,0,1,2,A,-,09,21801,A,N,D,C,A,A,H,-,A,D,0,NA,NA,NA,NA,Y,NA,A,01,0,1,0,0,0,0,0,0,0,-,-,NA,NA,LOS ANGELES,LOS ANGELES,-118.46837615966795,34.05849838256836
8766610,2018,2019-01-29,1900,2018-12-07,0730,506197,0454,5,5,6,1949,0,0,0,NA,0,43T1,CARMENITA RD,EXCELSIOR DR,275,N,N,A,-,N,NA,NA,NA,NA,NA,NA,NA,NA,NA,Y,3,0,2,2,A,-,09,21801,A,N,D,C,A,A,H,-,A,A,0,NA,NA,NA,NA,Y,NA,A,01,0,1,1,0,0,0,0,0,0,-,-,NA,NA,LOS ANGELES,NORWALK,-118.04664611816406,33.895931243896484
8766611,2018,2019-01-29,1942,2018-12-06,1137,38721,0839,4,5,7,1942,0,0,0,H,0,8A95,OLYMPIC BL,CENTURY PARK EAST,44,W,N,B,C,N,NA,NA,NA,NA,NA,NA,NA,NA,NA,N,4,0,1,2,A,-,03,22350,NA,N,C,C,A,B,H,-,A,A,0,NA,NA,NA,NA,Y,NA,A,01,0,0,1,0,0,0,0,0,0,-,-,NA,NA,LOS ANGELES,LOS ANGELES,-118.41205596923828,34.05837631225586
8766612,2018,2018-12-24,1942,2018-11-30,1225,41805,1241,5,5,7,1942,0,0,0,L,0,12XL5,CRENSHAW BL,63RD ST,0,NA,Y,A,-,N,NA,NA,NA,NA,NA,NA,NA,NA,NA,N,3,0,1,2,A,-,12,21453,A,N,A,C,A,A,H,-,A,A,0,NA,NA,Y,NA,Y,NA,A,01,0,1,0,0,0,0,0,0,1,-,-,NA,NA,LOS ANGELES,LOS ANGELES,-118.33088,33.98292
8766613,2018,2018-12-27,1942,2018-11-29,1550,40452,0824,4,5,7,1942,0,0,0,H,0,8A1,W SUNSET BL,ROCKINGHAM AV,20,W,N,C,-,N,NA,NA,NA,NA,NA,NA,NA,NA,NA,N,4,0,1,2,A,-,03,22350,NA,N,C,C,A,B,H,-,B,D,0,NA,NA,NA,NA,Y,NA,A,01,0,0,1,0,0,0,0,0,0,-,-,NA,NA,LOS ANGELES,LOS ANGELES,-118.49273681640624,34.058231353759766
8766614,2018,2019-01-29,1942,2018-12-03,1903,36504,1434,1,5,7,1942,0,0,0,N,0,14A25,S CENTINELA AV,VENICE BL,230,S,N,A,-,N,NA,NA,NA,NA,NA,NA,NA,NA,NA,N,3,0,1,2,A,-,09,21804,A,F,A,G,A,A,H,-,C,D,0,NA,Y,NA,NA,Y,NA,-,99,0,1,0,0,0,0,1,0,0,-,-,NA,NA,LOS ANGELES,LOS ANGELES,-118.43319702148438,34.00321578979492
8766615,2018,2019-01-29,1942,2018-12-05,1423,41671,0849,3,5,7,1942,0,0,0,H,0,8A59,S OLYMPIC BL,W CORNING ST,0,NA,Y,C,-,N,NA,NA,NA,NA,NA,NA,NA,NA,NA,Y,4,0,1,2,A,-,09,21801,A,N,D,C,A,B,H,-,A,D,0,NA,NA,NA,NA,Y,NA,A,01,0,0,1,0,0,0,0,0,0,-,-,NA,NA,LOS ANGELES,LOS ANGELES,-118.37728881835938,34.05937194824219
8766617,2018,2018-12-27,1942,2018-11-28,1830,43011,0841,3,5,7,1942,0,0,0,H,0,8A59,WILSHIRE BL,SALTAIR AV,100,E,N,A,-,N,NA,NA,NA,NA,NA,NA,NA,NA,NA,N,4,0,1,2,A,-,05,21651,A,N,B,C,A,A,H,-,C,A,0,NA,NA,NA,NA,Y,NA,-,99,0,0,1,0,0,0,0,0,0,-,-,NA,NA,LOS ANGELES,LOS ANGELES,-118.46578979492188,34.045448303222656
8766618,2018,2019-01-29,1942,2018-12-03,1115,30264,1469,1,5,7,1942,0,0,0,N,0,14A73,LA TIJERA BL,CENTINELA AV,150,S,N,A,-,N,NA,NA,NA,NA,NA,NA,NA,NA,NA,N,2,0,1,2,A,-,11,21954,A,F,H,B,D,A,H,-,A,D,0,Y,NA,NA,NA,Y,NA,N,60,1,0,0,0,1,0,0,0,0,-,-,NA,NA,LOS ANGELES,LOS ANGELES,-118.37216949462892,33.977012634277344
8766619,2018,2019-01-29,1942,2018-12-05,0854,38721,0857,3,5,7,1942,0,0,0,H,0,8A95,N PICO BL W ALY,OAKHURST DR,15,W,N,B,-,N,NA,NA,NA,NA,NA,NA,NA,NA,NA,N,4,0,2,2,A,-,09,21804,A,N,D,C,A,B,H,-,A,D,0,NA,NA,NA,NA,Y,NA,A,07,0,0,2,0,0,0,0,0,0,-,-,NA,NA,LOS ANGELES,LOS ANGELES,NA,NA
8766621,2018,2018-12-27,1942,2018-11-28,0830,40157,0861,3,5,7,1942,0,0,0,H,0,8A1,PACIFIC COAST HWY,SUNSET BL,129,N,N,A,-,N,NA,NA,NA,NA,NA,NA,NA,NA,NA,Y,3,0,2,2,A,-,09,21804,A,N,B,C,A,A,H,-,A,D,0,NA,NA,NA,NA,Y,NA,A,01,0,1,1,0,0,0,0,0,0,-,-,NA,NA,LOS ANGELES,LOS ANGELES,-118.55563354492188,34.038490295410156
8766622,2018,2019-01-29,1942,2018-12-07,0200,37579,0625,5,5,7,1942,0,0,0,F,0,6T7,PAT MOORE WY,HIGHLAND AV,0,NA,Y,A,-,N,NA,NA,NA,NA,NA,NA,NA,NA,NA,Y,3,0,2,2,A,-,01,23152,A,N,D,C,A,A,H,-,C,A,0,NA,NA,NA,NA,Y,Y,A,07,0,1,1,0,0,0,0,0,0,-,-,NA,NA,LOS ANGELES,LOS ANGELES,-118.3362274169922,34.11138916015625
8766623,2018,2019-01-29,1942,2018-12-08,1315,33169,NA,6,5,7,1942,0,0,0,NA,0,NA,OLYMPIC BL,CITRUS AV,0,NA,Y,A,-,N,NA,NA,NA,NA,NA,NA,NA,NA,NA,Y,4,0,3,2,A,-,09,21801,A,N,A,C,A,A,H,-,A,D,0,NA,NA,NA,NA,Y,NA,A,01,0,0,3,0,0,0,0,0,0,-,-,NA,NA,LOS ANGELES,LOS ANGELES,-118.34127807617188,34.0571403503418
8766625,2018,2018-12-27,1942,2018-11-26,1350,37900,0817,1,5,7,1942,0,0,0,H,0,8A29,WESTWOOD BL,WEYBURN AV,325,S,N,A,-,N,NA,NA,NA,NA,NA,NA,NA,NA,NA,N,3,0,1,2,A,-,10,21950,A,F,G,B,C,-,H,-,A,A,0,Y,NA,NA,NA,Y,NA,-,99,0,1,0,0,1,0,0,0,0,-,-,NA,NA,LOS ANGELES,LOS ANGELES,-118.44545745849608,34.06167984008789
8766626,2018,2019-01-29,1942,2018-12-06,0750,38282,2019,4,5,7,1942,0,0,0,NA,0,20A39,BEVERLY BL,VIRGIL AV,50,E,N,C,-,N,NA,NA,NA,NA,NA,NA,NA,NA,NA,Y,3,0,1,2,A,-,07,21658,A,N,F,C,A,B,H,-,A,A,0,NA,NA,NA,NA,Y,NA,A,01,0,1,0,0,0,0,0,0,0,-,-,NA,NA,LOS ANGELES,LOS ANGELES,-118.28675842285156,34.074703216552734
8766627,2018,2019-01-29,1942,2018-12-07,1245,38613,0717,5,5,7,1942,0,0,0,G,0,7A17,BEVERLY BL,N SYCAMORE AV,0,NA,Y,A,-,N,NA,NA,NA,NA,NA,NA,NA,NA,NA,Y,4,0,1,3,A,-,09,21802,A,N,D,C,A,A,H,-,A,A,0,NA,NA,NA,NA,Y,NA,A,07,0,0,1,0,0,0,0,0,0,-,-,NA,NA,LOS ANGELES,LOS ANGELES,-118.34294128417967,34.0761604309082
8766629,2018,2018-12-27,1942,2018-11-29,1425,36940,0859,4,5,7,1942,0,0,0,H,0,8A59,W PICO BL,S SHERBOURNE DR,0,NA,Y,C,-,N,NA,NA,NA,NA,NA,NA,NA,NA,NA,N,4,0,1,3,A,-,03,22350,NA,N,B,C,A,B,H,-,A,A,0,NA,NA,NA,NA,Y,NA,A,01,0,0,1,0,0,0,0,0,0,-,-,NA,NA,LOS ANGELES,LOS ANGELES,-118.37956237792967,34.05398941040039
8766630,2018,2019-01-29,1942,2018-12-04,0500,39022,2039,2,5,7,1942,0,0,0,NA,0,20A39,S HOOVER ST,7TH ST,50,S,N,A,-,N,NA,NA,NA,NA,NA,NA,NA,NA,NA,N,4,0,1,2,A,-,03,22350,NA,F,C,C,A,A,H,-,C,D,0,NA,NA,NA,NA,Y,NA,-,99,0,0,1,0,0,0,0,0,0,-,-,NA,NA,LOS ANGELES,LOS ANGELES,-118.2842025756836,34.05968475341797
8766631,2018,2019-01-29,1942,2018-12-06,1850,42834,0706,4,5,7,1942,0,0,0,G,0,7A17,N HIGHLAND AV,ROSEWOOD AV,50,N,N,A,-,N,NA,NA,NA,NA,NA,NA,NA,NA,NA,N,4,0,1,2,A,-,03,22350,NA,N,C,C,A,B,H,-,C,D,0,NA,NA,NA,NA,Y,NA,A,01,0,0,1,0,0,0,0,0,0,-,-,NA,NA,LOS ANGELES,LOS ANGELES,-118.33866119384766,34.08041763305664
8766633,2018,2018-12-27,1942,2018-11-29,0704,38721,0819,4,5,7,1942,0,0,0,H,0,8A29,SUNSET BL,BARODA DR,100,E,N,C,-,N,NA,NA,NA,NA,NA,NA,NA,NA,NA,N,4,0,1,2,A,-,03,22350,NA,N,D,C,A,B,H,-,A,D,0,NA,NA,NA,NA,Y,NA,A,01,0,0,1,0,0,0,0,0,0,-,-,NA,NA,LOS ANGELES,LOS ANGELES,-118.42749786376952,34.08064651489258
8766634,2018,2019-01-29,1942,2018-12-03,1154,41671,1432,1,5,7,1942,0,0,0,N,0,14A13,MILWOOD AV,OAKWOOD AV,0,NA,Y,A,-,N,NA,NA,NA,NA,NA,NA,NA,NA,NA,Y,4,0,2,2,A,-,12,22450,A,N,D,C,A,A,H,-,A,A,0,NA,NA,NA,NA,Y,NA,A,01,0,0,2,0,0,0,0,0,0,-,-,NA,NA,LOS ANGELES,LOS ANGELES,-118.46227264404295,33.99430847167969
8766635,2018,2019-01-29,1942,2018-12-09,1120,35945,0706,7,5,7,1942,0,0,0,G,0,7A17,MELROSE AV,LA BREA AV,71,W,N,A,-,N,NA,NA,NA,NA,NA,NA,NA,NA,NA,N,4,0,1,2,A,-,03,22350,NA,N,C,C,A,A,H,-,A,A,0,NA,NA,NA,NA,Y,NA,-,-,0,0,1,0,0,0,0,0,0,-,-,NA,NA,LOS ANGELES,LOS ANGELES,-118.34430694580078,34.08345413208008
8766637,2018,2018-12-27,1942,2018-11-21,1800,38018,1413,3,5,7,1942,0,0,0,N,0,14A28,6TH AV,BROOKS CT,0,NA,Y,A,-,N,NA,NA,NA,NA,NA,NA,NA,NA,NA,N,3,0,1,2,A,-,09,21801,NA,N,A,G,A,A,H,-,C,D,0,NA,Y,NA,NA,Y,NA,L,04,0,1,0,0,0,0,1,0,0,-,-,NA,NA,LOS ANGELES,LOS ANGELES,-118.46856689453124,33.994998931884766
8766638,2018,2019-04-12,1942,2018-12-05,0600,43545,1454,3,5,7,1942,0,0,0,N,0,14A49W,MINDANAO WY,RT 90,0,NA,Y,B,-,Y,LA,7,90,-,-,1.201,I,5,W,N,4,0,1,2,A,-,12,21453,A,N,D,C,A,B,H,-,A,A,0,NA,NA,NA,NA,Y,NA,-,-,0,0,1,0,0,0,0,0,0,-,-,NA,NA,LOS ANGELES,LOS ANGELES,-118.43780517578124,33.98381805419922
8766639,2018,2019-01-29,1942,2018-12-07,0810,34959,0742,5,5,7,1942,0,0,0,G,0,7A21,STEARNS DR,OLYMPIC BL,0,NA,Y,A,-,N,NA,NA,NA,NA,NA,NA,NA,NA,NA,N,4,0,1,2,A,-,10,21950,A,N,G,B,B,A,H,-,A,D,0,Y,NA,NA,NA,Y,NA,A,01,0,0,1,0,1,0,0,0,0,-,-,NA,NA,LOS ANGELES,LOS ANGELES,-118.3681182861328,34.05868148803711
8766642,2018,2019-01-28,1942,2018-12-10,0800,41054,0739,1,5,7,1942,0,0,0,G,0,7A17,S PLYMOUTH BL,W 3RD ST,0,NA,Y,A,-,N,NA,NA,NA,NA,NA,NA,NA,NA,NA,Y,4,0,1,2,A,-,09,21802,A,N,D,C,A,A,H,-,A,A,0,NA,NA,NA,NA,Y,NA,A,01,0,0,1,0,0,0,0,0,0,-,-,NA,NA,LOS ANGELES,LOS ANGELES,-118.32289886474608,34.06895065307617
8766646,2018,2019-01-28,1942,2018-12-01,1715,36847,2069,6,5,7,1942,0,0,0,NA,0,20A69,OLYMPIC BL,ARAPAHOE ST,0,NA,Y,A,-,N,NA,NA,NA,NA,NA,NA,NA,NA,NA,N,4,0,1,2,A,-,08,22107,NA,N,H,G,A,A,H,-,A,D,0,NA,Y,NA,NA,Y,NA,-,NA,0,0,1,0,0,0,1,0,0,-,-,NA,NA,LOS ANGELES,LOS ANGELES,-118.285400390625,34.05241012573242
8766650,2018,2019-01-28,1942,2018-12-05,1740,43562,2034,3,5,7,1942,0,0,0,NA,0,20A58,IROLO ST,8TH ST,250,N,N,C,-,N,NA,NA,NA,NA,NA,NA,NA,NA,NA,Y,4,0,1,3,A,-,03,22350,NA,N,C,C,A,B,H,-,C,A,0,NA,NA,NA,NA,Y,NA,A,01,0,0,1,0,0,0,0,0,0,-,-,NA,NA,LOS ANGELES,LOS ANGELES,-118.3009033203125,34.058414459228516
8766654,2018,2019-01-28,1942,2018-12-06,0900,40305,2062,4,5,7,1942,0,0,0,NA,0,20A45,PICO BL,WILTON PL,0,NA,Y,C,-,N,NA,NA,NA,NA,NA,NA,NA,NA,NA,N,4,0,1,2,A,-,09,21800,D,F,D,C,A,B,H,-,A,B,0,NA,NA,NA,NA,Y,NA,-,99,0,0,1,0,0,0,0,0,0,-,-,NA,NA,LOS ANGELES,LOS ANGELES,-118.31449127197266,34.04718017578125
8766657,2018,2019-01-28,1942,2018-12-06,1845,38633,1219,4,5,7,1942,0,0,0,L,0,25MX80,FIGUEROA ST,58TH ST,0,NA,Y,A,-,N,NA,NA,NA,NA,NA,NA,NA,NA,NA,Y,4,0,5,2,A,-,09,21801,A,N,D,C,A,A,H,-,C,A,0,NA,NA,NA,NA,Y,NA,A,01,0,0,5,0,0,0,0,0,0,-,-,NA,NA,LOS ANGELES,LOS ANGELES,-118.28267669677734,33.989688873291016
8766661,2018,2019-01-28,1942,2018-12-02,1800,42487,1063,7,5,7,1942,0,0,0,J,0,10X88,RESEDA BL,BURBANK BL,430,S,N,A,-,N,NA,NA,NA,NA,NA,NA,NA,NA,NA,N,4,0,1,2,A,-,05,21651,A,F,B,C,A,A,H,-,C,D,0,NA,NA,NA,NA,Y,NA,-,99,0,0,1,0,0,0,0,0,0,-,-,NA,NA,LOS ANGELES,LOS ANGELES,-118.53600311279295,34.17116165161133
8766673,2018,2019-01-28,1942,2018-12-04,0910,36356,0721,2,5,7,1942,0,0,0,G,0,7A47,BEVERLY BL,BEVERLY PL,0,NA,Y,A,-,N,NA,NA,NA,NA,NA,NA,NA,NA,NA,N,4,0,1,2,A,-,09,21801,A,N,D,C,A,A,H,-,A,A,0,NA,NA,NA,NA,Y,NA,A,01,0,0,1,0,0,0,0,0,0,-,-,NA,NA,LOS ANGELES,LOS ANGELES,-118.41783905029295,34.1057014465332
8766677,2018,2019-01-28,1942,2018-12-06,1900,38090,0742,4,5,7,1942,0,0,0,G,0,NA,OLYMPIC BL,ALVIRA ST,0,NA,Y,A,-,N,NA,NA,NA,NA,NA,NA,NA,NA,NA,Y,4,0,1,2,A,-,09,21801,A,N,D,C,A,B,H,-,C,D,0,NA,NA,NA,NA,Y,NA,A,01,0,0,1,0,0,0,0,0,0,-,-,NA,NA,LOS ANGELES,LOS ANGELES,-118.37062072753906,34.0589714050293
8766681,2018,2019-01-28,1942,2018-12-04,0800,41977,0721,2,5,7,1942,0,0,0,G,0,7A21,LA CIENEGA ST,3RD ST,37,N,N,A,-,N,NA,NA,NA,NA,NA,NA,NA,NA,NA,Y,4,0,1,2,C,-,18,NA,NA,N,B,C,A,A,H,-,A,A,0,NA,NA,NA,NA,Y,NA,-,-,0,0,1,0,0,0,0,0,0,-,-,NA,NA,LOS ANGELES,LOS ANGELES,-118.37647247314452,34.073360443115234
8766685,2018,2019-01-28,1942,2018-12-10,2145,40690,0726,1,5,7,1942,0,0,0,G,0,7A17,BEVERLY BL,FORMOSA AV,100,W,N,A,-,N,NA,NA,NA,NA,NA,NA,NA,NA,NA,N,4,0,4,3,A,-,03,22350,NA,N,C,C,A,A,H,-,C,D,0,NA,NA,NA,NA,Y,NA,A,01,0,0,4,0,0,0,0,0,0,-,-,NA,NA,LOS ANGELES,LOS ANGELES,-118.3465576171875,34.076171875
8766689,2018,2019-01-28,1942,2018-12-05,1930,43570,2019,3,5,7,1942,0,0,0,NA,0,20A25,COMMONWEALTH AV,BEVERLY BL,0,NA,Y,C,-,N,NA,NA,NA,NA,NA,NA,NA,NA,NA,N,4,0,1,2,A,-,04,21703,NA,N,C,C,A,B,H,-,C,A,0,NA,NA,NA,NA,Y,NA,A,01,0,0,1,0,0,0,0,0,0,-,-,NA,NA,LOS ANGELES,LOS ANGELES,-118.2855987548828,34.073509216308594
8766693,2018,2019-01-28,1942,2018-12-03,1320,43405,2021,1,5,7,1942,0,0,0,NA,0,20A45,WILTON PL,4TH ST,0,NA,Y,A,-,N,NA,NA,NA,NA,NA,NA,NA,NA,NA,N,4,0,1,2,A,-,12,21453,A,N,G,B,B,A,H,-,A,A,0,Y,NA,NA,NA,Y,NA,N,60,0,0,1,0,1,0,0,0,0,-,-,NA,NA,LOS ANGELES,LOS ANGELES,-118.3140869140625,34.06713104248047
8766697,2018,2019-01-28,1942,2018-12-03,0850,40157,1438,1,5,7,1942,0,0,0,N,0,14A27,PALMS BL,OVERLAND AV,145,E,N,A,-,N,NA,NA,NA,NA,NA,NA,NA,NA,NA,N,3,0,4,5,A,-,07,21658,A,N,B,C,A,A,H,-,A,D,0,NA,NA,NA,NA,Y,NA,A,01,0,1,3,0,0,0,0,0,0,-,-,NA,NA,LOS ANGELES,LOS ANGELES,-118.41123199462892,34.02496337890625
8766701,2018,2019-01-28,1942,2018-12-09,0740,34959,1455,7,5,7,1942,0,0,0,N,0,14A45,CULVER BL,CENTINELLA AV,109,W,N,A,-,N,NA,NA,NA,NA,NA,NA,NA,NA,NA,Y,4,0,2,8,A,-,03,22350,NA,F,B,E,A,A,H,-,A,D,0,NA,NA,NA,NA,Y,NA,A,01,0,0,2,0,0,0,0,0,0,-,-,NA,NA,LOS ANGELES,LOS ANGELES,-118.42134857177734,33.99097442626953
8766705,2018,2019-01-28,1942,2018-12-07,0230,42834,2026,5,5,7,1942,0,0,0,NA,0,20A25,S VERMONT AV,5TH ST,150,N,N,A,-,N,NA,NA,NA,NA,NA,NA,NA,NA,NA,Y,3,0,1,2,A,-,01,23152,A,N,C,E,A,A,H,-,C,D,0,NA,NA,NA,NA,Y,Y,A,01,0,1,0,0,0,0,0,0,0,-,-,NA,NA,LOS ANGELES,LOS ANGELES,-118.29165649414064,34.06582260131836
8766709,2018,2019-01-28,1942,2018-12-09,1315,31465,2044,7,5,7,1942,0,0,0,NA,0,20A33,IROLO ST,JAMES M WOOD BL,50,S,N,A,-,N,NA,NA,NA,NA,NA,NA,NA,NA,NA,N,4,0,1,2,A,-,03,22350,NA,N,C,C,A,A,H,-,A,D,0,NA,NA,NA,NA,Y,NA,A,01,0,0,1,0,0,0,0,0,0,-,-,NA,NA,LOS ANGELES,LOS ANGELES,-118.300897,34.055748
8766713,2018,2019-01-28,1942,2018-12-07,1508,34959,2069,5,5,7,1942,0,0,0,NA,0,20A69,MANHATTAN PL,PICO BL,0,NA,Y,A,-,N,NA,NA,NA,NA,NA,NA,NA,NA,NA,Y,4,0,2,2,A,-,09,21802,A,N,D,C,A,A,H,-,A,A,0,NA,NA,NA,NA,Y,NA,A,01,0,0,2,0,0,0,0,0,0,-,-,NA,NA,LOS ANGELES,LOS ANGELES,-118.31015777587892,34.04719924926758
8766717,2018,2019-01-28,1942,2018-12-07,0905,35945,2062,5,5,7,1942,0,0,0,NA,0,20A53,ARLINGTON AV,COUNTRY CLUB DR,0,NA,Y,A,-,N,NA,NA,NA,NA,NA,NA,NA,NA,NA,Y,4,0,1,2,A,-,12,21453,A,N,D,C,A,A,H,-,B,A,0,NA,NA,NA,NA,Y,NA,A,01,0,0,1,0,0,0,0,0,0,-,-,NA,NA,LOS ANGELES,LOS ANGELES,-118.31626892089844,34.05025863647461
8766724,2018,2019-01-03,1942,2018-11-30,2050,35918,1444,5,5,7,1942,0,0,0,N,0,14A28,WASHINGTON BL,THATCHER AV,0,NA,Y,A,-,N,NA,NA,NA,NA,NA,NA,NA,NA,NA,Y,3,0,1,2,A,-,09,21801,B,N,B,C,A,A,H,-,C,B,0,NA,NA,Y,NA,Y,NA,C,03,0,1,0,0,0,0,0,0,1,-,-,NA,NA,LOS ANGELES,LOS ANGELES,-118.45062255859376,33.989051818847656
8766728,2018,2019-01-03,1942,2018-11-29,1540,43072,4208,4,5,7,1942,0,0,0,NA,0,8A35,SAN VICENTE BL,BRINGHAM,0,NA,Y,B,C,N,NA,NA,NA,NA,NA,NA,NA,NA,NA,N,4,0,1,2,A,-,05,21460,A,N,D,G,A,B,H,-,A,A,0,NA,Y,NA,NA,Y,NA,L,04,0,0,1,0,0,0,1,0,0,-,-,NA,NA,LOS ANGELES,LOS ANGELES,-118.46208953857422,34.053890228271484
8766732,2018,2019-01-03,1942,2018-11-19,1100,43500,1942,1,5,7,1942,0,0,0,NA,0,14A13,HOWARD B DROLLINGER WY,SEPULVEDA BL,10,E,N,B,-,N,NA,NA,NA,NA,NA,NA,NA,NA,NA,N,4,0,1,2,A,-,21,22106,NA,N,G,B,E,A,H,-,A,A,0,Y,NA,NA,NA,Y,NA,A,01,0,0,1,0,1,0,0,0,0,-,-,NA,NA,LOS ANGELES,LOS ANGELES,-118.396187,33.95592
8766736,2018,2019-01-08,1942,2018-12-09,1835,42805,LOS A,7,5,7,1942,0,0,0,NA,0,0759,CRENSHAW BL,PICO BL,0,NA,Y,A,-,N,NA,NA,NA,NA,NA,NA,NA,NA,NA,N,4,0,1,5,A,-,03,22350,NA,F,C,C,A,A,H,-,C,A,0,NA,NA,NA,NA,Y,NA,-,99,0,0,1,0,0,0,0,0,0,-,-,NA,NA,LOS ANGELES,LOS ANGELES,-118.32669830322266,34.047828674316406
8766740,2018,2019-01-08,1942,2018-12-10,1717,42424,0762,1,5,7,1942,0,0,0,G,0,7A72,HI POINT ST,SATURN AV,0,NA,N,A,-,N,NA,NA,NA,NA,NA,NA,NA,NA,NA,N,4,0,1,2,A,-,08,22107,NA,F,G,B,E,A,H,-,B,D,0,Y,NA,NA,NA,Y,NA,-,99,0,0,1,0,1,0,0,0,0,-,-,NA,NA,LOS ANGELES,LOS ANGELES,-118.3691635131836,34.0500602722168
8766744,2018,2019-01-08,1942,2018-12-13,1125,37614,0881,4,5,7,1942,0,0,0,H,0,8A53,S BUNDY DR,TENNESSEE PL,42,N,N,A,-,N,NA,NA,NA,NA,NA,NA,NA,NA,NA,N,2,0,1,1,A,-,03,22350,NA,N,H,J,A,A,H,-,A,D,0,NA,NA,Y,NA,Y,NA,C,02,1,0,0,0,0,0,0,0,1,-,-,NA,NA,LOS ANGELES,LOS ANGELES,-118.45108795166016,34.0301628112793