CASE_ID,ACCIDENT_YEAR,PROC_DATE,JURIS,COLLISION_DATE,COLLISION_TIME,OFFICER_ID,REPORTING_DISTRICT,DAY_OF_WEEK,CHP_SHIFT,POPULATION,CNTY_CITY_LOC,SPECIAL_COND,BEAT_TYPE,CHP_BEAT_TYPE,CITY_DIVISION_LAPD,CHP_BEAT_CLASS,BEAT_NUMBER,PRIMARY_RD,SECONDARY_RD,DISTANCE,DIRECTION,INTERSECTION,WEATHER_1,WEATHER_2,STATE_HWY_IND,CALTRANS_COUNTY,CALTRANS_DISTRICT,STATE_ROUTE,ROUTE_SUFFIX,POSTMILE_PREFIX,POSTMILE,LOCATION_TYPE,RAMP_INTERSECTION,SIDE_OF_HWY,TOW_AWAY,COLLISION_SEVERITY,NUMBER_KILLED,NUMBER_INJURED,PARTY_COUNT,PRIMARY_COLL_FACTOR,PCF_CODE_OF_VIOL,PCF_VIOL_CATEGORY,PCF_VIOLATION,PCF_VIOL_SUBSECTION,HIT_AND_RUN,TYPE_OF_COLLISION,MVIW,PED_ACTION,ROAD_SURFACE,ROAD_COND_1,ROAD_COND_2,LIGHTING,CONTROL_DEVICE,CHP_ROAD_TYPE,PEDESTRIAN_ACCIDENT,BICYCLE_ACCIDENT,MOTORCYCLE_ACCIDENT,TRUCK_ACCIDENT,NOT_PRIVATE_PROPERTY,ALCOHOL_INVOLVED,STWD_VEHTYPE_AT_FAULT,CHP_VEHTYPE_AT_FAULT,COUNT_SEVERE_INJ,COUNT_VISIBLE_INJ,COUNT_COMPLAINT_PAIN,COUNT_PED_KILLED,COUNT_PED_INJURED,COUNT_BICYCLIST_KILLED,COUNT_BICYCLIST_INJURED,COUNT_MC_KILLED,COUNT_MC_INJURED,PRIMARY_RAMP,SECONDARY_RAMP,LATITUDE,LONGITUDE,COUNTY,CITY,POINT_X,POINT_Y
8766748,2018,2019-01-08,1942,2018-12-09,1450,35267,2056,7,5,7,1942,0,0,0,NA,0,20A69,W PICO BL,CATALINA AV,160,W,N,A,-,N,NA,NA,NA,NA,NA,NA,NA,NA,NA,N,3,0,1,2,A,-,10,21952,NA,F,G,B,F,A,H,-,A,D,0,Y,NA,NA,NA,Y,NA,-,99,0,1,0,0,1,0,0,0,0,-,-,NA,NA,LOS ANGELES,LOS ANGELES,-118.29524993896484,34.047271728515625
8766752,2018,2019-01-08,1942,2018-12-13,0730,35945,2031,4,5,7,1942,0,0,0,NA,0,20A53,S WILTON PL,WILSHIRE BL,3,S,N,A,-,N,NA,NA,NA,NA,NA,NA,NA,NA,NA,N,3,0,1,2,A,-,09,21804,A,F,D,C,A,A,H,-,A,A,0,NA,NA,Y,NA,Y,NA,C,03,0,1,0,0,0,0,0,0,1,-,-,NA,NA,LOS ANGELES,LOS ANGELES,-118.314208984375,34.061683654785156
8766768,2018,2020-01-25,1942,2018-09-19,0735,4692,2017,3,5,7,1942,0,0,0,NA,0,LA-MI,CIRCLE DR,CIRCLE DRIVE,3,N,N,A,-,N,NA,NA,NA,NA,NA,NA,NA,NA,NA,N,4,0,1,3,A,-,10,21950,A,N,G,B,-,A,H,-,A,A,0,Y,NA,NA,NA,Y,Y,A,01,0,0,1,0,1,0,0,0,0,EO,-,NA,NA,LOS ANGELES,LOS ANGELES,-118.44844818115234,34.16666793823242
8766771,2018,2019-01-03,1942,2018-11-28,2350,43550,0743,3,5,7,1942,0,0,0,G,0,7A33,OLYMPIC BL,ALANDELE AV,21,W,N,C,-,N,NA,NA,NA,NA,NA,NA,NA,NA,NA,Y,3,0,1,1,A,-,03,22350,NA,N,F,I,A,B,H,-,C,A,0,NA,NA,NA,NA,Y,NA,A,07,0,1,0,0,0,0,0,0,0,-,-,NA,NA,LOS ANGELES,LOS ANGELES,-118.35897064208984,34.05752182006836
8766775,2018,2019-01-03,1942,2018-11-02,1220,43508,0738,5,5,7,1942,0,0,0,G,0,7A47,6TH ST,MCCADDEN AV,0,NA,Y,A,-,N,NA,NA,NA,NA,NA,NA,NA,NA,NA,N,3,0,1,2,A,-,10,21950,A,N,G,B,B,A,H,-,A,A,0,Y,NA,NA,NA,Y,NA,A,01,0,1,0,0,1,0,0,0,0,-,-,NA,NA,LOS ANGELES,LOS ANGELES,-118.337158203125,34.064918518066406
8766779,2018,2019-01-03,1942,2018-11-26,1845,42601,1487,1,5,7,1942,0,0,0,N,0,14A66,SEPULVEDA BL,MANCHESTER AV,0,NA,Y,A,-,N,NA,NA,NA,NA,NA,NA,NA,NA,NA,N,2,0,1,2,A,-,09,21801,A,N,A,C,A,A,H,-,C,A,0,NA,NA,Y,NA,Y,NA,A,01,1,0,0,0,0,0,0,0,1,-,-,NA,NA,LOS ANGELES,LOS ANGELES,-118.39623260498048,33.95991897583008
8766783,2018,2019-01-03,1942,2018-11-20,1600,43500,1942,2,5,7,1942,0,0,0,NA,0,14A13,BARRINGTON AV,PEARL ST,0,NA,Y,A,-,N,NA,NA,NA,NA,NA,NA,NA,NA,NA,N,3,0,1,2,A,-,05,21650,1,F,D,G,A,A,H,-,A,A,0,NA,Y,NA,NA,Y,NA,L,04,0,1,0,0,0,0,1,0,0,-,-,NA,NA,LOS ANGELES,LOS ANGELES,-118.44364166259766,34.028968811035156
8766787,2018,2019-01-03,1942,2018-11-19,1750,38459,1415,1,5,7,1942,0,0,0,N,0,14A26,ROSE AV,LINCOLN BL,340,E,N,B,-,N,NA,NA,NA,NA,NA,NA,NA,NA,NA,Y,4,0,1,2,A,-,11,21954,A,N,G,B,D,A,H,-,D,A,0,Y,NA,NA,NA,Y,NA,N,60,0,0,1,0,1,0,0,0,0,-,-,NA,NA,LOS ANGELES,LOS ANGELES,-118.46690368652344,34.0018424987793
8766791,2018,2019-01-03,1942,2018-11-20,1745,43393,1445,2,5,7,1942,0,0,0,N,0,14A1,VENICE BL,MOORE ST,0,NA,Y,A,-,N,NA,NA,NA,NA,NA,NA,NA,NA,NA,N,3,0,1,2,A,-,10,21950,A,N,G,B,B,A,H,-,C,A,0,Y,NA,NA,NA,Y,NA,A,01,0,1,0,0,1,0,0,0,0,-,-,NA,NA,LOS ANGELES,LOS ANGELES,-118.44049072265624,34.00028991699219
8766795,2018,2019-01-03,1942,2018-11-16,1955,43452,1494,5,5,7,1942,0,0,0,N,0,14A73,VICKSBURG AV,W CENTURY BL,5,N,N,A,-,N,NA,NA,NA,NA,NA,NA,NA,NA,NA,N,4,0,1,2,A,-,10,21950,A,N,G,B,B,A,H,-,C,A,0,Y,NA,NA,NA,Y,NA,A,01,0,0,1,0,1,0,0,0,0,-,-,NA,NA,LOS ANGELES,LOS ANGELES,-118.39395141601564,33.94562530517578
8766799,2018,2019-01-03,1942,2018-11-13,1830,42318,1457,2,5,7,1942,0,0,0,N,0,014,CENTINELA AV,CULVER DR,0,NA,Y,A,-,N,NA,NA,NA,NA,NA,NA,NA,NA,NA,N,4,0,1,2,A,-,12,21453,A,N,D,C,A,A,H,-,C,A,0,NA,NA,Y,NA,Y,NA,C,03,0,0,1,0,0,0,0,0,1,-,-,NA,NA,LOS ANGELES,LOS ANGELES,-118.41603088378906,33.98707962036133
8766811,2018,2018-12-27,1902,2018-12-11,1150,711,21,2,5,5,1902,0,0,0,NA,0,004,HUNTINGTON DR,GOLDEN WEST AV,0,NA,Y,A,-,N,NA,NA,NA,NA,NA,NA,NA,NA,NA,Y,3,0,1,3,A,-,12,21453,A,N,D,C,A,A,H,-,A,A,0,NA,NA,NA,NA,Y,NA,A,07,0,1,0,0,0,0,0,0,0,-,-,NA,NA,LOS ANGELES,ARCADIA,-118.06079864501952,34.13138961791992
8766815,2018,2018-12-27,1902,2018-12-10,1910,788,26,1,5,5,1902,0,0,0,NA,0,004,DUARTE RD,BALDWIN AV,0,NA,-,B,-,N,NA,NA,NA,NA,NA,NA,NA,NA,NA,Y,4,0,2,2,A,-,03,22350,NA,N,C,C,A,A,H,-,C,D,0,NA,NA,NA,NA,Y,NA,A,01,0,0,2,0,0,0,0,0,0,-,-,NA,NA,LOS ANGELES,ARCADIA,-118.054931640625,34.12607192993164
8766843,2018,2018-12-27,1976,2018-12-11,1240,851,NA,2,5,5,1976,0,0,0,NA,0,NA,PICKERING AV,PACIFIC PL,0,NA,Y,A,-,N,NA,NA,NA,NA,NA,NA,NA,NA,NA,N,4,0,1,2,A,-,09,21801,A,N,C,C,A,A,H,-,A,D,0,NA,NA,Y,NA,Y,NA,A,01,0,0,1,0,0,0,0,0,1,-,-,NA,NA,LOS ANGELES,WHITTIER,-118.04208374023438,33.97127914428711
8766847,2018,2018-12-27,1976,2018-12-07,1821,378,NA,5,5,5,1976,0,0,0,NA,0,001,HADLEY ST,MILTON AV,108,E,N,A,-,N,NA,NA,NA,NA,NA,NA,NA,NA,NA,Y,4,0,1,3,A,-,03,22350,NA,N,A,C,A,A,H,-,C,D,0,NA,NA,NA,NA,Y,NA,A,07,0,0,1,0,0,0,0,0,0,-,-,NA,NA,LOS ANGELES,WHITTIER,-118.0393524169922,33.98271942138672
8766851,2018,2018-12-27,1976,2018-12-06,2317,477,NA,4,5,5,1976,0,0,0,NA,0,004,SANTA GERTRUDES AV,LAMBERT RD,0,NA,Y,B,-,N,NA,NA,NA,NA,NA,NA,NA,NA,NA,Y,4,0,1,2,A,-,12,21453,A,N,D,C,A,B,H,-,C,A,0,NA,NA,NA,NA,Y,NA,A,01,0,0,1,0,0,0,0,0,0,-,-,NA,NA,LOS ANGELES,WHITTIER,-117.99311065673828,33.93328857421875
8766860,2018,2018-12-27,1956,2018-12-10,1002,1257,31,1,5,5,1956,0,0,0,NA,0,002,ANITA AV,GOODMAN AV,0,NA,Y,A,-,N,NA,NA,NA,NA,NA,NA,NA,NA,NA,Y,4,0,1,2,A,-,08,22107,NA,N,D,C,A,A,H,-,A,D,0,NA,NA,NA,NA,Y,NA,A,01,0,0,1,0,0,0,0,0,0,-,-,NA,NA,LOS ANGELES,REDONDO BEACH,-118.383056640625,33.856781005859375
8766864,2018,2018-12-27,1956,2018-12-10,1528,1257,087,1,5,5,1956,0,0,0,NA,0,001,SOUTH CATALINA AV,AVENUE D,137,S,N,A,-,N,NA,NA,NA,NA,NA,NA,NA,NA,NA,N,3,0,1,2,A,-,09,21804,A,F,D,G,A,A,H,-,A,D,0,NA,Y,NA,NA,Y,NA,A,01,0,1,0,0,0,0,1,0,0,-,-,NA,NA,LOS ANGELES,REDONDO BEACH,-118.38856506347656,33.82411575317383
8766909,2018,2018-12-31,1900,2018-12-06,2240,519541,0562,4,5,3,1968,0,0,0,NA,0,55T1EM,PECK RD,FARNDON ST,130,N,N,A,-,N,NA,NA,NA,NA,NA,NA,NA,NA,NA,Y,2,0,1,1,A,-,01,23152,A,N,E,I,A,A,H,-,C,D,0,NA,NA,NA,NA,Y,Y,A,01,1,0,0,0,0,0,0,0,0,-,-,34.04008102416992,-118.03692626953124,LOS ANGELES,SOUTH EL MONTE,-118.03685760498048,34.03998947143555
8766914,2018,2018-12-28,1900,2018-12-02,0500,604242,0463,7,5,4,1936,0,0,0,NA,0,4671,SANTA GERTRUDES RD,IMPERIAL HWY,21,S,N,A,-,N,NA,NA,NA,NA,NA,NA,NA,NA,NA,Y,4,0,1,2,A,-,12,21453,A,N,D,C,A,A,H,-,C,A,0,NA,NA,NA,NA,Y,NA,A,01,0,0,1,0,0,0,0,0,0,-,-,NA,NA,LOS ANGELES,LA MIRADA,-117.9943618774414,33.91722106933594
8766963,2018,2019-01-23,1942,2018-10-28,0300,43255,1566,7,5,7,1942,0,0,0,O,0,15A12,RIVERSIDE DR,LANKERSHIM BL,0,NA,Y,A,-,N,NA,NA,NA,NA,NA,NA,NA,NA,NA,N,4,0,1,2,A,-,12,21453,A,N,D,C,A,A,-,-,C,A,0,NA,NA,NA,NA,Y,NA,-,-,0,0,1,0,0,0,0,0,0,-,-,NA,NA,LOS ANGELES,LOS ANGELES,-118.36701202392578,34.15227127075195
8766964,2018,2019-01-02,1942,2018-11-29,2045,42861,0762,4,5,7,1942,0,0,0,G,0,7A69,LA CIENEGA BL,AIRDROME ST,250,S,N,A,-,N,NA,NA,NA,NA,NA,NA,NA,NA,NA,N,4,0,1,2,A,-,11,21954,A,N,G,B,D,B,H,-,C,D,0,Y,NA,NA,NA,Y,NA,N,60,0,0,1,0,1,0,0,0,0,-,-,NA,NA,LOS ANGELES,LOS ANGELES,-118.37635040283205,34.04642105102539
8766967,2018,2019-01-23,1942,2018-10-26,1607,41566,1563,5,5,7,1942,0,0,0,O,0,15A68,MOORPARK ST,CAMELLIA AV,0,NA,Y,A,-,N,NA,NA,NA,NA,NA,NA,NA,NA,NA,N,3,0,3,2,A,-,12,22450,A,N,D,C,A,A,H,-,A,A,0,NA,NA,NA,NA,Y,NA,D,22,0,1,2,0,0,0,0,0,0,-,-,NA,NA,LOS ANGELES,LOS ANGELES,-118.38223266601564,34.15037155151367
8766968,2018,2019-01-02,1942,2018-11-23,2000,47654,0727,5,5,7,1942,0,0,0,G,0,7A33W3,BEVERLY BL,CITRUS AV,0,NA,Y,A,-,N,NA,NA,NA,NA,NA,NA,NA,NA,NA,N,4,0,1,2,A,-,10,21950,A,N,G,B,B,A,H,-,C,D,0,Y,NA,NA,NA,Y,Y,A,07,0,0,1,0,1,0,0,0,0,-,-,NA,NA,LOS ANGELES,LOS ANGELES,-118.33968353271484,34.07617950439453
8766971,2018,2019-05-03,1942,2018-10-26,1040,43366,1595,5,5,7,1942,0,0,0,O,0,16A35,LAUREL CANYON BL,CANTON DR,300,E,N,A,-,N,NA,NA,NA,NA,NA,NA,NA,NA,NA,Y,3,0,3,2,A,-,09,21804,A,N,C,C,A,A,H,-,A,-,0,NA,NA,NA,NA,Y,NA,-,NA,0,1,2,0,0,0,0,0,0,-,-,NA,NA,LOS ANGELES,LOS ANGELES,-118.38561248779295,34.13217544555664
8766972,2018,2019-01-02,1942,2018-11-22,1920,43274,LOS A,4,5,7,1942,0,0,0,NA,0,7A76,6TH AV,VENICE BL,0,NA,Y,B,-,N,NA,NA,NA,NA,NA,NA,NA,NA,NA,N,4,0,1,2,A,-,10,21950,A,N,G,B,B,A,H,-,C,A,0,Y,NA,NA,NA,Y,NA,A,01,0,0,1,0,1,0,0,0,0,-,-,NA,NA,LOS ANGELES,LOS ANGELES,-118.32367706298828,34.04357147216797
8766975,2018,2019-01-04,1942,2018-10-29,1845,36230,1539,1,5,7,1942,0,0,0,O,0,15A39,CAHVENGA BL,CALIFA ST,140,S,N,A,-,N,NA,NA,NA,NA,NA,NA,NA,NA,NA,N,4,0,1,3,A,-,03,22350,NA,N,C,C,A,A,H,-,C,D,0,NA,NA,NA,NA,Y,NA,-,NA,0,0,1,0,0,0,0,0,0,-,-,NA,NA,LOS ANGELES,LOS ANGELES,-118.361568,34.17751
8766976,2018,2019-01-02,1942,2018-11-21,1430,37235,0719,3,5,7,1942,0,0,0,G,0,7A24,N ROSSMORE AV,CLINTON ST,0,NA,Y,B,-,N,NA,NA,NA,NA,NA,NA,NA,NA,NA,N,4,0,1,2,A,-,09,21801,A,N,A,C,A,A,H,-,A,D,0,NA,NA,Y,NA,Y,NA,A,01,0,0,1,0,0,0,0,0,1,-,-,NA,NA,LOS ANGELES,LOS ANGELES,-118.32718658447266,34.08164978027344
8766980,2018,2019-01-15,1942,2018-11-28,1045,42611,0774,3,5,7,1942,0,0,0,G,0,7A85,LA BREA AV,SAINT ELMO DR,0,NA,Y,A,-,N,NA,NA,NA,NA,NA,NA,NA,NA,NA,N,4,0,1,2,A,-,09,21801,A,N,D,C,A,A,H,-,A,D,0,NA,NA,Y,NA,Y,NA,A,07,0,0,1,0,0,0,0,0,1,-,-,NA,NA,LOS ANGELES,LOS ANGELES,-118.34603118896484,34.0442008972168
8766984,2018,2019-01-02,1942,2018-11-21,1755,43383,762,3,5,7,1942,0,0,0,NA,0,7A64,S BURNSIDE AV,WASHINGTON BL,420,S,N,A,-,N,NA,NA,NA,NA,NA,NA,NA,NA,NA,N,4,0,1,2,A,-,03,22350,NA,N,G,B,D,A,H,-,C,A,0,Y,NA,NA,NA,Y,NA,A,01,0,0,1,0,1,0,0,0,0,-,-,NA,NA,LOS ANGELES,LOS ANGELES,-118.35777282714844,34.040409088134766
8766987,2018,2019-01-03,1913,2018-10-03,1520,3983,NA,3,5,4,1913,0,0,0,NA,0,004,BASELINE RD,MONTE VISTA AV,0,NA,Y,A,-,N,NA,NA,NA,NA,NA,NA,NA,NA,NA,Y,3,0,2,2,A,-,09,21801,A,N,A,C,A,A,H,-,A,A,0,NA,NA,NA,NA,Y,NA,A,01,0,1,1,0,0,0,0,0,0,-,-,NA,NA,LOS ANGELES,CLAREMONT,-117.6984405517578,34.12160110473633
8766988,2018,2019-01-03,1942,2018-11-26,1240,40235,0774,1,5,7,1942,0,0,0,G,0,14T52,VENICE BL,LA BREA AV,16,E,N,A,-,N,NA,NA,NA,NA,NA,NA,NA,NA,NA,Y,2,0,1,2,A,-,05,21650,1,N,D,G,A,A,H,-,A,A,0,NA,Y,NA,NA,Y,Y,L,04,1,0,0,0,0,0,1,0,0,-,-,NA,NA,LOS ANGELES,LOS ANGELES,-118.34539031982422,34.045875549316406
8766991,2018,2019-01-03,1913,2018-10-04,0553,3746,41,4,5,4,1913,0,0,0,NA,0,001,FOOTHILL BL,MOUNTAIN AV,306,W,N,B,-,N,NA,NA,NA,NA,NA,NA,NA,NA,NA,Y,3,0,1,2,A,-,09,21804,A,N,C,C,A,A,H,-,C,A,0,NA,NA,NA,NA,Y,NA,A,01,0,1,0,0,0,0,0,0,0,-,-,NA,NA,LOS ANGELES,CLAREMONT,-117.73001861572266,34.10698318481445
8766992,2018,2019-01-03,1942,2018-11-22,1545,42958,0656,4,5,7,1942,0,0,0,F,0,6A22,VINE ST,ROMAINE ST,0,NA,Y,A,-,N,NA,NA,NA,NA,NA,NA,NA,NA,NA,Y,4,0,1,3,A,-,03,22350,NA,N,C,C,A,A,H,-,B,A,0,NA,NA,NA,NA,Y,NA,A,01,0,0,1,0,0,0,0,0,0,-,-,NA,NA,LOS ANGELES,LOS ANGELES,-118.32662200927734,34.08892059326172
8766995,2018,2019-01-03,1913,2018-10-05,1910,3760,09,5,5,4,1913,0,0,0,NA,0,001,INDIAN HILL BL,1ST ST,5,S,N,A,-,N,NA,NA,NA,NA,NA,NA,NA,NA,NA,N,3,0,1,2,D,-,00,NA,NA,N,-,B,B,A,H,-,C,A,0,Y,NA,NA,NA,Y,NA,-,-,0,1,0,0,1,0,0,0,0,-,-,NA,NA,LOS ANGELES,CLAREMONT,-117.71930694580078,34.094669342041016
8766999,2018,2019-01-03,1913,2018-10-07,1007,4084,28,7,5,4,1913,0,0,0,NA,0,002,1ST ST,YALE AV,53,E,N,A,-,N,NA,NA,NA,NA,NA,NA,NA,NA,NA,N,3,0,1,2,A,-,09,21804,A,N,D,G,A,A,H,-,A,D,0,NA,Y,NA,NA,Y,Y,A,01,0,1,0,0,0,0,1,0,0,-,-,NA,NA,LOS ANGELES,CLAREMONT,-117.71771240234376,34.094520568847656
8767003,2018,2019-01-03,1913,2018-10-13,1719,3983,06,6,5,4,1913,0,0,0,NA,0,001,ARROW HWY,NOTRE DAME AV,355,W,N,C,-,N,NA,NA,NA,NA,NA,NA,NA,NA,NA,N,4,0,2,2,A,-,03,22350,NA,N,C,C,A,B,C,-,B,D,0,NA,NA,NA,NA,Y,NA,A,01,0,0,2,0,0,0,0,0,0,-,-,NA,NA,LOS ANGELES,CLAREMONT,-117.72310638427734,34.090484619140625
8767007,2018,2019-01-03,1913,2018-10-17,0718,3981,30,3,5,4,1913,0,0,0,NA,0,004,FOOTHILL BL,MILLS AV,324,W,N,A,-,N,NA,NA,NA,NA,NA,NA,NA,NA,NA,N,2,0,1,2,A,-,03,22350,NA,N,C,E,A,A,H,-,A,D,0,NA,Y,NA,NA,Y,NA,L,04,1,0,0,0,0,0,1,0,0,-,-,NA,NA,LOS ANGELES,CLAREMONT,-117.70819854736328,34.10706329345703
8767011,2018,2019-01-03,1913,2018-10-22,1003,3638,27,1,5,4,1913,0,0,0,NA,0,002,CLAREMONT BL,BLANCHARD PL,385,N,N,A,-,N,NA,NA,NA,NA,NA,NA,NA,NA,NA,Y,3,0,2,2,A,-,03,22350,A,N,C,E,A,A,H,-,A,D,0,NA,NA,NA,NA,Y,NA,A,01,0,1,1,0,0,0,0,0,0,-,-,NA,NA,LOS ANGELES,CLAREMONT,-117.70382690429688,34.0971794128418
8767015,2018,2019-01-03,1913,2018-10-29,1317,3835,25,1,5,4,1913,0,0,0,NA,0,002,SAN JOSE AV,CUMBERLAND PL,61,W,N,A,-,N,NA,NA,NA,NA,NA,NA,NA,NA,NA,N,3,0,1,1,A,-,08,22107,NA,N,E,I,A,A,H,-,A,D,0,NA,Y,NA,NA,Y,NA,L,04,0,1,0,0,0,0,1,0,0,-,-,NA,NA,LOS ANGELES,CLAREMONT,-117.71353912353516,34.08317947387695
8767019,2018,2019-01-03,1913,2018-10-29,1432,3681,45,1,5,4,1913,0,0,0,NA,0,003,MOUNTAIN AV,FOOTHILL BL,0,NA,Y,A,-,N,NA,NA,NA,NA,NA,NA,NA,NA,NA,N,3,0,1,2,A,-,09,21801,A,N,D,G,A,A,H,-,A,A,0,NA,Y,NA,NA,Y,NA,A,01,0,1,0,0,0,0,1,0,0,-,-,NA,NA,LOS ANGELES,CLAREMONT,-117.72901153564452,34.10697937011719
8767024,2018,2019-01-03,1913,2018-11-29,1345,3981,62,4,5,4,1913,0,0,0,NA,0,NA,INDIAN HILL BL,VIA LA SELVA,314,N,N,B,-,N,NA,NA,NA,NA,NA,NA,NA,NA,NA,Y,3,0,2,2,A,-,03,22350,NA,N,C,C,A,B,H,-,A,D,0,NA,NA,NA,NA,Y,NA,A,01,0,1,1,0,0,0,0,0,0,-,-,NA,NA,LOS ANGELES,CLAREMONT,-117.72024536132813,34.11000061035156
8767027,2018,2019-01-04,1942,2018-10-19,1800,43523,0666,5,5,7,1942,0,0,0,F,0,6A48,LA MIRADA AV,VAN NESS AV,50,W,N,A,-,N,NA,NA,NA,NA,NA,NA,NA,NA,NA,N,4,0,1,2,A,-,04,21703,NA,F,C,C,A,A,H,-,B,D,0,NA,NA,NA,NA,Y,NA,-,99,0,0,1,0,0,0,0,0,0,-,-,NA,NA,LOS ANGELES,LOS ANGELES,-118.31593322753906,34.09375762939453
8767028,2018,2019-01-16,1913,2018-11-21,2040,3845,70,3,5,4,1913,0,0,0,NA,0,NA,MOUNT BALDY RD,MILE POST 6.11,654,N,N,B,-,N,NA,NA,NA,NA,NA,NA,NA,NA,NA,Y,4,0,1,1,A,-,01,23152,A,N,F,I,A,A,H,-,D,D,0,NA,NA,NA,NA,Y,Y,A,07,0,0,1,0,0,0,0,0,0,-,-,NA,NA,LOS ANGELES,CLAREMONT,NA,NA
8767031,2018,2019-01-04,1942,2018-10-22,0540,43002,1488,1,5,7,1942,0,0,0,N,0,14A67W,AIRPORT BL,ARBOR VITAE ST,0,NA,Y,A,-,N,NA,NA,NA,NA,NA,NA,NA,NA,NA,Y,4,0,1,2,A,-,09,21801,A,N,D,C,A,A,H,-,B,A,0,NA,NA,Y,NA,Y,NA,A,01,0,0,1,0,0,0,0,0,1,-,-,NA,NA,LOS ANGELES,LOS ANGELES,-118.38587188720705,33.952659606933594
8767032,2018,2019-01-03,1913,2018-11-09,1639,3852,45,5,5,4,1913,0,0,0,NA,0,003,FOOTHILL BL,MOUNTAIN AV,192,W,N,A,-,N,NA,NA,NA,NA,NA,NA,NA,NA,NA,N,4,0,1,2,A,-,03,22350,NA,N,C,C,A,A,H,-,A,D,0,NA,NA,NA,NA,Y,NA,A,07,0,0,1,0,0,0,0,0,0,-,-,NA,NA,LOS ANGELES,CLAREMONT,-117.72964477539064,34.10697937011719
8767035,2018,2019-01-04,1942,2018-10-08,1725,43457,1488,1,5,7,1942,0,0,0,N,0,14A26,AIRPORT BL,WESTCHESTER PKWY,0,NA,Y,A,-,N,NA,NA,NA,NA,NA,NA,NA,NA,NA,N,3,0,1,2,A,-,09,21801,A,N,D,G,A,A,H,-,A,D,0,NA,Y,NA,NA,Y,NA,A,01,0,1,0,0,0,0,1,0,0,-,-,NA,NA,LOS ANGELES,LOS ANGELES,-118.38587188720705,33.952659606933594
8767036,2018,2019-01-03,1913,2018-11-15,1544,4019,27,4,5,4,1913,0,0,0,NA,0,002,INDIAN HILL BL,OAK PARK DR,0,NA,Y,A,-,N,NA,NA,NA,NA,NA,NA,NA,NA,NA,Y,3,0,1,2,A,-,01,23152,A,N,A,C,A,A,H,-,A,A,0,NA,NA,NA,NA,Y,Y,A,01,0,1,0,0,0,0,0,0,0,-,-,NA,NA,LOS ANGELES,CLAREMONT,-117.71922302246094,34.08684158325195
8767039,2018,2019-01-04,1942,2018-10-22,1900,43142,1441,1,5,7,1942,0,0,0,N,0,14FB17,PACIFIC AV,SOUTH VENICE BL,5,S,N,A,-,N,NA,NA,NA,NA,NA,NA,NA,NA,NA,N,4,0,1,2,A,-,12,21453,A,N,D,G,A,A,H,-,C,A,0,NA,Y,NA,NA,Y,NA,L,04,0,0,1,0,0,0,1,0,0,-,-,NA,NA,LOS ANGELES,LOS ANGELES,-118.46965789794922,33.98448944091797
8767040,2018,2019-01-03,1913,2018-11-29,1206,3835,30,4,5,4,1913,0,0,0,NA,0,002,DARTMOUTH AV,FOOTHILL BL,9,S,N,B,-,N,NA,NA,NA,NA,NA,NA,NA,NA,NA,N,4,0,1,2,A,-,11,21456,B,N,G,B,B,B,H,-,A,A,0,Y,NA,NA,NA,Y,NA,N,60,0,0,1,0,1,0,0,0,0,-,-,NA,NA,LOS ANGELES,CLAREMONT,-117.7131805419922,34.107086181640625
8767121,2018,2018-12-28,1941,2018-11-25,0647,10153,NA,7,5,7,1941,0,0,0,NA,0,NA,CHERRY AV,CARSON ST,320,S,N,A,-,N,NA,NA,NA,NA,NA,NA,NA,NA,NA,Y,4,0,1,1,A,-,07,21658,A,N,A,I,A,A,H,-,A,D,0,NA,NA,NA,NA,Y,NA,A,NA,0,0,1,0,0,0,0,0,0,-,-,NA,NA,LOS ANGELES,LONG BEACH,-118.16755676269533,33.831573486328125
8767131,2018,2019-01-08,1942,2018-12-11,0145,43525,LOS A,2,5,7,1942,0,0,0,NA,0,17A67,PLUMMER ST,BALBOA,0,NA,Y,A,-,N,NA,NA,NA,NA,NA,NA,NA,NA,NA,Y,4,0,2,2,A,-,01,23152,A,N,D,C,A,A,H,-,C,A,0,NA,NA,NA,NA,Y,Y,A,01,0,0,2,0,0,0,0,0,0,-,-,NA,NA,LOS ANGELES,LOS ANGELES,-118.50245666503906,34.243011474609375
8767133,2018,2018-12-28,1942,2018-11-18,1435,42857,RD156,7,5,7,1942,0,0,0,NA,0,15A67,VINELAND AV,RIVERSIDE DR,0,NA,Y,A,-,N,NA,NA,NA,NA,NA,NA,NA,NA,NA,Y,3,0,1,2,A,-,09,21801,A,N,D,C,A,A,H,-,A,A,0,NA,NA,NA,NA,Y,NA,-,NA,0,1,0,0,0,0,0,0,0,-,-,NA,NA,LOS ANGELES,LOS ANGELES,-118.37033081054688,34.152408599853516
8767134,2018,2019-01-11,1902,2018-12-14,1825,787,8,5,5,5,1902,0,0,0,NA,0,001,EAST FOOTHILL BL,WIGWAM AV,48,E,N,A,-,N,NA,NA,NA,NA,NA,NA,NA,NA,NA,Y,4,0,1,2,A,-,01,23152,A,N,C,C,A,A,H,-,C,D,0,NA,NA,NA,NA,Y,Y,A,01,0,0,1,0,0,0,0,0,0,-,-,NA,NA,LOS ANGELES,ARCADIA,-118.02686309814452,34.15105056762695
8767135,2018,2019-01-08,1942,2018-12-02,1715,34542,1918,7,5,7,1942,0,0,0,NA,0,19A58,FOOTHILL BL,MACLAY ST,0,NA,Y,A,-,N,NA,NA,NA,NA,NA,NA,NA,NA,NA,N,4,0,1,2,A,-,08,22100,A,F,B,C,A,A,H,-,B,A,0,NA,NA,NA,NA,Y,NA,-,99,0,0,1,0,0,0,0,0,0,-,-,NA,NA,LOS ANGELES,LOS ANGELES,-118.42051696777344,34.298519134521484