CASE_ID,ACCIDENT_YEAR,PROC_DATE,JURIS,COLLISION_DATE,COLLISION_TIME,OFFICER_ID,REPORTING_DISTRICT,DAY_OF_WEEK,CHP_SHIFT,POPULATION,CNTY_CITY_LOC,SPECIAL_COND,BEAT_TYPE,CHP_BEAT_TYPE,CITY_DIVISION_LAPD,CHP_BEAT_CLASS,BEAT_NUMBER,PRIMARY_RD,SECONDARY_RD,DISTANCE,DIRECTION,INTERSECTION,WEATHER_1,WEATHER_2,STATE_HWY_IND,CALTRANS_COUNTY,CALTRANS_DISTRICT,STATE_ROUTE,ROUTE_SUFFIX,POSTMILE_PREFIX,POSTMILE,LOCATION_TYPE,RAMP_INTERSECTION,SIDE_OF_HWY,TOW_AWAY,COLLISION_SEVERITY,NUMBER_KILLED,NUMBER_INJURED,PARTY_COUNT,PRIMARY_COLL_FACTOR,PCF_CODE_OF_VIOL,PCF_VIOL_CATEGORY,PCF_VIOLATION,PCF_VIOL_SUBSECTION,HIT_AND_RUN,TYPE_OF_COLLISION,MVIW,PED_ACTION,ROAD_SURFACE,ROAD_COND_1,ROAD_COND_2,LIGHTING,CONTROL_DEVICE,CHP_ROAD_TYPE,PEDESTRIAN_ACCIDENT,BICYCLE_ACCIDENT,MOTORCYCLE_ACCIDENT,TRUCK_ACCIDENT,NOT_PRIVATE_PROPERTY,ALCOHOL_INVOLVED,STWD_VEHTYPE_AT_FAULT,CHP_VEHTYPE_AT_FAULT,COUNT_SEVERE_INJ,COUNT_VISIBLE_INJ,COUNT_COMPLAINT_PAIN,COUNT_PED_KILLED,COUNT_PED_INJURED,COUNT_BICYCLIST_KILLED,COUNT_BICYCLIST_INJURED,COUNT_MC_KILLED,COUNT_MC_INJURED,PRIMARY_RAMP,SECONDARY_RAMP,LATITUDE,LONGITUDE,COUNTY,CITY,POINT_X,POINT_Y
8768022,2018,2018-12-27,1942,2018-08-06,2155,39201,88,1,5,7,1942,0,0,0,NA,0,20L50,VENICE BL,MAGNOLIA,2,E,N,A,-,N,NA,NA,NA,NA,NA,NA,NA,NA,NA,Y,3,0,1,1,A,-,01,23152,A,N,E,I,A,A,H,-,C,A,0,NA,NA,NA,NA,Y,Y,D,22,0,1,0,0,0,0,0,0,0,-,-,NA,NA,LOS ANGELES,LOS ANGELES,-118.286376953125,34.04426956176758
8768052,2018,2018-12-27,1942,2018-11-21,2125,39252,1503,3,5,7,1942,0,0,0,O,0,15A24,SATICOY ST,LAUREL CANYON BL,190,W,N,A,-,N,NA,NA,NA,NA,NA,NA,NA,NA,NA,Y,4,0,2,4,A,-,03,22350,NA,N,A,E,A,A,H,-,C,A,0,NA,NA,NA,NA,Y,NA,A,01,0,0,2,0,0,0,0,0,0,-,-,NA,NA,LOS ANGELES,LOS ANGELES,-118.39714050292967,34.20848083496094
8768054,2018,2019-01-09,1976,2018-11-20,0830,851,NA,2,5,5,1976,0,0,0,NA,0,NA,PICKERING AV,WHITTIER BL,5,N,N,B,-,Y,LA,7,72,-,-,4.28,I,5,N,N,4,0,1,2,A,-,05,21650,1,N,H,G,A,A,H,-,A,A,0,NA,Y,NA,NA,Y,NA,L,04,0,0,1,0,0,0,1,0,0,-,-,NA,NA,LOS ANGELES,WHITTIER,-118.04160308837892,33.96818161010742
8768056,2018,2018-12-27,1942,2018-11-26,1710,43110,1535,1,5,7,1942,0,0,0,O,0,15A28,OXNARD ST,SHADYGLADE AV,70,W,N,A,-,N,NA,NA,NA,NA,NA,NA,NA,NA,NA,Y,4,0,2,2,A,-,09,21804,A,N,D,C,A,A,H,-,C,D,0,NA,NA,NA,NA,Y,NA,A,01,0,0,2,0,0,0,0,0,0,-,-,NA,NA,LOS ANGELES,LOS ANGELES,-118.4022216796875,34.17940902709961
8768084,2018,2019-01-22,1942,2018-11-25,1700,43453,RD164,7,5,7,1942,0,0,0,NA,0,16A23,TERRA BELLA,RT 5,10,E,Y,A,-,Y,LA,7,5,-,-,37.991,R,4,N,Y,4,0,1,2,A,-,21,22106,NA,N,C,C,A,A,H,-,C,A,0,NA,NA,NA,NA,Y,NA,A,07,0,0,1,0,0,0,0,0,0,-,NO,NA,NA,LOS ANGELES,LOS ANGELES,-118.4289093017578,34.25096893310547
8768096,2018,2019-01-09,1942,2018-11-30,1930,43610,0513,5,5,7,1942,0,0,0,E,0,5A24,NORMANDIE AV,PACIFIC COAST HWY,0,NA,N,A,F,Y,LA,7,1,-,-,12.517,I,6,S,N,4,0,1,4,A,-,03,22350,NA,F,C,C,A,A,H,-,C,D,0,NA,NA,NA,NA,Y,Y,-,99,0,0,1,0,0,0,0,0,0,-,-,NA,NA,LOS ANGELES,LOS ANGELES,-118.29751586914064,33.78987503051758
8768100,2018,2019-01-17,1942,2018-11-27,1050,41054,2093,2,5,7,1942,0,0,0,NA,0,20A71,S NORMANDIE AV,20TH ST,195,S,N,A,-,Y,NA,NA,NA,NA,NA,NA,NA,NA,NA,Y,3,0,3,2,A,-,12,21453,A,N,D,C,A,A,H,-,A,A,0,NA,NA,NA,NA,Y,NA,-,-,0,2,1,0,0,0,0,0,0,-,-,NA,NA,LOS ANGELES,LOS ANGELES,-118.30027770996094,34.03764343261719
8768108,2018,2019-01-08,1942,2018-12-07,0235,42296,1079,5,5,7,1942,0,0,0,J,0,10A99,DENSMORE AV,MAGNOLIA BL,13,S,N,B,-,N,NA,NA,NA,NA,NA,NA,NA,NA,NA,Y,3,0,1,1,A,-,03,22350,NA,N,E,I,A,B,H,-,C,D,0,NA,NA,NA,NA,Y,NA,A,01,0,1,0,0,0,0,0,0,0,-,-,NA,NA,LOS ANGELES,LOS ANGELES,-118.47711181640624,34.164794921875
8768109,2018,2018-12-27,1942,2018-11-15,1030,42607,1162,4,5,7,1942,0,0,0,K,0,11A95,FOUNTAIN AV,VIRGIL,0,NA,Y,A,-,N,NA,NA,NA,NA,NA,NA,NA,NA,NA,N,3,0,1,1,A,-,17,21200,NA,N,H,J,A,A,A,D,A,D,0,NA,Y,NA,NA,Y,NA,L,04,0,1,0,0,0,0,1,0,0,-,-,NA,NA,LOS ANGELES,LOS ANGELES,-118.28672790527344,34.09571075439453
8768130,2018,2019-01-09,1956,2018-12-11,0750,1257,2,2,5,5,1956,0,0,0,NA,0,002,RT 1,DIAMOND ST,104,N,N,A,-,Y,LA,7,1,-,-,19.96,H,-,N,N,4,0,1,3,A,-,03,22350,NA,N,C,C,A,A,H,-,A,D,0,NA,NA,NA,NA,Y,NA,A,07,0,0,1,0,0,0,0,0,0,-,-,NA,NA,LOS ANGELES,REDONDO BEACH,-118.38735198974608,33.845237731933594
8768144,2018,2019-01-22,1900,2018-12-13,0930,550490,1126,4,5,6,1992,0,0,0,NA,0,111T2,AVE K,RT 14,0,NA,Y,A,-,Y,LA,7,14,-,-,66.99,R,4,S,Y,4,0,1,2,A,-,12,21453,A,N,D,D,A,A,H,-,A,A,0,NA,NA,NA,NA,Y,NA,A,01,0,0,1,0,0,0,0,0,0,-,SF,NA,NA,LOS ANGELES,LANCASTER,-118.1589813232422,34.676055908203125
8768145,2018,2018-12-26,1942,2018-12-09,0800,40157,1842,7,5,7,1942,0,0,0,R,0,18A41,IMPERIAL HWY,MAIN ST,17,W,N,A,-,N,NA,NA,NA,NA,NA,NA,NA,NA,NA,Y,4,0,1,2,A,-,09,21453,B,N,D,C,A,A,H,-,A,A,0,NA,NA,NA,Y,Y,NA,A,01,0,0,1,0,0,0,0,0,0,-,-,NA,NA,LOS ANGELES,LOS ANGELES,-118.41602325439452,33.931461334228516
8768147,2018,2019-01-09,1956,2018-12-09,1830,1257,24,7,5,5,1956,0,0,0,NA,0,002,RT 1,BERYL ST,400,N,N,A,-,Y,LA,7,1,-,-,20.31,H,-,S,N,4,0,1,2,A,-,08,22107,NA,N,B,E,A,A,H,-,C,D,0,NA,NA,NA,NA,Y,NA,A,01,0,0,1,0,0,0,0,0,0,-,-,NA,NA,LOS ANGELES,REDONDO BEACH,-118.3888702392578,33.85014724731445
8768152,2018,2019-01-11,1900,2018-12-01,0005,613781,1121,6,5,6,1992,0,0,0,NA,0,111T1,10TH ST W,AVE H-8,42,S,N,A,-,N,NA,NA,NA,NA,NA,NA,NA,NA,NA,Y,2,0,1,2,A,-,05,21650,1,F,-,G,A,A,H,-,C,A,0,NA,Y,NA,NA,Y,NA,L,04,1,0,0,0,0,0,1,0,0,-,-,NA,NA,LOS ANGELES,LANCASTER,-118.14826965332033,34.710723876953125
8768159,2018,2019-01-11,1942,2018-11-22,1900,43581,1675,4,5,7,1942,0,0,0,P,0,16A59,SUNLAND BL,VINEDALE ST,0,NA,Y,A,-,N,NA,NA,NA,NA,NA,NA,NA,NA,NA,Y,4,0,2,2,A,-,09,21802,A,N,D,C,A,A,H,-,C,A,0,NA,NA,Y,NA,Y,NA,C,06,0,0,2,0,0,0,0,0,1,-,-,NA,NA,LOS ANGELES,LOS ANGELES,-118.36631011962892,34.228660583496094
8768160,2018,2019-01-22,1942,2018-12-17,1200,41704,0514,1,5,7,1942,0,0,0,E,0,5A15,WILMINGTON BL,PACIFIC COAST HWY,4,S,N,A,-,Y,LA,7,1,-,-,11.208,I,5,S,N,4,0,1,2,A,-,10,21950,A,N,G,B,B,A,H,-,A,A,0,Y,NA,NA,NA,Y,NA,A,01,0,0,1,0,1,0,0,0,0,-,-,NA,NA,LOS ANGELES,LOS ANGELES,-118.27509307861328,33.79048538208008
8768164,2018,2018-12-28,1942,2018-12-10,1825,33267,1475,1,5,7,1942,0,0,0,N,0,14A12,BLUFF CREEK DR,CAMPUS CENTER DR,0,NA,Y,A,-,N,NA,NA,NA,NA,NA,NA,NA,NA,NA,Y,3,0,2,2,A,-,07,21658,A,N,B,C,A,A,H,-,C,A,0,NA,NA,NA,NA,Y,NA,A,01,0,1,1,0,0,0,0,0,0,-,-,NA,NA,LOS ANGELES,LOS ANGELES,-118.40654754638672,33.97747039794922
8768168,2018,2018-12-28,1955,2018-12-14,2020,42261,59,5,5,6,1955,0,0,0,NA,0,001,TEMPLE AV,FOLEY WY,0,NA,Y,A,-,N,NA,NA,NA,NA,NA,NA,NA,NA,NA,Y,3,0,1,2,A,-,01,23152,A,N,D,C,A,A,H,-,C,D,0,NA,NA,NA,NA,Y,Y,A,01,0,1,0,0,0,0,0,0,0,-,-,NA,NA,LOS ANGELES,POMONA,-117.80329895019533,34.04573059082031
8768208,2018,2019-01-30,1900,2018-12-03,1300,546525,2611,1,5,6,1950,0,0,0,NA,0,262T1,RT 138,RT 14,0,NA,Y,A,-,Y,LA,7,14,-,R,60.029,R,4,S,N,4,0,2,2,A,-,07,21658,A,N,B,C,A,A,H,-,A,A,0,NA,NA,NA,NA,Y,NA,D,22,0,0,2,0,0,0,0,0,0,-,SF,NA,NA,LOS ANGELES,PALMDALE,-118.13397979736328,34.58473587036133
8768212,2018,2019-01-30,1900,2018-12-09,1839,533363,2607,7,5,6,1950,0,0,0,NA,0,264T1,AVENUE R,RT 138,0,NA,Y,A,-,Y,LA,7,138,-,-,48.961,I,6,W,N,4,0,1,2,A,-,03,22350,NA,N,C,C,A,A,H,-,C,A,0,NA,NA,NA,NA,Y,NA,A,01,0,0,1,0,0,0,0,0,0,-,-,34.572731018066406,-118.04499053955078,LOS ANGELES,PALMDALE,-118.04499816894533,34.57292556762695
8768216,2018,2019-01-11,1942,2018-12-17,1145,34959,1438,1,5,7,1942,0,0,0,N,0,14A27,VENICE BL,MIDVALE AV,0,NA,Y,A,-,N,NA,NA,NA,NA,NA,NA,NA,NA,NA,N,4,0,1,2,A,-,12,21453,A,N,D,C,A,A,H,-,A,A,0,NA,NA,NA,NA,Y,NA,A,01,0,0,1,0,0,0,0,0,0,-,-,NA,NA,LOS ANGELES,LOS ANGELES,-118.41092681884766,34.016578674316406
8768227,2018,2019-01-30,1941,2018-12-13,1732,6242,NA,4,5,7,1941,0,0,0,NA,0,NA,PACIFIC COAST HWY,HARBOR AV,0,NA,Y,A,-,Y,LA,7,1,-,-,7.23,H,-,S,Y,4,0,2,2,A,-,03,22350,NA,N,C,C,A,A,H,-,C,D,0,NA,NA,NA,NA,Y,NA,A,NA,0,0,2,0,0,0,0,0,0,-,-,NA,NA,LOS ANGELES,LONG BEACH,-118.20681762695313,33.78998947143555
8768232,2018,2019-01-30,1913,2018-10-06,1434,4019,90,6,5,4,1913,0,0,0,NA,0,001,INDIAN HILL BL,RT 10,5,S,N,B,-,Y,LA,7,10,-,-,47.607,R,4,W,Y,3,0,3,2,A,-,09,21453,C,N,A,C,A,A,H,-,A,A,0,NA,NA,NA,NA,Y,NA,A,01,0,2,1,0,0,0,0,0,0,-,WO,NA,NA,LOS ANGELES,CLAREMONT,-117.72166442871094,34.0817985534668
8768324,2018,2019-01-04,1942,2018-11-09,1200,41842,0443,5,5,7,1942,0,0,0,D,0,4A12,MARENGO,BRITTANIA,0,NA,Y,A,-,N,NA,NA,NA,NA,NA,NA,NA,NA,NA,N,4,0,1,2,A,-,10,21950,A,N,G,B,B,A,H,-,A,A,0,Y,NA,NA,NA,Y,NA,A,01,0,0,1,0,1,0,0,0,0,-,-,NA,NA,LOS ANGELES,LOS ANGELES,-118.20841979980467,34.057071685791016
8768328,2018,2019-01-04,1942,2018-11-09,2125,35877,0455,5,5,7,1942,0,0,0,D,0,4A9,STATE ST,CITY VIEW ST,121,S,N,A,-,N,NA,NA,NA,NA,NA,NA,NA,NA,NA,N,4,0,4,2,A,-,12,21453,A,N,D,C,A,A,H,-,C,A,0,NA,NA,NA,NA,Y,NA,A,01,0,0,4,0,0,0,0,0,0,-,-,NA,NA,LOS ANGELES,LOS ANGELES,-118.21274566650392,34.053829193115234
8768332,2018,2019-01-04,1942,2018-11-11,1325,37554,497,7,5,7,1942,0,0,0,NA,0,4A9,SOTO ST,WASHINGTON BL,200,S,N,A,-,N,NA,NA,NA,NA,NA,NA,NA,NA,NA,N,3,0,1,3,A,-,09,21804,A,N,B,C,A,A,H,-,A,A,0,NA,NA,NA,NA,Y,NA,A,01,0,1,0,0,0,0,0,0,0,-,-,NA,NA,LOS ANGELES,LOS ANGELES,-118.22002410888672,34.01674270629883
8768336,2018,2019-01-04,1942,2018-11-14,1105,34168,0489,3,5,7,1942,0,0,0,D,0,HOBK,SOTO ST,SHORT ST,6,S,N,A,-,N,NA,NA,NA,NA,NA,NA,NA,NA,NA,Y,4,0,2,2,A,-,09,21801,A,N,D,C,A,B,H,-,A,D,0,NA,NA,NA,NA,Y,Y,A,01,0,0,2,0,0,0,0,0,0,-,-,NA,NA,LOS ANGELES,LOS ANGELES,-118.21966552734376,34.02626419067383
8768340,2018,2019-01-04,1942,2018-11-09,1235,40421,0461,5,5,7,1942,0,0,0,D,0,4A71,4TH ST,GLESS ST,20,E,N,A,-,N,NA,NA,NA,NA,NA,NA,NA,NA,NA,N,4,0,1,2,A,-,04,21703,NA,N,C,C,A,A,H,-,A,A,0,NA,NA,NA,NA,Y,NA,A,07,0,0,1,0,0,0,0,0,0,-,-,NA,NA,LOS ANGELES,LOS ANGELES,-118.22269439697266,34.04292297363281
8768344,2018,2019-01-04,1942,2018-11-02,0655,38218,0499,5,5,7,1942,0,0,0,D,0,4A59,PRADO ST,OLYMPIC BL,0,NA,Y,A,-,N,NA,NA,NA,NA,NA,NA,NA,NA,NA,N,3,0,1,2,A,-,12,22450,NA,N,-,G,A,A,-,-,A,D,0,NA,Y,NA,NA,Y,NA,-,-,0,1,0,0,0,0,1,0,0,-,-,NA,NA,LOS ANGELES,LOS ANGELES,-118.19426727294922,34.01884841918945
8768347,2018,2019-01-04,1900,2018-11-30,0725,550488,1614,5,5,5,1977,0,0,0,NA,0,164AD,DOMINGUEZ ST,MAIN ST,0,NA,Y,A,-,N,NA,NA,NA,NA,NA,NA,NA,NA,NA,N,3,0,2,2,D,-,00,NA,NA,N,D,C,A,A,H,-,A,A,0,NA,NA,NA,NA,Y,NA,-,-,0,1,1,0,0,0,0,0,0,-,-,33.8390007019043,-118.27899932861328,LOS ANGELES,CARSON,-118.27976989746094,33.839141845703125
8768348,2018,2019-01-04,1942,2018-11-08,1940,41434,0248,4,5,7,1942,0,0,0,B,0,2A17,COLUMBIA AV,6TH ST,0,NA,Y,A,-,N,NA,NA,NA,NA,NA,NA,NA,NA,NA,N,2,0,1,2,A,-,10,21950,A,F,D,G,A,A,H,-,B,D,0,NA,Y,NA,NA,Y,NA,-,99,1,0,0,0,0,0,1,0,0,-,-,NA,NA,LOS ANGELES,LOS ANGELES,-118.2663116455078,34.05582046508789
8768351,2018,2019-01-24,1900,2018-11-29,1820,618888,1610,4,5,5,1977,0,0,0,NA,0,164T1,GARDENA BL,AVALON BL,0,NA,Y,C,-,N,NA,NA,NA,NA,NA,NA,NA,NA,NA,Y,4,0,1,2,A,-,12,21453,A,N,D,C,A,B,H,-,C,A,0,NA,NA,NA,NA,Y,NA,-,-,0,0,1,0,0,0,0,0,0,-,-,37.88199996948242,-118.25399780273438,LOS ANGELES,CARSON,-118.2646713256836,33.88235092163086
8768352,2018,2019-01-04,1942,2018-11-06,0825,43553,0236,2,5,7,1942,0,0,0,B,0,2A5,UNION AV,TEMPLE AV,0,NA,Y,A,-,N,NA,NA,NA,NA,NA,NA,NA,NA,NA,Y,4,0,1,2,A,-,12,21453,A,F,D,C,A,A,H,-,A,A,0,NA,NA,NA,NA,Y,Y,-,99,0,0,1,0,0,0,0,0,0,-,-,NA,NA,LOS ANGELES,LOS ANGELES,-118.26319885253906,34.06869125366211
8768355,2018,2019-01-04,1900,2018-11-29,1715,622130,1621,4,5,5,1977,0,0,0,NA,0,167T1,CARSON ST,ARNOLD CENTER RD,300,E,N,C,-,N,NA,NA,NA,NA,NA,NA,NA,NA,NA,Y,4,0,1,2,A,-,08,22107,NA,N,A,C,A,B,H,-,C,D,0,NA,NA,NA,NA,Y,NA,A,01,0,0,1,0,0,0,0,0,0,-,-,33.83100128173828,-118.22940063476564,LOS ANGELES,CARSON,-118.22959136962892,33.831764221191406
8768356,2018,2019-01-04,1942,2018-11-07,1830,34595,201,3,5,7,1942,0,0,0,NA,0,2A17,SANTA MONICA,BERENDO ST,0,NA,Y,A,-,N,NA,NA,NA,NA,NA,NA,NA,NA,NA,Y,3,0,1,2,A,-,12,22450,NA,N,B,C,A,A,H,-,C,A,0,NA,NA,Y,NA,Y,NA,A,01,0,1,0,0,0,0,0,0,1,-,-,NA,NA,LOS ANGELES,LOS ANGELES,-118.2938995361328,34.090850830078125
8768359,2018,2019-02-06,1900,2018-11-30,2021,622130,1623,5,5,5,1977,0,0,0,NA,0,167T1,FIGUEROA ST,SEPULVEDA BL,0,NA,Y,A,-,N,NA,NA,NA,NA,NA,NA,NA,NA,NA,N,3,0,3,2,A,-,12,21453,A,N,D,C,A,A,H,-,C,A,0,NA,NA,NA,NA,Y,NA,A,01,0,1,2,0,0,0,0,0,0,-,-,33.80699920654297,-118.28399658203124,LOS ANGELES,CARSON,-118.28450775146484,33.80794143676758
8768360,2018,2019-01-04,1942,2018-11-09,1755,42978,0236,5,5,7,1942,0,0,0,B,0,1X32,BEVERLY BL,ALVARADO ST,150,E,N,A,-,N,NA,NA,NA,NA,NA,NA,NA,NA,NA,N,4,0,1,2,A,-,05,21650,NA,N,H,G,A,A,H,-,C,D,0,NA,Y,NA,NA,Y,NA,L,04,0,0,1,0,0,0,1,0,0,-,-,NA,NA,LOS ANGELES,LOS ANGELES,-118.26988220214844,34.06647491455078
8768364,2018,2019-01-04,1942,2018-11-09,0830,43246,0218,5,5,7,1942,0,0,0,B,0,2A39,ECHO PARK AV,LAGUNA AV,0,NA,Y,A,-,N,NA,NA,NA,NA,NA,NA,NA,NA,NA,N,4,0,1,2,A,-,04,21703,NA,N,C,C,A,A,H,-,A,A,0,NA,NA,NA,NA,Y,NA,A,01,0,0,1,0,0,0,0,0,0,-,-,NA,NA,LOS ANGELES,LOS ANGELES,-118.2597198486328,34.07271957397461
8768367,2018,2019-01-04,1900,2018-11-19,2015,602967,1617,1,5,5,1977,0,0,0,NA,0,160T,MAIN ST,TORRANCE BL,50,S,N,A,-,N,NA,NA,NA,NA,NA,NA,NA,NA,NA,Y,3,0,1,1,A,-,08,22107,NA,F,A,I,A,A,H,-,C,A,0,NA,NA,NA,NA,Y,NA,A,01,0,1,0,0,0,0,0,0,0,-,-,NA,NA,LOS ANGELES,CARSON,-118.27993011474608,33.84197235107422
8768368,2018,2019-01-04,1942,2018-11-14,1825,42696,0299,3,5,7,1942,0,0,0,B,0,2A76,W 18TH ST,S UNION AV,0,NA,Y,A,-,N,NA,NA,NA,NA,NA,NA,NA,NA,NA,N,4,0,2,2,A,-,09,21803,A,N,-,C,A,A,H,-,D,D,0,NA,NA,NA,NA,Y,NA,A,01,0,0,2,0,0,0,0,0,0,-,-,NA,NA,LOS ANGELES,LOS ANGELES,-118.28044128417967,34.039581298828125
8768371,2018,2019-01-04,1900,2018-11-19,0950,606669,1623,1,5,5,1977,0,0,0,NA,0,164T,FIGUEROA ST,SHADWELL ST,0,NA,Y,B,-,N,NA,NA,NA,NA,NA,NA,NA,NA,NA,N,4,0,1,2,A,-,12,21453,A,N,D,C,A,A,H,-,A,A,0,NA,NA,NA,NA,Y,NA,A,01,0,0,1,0,0,0,0,0,0,-,-,NA,NA,LOS ANGELES,CARSON,-118.2861099243164,33.821781158447266
8768372,2018,2019-01-04,1942,2018-11-13,0830,34168,0236,2,5,7,1942,0,0,0,B,0,236,BONNIE BRAE ST,BEVERLY BL,3,S,N,A,-,N,NA,NA,NA,NA,NA,NA,NA,NA,NA,N,4,0,1,2,A,-,10,21950,A,N,H,B,B,A,H,-,A,A,0,Y,NA,NA,NA,Y,NA,A,01,0,0,1,0,1,0,0,0,0,-,-,NA,NA,LOS ANGELES,LOS ANGELES,-118.26799011230467,34.06563186645508
8768376,2018,2019-01-04,1942,2018-11-12,0220,43244,0237,1,5,7,1942,0,0,0,B,0,2A17,COLTON ST,GLENDALE,9,W,N,A,-,N,NA,NA,NA,NA,NA,NA,NA,NA,NA,Y,4,0,4,2,A,-,12,22450,A,N,A,C,A,A,-,-,C,-,0,NA,NA,NA,NA,Y,NA,A,01,0,0,4,0,0,0,0,0,0,-,-,NA,NA,LOS ANGELES,LOS ANGELES,-118.260009765625,34.06435012817383
8768380,2018,2019-02-19,1942,2018-11-09,1030,32996,0221,5,5,7,1942,0,0,0,B,0,2A1,N NEW HAMPSHIRE AV,OAKWOOD AV,170,N,N,A,-,N,NA,NA,NA,NA,NA,NA,NA,NA,NA,N,4,0,1,2,A,-,08,22107,NA,N,D,C,A,A,H,-,A,D,0,NA,NA,NA,NA,Y,NA,-,-,0,0,1,0,0,0,0,0,0,-,-,NA,NA,LOS ANGELES,LOS ANGELES,-118.29324340820313,34.078155517578125
8768383,2018,2019-01-04,1942,2018-11-02,1750,33452,0489,5,5,7,1942,0,0,0,D,0,4A97,S SOTO ST,SHORT ST,0,NA,Y,A,-,N,NA,NA,NA,NA,NA,NA,NA,NA,NA,Y,4,0,1,2,A,-,09,21801,A,N,D,C,A,A,H,-,A,D,0,NA,NA,NA,NA,Y,NA,A,01,0,0,1,0,0,0,0,0,0,-,-,NA,NA,LOS ANGELES,LOS ANGELES,-118.21965789794922,34.02627944946289
8768384,2018,2019-01-04,1942,2018-11-02,1741,43579,0261,5,5,7,1942,0,0,0,B,0,11A26,JAMES M WOOD BL,GRAND VIEW ST,10,S,N,A,-,N,NA,NA,NA,NA,NA,NA,NA,NA,NA,N,4,0,1,2,A,-,10,21950,A,N,G,B,B,A,H,-,A,D,0,Y,NA,NA,NA,Y,NA,A,01,0,0,1,0,1,0,0,0,0,-,-,NA,NA,LOS ANGELES,LOS ANGELES,-118.280925,34.054331
8768387,2018,2019-01-04,1942,2018-11-02,1025,NA,497,5,5,7,1942,0,0,0,NA,0,4A78,SOTO ST,OLYMPIC,100,S,N,A,-,N,NA,NA,NA,NA,NA,NA,NA,NA,NA,N,4,0,1,2,A,-,07,21658,A,N,D,C,A,A,H,-,A,A,0,NA,NA,NA,NA,Y,NA,-,-,0,0,1,0,0,0,0,0,0,-,-,NA,NA,LOS ANGELES,LOS ANGELES,-118.21988677978516,34.02399826049805
8768388,2018,2019-01-04,1942,2018-11-03,1030,43318,0245,6,5,7,1942,0,0,0,B,0,2A17,6TH,GRANDVIEW ST,0,NA,Y,A,-,N,NA,NA,NA,NA,NA,NA,NA,NA,NA,N,3,0,1,2,A,-,10,21950,A,N,A,B,B,A,H,-,A,A,0,Y,NA,NA,NA,Y,NA,A,01,0,1,0,0,1,0,0,0,0,-,-,NA,NA,LOS ANGELES,LOS ANGELES,-118.2769775390625,34.06047821044922
8768391,2018,2019-01-04,1942,2018-11-05,1235,42846,RD045,1,5,7,1942,0,0,0,NA,0,4A56,SOTO ST,FAIRMOUNT ST,12,E,N,A,-,N,NA,NA,NA,NA,NA,NA,NA,NA,NA,Y,3,0,1,2,A,-,04,21703,NA,N,B,G,A,A,H,-,A,A,0,NA,Y,NA,NA,Y,NA,A,01,0,1,0,0,0,0,1,0,0,-,-,NA,NA,LOS ANGELES,LOS ANGELES,-118.20444488525392,34.05210876464844
8768392,2018,2019-01-04,1942,2018-11-04,0740,43206,0249,7,5,7,1942,0,0,0,B,0,2A91,6TH ST,BIXEL ST,15,S,N,A,-,N,NA,NA,NA,NA,NA,NA,NA,NA,NA,N,4,0,1,2,A,-,04,21703,NA,N,C,C,A,A,H,-,A,A,0,NA,NA,NA,NA,Y,NA,A,01,0,0,1,0,0,0,0,0,0,-,-,NA,NA,LOS ANGELES,LOS ANGELES,-118.26209259033205,34.05405044555664
8768395,2018,2019-01-04,1942,2018-11-09,1035,43285,D466,5,5,7,1942,0,0,0,NA,0,4A3,CESAR CHAVEZ AV,SOTO ST,0,NA,Y,A,-,N,NA,NA,NA,NA,NA,NA,NA,NA,NA,N,4,0,1,2,A,-,17,21203,NA,N,C,C,A,A,H,-,A,A,0,NA,NA,NA,NA,Y,NA,A,01,0,0,1,0,0,0,0,0,0,-,-,NA,NA,LOS ANGELES,LOS ANGELES,-118.20781,34.04681
8768396,2018,2019-01-04,1942,2018-11-04,0130,34845,0235,7,5,7,1942,0,0,0,B,0,2A76,BEVERLY BL,ALVARADO ST,25,W,N,A,-,N,NA,NA,NA,NA,NA,NA,NA,NA,NA,N,4,0,1,2,A,-,01,23152,A,N,C,C,A,A,H,-,C,A,0,NA,NA,NA,NA,Y,Y,A,01,0,0,1,0,0,0,0,0,0,-,-,NA,NA,LOS ANGELES,LOS ANGELES,-118.27039337158205,34.06669998168945
8768399,2018,2019-01-04,1942,2018-11-09,1450,43285,0412,5,5,7,1942,0,0,0,D,0,4A3,HUMBOLDT ST,AVENUE 26,0,NA,Y,A,-,N,NA,NA,NA,NA,NA,NA,NA,NA,NA,Y,4,0,1,2,A,-,03,22350,NA,N,D,C,A,A,H,-,A,A,0,NA,NA,NA,NA,Y,NA,A,08,0,0,1,0,0,0,0,0,0,-,-,NA,NA,LOS ANGELES,LOS ANGELES,-118.21849060058594,34.079811096191406
8768400,2018,2019-01-04,1942,2018-11-11,1820,37952,0205,7,5,7,1942,0,0,0,B,0,2A12,W SUNSET BL,DESCANSO DR,0,NA,Y,A,-,N,NA,NA,NA,NA,NA,NA,NA,NA,NA,N,3,0,1,2,A,-,09,21801,A,N,H,G,A,A,H,-,C,A,0,NA,Y,NA,NA,Y,NA,A,01,0,1,0,0,0,0,1,0,0,-,-,NA,NA,LOS ANGELES,LOS ANGELES,-118.27484130859376,34.085418701171875
8768401,2018,2019-01-03,1942,2018-11-09,0700,34458,0233,5,5,7,1942,0,0,0,B,0,2A17,S BENTON WY,W 3RD ST,0,NA,Y,A,-,N,NA,NA,NA,NA,NA,NA,NA,NA,NA,N,3,0,2,2,A,-,09,21802,A,N,D,C,A,A,H,-,A,A,0,NA,NA,NA,NA,Y,NA,A,01,0,1,1,0,0,0,0,0,0,-,-,NA,NA,LOS ANGELES,LOS ANGELES,-118.27969360351564,34.066688537597656