CASE_ID,ACCIDENT_YEAR,PROC_DATE,JURIS,COLLISION_DATE,COLLISION_TIME,OFFICER_ID,REPORTING_DISTRICT,DAY_OF_WEEK,CHP_SHIFT,POPULATION,CNTY_CITY_LOC,SPECIAL_COND,BEAT_TYPE,CHP_BEAT_TYPE,CITY_DIVISION_LAPD,CHP_BEAT_CLASS,BEAT_NUMBER,PRIMARY_RD,SECONDARY_RD,DISTANCE,DIRECTION,INTERSECTION,WEATHER_1,WEATHER_2,STATE_HWY_IND,CALTRANS_COUNTY,CALTRANS_DISTRICT,STATE_ROUTE,ROUTE_SUFFIX,POSTMILE_PREFIX,POSTMILE,LOCATION_TYPE,RAMP_INTERSECTION,SIDE_OF_HWY,TOW_AWAY,COLLISION_SEVERITY,NUMBER_KILLED,NUMBER_INJURED,PARTY_COUNT,PRIMARY_COLL_FACTOR,PCF_CODE_OF_VIOL,PCF_VIOL_CATEGORY,PCF_VIOLATION,PCF_VIOL_SUBSECTION,HIT_AND_RUN,TYPE_OF_COLLISION,MVIW,PED_ACTION,ROAD_SURFACE,ROAD_COND_1,ROAD_COND_2,LIGHTING,CONTROL_DEVICE,CHP_ROAD_TYPE,PEDESTRIAN_ACCIDENT,BICYCLE_ACCIDENT,MOTORCYCLE_ACCIDENT,TRUCK_ACCIDENT,NOT_PRIVATE_PROPERTY,ALCOHOL_INVOLVED,STWD_VEHTYPE_AT_FAULT,CHP_VEHTYPE_AT_FAULT,COUNT_SEVERE_INJ,COUNT_VISIBLE_INJ,COUNT_COMPLAINT_PAIN,COUNT_PED_KILLED,COUNT_PED_INJURED,COUNT_BICYCLIST_KILLED,COUNT_BICYCLIST_INJURED,COUNT_MC_KILLED,COUNT_MC_INJURED,PRIMARY_RAMP,SECONDARY_RAMP,LATITUDE,LONGITUDE,COUNTY,CITY,POINT_X,POINT_Y
8772098,2018,2019-01-28,1942,2018-12-04,1110,41263,1075,2,5,7,1942,0,0,0,J,0,10A17,VENTURA BL,LINDLEY AV,20,E,N,A,-,N,NA,NA,NA,NA,NA,NA,NA,NA,NA,Y,3,0,3,2,A,-,09,21801,A,N,D,C,A,A,-,-,A,A,0,NA,NA,NA,NA,Y,NA,D,22,0,1,2,0,0,0,0,0,0,-,-,NA,NA,LOS ANGELES,LOS ANGELES,-118.52716827392578,34.165401458740234
8772120,2019,2019-02-11,1942,2019-01-02,0810,37724,0559,3,5,7,1942,0,0,0,E,0,5A59,TERMINAL WY,NAVY WY,700,W,N,A,-,N,NA,NA,NA,NA,NA,NA,NA,NA,NA,Y,3,0,1,2,A,-,08,22102,NA,N,D,C,A,A,H,-,A,A,0,NA,NA,NA,Y,Y,NA,F,75,0,1,0,0,0,0,0,0,0,-,-,NA,NA,LOS ANGELES,LOS ANGELES,-118.25202178955078,33.74990463256836
8772132,2018,2019-01-29,1942,2018-12-06,1040,31669,566,4,5,7,1942,0,0,0,NA,0,25TL29,PACIFIC AV,11TH ST,0,NA,Y,C,-,N,NA,NA,NA,NA,NA,NA,NA,NA,NA,N,3,0,1,2,A,-,10,21950,NA,N,G,B,B,B,H,-,A,A,0,Y,NA,NA,NA,Y,NA,D,22,0,1,0,0,1,0,0,0,0,-,-,NA,NA,LOS ANGELES,LOS ANGELES,-118.28794097900392,33.73421859741211
8772134,2018,2019-01-29,1942,2018-12-30,2350,42344,1021,7,5,7,1942,0,0,0,J,0,10A21,TAMPA AV,VANOWEN ST,440,N,N,A,-,N,NA,NA,NA,NA,NA,NA,NA,NA,NA,Y,3,0,1,5,A,-,01,23152,A,N,C,E,A,A,H,-,C,D,0,NA,NA,NA,NA,Y,Y,A,01,0,1,0,0,0,0,0,0,0,-,-,NA,NA,LOS ANGELES,LOS ANGELES,-118.553466796875,34.195037841796875
8772157,2018,2019-01-29,1942,2018-12-08,1440,36733,1035,6,5,7,1942,0,0,0,J,0,10A21,LINDLEY AV,KITTRIDGE ST,2,S,N,A,-,N,NA,NA,NA,NA,NA,NA,NA,NA,NA,Y,4,0,1,2,A,-,08,22107,NA,N,E,I,A,A,H,-,A,A,0,NA,NA,NA,NA,Y,NA,A,01,0,0,1,0,0,0,0,0,0,-,-,NA,NA,LOS ANGELES,LOS ANGELES,-118.5272979736328,34.19023513793945
8772167,2018,2019-01-10,1900,2018-12-13,0401,524507,0532,4,5,5,1959,0,0,0,NA,0,53T11E,DEL MAR AV,NEWMARK AV,161,N,N,A,-,N,NA,NA,NA,NA,NA,NA,NA,NA,NA,Y,4,0,1,2,A,-,01,23152,A,N,A,E,A,A,H,-,C,D,0,NA,NA,NA,NA,Y,Y,A,07,0,0,1,0,0,0,0,0,0,-,-,34.06071853637695,-118.09940338134766,LOS ANGELES,ROSEMEAD,-118.09947204589844,34.0607795715332
8772171,2018,2019-01-10,1900,2018-12-25,1617,532124,0523,2,5,4,1971,0,0,0,NA,0,52T1PM,LAS TUNAS DR,ENCINITA AV,0,NA,Y,A,-,N,NA,NA,NA,NA,NA,NA,NA,NA,NA,Y,3,0,2,2,A,-,09,21801,A,N,D,C,A,A,H,-,A,D,0,NA,NA,NA,NA,Y,NA,A,01,0,1,1,0,0,0,0,0,0,-,-,34.11235809326172,-118.07451629638672,LOS ANGELES,TEMPLE CITY,-118.06797790527344,34.105709075927734
8772175,2018,2019-01-10,1900,2018-12-28,1450,506781,0534,5,5,5,1959,0,0,0,NA,0,53T1PM,BARTLETT AV,GARVEY AV,3,S,N,A,-,N,NA,NA,NA,NA,NA,NA,NA,NA,NA,N,4,0,1,2,A,-,10,21950,A,M,G,B,B,A,H,-,A,A,0,Y,NA,NA,NA,Y,NA,A,01,0,0,1,0,1,0,0,0,0,-,-,34.06264877319336,-118.07881927490234,LOS ANGELES,ROSEMEAD,-118.07880401611328,34.06267166137695
8772179,2018,2019-01-10,1900,2018-12-15,1505,606776,0534,6,5,5,1959,0,0,0,NA,0,53T1PM,GARVEY AV,IVAR AV,0,NA,Y,A,-,N,NA,NA,NA,NA,NA,NA,NA,NA,NA,Y,3,0,1,1,A,-,08,22107,NA,N,F,I,A,A,H,-,A,A,0,NA,NA,NA,NA,Y,NA,A,01,0,1,0,0,0,0,0,0,0,-,-,34.06269073486328,-118.07559204101564,LOS ANGELES,ROSEMEAD,-118.07562255859376,34.062740325927734
8772183,2018,2019-01-10,1942,2018-12-21,0200,41489,1265,5,5,7,1942,0,0,0,L,0,12A73W,MANCHESTER AV,NORMANDIE AV,25,E,N,A,-,N,NA,NA,NA,NA,NA,NA,NA,NA,NA,Y,4,0,1,2,A,-,03,22350,NA,N,A,C,A,A,G,-,C,A,0,NA,NA,NA,NA,Y,NA,A,01,0,0,1,0,0,0,0,0,0,-,-,NA,NA,LOS ANGELES,LOS ANGELES,-118.30018615722656,33.96001052856445
8772187,2018,2019-01-10,1942,2018-12-21,1015,41747,1207,5,5,7,1942,0,0,0,L,0,12A15,W 50TH PL,VERMONT AV,4,E,N,A,-,N,NA,NA,NA,NA,NA,NA,NA,NA,NA,N,4,0,1,2,A,-,12,21453,A,N,H,G,A,A,H,-,A,A,0,NA,Y,NA,NA,Y,NA,A,08,0,0,1,0,0,0,1,0,0,-,-,NA,NA,LOS ANGELES,LOS ANGELES,-118.29151916503906,33.9969596862793
8772190,2018,2019-01-10,1942,2018-10-29,2205,43368,2155,1,5,7,1942,0,0,0,NA,0,21A57,DE SOTO,CHASE,300,N,N,A,-,N,NA,NA,NA,NA,NA,NA,NA,NA,NA,Y,4,0,1,3,A,-,08,22107,NA,N,D,C,A,A,H,-,C,D,0,NA,NA,NA,NA,Y,NA,-,NA,0,0,1,0,0,0,0,0,0,-,-,NA,NA,LOS ANGELES,LOS ANGELES,-118.58851623535156,34.225372314453125
8772199,2018,2019-01-10,1942,2018-12-12,1620,32774,1033,3,5,7,1942,0,0,0,J,0,10A21,VICTORY BL,WILBUR AV,0,NA,Y,A,-,N,NA,NA,NA,NA,NA,NA,NA,NA,NA,Y,4,0,3,4,A,-,03,22350,NA,N,D,C,A,A,H,-,A,D,0,NA,NA,NA,NA,Y,NA,A,01,0,0,3,0,0,0,0,0,0,-,-,NA,NA,LOS ANGELES,LOS ANGELES,-118.54473876953124,34.186580657958984
8772203,2018,2019-01-10,1942,2018-12-14,1125,39281,1029,5,5,7,1942,0,0,0,J,0,10A39,SHERMAN WY,GLORIA AV,30,E,N,A,-,N,NA,NA,NA,NA,NA,NA,NA,NA,NA,N,4,0,1,2,A,-,03,22350,NA,N,C,C,A,A,H,-,A,A,0,NA,NA,NA,NA,Y,NA,A,07,0,0,1,0,0,0,0,0,0,-,-,NA,NA,LOS ANGELES,LOS ANGELES,-118.4792022705078,34.20124816894531
8772207,2018,2019-01-10,1942,2018-12-07,1900,40972,1028,5,5,7,1942,0,0,0,J,0,10A17,HAYVENHURST AV,ARCHWOOD ST,283,S,N,A,-,N,NA,NA,NA,NA,NA,NA,NA,NA,NA,N,4,0,1,2,A,-,05,21650,1,N,D,G,A,A,H,-,C,A,0,NA,Y,NA,NA,Y,NA,L,04,0,0,1,0,0,0,1,0,0,-,-,NA,NA,LOS ANGELES,LOS ANGELES,-118.4923858642578,34.19215393066406
8772211,2018,2019-01-10,1942,2018-12-04,1045,37078,1061,2,5,7,1942,0,0,0,J,0,10A39,VENTURA BL,TAMPA AV,3,N,N,A,-,N,NA,NA,NA,NA,NA,NA,NA,NA,NA,N,2,0,1,2,A,-,10,21950,A,N,G,B,B,A,H,-,A,A,0,Y,NA,NA,NA,Y,NA,A,01,1,0,0,0,1,0,0,0,0,-,-,NA,NA,LOS ANGELES,LOS ANGELES,-118.553466796875,34.17264175415039
8772212,2018,2019-01-18,1942,2018-12-29,1550,37080,1591,6,5,7,1942,0,0,0,O,0,10TL38,LAUREL CANYON,MULHOLLAND DR,405,N,N,A,-,N,NA,NA,NA,NA,NA,NA,NA,NA,NA,Y,2,0,2,3,A,-,01,23152,A,N,A,C,A,A,H,-,D,A,0,NA,NA,NA,NA,Y,Y,A,01,2,0,0,0,0,0,0,0,0,-,-,NA,NA,LOS ANGELES,LOS ANGELES,-118.37630462646484,34.12435531616211
8772215,2018,2019-02-04,1942,2018-12-03,1715,41528,NA,1,5,7,1942,0,0,0,NA,0,10A3,ROSCOE BL,VAN ALDEN AV,0,NA,Y,A,-,N,NA,NA,NA,NA,NA,NA,NA,NA,NA,Y,3,0,1,2,A,-,12,21453,A,N,D,C,A,A,H,-,C,A,0,NA,NA,NA,NA,Y,NA,-,-,0,1,0,0,0,0,0,0,0,-,-,NA,NA,LOS ANGELES,LOS ANGELES,-118.54918670654295,34.22053909301758
8772216,2018,2019-01-18,1942,2018-12-31,1450,41514,1567,1,5,7,1942,0,0,0,O,0,15A67,W VALLEY SPRING LN,CAHUENGA BL,5,W,N,A,-,N,NA,NA,NA,NA,NA,NA,NA,NA,NA,Y,3,0,1,1,A,-,01,23152,A,M,E,I,A,A,H,-,A,A,0,NA,NA,NA,NA,Y,Y,A,01,0,1,0,0,0,0,0,0,0,-,-,NA,NA,LOS ANGELES,LOS ANGELES,-118.36147308349608,34.146751403808594
8772219,2018,2019-01-10,1942,2018-12-01,1445,36610,1006,6,5,7,1942,0,0,0,J,0,10A99,LOUISE AV,STAGG ST,0,NA,Y,A,-,N,NA,NA,NA,NA,NA,NA,NA,NA,NA,N,4,0,2,2,A,-,09,21801,NA,N,D,C,A,A,H,-,A,D,0,NA,NA,NA,NA,Y,NA,A,01,0,0,2,0,0,0,0,0,0,-,-,NA,NA,LOS ANGELES,LOS ANGELES,-118.50987243652344,34.21200942993164
8772220,2018,2019-01-18,1942,2018-12-31,2000,42296,NA,1,5,7,1942,0,0,0,NA,0,NA,SATICOY ST,W HAYVENHURST AV,100,W,N,A,-,N,NA,NA,NA,NA,NA,NA,NA,NA,NA,Y,4,0,1,2,A,-,01,23152,A,N,C,C,A,A,H,-,C,D,0,NA,NA,NA,NA,Y,Y,A,01,0,0,1,0,0,0,0,0,0,-,-,NA,NA,LOS ANGELES,LOS ANGELES,-118.4947509765625,34.20842361450195
8772224,2018,2019-01-18,1942,2018-12-28,2250,33504,2133,5,5,7,1942,0,0,0,NA,0,15TL45,SHERMAN WY,FALLBROOK AV,0,NA,Y,A,-,N,NA,NA,NA,NA,NA,NA,NA,NA,NA,Y,2,0,1,2,A,-,09,21801,A,F,D,C,A,A,H,-,C,A,0,NA,NA,Y,NA,Y,NA,B,07,1,0,0,0,0,0,0,0,1,-,-,NA,NA,LOS ANGELES,LOS ANGELES,-118.62342071533205,34.20098876953125
8772228,2018,2019-02-14,1942,2018-12-27,1240,30830,1668,4,5,7,1942,0,0,0,P,0,16A59,LA TUNA CANYON RD,RT 210,75,W,N,A,-,Y,LA,7,210,-,R,13.955,R,4,E,Y,4,0,1,2,A,-,09,21802,A,F,E,I,A,A,H,-,A,D,0,NA,NA,NA,NA,Y,NA,-,99,0,0,1,0,0,0,0,0,0,-,-,NA,NA,LOS ANGELES,LOS ANGELES,-118.2949676513672,34.23470687866211
8772232,2018,2019-02-19,1942,2018-12-28,1455,37080,1089,5,5,7,1942,0,0,0,J,0,10TL38,VENTURA BL,SHERMAN OAKS AV,50,E,N,A,-,N,NA,NA,NA,NA,NA,NA,NA,NA,NA,N,4,0,2,2,A,-,04,21703,NA,F,C,C,A,A,H,-,A,D,0,NA,NA,NA,NA,Y,NA,-,99,0,0,2,0,0,0,0,0,0,-,-,NA,NA,LOS ANGELES,LOS ANGELES,-118.4687957763672,34.15424346923828
8772236,2018,2019-01-18,1942,2018-12-31,1305,34599,1011,1,5,7,1942,0,0,0,J,0,10A3,SHERMAN WY,VANALDEN AV,300,E,N,A,-,N,NA,NA,NA,NA,NA,NA,NA,NA,NA,N,4,0,6,3,A,-,03,22350,NA,F,-,C,A,-,H,-,A,A,0,NA,NA,NA,NA,Y,NA,A,07,0,0,6,0,0,0,0,0,0,-,-,NA,NA,LOS ANGELES,LOS ANGELES,-118.5481414794922,34.201019287109375
8772242,2018,2019-01-14,1942,2018-11-20,1300,43285,0499,2,5,7,1942,0,0,0,D,0,4A97,OLYMPIC BL,ESPERANZA AV,0,NA,Y,A,-,N,NA,NA,NA,NA,NA,NA,NA,NA,NA,N,4,0,1,2,A,-,03,22350,NA,N,C,C,A,A,H,-,A,D,0,NA,NA,NA,NA,Y,NA,A,01,0,0,1,0,0,0,0,0,0,-,-,NA,NA,LOS ANGELES,LOS ANGELES,-118.20101165771484,34.018798828125
8772243,2018,2019-01-14,1942,2018-11-19,2045,36814,1135,1,5,7,1942,0,0,0,K,0,11A89,VERDUGO RD,AVENUE 33,150,N,N,A,-,N,NA,NA,NA,NA,NA,NA,NA,NA,NA,N,4,0,1,2,A,-,11,21954,A,N,G,B,E,A,H,-,C,D,0,Y,NA,NA,NA,Y,NA,N,60,0,0,1,0,1,0,0,0,0,-,-,NA,NA,LOS ANGELES,LOS ANGELES,-118.23590087890624,34.11204147338867
8772244,2018,2019-01-14,1942,2018-11-22,0745,40275,0421,4,5,7,1942,0,0,0,D,0,4A15,DALY ST,MAIN ST,0,NA,Y,B,-,N,NA,NA,NA,NA,NA,NA,NA,NA,NA,Y,3,0,1,1,A,-,03,22350,NA,N,E,I,A,B,H,-,A,D,0,NA,NA,NA,NA,Y,NA,A,01,0,1,0,0,0,0,0,0,0,-,-,NA,NA,LOS ANGELES,LOS ANGELES,-118.21546936035156,34.06597900390625
8772246,2018,2019-01-14,1942,2018-11-27,1330,39571,468,2,5,7,1942,0,0,0,NA,0,4A59,4TH ST,CONCORD ST,15,W,N,A,-,N,NA,NA,NA,NA,NA,NA,NA,NA,NA,N,4,0,2,2,A,-,08,22107,NA,N,D,C,A,A,H,-,A,A,0,NA,NA,NA,NA,Y,NA,A,01,0,0,2,0,0,0,0,0,0,-,-,NA,NA,LOS ANGELES,LOS ANGELES,-118.19872283935548,34.0347900390625
8772247,2018,2019-01-14,1942,2018-11-20,1225,34458,1152,2,5,7,1942,0,0,0,K,0,11A51,N VERMONT AV,PROSPECT AV,28,S,N,A,-,N,NA,NA,NA,NA,NA,NA,NA,NA,NA,Y,3,0,3,3,A,-,04,21703,NA,N,C,C,A,A,H,-,A,D,0,NA,NA,NA,NA,Y,NA,A,01,0,1,2,0,0,0,0,0,0,-,-,NA,NA,LOS ANGELES,LOS ANGELES,-118.2917709350586,34.10169219970703
8772248,2018,2019-01-14,1942,2018-11-05,1540,40060,2137,1,5,7,1942,0,0,0,NA,0,21XL72,LOMA VERDE AV,SHERMAN WAY,0,NA,Y,A,-,N,NA,NA,NA,NA,NA,NA,NA,NA,NA,N,4,0,1,2,A,-,05,21650,NA,N,D,G,A,A,H,-,A,D,0,NA,Y,NA,NA,Y,NA,L,04,0,0,1,0,0,0,1,0,0,-,-,NA,NA,LOS ANGELES,LOS ANGELES,-118.58954620361328,34.20111846923828
8772250,2018,2019-01-14,1942,2018-11-28,0908,31152,0421,3,5,7,1942,0,0,0,D,0,4A15,BROADWAY,AVE 24,8,E,N,A,-,N,NA,NA,NA,NA,NA,NA,NA,NA,NA,N,3,0,1,2,A,-,10,21950,A,N,G,B,B,A,H,-,A,A,0,Y,NA,NA,NA,Y,NA,A,01,0,1,0,0,1,0,0,0,0,-,-,NA,NA,LOS ANGELES,LOS ANGELES,-118.21693420410156,34.0736198425293
8772251,2018,2019-01-14,1942,2018-11-21,0910,31324,1153,3,5,7,1942,0,0,0,K,0,11A1,FERN DELL DR,LOS FELIZ BL,0,NA,Y,A,-,N,NA,NA,NA,NA,NA,NA,NA,NA,NA,N,3,0,1,2,A,-,10,21950,A,N,G,B,B,A,H,-,A,A,0,Y,NA,NA,NA,Y,NA,A,07,0,1,0,0,1,0,0,0,0,-,-,NA,NA,LOS ANGELES,LOS ANGELES,-118.307861328125,34.10808181762695
8772252,2018,2019-01-14,1942,2018-11-04,1130,43543,2183,7,5,7,1942,0,0,0,NA,0,21A73,MULHOLLAND DR,WILLENS AV,0,NA,Y,A,-,N,NA,NA,NA,NA,NA,NA,NA,NA,NA,Y,3,0,1,2,A,-,09,21801,A,N,D,C,A,A,H,-,A,D,0,NA,NA,NA,NA,Y,NA,A,01,0,1,0,0,0,0,0,0,0,-,-,NA,NA,LOS ANGELES,LOS ANGELES,-118.6267318725586,34.15119934082031
8772254,2018,2019-01-14,1942,2018-11-29,0950,40289,0421,4,5,7,1942,0,0,0,D,0,4A15,N BROADWAY,S AVENUE 19,0,NA,Y,C,-,N,NA,NA,NA,NA,NA,NA,NA,NA,NA,Y,4,0,2,3,A,-,09,21801,A,N,D,C,A,B,H,-,A,D,0,NA,NA,NA,NA,Y,NA,A,07,0,0,2,0,0,0,0,0,0,-,-,NA,NA,LOS ANGELES,LOS ANGELES,-118.2213134765625,34.07212829589844
8772255,2018,2019-03-11,1942,2018-11-22,1525,34426,1112,4,5,7,1942,0,0,0,K,0,11A17,VERDUGO RD,YORK BL,0,NA,Y,A,-,N,NA,NA,NA,NA,NA,NA,NA,NA,NA,Y,4,0,3,2,A,-,12,21453,A,N,D,-,A,A,H,-,A,A,0,NA,NA,NA,NA,Y,NA,-,-,0,0,3,0,0,0,0,0,0,-,-,NA,NA,LOS ANGELES,LOS ANGELES,-118.23171997070313,34.125
8772256,2018,2019-01-14,1942,2018-11-17,1630,43136,2118,6,5,7,1942,0,0,0,NA,0,21A97,ROSCOE BL,DE SOTO,308,NA,N,A,-,N,NA,NA,NA,NA,NA,NA,NA,NA,NA,Y,3,0,4,2,A,-,09,21801,A,N,D,C,A,A,H,-,B,D,0,NA,NA,NA,NA,Y,NA,A,07,0,2,2,0,0,0,0,0,0,-,-,NA,NA,LOS ANGELES,LOS ANGELES,-118.58849334716795,34.219940185546875
8772258,2018,2019-01-14,1942,2018-11-29,1630,34426,0421,4,5,7,1942,0,0,0,D,0,4A15,DALY ST,MAIN ST,0,NA,Y,C,-,N,NA,NA,NA,NA,NA,NA,NA,NA,NA,N,4,0,1,2,A,-,05,21650,1,N,D,G,A,B,H,-,B,A,0,NA,Y,NA,NA,Y,NA,L,04,0,0,1,0,0,0,1,0,0,-,-,NA,NA,LOS ANGELES,LOS ANGELES,-118.21546936035156,34.06597900390625
8772259,2018,2019-01-14,1942,2018-11-22,1625,34426,1177,4,5,7,1942,0,0,0,K,0,11A89,JEFFRIES AV,W AVENUE 28,0,NA,Y,A,-,N,NA,NA,NA,NA,NA,NA,NA,NA,NA,N,4,0,4,2,A,-,09,21802,A,N,D,C,A,A,H,-,A,A,0,NA,NA,NA,NA,Y,NA,A,01,0,0,4,0,0,0,0,0,0,-,-,NA,NA,LOS ANGELES,LOS ANGELES,-118.22281646728516,34.086238861083984
8772260,2018,2019-01-14,1942,2018-11-28,1750,38017,2144,3,5,7,1942,0,0,0,NA,0,21A43,VICTORY BL,PONCE AV,75,E,N,C,-,N,NA,NA,NA,NA,NA,NA,NA,NA,NA,Y,4,0,1,3,A,-,08,22107,NA,N,-,E,A,B,H,-,C,D,0,NA,NA,NA,NA,Y,NA,A,01,0,0,1,0,0,0,0,0,0,-,-,NA,NA,LOS ANGELES,LOS ANGELES,-118.62094116210938,34.18644332885742
8772262,2018,2019-01-14,1942,2018-11-29,1625,40099,0429,4,5,7,1942,0,0,0,D,0,4A9,HUNTINGTON DR N,VAN HORNE AV,2,E,N,A,-,N,NA,NA,NA,NA,NA,NA,NA,NA,NA,N,4,0,1,2,A,-,10,21950,A,N,G,B,B,B,H,-,A,A,0,Y,NA,NA,NA,Y,NA,A,01,0,0,1,0,1,0,0,0,0,-,-,NA,NA,LOS ANGELES,LOS ANGELES,-118.17080688476564,34.08951187133789
8772263,2018,2019-01-14,1942,2018-11-30,0735,42975,0459,5,5,7,1942,0,0,0,D,0,4A59,FOLSOM ST,SLOAT ST,100,E,N,A,-,N,NA,NA,NA,NA,NA,NA,NA,NA,NA,N,4,0,1,2,A,-,21,22106,NA,N,-,C,A,A,-,-,A,B,0,NA,NA,NA,NA,Y,NA,A,01,0,0,1,0,0,0,0,0,0,-,-,NA,NA,LOS ANGELES,LOS ANGELES,-118.19779205322266,34.044090270996094
8772264,2018,2019-01-14,1942,2018-11-05,1600,42614,2144,1,5,7,1942,0,0,0,NA,0,21A42,VANOWEN ST,SHOUP AV,0,NA,Y,A,-,N,NA,NA,NA,NA,NA,NA,NA,NA,NA,Y,3,0,3,3,A,-,09,21801,A,N,A,C,A,A,H,-,A,A,0,NA,NA,NA,NA,Y,NA,A,01,0,2,1,0,0,0,0,0,0,-,-,NA,NA,LOS ANGELES,LOS ANGELES,-118.61463165283205,34.193729400634766
8772266,2018,2019-05-21,1942,2018-11-22,1010,43137,LOS A,4,5,7,1942,0,0,0,NA,0,4A56,MISSION,VALLEY,0,NA,Y,A,-,N,NA,NA,NA,NA,NA,NA,NA,NA,NA,Y,4,0,1,2,A,-,12,21453,NA,N,D,C,A,A,H,-,A,A,0,NA,NA,NA,NA,Y,NA,A,01,0,0,1,0,0,0,0,0,0,-,-,NA,NA,LOS ANGELES,LOS ANGELES,-118.20723724365234,34.06550979614258
8772267,2018,2019-01-14,1942,2018-11-11,0310,40730,0295,7,5,7,1942,0,0,0,B,0,2A91,PICO BL,CONSTANCE ST,152,W,N,A,-,N,NA,NA,NA,NA,NA,NA,NA,NA,NA,Y,3,0,1,5,A,-,08,22107,NA,N,C,E,A,A,H,-,C,D,0,NA,NA,NA,NA,Y,NA,A,07,0,1,0,0,0,0,0,0,0,-,-,NA,NA,LOS ANGELES,LOS ANGELES,-118.2783432006836,34.045284271240234
8772268,2018,2019-01-14,1942,2018-11-03,1900,42676,2104,6,5,7,1942,0,0,0,NA,0,21A42,TOPANGA BL,GRESHAM ST,300,S,N,A,-,N,NA,NA,NA,NA,NA,NA,NA,NA,NA,Y,3,0,3,4,A,-,08,22107,NA,N,C,C,A,A,H,-,C,D,0,NA,NA,NA,NA,Y,NA,A,07,0,2,1,0,0,0,0,0,0,-,-,NA,NA,LOS ANGELES,LOS ANGELES,-118.602768,34.230601
8772270,2018,2019-05-08,1942,2018-11-22,1305,39428,0438,4,5,7,1942,0,0,0,D,0,4A9,ALHAMBRA AV,LOMBARDY BL,13,W,N,B,-,N,NA,NA,NA,NA,NA,NA,NA,NA,NA,N,4,0,1,2,A,-,03,22350,NA,N,D,C,A,A,-,-,A,B,0,NA,NA,Y,NA,Y,NA,C,03,0,0,1,0,0,0,0,0,1,-,-,NA,NA,LOS ANGELES,LOS ANGELES,-118.17243957519533,34.07353591918945
8772271,2018,2019-01-14,1942,2018-11-30,0820,37540,0281,5,5,7,1942,0,0,0,B,0,2A92,S HOOVER ST,W PICO BL,0,NA,Y,A,-,N,NA,NA,NA,NA,NA,NA,NA,NA,NA,N,4,0,1,2,A,-,11,21456,B,N,G,B,B,A,H,-,A,A,0,Y,NA,NA,NA,Y,NA,N,60,0,0,1,0,1,0,0,0,0,-,-,NA,NA,LOS ANGELES,LOS ANGELES,-118.28421020507813,34.047279357910156
8772272,2018,2019-01-14,1942,2018-11-01,1630,43136,2114,4,5,7,1942,0,0,0,NA,0,21A97,TOPANGA CANYON BL,STRATHERN ST,0,NA,Y,A,-,N,NA,NA,NA,NA,NA,NA,NA,NA,NA,Y,3,0,1,2,A,-,08,22107,NA,N,C,E,A,A,H,-,A,D,0,NA,NA,NA,NA,Y,NA,A,01,0,1,0,0,0,0,0,0,0,-,-,NA,NA,LOS ANGELES,LOS ANGELES,-118.60598754882813,34.21553039550781
8772274,2018,2019-01-14,1942,2018-11-20,1925,43402,0421,2,5,7,1942,0,0,0,D,0,4A6,S AVENUE 19,BROADWAY,200,S,N,A,-,N,NA,NA,NA,NA,NA,NA,NA,NA,NA,N,3,0,1,2,A,-,11,21955,NA,N,G,B,D,A,H,-,C,A,0,Y,NA,NA,NA,Y,NA,N,60,0,1,0,0,1,0,0,0,0,-,-,NA,NA,LOS ANGELES,LOS ANGELES,-118.22100067138672,34.07164764404297
8772275,2018,2019-01-14,1942,2018-11-17,2105,39062,0451,6,5,7,1942,0,0,0,D,0,4A71,E 1ST ST,MISSION RD,210,W,N,A,-,N,NA,NA,NA,NA,NA,NA,NA,NA,NA,Y,3,0,1,1,A,-,03,22350,NA,N,E,I,A,A,H,-,C,D,0,NA,NA,Y,NA,Y,NA,C,02,0,1,0,0,0,0,0,0,1,-,-,NA,NA,LOS ANGELES,LOS ANGELES,-118.22844696044922,34.047752380371094
8772276,2018,2019-01-14,1942,2018-11-02,1130,35731,2147,5,5,7,1942,0,0,0,NA,0,21X62,DESOTO AV,VALERIO ST,0,NA,Y,A,-,N,NA,NA,NA,NA,NA,NA,NA,NA,NA,N,4,0,1,2,A,-,09,21802,A,N,D,C,A,A,H,-,A,A,0,NA,NA,NA,NA,Y,NA,A,07,0,0,1,0,0,0,0,0,0,-,-,NA,NA,LOS ANGELES,LOS ANGELES,-118.58846282958984,34.20466995239258
8772278,2018,2019-01-14,1942,2018-11-18,1830,43346,042E,7,5,7,1942,0,0,0,D,0,4A58,N EASTERN AV,LOMBARDY,200,N,N,A,-,N,NA,NA,NA,NA,NA,NA,NA,NA,NA,N,3,0,1,1,A,-,03,22350,NA,N,-,A,A,-,C,-,D,D,0,NA,NA,Y,NA,Y,Y,O,05,0,1,0,0,0,0,0,0,1,-,-,NA,NA,LOS ANGELES,LOS ANGELES,-118.17804718017578,34.07831954956055
8772279,2018,2019-01-14,1942,2018-11-30,1635,35230,0457,5,5,7,1942,0,0,0,D,0,4A53,CINCINNATI ST,SOTO ST,100,E,N,A,-,N,NA,NA,NA,NA,NA,NA,NA,NA,NA,Y,4,0,1,2,A,-,21,22106,NA,N,G,B,D,A,H,-,A,D,0,Y,NA,NA,NA,Y,NA,A,08,0,0,1,0,1,0,0,0,0,-,-,NA,NA,LOS ANGELES,LOS ANGELES,-118.20693206787108,34.047611236572266