CASE_ID,ACCIDENT_YEAR,PROC_DATE,JURIS,COLLISION_DATE,COLLISION_TIME,OFFICER_ID,REPORTING_DISTRICT,DAY_OF_WEEK,CHP_SHIFT,POPULATION,CNTY_CITY_LOC,SPECIAL_COND,BEAT_TYPE,CHP_BEAT_TYPE,CITY_DIVISION_LAPD,CHP_BEAT_CLASS,BEAT_NUMBER,PRIMARY_RD,SECONDARY_RD,DISTANCE,DIRECTION,INTERSECTION,WEATHER_1,WEATHER_2,STATE_HWY_IND,CALTRANS_COUNTY,CALTRANS_DISTRICT,STATE_ROUTE,ROUTE_SUFFIX,POSTMILE_PREFIX,POSTMILE,LOCATION_TYPE,RAMP_INTERSECTION,SIDE_OF_HWY,TOW_AWAY,COLLISION_SEVERITY,NUMBER_KILLED,NUMBER_INJURED,PARTY_COUNT,PRIMARY_COLL_FACTOR,PCF_CODE_OF_VIOL,PCF_VIOL_CATEGORY,PCF_VIOLATION,PCF_VIOL_SUBSECTION,HIT_AND_RUN,TYPE_OF_COLLISION,MVIW,PED_ACTION,ROAD_SURFACE,ROAD_COND_1,ROAD_COND_2,LIGHTING,CONTROL_DEVICE,CHP_ROAD_TYPE,PEDESTRIAN_ACCIDENT,BICYCLE_ACCIDENT,MOTORCYCLE_ACCIDENT,TRUCK_ACCIDENT,NOT_PRIVATE_PROPERTY,ALCOHOL_INVOLVED,STWD_VEHTYPE_AT_FAULT,CHP_VEHTYPE_AT_FAULT,COUNT_SEVERE_INJ,COUNT_VISIBLE_INJ,COUNT_COMPLAINT_PAIN,COUNT_PED_KILLED,COUNT_PED_INJURED,COUNT_BICYCLIST_KILLED,COUNT_BICYCLIST_INJURED,COUNT_MC_KILLED,COUNT_MC_INJURED,PRIMARY_RAMP,SECONDARY_RAMP,LATITUDE,LONGITUDE,COUNTY,CITY,POINT_X,POINT_Y
8772519,2018,2019-01-16,1942,2018-12-31,2145,34561,1024,1,5,7,1942,0,0,0,J,0,10A21,RESEDA BL,SHERMAN WY,0,NA,Y,A,-,N,NA,NA,NA,NA,NA,NA,NA,NA,NA,Y,2,0,1,2,A,-,12,21453,A,N,D,G,A,A,H,-,C,A,0,NA,Y,NA,NA,Y,NA,L,04,1,0,0,0,0,0,1,0,0,-,-,NA,NA,LOS ANGELES,LOS ANGELES,-118.53604125976564,34.20117950439453
8772523,2018,2019-01-16,1942,2018-12-28,2345,43161,1788,5,5,7,1942,0,0,0,Q,0,17X47,NORDHOFF ST,ENCINO AV,0,NA,-,A,-,N,NA,NA,NA,NA,NA,NA,NA,NA,NA,Y,4,0,3,2,A,-,05,21651,B,N,A,C,A,A,H,-,C,D,0,NA,NA,NA,NA,Y,NA,A,01,0,0,3,0,0,0,0,0,0,-,-,NA,NA,LOS ANGELES,LOS ANGELES,-118.51566314697266,34.235801696777344
8772561,2018,2019-02-05,1942,2018-11-18,1955,40124,2104,7,5,7,1942,0,0,0,NA,0,21A43,TOPANGA CANYON BL,NORDHOFF ST,300,S,N,A,-,N,NA,NA,NA,NA,NA,NA,NA,NA,NA,N,3,0,3,3,A,-,-,NA,NA,N,-,A,A,-,-,-,C,-,0,NA,NA,NA,NA,Y,NA,A,01,0,1,2,0,0,0,0,0,0,-,-,NA,NA,LOS ANGELES,LOS ANGELES,-118.60454559326172,34.234703063964844
8772565,2018,2019-01-16,1942,2018-11-16,1315,35731,2175,5,5,7,1942,0,0,0,NA,0,21X62,SHOUP AV,DOLOROSA ST,0,NA,Y,A,-,N,NA,NA,NA,NA,NA,NA,NA,NA,NA,N,4,0,1,4,A,-,03,22350,NA,N,C,C,A,A,H,-,A,D,0,NA,NA,NA,NA,Y,NA,A,01,0,0,1,0,0,0,0,0,0,-,-,NA,NA,LOS ANGELES,LOS ANGELES,-118.6145477294922,34.170108795166016
8772566,2018,2019-01-18,1942,2018-12-30,1450,41933,0521,7,5,7,1942,0,0,0,E,0,25T22,S VERMONT AV,ANAHEIM ST,1085,N,N,A,-,N,NA,NA,NA,NA,NA,NA,NA,NA,NA,Y,3,0,2,3,A,-,21,22106,NA,N,D,C,A,A,H,-,A,D,0,NA,NA,NA,NA,Y,NA,A,01,0,2,0,0,0,0,0,0,0,-,-,NA,NA,LOS ANGELES,LOS ANGELES,-118.29746246337892,33.785072326660156
8772569,2018,2019-02-05,1942,2018-11-17,2000,42367,2133,6,5,7,1942,0,0,0,NA,0,21A73,SATICOY ST,WOODLAKE AV,0,NA,Y,A,-,N,NA,NA,NA,NA,NA,NA,NA,NA,NA,N,4,0,1,2,A,-,12,22450,NA,N,-,C,A,A,H,-,C,-,0,NA,NA,NA,NA,Y,NA,A,01,0,0,1,0,0,0,0,0,0,-,-,NA,NA,LOS ANGELES,LOS ANGELES,-118.63220977783205,34.2082405090332
8772570,2018,2019-01-18,1942,2018-12-07,1755,42822,0521,5,5,7,1942,0,0,0,E,0,5A84,GAFFEY ST,MIRAFLORES AV,0,NA,Y,A,-,N,NA,NA,NA,NA,NA,NA,NA,NA,NA,N,4,0,1,2,A,-,03,22350,A,F,C,C,A,A,H,-,C,A,0,NA,NA,NA,NA,Y,NA,-,99,0,0,1,0,0,0,0,0,0,-,-,NA,NA,LOS ANGELES,LOS ANGELES,-118.2930908203125,33.752830505371094
8772574,2018,2019-01-18,1942,2018-12-05,1900,43423,0518,3,5,7,1942,0,0,0,E,0,5A18,AVALON BL,R ST,30,E,N,C,-,N,NA,NA,NA,NA,NA,NA,NA,NA,NA,N,3,0,1,2,A,-,03,22350,NA,N,G,B,B,B,H,-,C,A,0,Y,NA,NA,NA,Y,NA,A,01,0,1,0,0,1,0,0,0,0,-,-,NA,NA,LOS ANGELES,LOS ANGELES,-118.26380920410156,33.79740905761719
8772578,2018,2019-01-29,1942,2018-12-08,0430,43100,0518,6,5,7,1942,0,0,0,E,0,5A59,LOMITA BL,BROAD,45,W,N,A,-,N,NA,NA,NA,NA,NA,NA,NA,NA,NA,Y,3,0,1,4,A,-,-,NA,NA,N,A,E,A,A,H,-,C,D,0,NA,NA,NA,NA,Y,NA,A,01,0,1,0,0,0,0,0,0,0,-,-,NA,NA,LOS ANGELES,LOS ANGELES,-118.26239013671876,33.799251556396484
8772582,2018,2019-01-29,1942,2018-12-11,0730,36871,0514,2,5,7,1942,0,0,0,E,0,5A1,LOMITA,FIGUEROA,42,E,N,A,-,N,NA,NA,NA,NA,NA,NA,NA,NA,NA,Y,3,0,2,3,A,-,09,21801,A,N,A,C,A,A,H,-,A,A,0,NA,NA,NA,NA,Y,NA,A,08,0,1,1,0,0,0,0,0,0,-,-,NA,NA,LOS ANGELES,LOS ANGELES,-118.28287506103516,33.798316955566406
8772586,2018,2019-01-18,1942,2018-12-30,1655,40602,0526,7,5,7,1942,0,0,0,E,0,5XL6,FRIES AV,G ST,5,S,N,A,-,N,NA,NA,NA,NA,NA,NA,NA,NA,NA,N,4,0,1,2,A,-,10,21950,NA,F,G,B,D,A,H,-,B,D,0,Y,NA,NA,NA,Y,NA,-,99,0,0,1,0,1,0,0,0,0,-,-,NA,NA,LOS ANGELES,LOS ANGELES,-118.26496887207033,33.778377532958984
8772589,2018,2019-01-16,1942,2018-11-16,0855,43332,0649,5,5,7,1942,0,0,0,F,0,6A49,HOLLYWOOD BL,WINONA BL,0,NA,Y,A,-,N,NA,NA,NA,NA,NA,NA,NA,NA,NA,Y,4,0,1,2,A,-,04,21703,NA,N,C,C,A,A,H,-,A,D,0,NA,NA,NA,NA,Y,NA,A,01,0,0,1,0,0,0,0,0,0,-,-,NA,NA,LOS ANGELES,LOS ANGELES,-118.30219268798828,34.101749420166016
8772593,2018,2019-01-23,1942,2018-11-24,1742,40850,1492,6,5,7,1942,0,0,0,N,0,NA,VISTA DEL MAR,IMPERIAL HWY,0,NA,Y,A,-,N,NA,NA,NA,NA,NA,NA,NA,NA,NA,N,4,0,1,1,A,-,03,22350,NA,N,H,A,A,A,H,-,C,D,0,NA,NA,Y,NA,Y,Y,C,02,0,0,1,0,0,0,0,0,1,-,-,NA,NA,LOS ANGELES,LOS ANGELES,-118.43498992919922,33.93088150024414
8772636,2018,2019-01-16,1942,2018-11-13,1730,40060,2133,2,5,7,1942,0,0,0,NA,0,21X98,FALLBROOK AV,SATICOY ST,0,NA,Y,A,-,N,NA,NA,NA,NA,NA,NA,NA,NA,NA,N,2,0,2,3,A,-,09,21804,A,N,D,C,A,A,H,-,C,D,0,NA,NA,NA,NA,Y,NA,-,NA,1,0,1,0,0,0,0,0,0,-,-,NA,NA,LOS ANGELES,LOS ANGELES,-118.62344360351564,34.20827102661133
8772640,2018,2019-01-16,1942,2018-11-13,2000,42491,2126,2,5,7,1942,0,0,0,NA,0,21A43,CANOGA AV,SCHOENBORN ST,30,N,N,A,-,N,NA,NA,NA,NA,NA,NA,NA,NA,NA,N,3,0,1,2,A,-,11,21955,NA,N,G,B,D,A,H,-,C,D,0,Y,NA,NA,NA,Y,NA,N,60,0,1,0,0,1,0,0,0,0,-,-,NA,NA,LOS ANGELES,LOS ANGELES,-118.59751892089844,34.22100067138672
8772646,2018,2019-01-18,1900,2018-12-14,0510,524507,0532,5,5,5,1959,0,0,0,NA,0,53T1EM,DEL MAR AV,DOROTHY ST,100,S,N,A,-,N,NA,NA,NA,NA,NA,NA,NA,NA,NA,Y,4,0,1,1,A,-,01,23152,A,M,A,I,A,A,H,-,C,D,0,NA,NA,NA,NA,Y,Y,A,08,0,0,1,0,0,0,0,0,0,-,-,34.06779861450195,-118.09961700439452,LOS ANGELES,ROSEMEAD,-118.09954071044922,34.067745208740234
8772680,2019,2019-02-12,1942,2019-01-04,1510,41933,1804,5,5,7,1942,0,0,0,R,0,25T22,S CENTRAL  AV,88TH PL,39,N,N,A,-,N,NA,NA,NA,NA,NA,NA,NA,NA,NA,Y,3,0,2,3,A,-,03,22350,NA,N,C,C,F,A,H,-,A,D,0,Y,NA,NA,Y,Y,NA,A,01,0,1,1,0,1,0,0,0,0,-,-,NA,NA,LOS ANGELES,LOS ANGELES,-118.25641632080078,33.95663833618164
8772688,2018,2019-01-16,1942,2018-12-28,1730,41158,1999,5,5,7,1942,0,0,0,NA,0,19A79,WOODMAN AV,ROSCOE BL,43,S,N,A,-,N,NA,NA,NA,NA,NA,NA,NA,NA,NA,Y,4,0,1,3,A,-,03,22350,NA,N,C,C,A,A,H,-,C,A,0,NA,NA,NA,NA,Y,NA,A,07,0,0,1,0,0,0,0,0,0,-,-,NA,NA,LOS ANGELES,LOS ANGELES,-118.43274688720705,34.221561431884766
8772696,2018,2019-01-25,1925,2018-11-20,1156,14676,159,2,5,6,1925,0,0,0,NA,0,004,GLENDALE AV,GLENOAKS BL,15,N,N,A,-,N,NA,NA,NA,NA,NA,NA,NA,NA,NA,N,4,0,1,2,A,-,08,22101,D,N,C,C,A,A,H,-,A,A,0,NA,NA,NA,Y,Y,NA,A,01,0,0,1,0,0,0,0,0,0,-,-,NA,NA,LOS ANGELES,GLENDALE,-118.23992919921876,34.15888214111328
8772708,2019,2019-02-02,1925,2019-01-04,1717,24284,123,5,5,6,1925,0,0,0,NA,0,005,LA CRESCENTA AV,PIEDMONT AV,146,S,N,A,-,N,NA,NA,NA,NA,NA,NA,NA,NA,NA,N,2,0,1,2,A,-,11,21954,A,N,G,B,D,A,H,-,B,D,0,Y,NA,NA,NA,Y,NA,N,60,1,0,0,0,1,0,0,0,0,-,-,NA,NA,LOS ANGELES,GLENDALE,-118.23998260498048,34.213680267333984
8772721,2018,2019-01-15,1942,2018-11-28,0900,41944,0513,3,5,7,1942,0,0,0,E,0,5XL3W2,PALOS VERDES DR N,ANAHEIM ST,400,S,N,B,-,N,NA,NA,NA,NA,NA,NA,NA,NA,NA,Y,2,0,3,4,A,-,03,22350,NA,N,C,C,A,A,H,-,A,A,0,NA,NA,NA,NA,Y,NA,A,01,1,1,1,0,0,0,0,0,0,-,-,NA,NA,LOS ANGELES,LOS ANGELES,-118.29822540283205,33.78117370605469
8772724,2018,2019-01-16,1900,2018-12-03,0530,614015,2118,1,5,5,1943,0,0,0,NA,0,212T4,ATLANTIC AV,CARLIN AV,0,NA,Y,A,-,N,NA,NA,NA,NA,NA,NA,NA,NA,NA,N,3,0,1,2,A,-,17,21207,5,N,-,G,A,A,H,-,B,A,0,NA,Y,NA,NA,Y,NA,L,04,0,1,0,0,0,0,1,0,0,-,-,NA,NA,LOS ANGELES,LYNWOOD,-118.19200897216795,33.91033935546875
8772725,2018,2019-01-15,1942,2018-11-29,0700,31674,0521,4,5,7,1942,0,0,0,E,0,25E1,WESTERN AV,GREEN HILL DR,50,N,N,C,-,N,NA,NA,NA,NA,NA,NA,NA,NA,NA,Y,4,0,1,2,A,-,03,22350,NA,N,C,D,A,B,H,-,A,D,0,NA,NA,NA,NA,Y,NA,A,07,0,0,1,0,0,0,0,0,0,-,-,NA,NA,LOS ANGELES,LOS ANGELES,-118.309405,33.770376
8772728,2018,2019-01-16,1900,2018-12-09,0958,525044,2114,7,5,5,1943,0,0,0,NA,0,212A,MARTIN LUTHER KING JR BL,BULLIS RD,0,NA,Y,A,-,N,NA,NA,NA,NA,NA,NA,NA,NA,NA,N,3,0,1,2,A,-,10,21950,A,N,G,B,B,A,H,-,A,A,0,Y,NA,NA,NA,Y,NA,A,01,0,1,0,0,1,0,0,0,0,-,-,NA,NA,LOS ANGELES,LYNWOOD,-118.19918060302734,33.92805099487305
8772729,2018,2019-01-15,1942,2018-11-29,1700,38167,0508,4,5,7,1942,0,0,0,E,0,5X26,WESTERN AV,235TH ST,0,NA,Y,B,-,N,NA,NA,NA,NA,NA,NA,NA,NA,NA,Y,4,0,1,3,A,-,09,21801,A,N,D,C,A,B,H,-,C,D,0,NA,NA,NA,NA,Y,NA,A,08,0,0,1,0,0,0,0,0,0,-,-,NA,NA,LOS ANGELES,LOS ANGELES,-118.30883,33.8127
8772730,2018,2019-01-18,1900,2018-12-15,0820,279461,0455,6,5,6,1949,0,0,0,NA,0,43T1D,BARNWALL ST,FAIRFORD AV,0,NA,Y,A,-,N,NA,NA,NA,NA,NA,NA,NA,NA,NA,Y,4,0,1,2,A,-,08,22103,NA,N,D,C,A,A,H,-,A,D,0,NA,NA,NA,NA,Y,NA,A,01,0,0,1,0,0,0,0,0,0,-,-,NA,NA,LOS ANGELES,NORWALK,-118.09474182128906,33.89118957519531
8772732,2018,2019-01-16,1900,2018-12-11,0651,614015,2112,2,5,5,1943,0,0,0,NA,0,212T4,LONG BEACH BL,IMPERIAL HWY,75,S,N,-,-,N,NA,NA,NA,NA,NA,NA,NA,NA,NA,N,3,0,1,2,A,-,08,22107,NA,N,B,G,A,A,H,-,A,D,0,NA,Y,NA,NA,Y,NA,A,01,0,1,0,0,0,0,1,0,0,-,-,NA,NA,LOS ANGELES,LYNWOOD,-118.21159362792967,33.9302978515625
8772734,2018,2019-01-18,1942,2018-12-14,1225,38168,0639,5,5,7,1942,0,0,0,F,0,6A37,FRANKLIN AV,NORMANDIE AV,200,W,N,A,-,N,NA,NA,NA,NA,NA,NA,NA,NA,NA,N,4,0,1,2,A,-,03,22350,NA,N,D,C,A,A,H,-,A,D,0,NA,NA,Y,NA,Y,NA,C,02,0,0,1,0,0,0,0,0,1,-,-,NA,NA,LOS ANGELES,LOS ANGELES,-118.30123138427734,34.105384826660156
8772736,2018,2019-01-30,1900,2018-12-19,1230,608294,2111,3,5,5,1943,0,0,0,NA,0,212K,IMPERIAL HWY,STATE ST,500,E,N,A,-,N,NA,NA,NA,NA,NA,NA,NA,NA,NA,N,4,0,1,2,A,-,05,21650,1,N,D,G,A,A,H,-,A,A,0,NA,Y,NA,NA,Y,NA,L,04,0,0,1,0,0,0,1,0,0,-,-,NA,NA,LOS ANGELES,LYNWOOD,-118.21481323242188,33.930335998535156
8772738,2018,2019-01-18,1942,2018-12-07,1400,42136,1469,5,5,7,1942,0,0,0,N,0,14A11,LA TIJERA,LA CIENEGA,10,N,N,A,-,N,NA,NA,NA,NA,NA,NA,NA,NA,NA,Y,3,0,1,2,A,-,12,21453,A,N,A,C,A,A,H,-,A,A,0,NA,NA,NA,NA,Y,NA,A,01,0,1,0,0,0,0,0,0,0,-,-,NA,NA,LOS ANGELES,LOS ANGELES,-118.37024688720705,33.978729248046875
8772740,2018,2019-01-16,1922,2018-12-17,1816,632,1,1,5,6,1922,0,0,0,NA,0,001,VALLEY BL,ROCKWALL ST,0,NA,Y,A,-,N,NA,NA,NA,NA,NA,NA,NA,NA,NA,N,3,0,1,2,A,-,05,21650,1,N,D,G,A,A,H,-,C,D,0,NA,Y,NA,NA,Y,NA,L,04,0,1,0,0,0,0,1,0,0,-,-,34.07897186279297,-118.05287933349608,LOS ANGELES,EL MONTE,-118.04972839355467,34.07775115966797
8772744,2018,2019-01-17,1922,2018-03-30,1841,659,1,5,5,6,1922,0,0,0,NA,0,NA,BALDWIN AV,VALLEY BL,30,N,N,A,-,N,NA,NA,NA,NA,NA,NA,NA,NA,NA,N,4,0,1,2,A,-,03,22350,NA,F,D,G,A,A,H,-,A,D,0,NA,Y,NA,NA,Y,NA,A,01,0,0,1,0,0,0,1,0,0,-,-,34.07897186279297,-118.05287933349608,LOS ANGELES,EL MONTE,-118.05279541015624,34.079097747802734
8772765,2018,2019-01-15,1962,2018-11-11,1910,138,1962,7,5,4,1962,0,0,0,NA,0,024,SAN GABRIEL BL,NORWOOD PL,141,N,N,A,-,N,NA,NA,NA,NA,NA,NA,NA,NA,NA,N,4,0,1,2,A,-,03,22350,NA,N,C,C,A,A,H,-,C,D,0,NA,NA,NA,NA,Y,NA,A,01,0,0,1,0,0,0,0,0,0,-,-,34.07617950439453,-118.09075927734376,LOS ANGELES,SAN GABRIEL,-118.09073638916016,34.07654571533203
8772772,2018,2019-01-17,1942,2018-10-16,1235,38794,0374,2,5,7,1942,0,0,0,C,0,3A55W2,6TH AV,39TH ST,0,NA,Y,A,-,N,NA,NA,NA,NA,NA,NA,NA,NA,NA,Y,4,0,1,2,A,-,12,22450,A,N,D,C,A,A,H,-,A,A,0,NA,NA,NA,NA,Y,NA,A,07,0,0,1,0,0,0,0,0,0,-,-,NA,NA,LOS ANGELES,LOS ANGELES,-118.32414,34.0146
8772828,2018,2019-01-29,1975,2018-12-13,1947,446,NA,4,5,6,1975,0,0,0,NA,0,005,AZUSA AV,AMAR RD,0,NA,Y,A,-,N,NA,NA,NA,NA,NA,NA,NA,NA,NA,Y,3,0,1,2,A,-,09,21453,B,N,D,C,A,A,H,-,C,A,0,NA,NA,NA,NA,Y,Y,D,22,0,1,0,0,0,0,0,0,0,-,-,NA,NA,LOS ANGELES,WEST COVINA,-117.9148178100586,34.03145980834961
8772849,2018,2019-01-31,1956,2018-12-15,1354,1324,25,6,5,5,1956,0,0,0,NA,0,002,RT 1,DIAMOND ST,240,N,N,A,-,Y,LA,7,1,-,-,19.99,H,-,S,Y,3,0,2,3,A,-,05,21650,NA,N,A,C,A,A,H,-,A,D,0,NA,NA,NA,NA,Y,NA,A,01,0,1,1,0,0,0,0,0,0,-,-,NA,NA,LOS ANGELES,REDONDO BEACH,-118.38748931884766,33.84565353393555
8772853,2018,2019-01-31,1956,2018-12-14,1809,1281,68,5,5,5,1956,0,0,0,NA,0,005,RT 107,177TH ST,0,NA,Y,A,-,Y,LA,7,107,-,-,4.496,I,5,S,N,4,0,2,2,A,-,09,21453,B,N,D,C,A,A,H,-,C,A,0,NA,NA,NA,NA,Y,NA,A,01,0,0,2,0,0,0,0,0,0,-,-,NA,NA,LOS ANGELES,REDONDO BEACH,-118.3526611328125,33.86997985839844
8772857,2018,2019-01-31,1956,2018-12-17,1453,1257,29,1,5,5,1956,0,0,0,NA,0,002,RT 1,IRENA AV,0,NA,Y,A,-,Y,LA,7,1,-,-,20.461,I,5,N,Y,4,0,1,2,D,-,00,NA,NA,N,D,D,A,A,H,-,A,A,0,NA,NA,NA,NA,Y,NA,-,-,0,0,1,0,0,0,0,0,0,-,-,NA,NA,LOS ANGELES,REDONDO BEACH,-118.38951873779295,33.85226058959961
8772860,2018,2019-01-30,1925,2018-12-21,1047,19167,220,5,5,6,1925,0,0,0,NA,0,002,BRAND BL,GOODE AV,0,NA,Y,A,-,Y,LA,7,134,-,R,7.254,R,4,W,Y,4,0,1,2,A,-,12,21453,A,N,D,C,A,A,H,-,A,A,0,NA,NA,NA,NA,Y,NA,A,01,0,0,1,0,0,0,0,0,0,-,-,NA,NA,LOS ANGELES,GLENDALE,-118.252685546875,34.156463623046875
8772864,2018,2019-03-21,1925,2018-12-23,1758,19364,223,7,5,6,1925,0,0,0,NA,0,002,BRAND BL,SANCHEZ DR,0,NA,Y,A,-,N,NA,NA,NA,NA,NA,NA,NA,NA,NA,Y,4,0,2,2,A,-,12,21453,A,N,D,C,A,A,H,-,C,A,0,NA,NA,NA,NA,Y,NA,A,01,0,0,2,0,0,0,0,0,0,-,-,NA,NA,LOS ANGELES,GLENDALE,-118.25514221191406,34.155941009521484
8772884,2018,2019-01-03,1942,2018-09-13,0905,43328,1472,4,5,7,1942,0,0,0,N,0,14A45,CULVER BL,JEFFERSON BL,300,S,N,A,-,N,NA,NA,NA,NA,NA,NA,NA,NA,NA,N,4,0,1,2,A,-,03,22350,NA,N,C,C,A,A,H,-,A,A,0,NA,NA,NA,NA,Y,NA,A,01,0,0,1,0,0,0,0,0,0,-,-,NA,NA,LOS ANGELES,LOS ANGELES,-118.43978881835938,33.96760940551758
8772888,2018,2019-01-03,1942,2018-09-08,2100,43457,1474,6,5,7,1942,0,0,0,N,0,14A73,80TH ST,LOYOLA BL,0,E,N,E,-,N,NA,NA,NA,NA,NA,NA,NA,NA,NA,Y,4,0,1,2,A,-,03,22350,NA,N,D,C,A,A,H,-,C,D,0,NA,NA,Y,NA,Y,NA,C,02,0,0,1,0,0,0,0,0,1,-,-,NA,NA,LOS ANGELES,LOS ANGELES,-118.41671752929688,33.96590042114258
8772892,2018,2019-01-03,1942,2018-09-12,1315,43251,1467,3,5,7,1942,0,0,0,N,0,14A46,HOWARD HUGHES PKWY,CENTER DR,0,NA,Y,A,-,N,NA,NA,NA,NA,NA,NA,NA,NA,NA,Y,3,0,1,2,A,-,08,22100,B,N,C,C,A,A,H,-,A,A,0,NA,NA,Y,NA,Y,NA,C,02,0,1,0,0,0,0,0,0,1,-,-,NA,NA,LOS ANGELES,LOS ANGELES,-118.38733673095705,33.97507095336914
8772915,2018,2019-01-03,1942,2018-11-28,1950,40832,1245,3,5,7,1942,0,0,0,L,0,12X8,FLORENCE AV,VERMONT AV,50,E,N,A,-,N,NA,NA,NA,NA,NA,NA,NA,NA,NA,N,4,0,1,2,A,-,11,21956,A,F,G,B,D,A,H,-,C,D,0,Y,NA,NA,NA,Y,NA,N,60,0,0,1,0,1,0,0,0,0,-,-,NA,NA,LOS ANGELES,LOS ANGELES,-118.29157257080078,33.97462844848633
8772919,2018,2019-01-03,1942,2018-11-29,0715,37799,1203,4,5,7,1942,0,0,0,L,0,12A15,NORMANDIE AV,W 51ST ST,0,NA,Y,C,-,N,NA,NA,NA,NA,NA,NA,NA,NA,NA,Y,4,0,1,2,D,-,00,NA,NA,N,A,C,A,B,-,-,A,B,0,NA,NA,NA,NA,Y,NA,-,-,0,0,1,0,0,0,0,0,0,-,-,NA,NA,LOS ANGELES,LOS ANGELES,-118.3001708984375,33.99686050415039
8772927,2018,2019-01-16,1942,2018-11-28,1915,32427,1211,3,5,7,1942,0,0,0,L,0,12A31,9TH AV,W 54TH ST,25,E,N,A,-,N,NA,NA,NA,NA,NA,NA,NA,NA,NA,N,4,0,1,2,A,-,10,21950,A,F,G,B,D,A,H,-,C,D,0,Y,NA,NA,NA,Y,NA,-,99,0,0,1,0,1,0,0,0,0,-,-,NA,NA,LOS ANGELES,LOS ANGELES,-118.326924,33.99315
8772940,2018,2019-01-03,1942,2018-09-07,1540,43074,1433,5,5,7,1942,0,0,0,N,0,14A49,WALGROVE AV,LUCILLE AV,0,NA,Y,A,-,N,NA,NA,NA,NA,NA,NA,NA,NA,NA,Y,4,0,1,2,A,-,06,21755,A,N,B,C,A,A,H,-,A,D,0,NA,NA,NA,NA,Y,NA,A,01,0,0,1,0,0,0,0,0,0,-,-,NA,NA,LOS ANGELES,LOS ANGELES,-118.44770050048828,33.99895095825195
8772951,2018,2019-01-03,1900,2018-11-30,1720,403161,1418,5,5,1,1932,0,0,0,NA,0,141T6,NOGALES ST,ARENTH AV,0,NA,Y,A,-,N,NA,NA,NA,NA,NA,NA,NA,NA,NA,Y,4,0,1,2,A,-,09,21801,A,N,-,C,A,A,H,-,C,A,0,NA,NA,NA,NA,Y,NA,A,07,0,0,1,0,0,0,0,0,0,-,-,34.001258850097656,-117.88794708251952,LOS ANGELES,INDUSTRY,-117.88787078857422,34.00123977661133
8772961,2018,2019-01-12,1941,2018-12-16,1453,11274,NA,7,5,7,1941,0,0,0,NA,0,NA,OBISPO AV,ANAHEIM ST,303,S,N,A,-,N,NA,NA,NA,NA,NA,NA,NA,NA,NA,N,4,0,1,2,A,-,11,21956,A,N,A,B,D,A,H,-,A,D,0,Y,NA,NA,NA,Y,NA,N,NA,0,0,1,0,1,0,0,0,0,-,-,NA,NA,LOS ANGELES,LONG BEACH,-118.15460205078124,33.781768798828125
8772989,2018,2019-01-23,1941,2018-12-13,1105,11234,NA,4,5,7,1941,0,0,0,NA,0,NA,XIMENO AV,ATHERTON,258,S,N,A,-,N,NA,NA,NA,NA,NA,NA,NA,NA,NA,Y,2,0,1,3,A,-,07,21658,A,N,B,E,A,A,H,-,A,D,0,NA,NA,Y,NA,Y,NA,C,NA,1,0,0,0,0,0,0,0,1,-,-,NA,NA,LOS ANGELES,LONG BEACH,-118.13887786865234,33.789154052734375
8772993,2018,2019-01-12,1955,2018-12-23,0621,42045,95,7,5,6,1955,0,0,0,NA,0,004,GAREY AV,GRAND AV,0,NA,Y,A,-,N,NA,NA,NA,NA,NA,NA,NA,NA,NA,Y,3,0,1,2,A,-,00,21353,A,N,D,C,A,A,H,-,A,A,0,NA,NA,NA,NA,Y,Y,A,01,0,1,0,0,0,0,0,0,0,-,-,NA,NA,LOS ANGELES,POMONA,-117.74984741210938,34.047821044921875
8772997,2018,2019-01-12,1942,2018-12-03,1720,37676,0358,1,5,7,1942,0,0,0,C,0,31MQ34,ESPOSITION BL,VERMONT AV,540,E,N,A,-,N,NA,NA,NA,NA,NA,NA,NA,NA,NA,Y,4,0,3,3,A,-,03,22350,NA,N,C,C,A,A,H,-,C,A,0,NA,NA,NA,NA,Y,NA,A,01,0,0,3,0,0,0,0,0,0,-,-,NA,NA,LOS ANGELES,LOS ANGELES,-118.289739,34.018349
8773029,2018,2019-01-12,1942,2018-12-20,1943,41870,0334,4,5,7,1942,0,0,0,C,0,3A31,CRENSHAW BL,29TH ST,355,N,N,A,-,N,NA,NA,NA,NA,NA,NA,NA,NA,NA,Y,2,0,4,3,A,-,03,22350,NA,N,A,C,A,A,H,-,C,A,0,NA,NA,NA,NA,Y,NA,A,01,1,0,3,0,0,0,0,0,0,-,-,NA,NA,LOS ANGELES,LOS ANGELES,-118.335116,34.030403
8773033,2018,2019-01-12,1942,2018-12-18,1900,42282,0398,2,5,7,1942,0,0,0,C,0,3A99,W 43RD ST,S HOOVER ST,0,NA,Y,A,-,N,NA,NA,NA,NA,NA,NA,NA,NA,NA,N,3,0,1,2,A,-,08,22107,NA,N,D,G,A,A,H,-,C,A,0,NA,Y,NA,NA,Y,NA,A,01,0,1,0,0,0,0,1,0,0,-,-,NA,NA,LOS ANGELES,LOS ANGELES,-118.28720855712892,34.00550079345703
8773037,2018,2019-01-12,1942,2018-12-18,1700,41129,0357,2,5,7,1942,0,0,0,C,0,3A57,NORMANDIE AV,35TH PL,50,N,N,A,-,N,NA,NA,NA,NA,NA,NA,NA,NA,NA,N,4,0,1,2,A,-,11,21954,A,F,G,B,D,A,H,-,A,A,0,Y,NA,NA,NA,Y,NA,N,60,0,0,1,0,1,0,0,0,0,-,-,NA,NA,LOS ANGELES,LOS ANGELES,-118.30023193359376,34.02384567260742