CASE_ID,ACCIDENT_YEAR,PROC_DATE,JURIS,COLLISION_DATE,COLLISION_TIME,OFFICER_ID,REPORTING_DISTRICT,DAY_OF_WEEK,CHP_SHIFT,POPULATION,CNTY_CITY_LOC,SPECIAL_COND,BEAT_TYPE,CHP_BEAT_TYPE,CITY_DIVISION_LAPD,CHP_BEAT_CLASS,BEAT_NUMBER,PRIMARY_RD,SECONDARY_RD,DISTANCE,DIRECTION,INTERSECTION,WEATHER_1,WEATHER_2,STATE_HWY_IND,CALTRANS_COUNTY,CALTRANS_DISTRICT,STATE_ROUTE,ROUTE_SUFFIX,POSTMILE_PREFIX,POSTMILE,LOCATION_TYPE,RAMP_INTERSECTION,SIDE_OF_HWY,TOW_AWAY,COLLISION_SEVERITY,NUMBER_KILLED,NUMBER_INJURED,PARTY_COUNT,PRIMARY_COLL_FACTOR,PCF_CODE_OF_VIOL,PCF_VIOL_CATEGORY,PCF_VIOLATION,PCF_VIOL_SUBSECTION,HIT_AND_RUN,TYPE_OF_COLLISION,MVIW,PED_ACTION,ROAD_SURFACE,ROAD_COND_1,ROAD_COND_2,LIGHTING,CONTROL_DEVICE,CHP_ROAD_TYPE,PEDESTRIAN_ACCIDENT,BICYCLE_ACCIDENT,MOTORCYCLE_ACCIDENT,TRUCK_ACCIDENT,NOT_PRIVATE_PROPERTY,ALCOHOL_INVOLVED,STWD_VEHTYPE_AT_FAULT,CHP_VEHTYPE_AT_FAULT,COUNT_SEVERE_INJ,COUNT_VISIBLE_INJ,COUNT_COMPLAINT_PAIN,COUNT_PED_KILLED,COUNT_PED_INJURED,COUNT_BICYCLIST_KILLED,COUNT_BICYCLIST_INJURED,COUNT_MC_KILLED,COUNT_MC_INJURED,PRIMARY_RAMP,SECONDARY_RAMP,LATITUDE,LONGITUDE,COUNTY,CITY,POINT_X,POINT_Y
8782242,2018,2019-02-14,1941,2018-11-21,1327,6268,NA,3,5,7,1941,0,0,0,NA,0,NA,5TH ST,DAISY AV,0,NA,N,A,-,N,NA,NA,NA,NA,NA,NA,NA,NA,NA,N,4,0,1,2,-,-,-,NA,NA,N,G,B,B,A,H,-,A,D,0,Y,NA,NA,NA,Y,NA,-,-,0,0,1,0,1,0,0,0,0,-,-,NA,NA,LOS ANGELES,LONG BEACH,-118.19934844970705,33.77293014526367
8782243,2019,2019-02-02,1942,2019-01-06,0710,43366,1665,7,5,7,1942,0,0,0,P,0,16A11,WENTWORTH ST,BROMONT AV,100,E,N,B,C,N,NA,NA,NA,NA,NA,NA,NA,NA,NA,Y,4,0,1,1,A,-,03,22350,NA,N,B,I,A,B,H,-,A,D,0,NA,NA,NA,NA,Y,NA,A,01,0,0,1,0,0,0,0,0,0,-,-,NA,NA,LOS ANGELES,LOS ANGELES,-118.37796020507813,34.25537109375
8782244,2019,2019-02-02,1900,2019-01-01,1343,533363,2617,2,5,6,1950,0,0,0,NA,0,263T1,50TH ST WEST,AVENUE N-8,0,NA,Y,A,-,N,NA,NA,NA,NA,NA,NA,NA,NA,NA,Y,4,0,2,2,A,-,12,21453,A,N,D,C,A,A,H,-,A,A,0,NA,NA,NA,NA,Y,NA,A,01,0,0,2,0,0,0,0,0,0,-,-,NA,NA,LOS ANGELES,PALMDALE,-118.218778,34.623539
8782247,2019,2019-02-02,1942,2019-01-02,1745,39271,2139,3,5,7,1942,0,0,0,NA,0,21A2W5,SATICOY ST,OSO AV,0,NA,Y,A,-,N,NA,NA,NA,NA,NA,NA,NA,NA,NA,Y,4,0,2,2,A,-,09,21801,A,N,A,C,A,A,H,-,C,A,0,NA,NA,NA,NA,Y,NA,-,NA,0,0,2,0,0,0,0,0,0,-,-,NA,NA,LOS ANGELES,LOS ANGELES,-118.57537841796876,34.208351135253906
8782251,2019,2019-02-02,1942,2019-01-10,1445,36733,1764,4,5,7,1942,0,0,0,Q,0,17A81,TAMPA AV,PLUMMER ST,0,NA,Y,A,-,N,NA,NA,NA,NA,NA,NA,NA,NA,NA,Y,2,0,3,2,A,-,09,21801,A,N,A,C,A,A,H,-,A,A,0,NA,NA,NA,NA,Y,NA,A,07,1,1,1,0,0,0,0,0,0,-,-,NA,NA,LOS ANGELES,LOS ANGELES,-118.5535888671875,34.24272918701172
8782254,2018,2019-01-23,1942,2018-11-26,1015,40289,0161,1,5,7,1942,0,0,0,A,0,1A61,W 7TH ST,FRANCISCO ST,285,E,N,A,-,N,NA,NA,NA,NA,NA,NA,NA,NA,NA,N,3,0,1,2,A,-,03,22350,NA,N,C,G,A,A,H,-,A,D,0,NA,Y,NA,NA,Y,NA,A,01,0,1,0,0,0,0,1,0,0,-,-,NA,NA,LOS ANGELES,LOS ANGELES,-118.26053619384766,34.04961013793945
8782255,2019,2019-02-02,1942,2019-01-06,0010,30694,1981,7,5,7,1942,0,0,0,NA,0,19A61,PARTHENIA ST,SEPULVEDA BL,0,NA,Y,C,-,N,NA,NA,NA,NA,NA,NA,NA,NA,NA,N,4,0,1,2,A,-,03,22350,NA,F,C,C,A,B,H,-,C,A,0,NA,NA,NA,NA,Y,NA,-,99,0,0,1,0,0,0,0,0,0,-,-,NA,NA,LOS ANGELES,LOS ANGELES,-118.46765899658205,34.228271484375
8782258,2018,2019-01-23,1900,2018-11-28,0733,552335,0334,3,5,4,1939,0,0,0,NA,0,35T1,163RD ST,HAWTHORNE BL,158,E,N,B,-,N,NA,NA,NA,NA,NA,NA,NA,NA,NA,N,3,0,1,2,A,-,09,21804,A,N,H,G,A,A,H,-,A,A,0,NA,Y,NA,NA,Y,NA,L,04,0,1,0,0,0,0,1,0,0,-,-,33.8827018737793,-118.35179901123048,LOS ANGELES,LAWNDALE,-118.35272216796876,33.8827018737793
8782260,2019,2019-02-02,1900,2019-01-06,1015,484616,2611,7,5,6,1950,0,0,0,NA,0,263T1,SUMAC AV,AVENUE Q-7,0,NA,Y,A,-,N,NA,NA,NA,NA,NA,NA,NA,NA,NA,Y,4,0,1,2,A,-,03,22350,NA,N,D,C,A,A,H,-,A,D,0,NA,NA,NA,NA,Y,NA,A,01,0,0,1,0,0,0,0,0,0,-,-,NA,NA,LOS ANGELES,PALMDALE,-118.12397003173828,34.58094024658203
8782283,2018,2019-01-24,1900,2018-12-05,1530,513101,1334,3,5,5,1908,0,0,0,NA,0,133T1P,FLOWER ST,CLARK AV,158,W,N,C,-,N,NA,NA,NA,NA,NA,NA,NA,NA,NA,Y,3,0,1,3,A,-,08,22107,NA,N,C,E,A,B,G,-,A,D,0,NA,NA,NA,NA,Y,NA,A,07,0,1,0,0,0,0,0,0,0,-,-,33.88209915161133,-118.13520050048828,LOS ANGELES,BELLFLOWER,-118.1344757080078,33.88204574584961
8782287,2018,2019-01-24,1900,2018-12-09,1259,615096,1327,7,5,5,1935,0,0,0,NA,0,132T1,LOS COYOTES BL,GLORIA CT,0,NA,Y,A,-,N,NA,NA,NA,NA,NA,NA,NA,NA,NA,Y,3,0,2,2,A,-,05,21650,NA,N,D,C,A,A,H,-,A,D,0,NA,NA,NA,NA,Y,NA,A,07,0,2,0,0,0,0,0,0,0,-,-,33.84700012207031,-118.08399963378906,LOS ANGELES,LAKEWOOD,-118.084619,33.846818
8782295,2018,2019-01-24,1900,2018-12-14,1750,617845,1321,5,5,5,1935,0,0,0,NA,0,132T2,DEL AMO BL,PEARCE AV,42,E,N,A,-,N,NA,NA,NA,NA,NA,NA,NA,NA,NA,Y,3,0,2,4,A,-,03,22350,NA,N,C,C,A,A,H,-,C,-,0,NA,NA,NA,NA,Y,NA,A,01,0,1,1,0,0,0,0,0,0,-,-,NA,NA,LOS ANGELES,LAKEWOOD,-118.1297607421875,33.84722137451172
8782298,2018,2019-01-23,1942,2018-11-14,1830,42924,0354,3,5,7,1942,0,0,0,C,0,3A73,MARTIN LUTHER KING BL,ARLINGTON BL,0,NA,Y,A,-,N,NA,NA,NA,NA,NA,NA,NA,NA,NA,N,4,0,1,2,A,-,10,21950,A,N,G,B,B,A,H,-,C,A,0,Y,NA,NA,NA,Y,NA,A,07,0,0,1,0,1,0,0,0,0,-,-,NA,NA,LOS ANGELES,LOS ANGELES,-118.31825256347656,34.01081848144531
8782300,2019,2019-02-02,1941,2019-01-04,2026,11247,NA,5,5,7,1941,0,0,0,NA,0,NA,4TH ST,ORIZABA AV,0,NA,Y,A,-,N,NA,NA,NA,NA,NA,NA,NA,NA,NA,Y,4,0,1,3,A,-,09,21802,A,N,A,C,A,A,H,-,C,A,0,NA,NA,NA,NA,Y,NA,A,NA,0,0,1,0,0,0,0,0,0,-,-,NA,NA,LOS ANGELES,LONG BEACH,-118.15677642822266,33.77170181274414
8782304,2019,2019-02-02,1941,2019-01-05,1403,10951,NA,6,5,7,1941,0,0,0,NA,0,NA,OCEAN,62ND PL,0,NA,Y,B,-,N,NA,NA,NA,NA,NA,NA,NA,NA,NA,N,4,0,1,2,A,-,09,21800,A,N,-,G,A,B,H,-,A,A,0,NA,Y,NA,NA,Y,NA,A,NA,0,0,1,0,0,0,1,0,0,-,-,NA,NA,LOS ANGELES,LONG BEACH,-118.12287139892578,33.74848937988281
8782307,2018,2019-01-18,1900,2018-09-09,0150,600248,1430,7,5,4,1937,0,0,0,NA,0,143T2,TEMPLE AV,SUNSET AV,305,N,N,A,-,N,NA,NA,NA,NA,NA,NA,NA,NA,NA,Y,3,0,2,2,A,-,01,23152,A,N,C,E,A,A,H,-,C,A,0,NA,NA,NA,NA,Y,Y,A,01,0,1,1,0,0,0,0,0,0,-,-,34.03990173339844,-117.96874237060548,LOS ANGELES,LA PUENTE,-117.96881866455078,34.041229248046875
8782310,2018,2019-01-23,1942,2018-11-16,0515,42265,0392,5,5,7,1942,0,0,0,C,0,3A63W3,ARLINGTON AV,48TH ST,0,NA,Y,A,-,N,NA,NA,NA,NA,NA,NA,NA,NA,NA,Y,4,0,2,3,A,-,07,21658,A,N,C,E,A,A,H,-,B,A,0,NA,NA,NA,NA,Y,NA,A,01,0,0,2,0,0,0,0,0,0,-,-,NA,NA,LOS ANGELES,LOS ANGELES,-118.31816,34.00003
8782314,2018,2019-01-23,1942,2018-11-13,1600,38037,1822,2,5,7,1942,0,0,0,R,0,25MQ12,MAIN ST,S COLDEN AV,6,N,N,A,-,N,NA,NA,NA,NA,NA,NA,NA,NA,NA,N,4,0,1,2,A,-,11,21955,NA,N,G,B,D,A,H,-,A,D,0,Y,NA,NA,NA,Y,NA,N,60,0,0,1,0,1,0,0,0,0,-,-,NA,NA,LOS ANGELES,LOS ANGELES,-118.27388763427734,33.9492073059082
8782318,2018,2019-01-23,1942,2018-11-15,1900,42883,2024,4,5,7,1942,0,0,0,NA,0,20A53,HARVARD BL,WILSHIRE BL,200,N,N,A,-,N,NA,NA,NA,NA,NA,NA,NA,NA,NA,N,2,0,1,2,A,-,09,21804,A,F,G,B,F,A,H,-,C,D,0,Y,NA,NA,NA,Y,NA,-,99,1,0,0,0,1,0,0,0,0,-,-,NA,NA,LOS ANGELES,LOS ANGELES,-118.3042221069336,34.06174087524414
8782320,2019,2019-02-02,1941,2019-01-05,1107,11226,NA,6,5,7,1941,0,0,0,NA,0,NA,EAST 10TH ST,ATLANTIC AV,138,E,N,B,-,N,NA,NA,NA,NA,NA,NA,NA,NA,NA,N,4,0,1,2,A,-,03,22350,NA,N,C,C,A,A,H,-,A,A,0,NA,NA,NA,NA,Y,NA,A,NA,0,0,1,0,0,0,0,0,0,-,-,NA,NA,LOS ANGELES,LONG BEACH,-118.1845932006836,33.77898025512695
8782323,2018,2019-01-24,1942,2018-12-19,1806,43368,1788,3,5,7,1942,0,0,0,Q,0,21A2,NORDHOFF,LOUISE,30,S,N,A,-,N,NA,NA,NA,NA,NA,NA,NA,NA,NA,Y,4,0,2,3,A,-,09,21801,A,F,-,C,A,A,H,-,C,A,0,NA,NA,NA,NA,Y,NA,-,99,0,0,2,0,0,0,0,0,0,-,-,NA,NA,LOS ANGELES,LOS ANGELES,-118.51126098632813,34.23577117919922
8782326,2018,2019-02-01,1942,2018-10-14,2045,41997,1371,7,5,7,1942,0,0,0,M,0,13A93,BROADWAY,54TH ST,10,S,N,A,-,N,NA,NA,NA,NA,NA,NA,NA,NA,NA,N,3,0,3,2,A,-,12,21453,A,F,D,C,A,A,H,-,C,A,0,NA,NA,NA,NA,Y,NA,-,-,0,1,2,0,0,0,0,0,0,-,-,NA,NA,LOS ANGELES,LOS ANGELES,-118.278315,33.993266
8782327,2018,2019-01-24,1942,2018-12-15,1931,40388,1758,6,5,7,1942,0,0,0,Q,0,17A49,WOODLEY AV,LASSEN ST,35,N,N,A,-,N,NA,NA,NA,NA,NA,NA,NA,NA,NA,N,4,0,1,2,A,-,03,22350,NA,F,C,C,A,A,H,-,C,A,0,NA,NA,NA,NA,Y,NA,-,99,0,0,1,0,0,0,0,0,0,-,-,NA,NA,LOS ANGELES,LOS ANGELES,-118.4849090576172,34.250244140625
8782329,2018,2019-01-18,1900,2018-07-26,2259,610427,1323,4,5,5,1935,0,0,0,NA,0,132,PARAMOUNT BL,FAIRMAN ST,50,N,N,A,-,N,NA,NA,NA,NA,NA,NA,NA,NA,NA,N,2,0,1,2,C,-,18,NA,NA,N,C,G,A,A,H,-,C,D,0,NA,Y,NA,NA,Y,NA,-,-,1,0,0,0,0,0,1,0,0,-,-,NA,NA,LOS ANGELES,LAKEWOOD,-118.1596908569336,33.84213638305664
8782331,2018,2019-01-24,1941,2018-12-03,1555,11010,NA,1,5,7,1941,0,0,0,NA,0,NA,SOUTH ST,LIME AV,0,NA,Y,A,-,N,NA,NA,NA,NA,NA,NA,NA,NA,NA,Y,4,0,1,2,A,-,08,22107,NA,N,D,C,A,A,H,-,A,D,0,NA,NA,NA,NA,Y,NA,A,NA,0,0,1,0,0,0,0,0,0,-,-,NA,NA,LOS ANGELES,LONG BEACH,-118.18401336669922,33.86008834838867
8782333,2018,2019-01-23,1969,2018-11-30,0028,10145,PATRO,5,5,5,1969,0,0,0,NA,0,004,TWEEDY BL,PINEHURST AV,0,NA,Y,B,-,N,NA,NA,NA,NA,NA,NA,NA,NA,NA,N,3,0,1,2,A,-,09,21801,A,N,D,C,A,A,H,-,C,A,0,NA,NA,NA,NA,Y,NA,A,01,0,1,0,0,0,0,0,0,0,-,-,NA,NA,LOS ANGELES,SOUTH GATE,-118.18296051025392,33.94171142578125
8782343,2018,2019-01-24,1942,2018-12-22,1600,43460,1794,6,5,7,1942,0,0,0,Q,0,17A74,PARTHENIA,CREBS,0,NA,Y,A,-,N,NA,NA,NA,NA,NA,NA,NA,NA,NA,N,4,0,3,2,A,-,09,21802,A,F,A,C,A,A,H,-,A,D,0,NA,NA,NA,NA,Y,NA,A,01,0,0,3,0,0,0,0,0,0,-,-,NA,NA,LOS ANGELES,LOS ANGELES,-118.54376983642578,34.228240966796875
8782347,2018,2019-01-24,1942,2018-12-31,1800,39281,1763,1,5,7,1942,0,0,0,Q,0,17A23,CORBIN AV,DEVONSHIRE ST,160,S,N,A,-,N,NA,NA,NA,NA,NA,NA,NA,NA,NA,N,4,0,1,2,A,-,03,22350,NA,F,C,C,A,A,H,-,A,A,0,NA,NA,NA,NA,Y,NA,-,99,0,0,1,0,0,0,0,0,0,-,-,NA,NA,LOS ANGELES,LOS ANGELES,-118.56231689453124,34.25680160522461
8782351,2018,2019-01-24,1900,2018-12-18,1845,466331,1326,2,5,5,1935,0,0,0,NA,0,132T1P,SOUTH ST,PALO VERDE AV,500,E,N,A,-,N,NA,NA,NA,NA,NA,NA,NA,NA,NA,N,3,0,1,2,D,-,00,NA,NA,N,D,G,A,A,H,-,C,D,0,NA,Y,NA,NA,Y,NA,-,-,0,1,0,0,0,0,1,0,0,-,-,NA,NA,LOS ANGELES,LAKEWOOD,-118.10669708251952,33.858299255371094
8782352,2018,2019-01-24,1900,2018-12-26,2015,609135,0625,3,5,6,1985,0,0,0,NA,0,62T1,NEWHALL AV,9TH ST,0,NA,Y,A,-,N,NA,NA,NA,NA,NA,NA,NA,NA,NA,N,4,0,2,2,A,-,09,21801,A,N,D,C,A,A,H,-,C,D,0,NA,NA,NA,NA,Y,NA,A,01,0,0,2,0,0,0,0,0,0,-,-,34.378990173339844,-118.53225708007813,LOS ANGELES,SANTA CLARITA,-118.53215026855467,34.3790397644043
8782354,2018,2019-02-01,1942,2018-10-26,1945,41571,1346,5,5,7,1942,0,0,0,M,0,13A27,43RD ST,HOOPER,0,NA,Y,A,-,N,NA,NA,NA,NA,NA,NA,NA,NA,NA,N,4,0,1,2,A,-,03,22350,NA,F,A,C,A,A,H,-,C,A,0,NA,NA,NA,NA,Y,NA,-,-,0,0,1,0,0,0,0,0,0,-,-,NA,NA,LOS ANGELES,LOS ANGELES,-118.25212860107422,34.00572967529297
8782355,2018,2019-01-24,1942,2018-12-10,1715,34599,1722,1,5,7,1942,0,0,0,Q,0,17A23,TOPANGA CANYON BL,CHATSWORTH ST,450,S,N,A,-,N,NA,NA,NA,NA,NA,NA,NA,NA,NA,N,3,0,2,4,A,-,07,21658,A,F,A,C,A,A,H,-,B,A,0,NA,NA,Y,NA,Y,Y,-,99,0,1,1,0,0,0,0,0,1,-,-,NA,NA,LOS ANGELES,LOS ANGELES,-118.60607147216795,34.263187408447266
8782356,2018,2019-01-24,1900,2018-12-15,1810,623588,0612,6,5,6,1985,0,0,0,NA,0,61T1,WHITES CANYON RD,PLEASANTDALE ST,118,S,N,A,-,N,NA,NA,NA,NA,NA,NA,NA,NA,NA,Y,4,0,4,3,A,-,04,21703,NA,N,C,C,A,A,H,-,C,D,0,NA,NA,NA,NA,Y,NA,A,01,0,0,4,0,0,0,0,0,0,-,-,34.420860290527344,-118.47218322753906,LOS ANGELES,SANTA CLARITA,-118.4722137451172,34.42048645019531
8782359,2018,2019-01-24,1942,2018-12-15,1255,38017,1737,6,5,7,1942,0,0,0,Q,0,17A35,SAN FERNANDO MISSION BL,BALBOA BL,75,W,N,A,-,N,NA,NA,NA,NA,NA,NA,NA,NA,NA,N,4,0,1,2,A,-,08,22107,NA,F,B,C,A,A,H,-,A,D,0,NA,NA,NA,NA,Y,NA,-,99,0,0,1,0,0,0,0,0,0,-,-,NA,NA,LOS ANGELES,LOS ANGELES,-118.50244903564452,34.27204513549805
8782362,2018,2019-01-19,1942,2018-10-06,1430,42174,0131,6,5,7,1942,0,0,0,A,0,1A1,W 2ND ST,S FIGUEROA ST,0,NA,Y,A,-,N,NA,NA,NA,NA,NA,NA,NA,NA,NA,N,4,0,2,2,A,-,09,21801,A,N,D,C,A,A,H,-,A,A,0,NA,NA,NA,NA,Y,NA,A,01,0,0,2,0,0,0,0,0,0,-,-,NA,NA,LOS ANGELES,LOS ANGELES,-118.25312042236328,34.056549072265625
8782363,2018,2019-01-24,1900,2018-12-02,1515,447040,19001,7,5,5,1952,0,0,0,NA,0,1360,PARAMOUNT BL,HARRISON ST,0,NA,Y,A,-,N,NA,NA,NA,NA,NA,NA,NA,NA,NA,N,4,0,1,2,D,-,00,NA,NA,N,H,H,B,A,H,-,A,A,0,Y,NA,NA,NA,Y,NA,-,-,0,0,1,0,1,0,0,0,0,-,-,NA,NA,LOS ANGELES,PARAMOUNT,-118.1601104736328,33.88357162475586
8782364,2018,2019-01-25,1900,2018-12-21,0425,472724,0642,5,5,6,1985,0,0,0,NA,0,62T1,NEWHALL RANCH RD,MCBEAN PKWY,0,NA,Y,A,-,N,NA,NA,NA,NA,NA,NA,NA,NA,NA,Y,4,0,2,2,D,-,00,NA,NA,N,D,C,A,A,H,-,C,A,0,NA,NA,NA,NA,Y,NA,-,-,0,0,2,0,0,0,0,0,0,-,-,34.4315185546875,-118.55757904052734,LOS ANGELES,SANTA CLARITA,-118.55764770507813,34.43143081665039
8782366,2018,2019-05-14,1942,2018-10-16,0830,40693,1321,2,5,7,1942,0,0,0,M,0,13XL3,BROADWAY,22ND ST,0,NA,Y,A,-,N,NA,NA,NA,NA,NA,NA,NA,NA,NA,N,4,0,1,2,A,-,12,22450,NA,F,D,C,A,A,H,-,A,D,0,NA,NA,NA,NA,Y,NA,-,NA,0,0,1,0,0,0,0,0,0,-,-,NA,NA,LOS ANGELES,LOS ANGELES,-118.26751,34.02879
8782367,2018,2019-01-24,1900,2018-12-07,1522,544630,1337,5,5,5,1908,0,0,0,NA,0,133A,FLOWER ST,FLORA VISTA ST,0,NA,Y,A,-,N,NA,NA,NA,NA,NA,NA,NA,NA,NA,N,4,0,1,2,A,-,10,21950,A,N,G,B,B,A,H,-,A,A,0,Y,NA,NA,NA,Y,NA,A,01,0,0,1,0,1,0,0,0,0,-,-,NA,NA,LOS ANGELES,BELLFLOWER,-118.11798858642578,33.882179260253906
8782368,2018,2019-01-25,1925,2018-12-11,1328,14676,265,2,5,6,1925,0,0,0,NA,0,002,CENTRAL AV,COLORADO ST,0,NA,Y,A,-,N,NA,NA,NA,NA,NA,NA,NA,NA,NA,Y,4,0,2,2,A,-,09,21453,B,N,D,C,A,A,H,-,A,A,0,NA,NA,NA,NA,Y,NA,A,01,0,0,2,0,0,0,0,0,0,-,-,NA,NA,LOS ANGELES,GLENDALE,-118.25787353515624,34.142539978027344
8782372,2018,2019-01-25,1900,2018-12-16,1240,611164,1132,7,5,6,1992,0,0,0,NA,0,112T2,YUCCA AV,LANCASTER BL,303,S,N,A,-,N,NA,NA,NA,NA,NA,NA,NA,NA,NA,Y,4,0,2,2,A,-,09,21804,A,N,D,C,A,A,H,-,A,D,0,NA,NA,NA,NA,Y,NA,A,01,0,0,2,0,0,0,0,0,0,-,-,NA,NA,LOS ANGELES,LANCASTER,-118.13494873046876,34.6977653503418
8782375,2018,2019-01-24,1900,2018-12-26,1530,606033,2607,3,5,6,1950,0,0,0,NA,0,264T1,47TH ST EAST,THE PLACE ON 47TH ST,0,NA,Y,A,-,N,NA,NA,138,NA,NA,NA,NA,NA,NA,Y,3,0,1,2,B,-,22,NA,NA,N,B,G,A,A,H,-,A,A,0,NA,Y,NA,NA,Y,NA,L,04,0,1,0,0,0,0,1,0,0,-,-,34.5554313659668,-118.04512786865234,LOS ANGELES,PALMDALE,-118.04528045654295,34.55542755126953
8782376,2018,2019-01-24,1900,2018-12-21,1030,407357,0622,5,5,6,1985,0,0,0,NA,0,62T1,MCBEAN PKWY,GRANARY SQUARE,300,S,N,A,-,N,NA,NA,NA,NA,NA,NA,NA,NA,NA,Y,4,0,5,2,A,-,03,22350,NA,N,C,C,A,A,H,-,A,D,0,NA,NA,NA,NA,Y,NA,A,01,0,0,5,0,0,0,0,0,0,-,-,34.40196990966797,-118.55146026611328,LOS ANGELES,SANTA CLARITA,-118.55145,34.402002
8782379,2018,2019-01-24,1900,2018-12-12,1715,624371,1337,3,5,5,1908,0,0,0,NA,0,133T2,BELLFLOWER BL,FLORA VISTA ST,100,N,N,A,-,N,NA,NA,NA,NA,NA,NA,NA,NA,NA,N,3,0,1,2,A,-,05,21650,NA,N,D,G,A,A,H,-,C,D,0,NA,Y,NA,NA,Y,NA,L,04,0,1,0,0,0,0,1,0,0,-,-,33.887481689453125,-118.12413787841795,LOS ANGELES,BELLFLOWER,-118.12532043457033,33.886905670166016
8782380,2018,2019-01-24,1900,2018-12-26,1115,602965,0616,3,5,6,1985,0,0,0,NA,0,61T1,GOLDEN VALLEY RD,CENTRE POINTE PKWY,4450,S,N,A,-,N,NA,NA,NA,NA,NA,NA,NA,NA,NA,Y,4,0,1,1,A,-,03,22350,NA,N,E,I,A,A,H,-,A,D,0,NA,NA,NA,NA,Y,NA,A,07,0,0,1,0,0,0,0,0,0,-,-,34.49961853027344,-118.50182342529295,LOS ANGELES,SANTA CLARITA,-118.50213623046876,34.40078353881836
8782382,2018,2019-01-18,1900,2018-10-20,1754,612176,0331,6,5,4,1939,0,0,0,NA,0,35T1,MANHATTAN BEACH BL,HAWTHORNE BL,0,NA,Y,A,-,N,NA,NA,NA,NA,NA,NA,NA,NA,NA,N,3,0,1,2,A,-,07,21658,A,N,B,C,A,A,H,-,A,D,0,NA,NA,NA,NA,Y,NA,A,07,0,1,0,0,0,0,0,0,0,-,-,33.88719940185547,-118.35230255126952,LOS ANGELES,LAWNDALE,-118.35272979736328,33.8874397277832
8782383,2018,2019-01-24,1900,2018-12-18,1500,532457,1351,2,5,3,1927,0,0,0,NA,0,135A P,NORWALK BL,CIVIC CENTER DR,13,N,N,A,-,N,NA,NA,NA,NA,NA,NA,NA,NA,NA,N,2,0,1,2,A,-,10,21950,A,N,G,B,B,A,H,-,A,A,0,Y,NA,NA,NA,Y,NA,A,07,1,0,0,0,1,0,0,0,0,-,-,33.82963180541992,-118.07190704345705,LOS ANGELES,HAWAIIAN GARDENS,-118.07202911376952,33.829586029052734
8782384,2018,2019-01-24,1955,2018-12-27,1950,42414,98,4,5,6,1955,0,0,0,NA,0,003,HOLT AV,EAST END AV,9,W,N,A,-,N,NA,NA,NA,NA,NA,NA,NA,NA,NA,N,4,0,1,2,A,-,12,21453,A,N,D,C,A,A,H,-,C,A,0,NA,NA,NA,NA,Y,NA,A,07,0,0,1,0,0,0,0,0,0,-,-,NA,NA,LOS ANGELES,POMONA,-117.72396087646484,34.063018798828125
8782386,2018,2019-01-18,1900,2018-10-30,1800,609278,1333,2,5,5,1908,0,0,0,NA,0,133T2,WOODRUFF AV,MIDWAY ST,200,N,N,A,-,N,NA,NA,NA,NA,NA,NA,NA,NA,NA,Y,4,0,1,4,A,-,09,21804,A,N,D,C,A,A,H,-,A,D,0,NA,NA,NA,NA,Y,NA,A,01,0,0,1,0,0,0,0,0,0,-,-,33.885009765625,-118.1173095703125,LOS ANGELES,BELLFLOWER,-118.11734008789064,33.88425827026367
8782387,2018,2019-01-24,1900,2018-12-07,2000,625459,1366,5,5,5,1952,0,0,0,NA,0,136T1,ALONDRA BL,ATLANTIC PL,211,W,N,A,-,N,NA,NA,NA,NA,NA,NA,NA,NA,NA,N,2,0,1,2,A,-,08,22107,NA,F,B,G,A,A,H,-,C,A,0,NA,Y,NA,NA,Y,NA,A,01,1,0,0,0,0,0,1,0,0,-,-,NA,NA,LOS ANGELES,PARAMOUNT,-118.18564605712892,33.88918685913086
8782388,2018,2019-02-20,1955,2018-12-24,1945,42416,80,1,5,6,1955,0,0,0,NA,0,005,WHITE AV,11TH ST,0,NA,Y,A,-,N,NA,NA,NA,NA,NA,NA,NA,NA,NA,Y,3,0,2,2,A,-,03,22350,NA,N,C,C,A,A,H,-,C,A,0,NA,NA,NA,NA,Y,NA,A,01,0,2,0,0,0,0,0,0,0,-,-,NA,NA,LOS ANGELES,POMONA,-117.75859832763672,34.04943084716797
8782392,2018,2019-01-24,1900,2018-12-22,1520,537036,0642,6,5,6,1985,0,0,0,NA,0,62T1,VALENCIA BL,CITRUS ST,129,E,N,A,-,N,NA,NA,NA,NA,NA,NA,NA,NA,NA,Y,4,0,1,4,A,-,04,21703,NA,N,C,C,A,A,H,-,A,D,0,NA,NA,NA,NA,Y,NA,A,01,0,0,1,0,0,0,0,0,0,-,-,34.413108825683594,-118.55387115478516,LOS ANGELES,SANTA CLARITA,-118.55406951904295,34.41312026977539
8782396,2018,2019-01-24,1955,2018-12-26,1941,42468,87,3,5,6,1955,0,0,0,NA,0,004,TOWNE AV,PHILADELPHIA ST,0,NA,Y,A,-,N,NA,NA,NA,NA,NA,NA,NA,NA,NA,Y,3,0,1,2,A,-,09,21801,A,N,A,C,A,A,H,-,C,A,0,NA,NA,NA,NA,Y,NA,A,01,0,1,0,0,0,0,0,0,0,-,-,NA,NA,LOS ANGELES,POMONA,-117.74053955078124,34.03351974487305