CASE_ID,ACCIDENT_YEAR,PROC_DATE,JURIS,COLLISION_DATE,COLLISION_TIME,OFFICER_ID,REPORTING_DISTRICT,DAY_OF_WEEK,CHP_SHIFT,POPULATION,CNTY_CITY_LOC,SPECIAL_COND,BEAT_TYPE,CHP_BEAT_TYPE,CITY_DIVISION_LAPD,CHP_BEAT_CLASS,BEAT_NUMBER,PRIMARY_RD,SECONDARY_RD,DISTANCE,DIRECTION,INTERSECTION,WEATHER_1,WEATHER_2,STATE_HWY_IND,CALTRANS_COUNTY,CALTRANS_DISTRICT,STATE_ROUTE,ROUTE_SUFFIX,POSTMILE_PREFIX,POSTMILE,LOCATION_TYPE,RAMP_INTERSECTION,SIDE_OF_HWY,TOW_AWAY,COLLISION_SEVERITY,NUMBER_KILLED,NUMBER_INJURED,PARTY_COUNT,PRIMARY_COLL_FACTOR,PCF_CODE_OF_VIOL,PCF_VIOL_CATEGORY,PCF_VIOLATION,PCF_VIOL_SUBSECTION,HIT_AND_RUN,TYPE_OF_COLLISION,MVIW,PED_ACTION,ROAD_SURFACE,ROAD_COND_1,ROAD_COND_2,LIGHTING,CONTROL_DEVICE,CHP_ROAD_TYPE,PEDESTRIAN_ACCIDENT,BICYCLE_ACCIDENT,MOTORCYCLE_ACCIDENT,TRUCK_ACCIDENT,NOT_PRIVATE_PROPERTY,ALCOHOL_INVOLVED,STWD_VEHTYPE_AT_FAULT,CHP_VEHTYPE_AT_FAULT,COUNT_SEVERE_INJ,COUNT_VISIBLE_INJ,COUNT_COMPLAINT_PAIN,COUNT_PED_KILLED,COUNT_PED_INJURED,COUNT_BICYCLIST_KILLED,COUNT_BICYCLIST_INJURED,COUNT_MC_KILLED,COUNT_MC_INJURED,PRIMARY_RAMP,SECONDARY_RAMP,LATITUDE,LONGITUDE,COUNTY,CITY,POINT_X,POINT_Y
8783172,2018,2019-01-25,1900,2018-12-12,1715,528118,0810,3,5,4,1960,0,0,0,NA,0,81T2,DALTON RD,N SAN DIMAS CANYON RD,0,NA,Y,A,-,N,NA,NA,NA,NA,NA,NA,NA,NA,NA,N,3,0,1,2,A,-,05,21650,1,N,D,G,A,A,H,-,B,A,0,NA,Y,NA,NA,Y,NA,L,04,0,1,0,0,0,0,1,0,0,-,-,34.12419891357422,-117.79429626464844,LOS ANGELES,SAN DIMAS,-117.79434204101564,34.12422180175781
8783174,2018,2019-01-25,1942,2018-12-22,1235,35046,1231,6,5,7,1942,0,0,0,L,0,12A51,SLAUSON AV,BUCKLER AV,0,NA,Y,A,-,N,NA,NA,NA,NA,NA,NA,NA,NA,NA,N,3,0,2,2,A,-,12,21453,A,N,D,C,A,A,H,-,A,D,0,NA,NA,NA,NA,Y,NA,A,01,0,2,0,0,0,0,0,0,0,-,-,NA,NA,LOS ANGELES,LOS ANGELES,-118.3517837524414,33.988868713378906
8783175,2018,2019-01-29,1900,2018-12-23,1815,509623,0972,7,5,4,1979,0,0,0,NA,0,93T2,BEVERLY BL,DOHENY DR,36,E,N,A,-,N,NA,NA,NA,NA,NA,NA,NA,NA,NA,N,4,0,3,2,A,-,03,22350,NA,M,C,C,A,A,H,-,C,A,0,NA,NA,NA,NA,Y,Y,A,01,0,0,3,0,0,0,0,0,0,-,-,34.07699966430664,-118.38899993896484,LOS ANGELES,WEST HOLLYWOOD,-118.3896026611328,34.07718276977539
8783176,2018,2019-01-25,1942,2018-12-23,1746,40529,0361,7,5,7,1942,0,0,0,C,0,25T21,LA BREA AV,GILLIAM PARK DR,54,S,N,A,-,N,NA,NA,NA,NA,NA,NA,NA,NA,NA,Y,2,0,1,1,A,-,03,22350,NA,N,F,J,A,A,H,-,C,A,0,NA,NA,NA,NA,Y,NA,A,01,1,0,0,0,0,0,0,0,0,-,-,NA,NA,LOS ANGELES,LOS ANGELES,NA,NA
8783178,2018,2019-01-25,1901,2018-12-18,0546,272,17,2,5,5,1901,0,0,0,NA,0,004,VALLEY BL,PRIMROSE AV,24,W,N,A,-,N,NA,NA,NA,NA,NA,NA,NA,NA,NA,N,4,0,1,2,A,-,09,21802,A,N,D,C,A,A,H,-,B,D,0,NA,NA,NA,NA,Y,NA,A,01,0,0,1,0,0,0,0,0,0,-,-,NA,NA,LOS ANGELES,ALHAMBRA,-118.14981079101564,34.0770149230957
8783179,2018,2019-02-05,1925,2018-12-29,1013,24889,250,6,5,6,1925,0,0,0,NA,0,003,COLORADO BL,GLENDALE AV,0,NA,Y,A,-,N,NA,NA,NA,NA,NA,NA,NA,NA,NA,Y,4,0,2,6,A,-,08,22107,NA,N,A,B,B,A,-,-,A,A,0,Y,NA,NA,NA,Y,NA,A,NA,0,0,2,0,1,0,0,0,0,-,-,NA,NA,LOS ANGELES,GLENDALE,-118.249267578125,34.14265823364258
8783182,2018,2019-01-25,1901,2018-12-18,1120,239,26,2,5,5,1901,0,0,0,NA,0,003,COMMONWEALTH AV,DATE AV,0,NA,Y,A,-,N,NA,NA,NA,NA,NA,NA,NA,NA,NA,Y,4,0,2,2,A,-,09,21801,A,N,D,C,A,A,H,-,A,A,0,NA,NA,NA,NA,Y,NA,A,01,0,0,2,0,0,0,0,0,0,-,-,NA,NA,LOS ANGELES,ALHAMBRA,-118.14816284179688,34.08784866333008
8783183,2018,2019-01-29,1925,2018-12-27,0743,14676,287,4,5,6,1925,0,0,0,NA,0,003,SAN FERNANDO RD,GLENDALE AV,0,NA,Y,A,-,N,NA,NA,NA,NA,NA,NA,NA,NA,NA,NA,3,0,2,3,A,-,12,21453,A,N,D,C,A,A,H,-,A,A,0,NA,NA,NA,NA,Y,NA,A,01,0,1,1,0,0,0,0,0,0,-,-,NA,NA,LOS ANGELES,GLENDALE,-118.2539520263672,34.1227912902832
8783186,2018,2019-01-25,1901,2018-12-19,0130,203,6,3,5,5,1901,0,0,0,NA,0,001,MISSION RD,ATLANTIC BL,0,NA,Y,A,-,N,NA,NA,NA,NA,NA,NA,NA,NA,NA,Y,4,0,3,2,A,-,12,21453,A,N,D,C,A,A,H,-,C,A,0,NA,NA,NA,NA,Y,NA,A,01,0,0,3,0,0,0,0,0,0,-,-,NA,NA,LOS ANGELES,ALHAMBRA,-118.13455200195313,34.08475875854492
8783190,2018,2019-01-25,1901,2018-12-19,0954,180,15,3,5,5,1901,0,0,0,NA,0,002,NEW AV,CAMELIA DR,47520,N,N,A,-,N,NA,NA,NA,NA,NA,NA,NA,NA,NA,N,4,0,1,2,A,-,03,22350,NA,N,C,C,A,A,H,-,A,A,0,NA,NA,NA,NA,Y,NA,A,07,0,0,1,0,0,0,0,0,0,-,-,NA,NA,LOS ANGELES,ALHAMBRA,-118.10846710205078,34.081138610839844
8783194,2018,2019-01-25,1901,2018-12-19,1740,204,28,3,5,5,1901,0,0,0,NA,0,003,COMMONWEALTH AV,OLIVE AV,12,E,N,A,-,N,NA,NA,NA,NA,NA,NA,NA,NA,NA,N,4,0,1,2,A,-,09,21801,A,N,D,C,A,A,H,-,C,A,0,NA,NA,NA,NA,Y,NA,A,07,0,0,1,0,0,0,0,0,0,-,-,NA,NA,LOS ANGELES,ALHAMBRA,-118.13580322265624,34.08742141723633
8783198,2018,2019-01-25,1901,2018-12-20,1438,239,1,4,5,5,1901,0,0,0,NA,0,001,ATLANTIC BL,GARFIELD AV,0,NA,Y,A,-,N,NA,NA,NA,NA,NA,NA,NA,NA,NA,Y,4,0,1,2,A,-,09,21453,C,N,D,C,A,A,H,-,A,A,0,NA,NA,NA,NA,Y,NA,A,07,0,0,1,0,0,0,0,0,0,-,-,NA,NA,LOS ANGELES,ALHAMBRA,-118.13471221923828,34.10573196411133
8783199,2018,2019-01-29,1900,2018-12-20,0733,443069,0976,4,5,4,1979,0,0,0,NA,0,92T3,SANTA MONICA BL,FLORES ST,35,W,N,A,-,N,NA,NA,NA,NA,NA,NA,NA,NA,NA,N,4,0,1,2,A,-,04,21703,NA,N,C,C,A,A,H,-,A,D,0,NA,NA,NA,NA,Y,NA,A,01,0,0,1,0,0,0,0,0,0,-,-,34.09080123901367,-118.37169647216795,LOS ANGELES,WEST HOLLYWOOD,-118.3716278076172,34.09067916870117
8783212,2019,2019-02-05,1900,2019-01-23,1228,510509,1139,3,5,6,1992,0,0,0,NA,0,112T4,40TH ST WEST,AVENUE L,248,N,N,A,-,N,NA,NA,NA,NA,NA,NA,NA,NA,NA,Y,4,0,3,3,A,-,03,22350,NA,N,B,C,A,A,H,-,A,D,0,NA,NA,NA,NA,Y,NA,D,22,0,0,3,0,0,0,0,0,0,-,-,NA,NA,LOS ANGELES,LANCASTER,-118.20144653320313,34.66083908081055
8783231,2018,2019-01-29,1920,2018-12-06,0019,12611,NA,4,5,6,1920,0,0,0,NA,0,006,DOLAN AV,FIRESTONE BL,250,S,N,C,-,N,NA,NA,NA,NA,NA,NA,NA,NA,NA,Y,4,0,1,1,A,-,03,22350,NA,N,E,I,A,B,H,-,C,A,0,NA,NA,NA,NA,Y,NA,D,22,0,0,1,0,0,0,0,0,0,-,-,NA,NA,LOS ANGELES,DOWNEY,-118.13185119628906,33.93855285644531
8783240,2019,2019-02-04,1900,2019-01-10,0908,546182,1126,4,5,6,1992,0,0,0,NA,0,112T2,10TH ST WEST,AVENUE K-4,0,NA,Y,B,-,N,NA,NA,NA,NA,NA,NA,NA,NA,NA,Y,3,0,5,2,A,-,12,21453,A,N,D,C,A,A,H,-,A,A,0,NA,NA,NA,NA,Y,NA,A,08,0,1,4,0,0,0,0,0,0,-,-,NA,NA,LOS ANGELES,LANCASTER,-118.14785003662108,34.67116165161133
8783248,2018,2019-01-29,1920,2018-12-11,1033,11992,NA,2,5,6,1920,0,0,0,NA,0,002,FIRESTONE BL,RYERSON AV,365,E,N,A,-,N,NA,NA,NA,NA,NA,NA,NA,NA,NA,Y,4,0,1,3,A,-,09,21801,A,N,D,C,A,A,H,-,A,A,0,NA,NA,NA,NA,Y,NA,D,22,0,0,1,0,0,0,0,0,0,-,-,NA,NA,LOS ANGELES,DOWNEY,-118.1533203125,33.94748306274414
8783252,2018,2019-01-29,1920,2018-12-10,1953,12611,NA,1,5,6,1920,0,0,0,NA,0,002,IMPERIAL HWY,RIVES AV,0,NA,Y,A,-,N,NA,NA,NA,NA,NA,NA,NA,NA,NA,N,4,0,1,2,A,-,05,21650,NA,N,D,G,A,A,H,-,C,A,0,NA,Y,NA,NA,Y,Y,L,04,0,0,1,0,0,0,1,0,0,-,-,NA,NA,LOS ANGELES,DOWNEY,-118.15637969970705,33.92626190185547
8783253,2018,2019-01-24,1976,2018-12-28,1430,452,1976,5,5,5,1976,0,0,0,NA,0,001,PICKERING AV,WARDMAN ST,42,N,N,A,-,N,NA,NA,NA,NA,NA,NA,NA,NA,NA,N,4,0,1,2,A,-,03,22350,NA,F,C,C,A,A,H,-,A,D,0,NA,NA,NA,NA,Y,NA,A,01,0,0,1,0,0,0,0,0,0,-,-,NA,NA,LOS ANGELES,WHITTIER,-118.04208374023438,33.97736358642578
8783256,2018,2019-01-29,1920,2018-12-10,1453,12476,NA,1,5,6,1920,0,0,0,NA,0,003,FLORENCE AV,OLD RIVER SCHOOL RD,0,NA,Y,A,-,N,NA,NA,NA,NA,NA,NA,NA,NA,NA,Y,3,0,3,2,A,-,09,21801,A,N,A,C,A,A,H,-,A,A,0,NA,NA,NA,NA,Y,NA,D,22,0,1,2,0,0,0,0,0,0,-,-,NA,NA,LOS ANGELES,DOWNEY,-118.14051055908205,33.958839416503906
8783257,2018,2019-01-24,1976,2018-12-26,0438,460,NA,3,5,5,1976,0,0,0,NA,0,001,BEVERLY BL,CITRUS AV,459,E,N,A,-,N,NA,NA,NA,NA,NA,NA,NA,NA,NA,Y,4,0,1,2,A,-,08,22107,NA,N,C,E,A,A,H,-,C,D,0,NA,NA,NA,NA,Y,NA,A,01,0,0,1,0,0,0,0,0,0,-,-,NA,NA,LOS ANGELES,WHITTIER,-118.04444122314452,33.988162994384766
8783260,2018,2019-01-29,1920,2018-12-01,1619,12609,NA,6,5,6,1920,0,0,0,NA,0,002,OLD RIVER SCHOOL RD,STEWART AND GRAY RD,0,NA,Y,A,-,N,NA,NA,NA,NA,NA,NA,NA,NA,NA,Y,3,0,2,2,A,-,09,21801,A,N,D,C,A,A,H,-,A,A,0,NA,NA,NA,NA,Y,NA,A,01,0,1,1,0,0,0,0,0,0,-,-,NA,NA,LOS ANGELES,DOWNEY,-118.15406036376952,33.94020080566406
8783261,2018,2019-01-24,1976,2018-12-25,0023,507,NA,2,5,5,1976,0,0,0,NA,0,001,BEVERLY BL,PALM AV,489,W,N,C,-,N,NA,NA,NA,NA,NA,NA,NA,NA,NA,Y,3,0,1,3,A,-,01,23152,A,N,E,I,A,B,H,-,C,D,0,NA,NA,NA,NA,Y,Y,A,01,0,1,0,0,0,0,0,0,0,-,-,NA,NA,LOS ANGELES,WHITTIER,-118.05522918701172,33.998382568359375
8783264,2018,2019-01-31,1920,2018-11-30,0659,11992,NA,5,5,6,1920,0,0,0,NA,0,006,LAKEWOOD BL,FIRESTONE BL,0,NA,Y,A,-,N,NA,NA,NA,NA,NA,NA,NA,NA,NA,Y,3,0,1,2,A,-,09,21801,A,N,D,C,A,B,H,-,A,A,0,NA,NA,NA,NA,Y,NA,D,22,0,1,0,0,0,0,0,0,0,-,-,NA,NA,LOS ANGELES,DOWNEY,-118.1240234375,33.93553161621094
8783265,2018,2019-01-24,1976,2018-12-20,2015,442,NA,4,5,5,1976,0,0,0,NA,0,001,MILTON AV,HADLEY ST,0,NA,Y,A,-,N,NA,NA,NA,NA,NA,NA,NA,NA,NA,Y,4,0,5,2,A,-,12,21453,A,N,D,C,A,A,H,-,C,A,0,NA,NA,NA,NA,Y,NA,A,01,0,0,5,0,0,0,0,0,0,-,-,NA,NA,LOS ANGELES,WHITTIER,-118.03971099853516,33.98271942138672
8783280,2018,2019-01-31,1920,2018-11-26,1439,11992,NA,1,5,6,1920,0,0,0,NA,0,001,BELLFLOWER BL,STEVE HORN WY,330,S,N,A,-,N,NA,NA,NA,NA,NA,NA,NA,NA,NA,Y,3,0,1,2,A,-,08,22107,NA,N,E,I,A,A,H,-,A,A,0,NA,NA,NA,NA,Y,NA,D,22,0,1,0,0,0,0,0,0,0,-,-,NA,NA,LOS ANGELES,DOWNEY,-118.125493,33.919856
8783295,2018,2019-01-24,1901,2018-11-23,1438,276,24,5,5,5,1901,0,0,0,NA,0,003,MARGUERITA AV,MAIN ST,26,N,N,A,-,N,NA,NA,NA,NA,NA,NA,NA,NA,NA,Y,4,0,1,2,A,-,09,21801,A,N,D,C,A,A,H,-,A,A,0,NA,NA,NA,NA,Y,NA,A,01,0,0,1,0,0,0,0,0,0,-,-,NA,NA,LOS ANGELES,ALHAMBRA,-118.13835144042967,34.091609954833984
8783358,2018,2019-02-14,1901,2018-11-22,1809,279,17,4,5,5,1901,0,0,0,NA,0,004,VALLEY BL,DATE AV,0,NA,Y,A,-,N,NA,NA,NA,NA,NA,NA,NA,NA,NA,N,4,0,1,2,A,-,10,21950,A,M,G,B,C,A,H,-,C,D,0,Y,NA,NA,NA,Y,Y,A,01,0,0,1,0,1,0,0,0,0,-,-,NA,NA,LOS ANGELES,ALHAMBRA,-118.14761352539064,34.07714080810547
8783362,2018,2019-01-26,1942,2018-10-17,0850,43342,1849,3,5,7,1942,0,0,0,R,0,18A97,114TH ST,WILMINGTON AV,20,W,N,A,-,N,NA,NA,NA,NA,NA,NA,NA,NA,NA,N,4,0,1,2,A,-,03,22350,NA,F,C,C,A,A,H,-,A,D,0,NA,NA,NA,NA,Y,NA,-,99,0,0,1,0,0,0,0,0,0,-,-,NA,NA,LOS ANGELES,LOS ANGELES,-118.23908996582033,33.93151092529297
8783363,2018,2019-01-26,1905,2018-10-17,0925,1133,443,3,5,4,1905,0,0,0,NA,0,001,ARROW HWY,CERRITOS AV,0,NA,Y,A,-,N,NA,NA,NA,NA,NA,NA,NA,NA,NA,N,4,0,1,2,A,-,09,21801,A,N,D,C,A,A,H,-,A,A,0,NA,NA,NA,NA,Y,NA,A,01,0,0,1,0,0,0,0,0,0,-,-,NA,NA,LOS ANGELES,AZUSA,-117.89895629882813,34.10676956176758
8783366,2018,2019-02-14,1942,2018-10-17,1030,43342,1881,3,5,7,1942,0,0,0,R,0,18A97,REDONDO BEACH BL,RT 110,50,W,N,A,-,Y,LA,7,110,-,-,11.276,R,4,N,N,4,0,1,3,A,-,03,22350,NA,M,C,C,A,A,H,-,A,D,0,NA,NA,NA,NA,Y,NA,A,01,0,0,1,0,0,0,0,0,0,-,-,NA,NA,LOS ANGELES,LOS ANGELES,-118.28557586669922,33.893245697021484
8783367,2018,2019-01-26,1905,2018-10-24,1520,1133,224,3,5,4,1905,0,0,0,NA,0,003,ALOSTA AV,CITRUS AV,700,W,N,A,-,N,NA,NA,NA,NA,NA,NA,NA,NA,NA,N,4,0,2,2,A,-,00,31804,A,N,D,C,A,A,H,-,A,A,0,NA,NA,NA,NA,Y,NA,A,01,0,0,2,0,0,0,0,0,0,-,-,NA,NA,LOS ANGELES,AZUSA,-117.89229583740234,34.129417419433594
8783370,2018,2019-01-26,1942,2018-10-17,1115,37247,1851,3,5,7,1942,0,0,0,R,0,18A97,FIGUEROA AV,135TH ST,0,NA,Y,A,-,N,NA,NA,NA,NA,NA,NA,NA,NA,NA,N,4,0,5,3,A,-,04,21703,NA,N,C,C,A,A,H,-,A,A,0,NA,NA,NA,NA,Y,NA,D,22,0,0,5,0,0,0,0,0,0,-,-,NA,NA,LOS ANGELES,LOS ANGELES,-118.2827377319336,33.90916061401367
8783371,2018,2019-01-26,1905,2018-10-04,1804,1156,324,4,5,4,1905,0,0,0,NA,0,003,ALOSTA AV,FENIMORE AV,71,E,N,A,-,N,NA,NA,NA,NA,NA,NA,NA,NA,NA,Y,3,0,4,2,A,-,00,23104,A,N,C,C,A,A,H,-,A,A,0,NA,NA,NA,NA,Y,NA,A,01,0,1,3,0,0,0,0,0,0,-,-,34.12910842895508,-117.89183044433594,LOS ANGELES,AZUSA,-117.89248657226564,34.12936782836914
8783374,2018,2019-01-26,1942,2018-10-16,1755,41917,1267,2,5,7,1942,0,0,0,L,0,18U2,MANCHESTER AV,HOOVER ST,0,NA,Y,A,-,N,NA,NA,NA,NA,NA,NA,NA,NA,NA,N,4,0,1,2,A,-,03,22350,NA,F,D,C,A,-,H,-,A,A,0,NA,NA,NA,NA,Y,NA,-,99,0,0,1,0,0,0,0,0,0,-,-,NA,NA,LOS ANGELES,LOS ANGELES,-118.2870635986328,33.96004867553711
8783375,2018,2019-01-26,1905,2018-10-06,0833,2019,443,6,5,4,1905,0,0,0,NA,0,001,E ARROW HWY,CERRITOS AV,330,E,N,B,-,N,NA,NA,NA,NA,NA,NA,NA,NA,NA,Y,3,0,2,2,A,-,09,21804,A,N,D,C,A,A,H,-,A,D,0,NA,NA,NA,NA,Y,NA,A,01,0,2,0,0,0,0,0,0,0,-,-,34.10668182373047,-117.889892578125,LOS ANGELES,AZUSA,-117.89787292480467,34.106773376464844
8783378,2018,2019-01-26,1942,2018-10-07,2127,41878,1862,7,5,7,1942,0,0,0,R,0,12A53,IMPERIAL HWY,GRAND AV,0,NA,Y,A,-,N,NA,NA,NA,NA,NA,NA,NA,NA,NA,Y,4,0,1,2,A,-,12,21453,A,N,B,C,A,A,H,-,C,A,0,NA,NA,NA,NA,Y,NA,-,-,0,0,1,0,0,0,0,0,0,-,-,NA,NA,LOS ANGELES,LOS ANGELES,-118.28170776367188,33.930999755859375
8783381,2018,2019-01-25,1942,2018-11-27,0940,31070,0236,2,5,7,1942,0,0,0,B,0,2XL11,ALVARADO ST,VALLEY ST,0,NA,Y,A,-,N,NA,NA,NA,NA,NA,NA,NA,NA,NA,N,4,0,1,2,A,-,04,21703,NA,N,C,C,A,A,H,-,A,D,0,NA,NA,NA,NA,Y,NA,A,07,0,0,1,0,0,0,0,0,0,-,-,NA,NA,LOS ANGELES,LOS ANGELES,-118.2715072631836,34.06483840942383
8783382,2018,2019-01-26,1942,2018-10-15,1505,43261,1821,1,5,7,1942,0,0,0,R,0,18A3,CENTURY,HOOVER ST,0,NA,Y,A,-,N,NA,NA,NA,NA,NA,NA,NA,NA,NA,N,4,0,1,2,A,-,07,21658,A,N,B,C,A,A,H,-,A,A,0,NA,NA,NA,NA,Y,NA,A,01,0,0,1,0,0,0,0,0,0,-,-,NA,NA,LOS ANGELES,LOS ANGELES,-118.28697204589844,33.94551086425781
8783384,2018,2019-01-26,1953,2018-12-20,1715,7999,1953,4,5,6,1953,0,0,0,NA,0,005,VILLA ST,MARENGO AV,0,NA,Y,A,-,N,NA,NA,NA,NA,NA,NA,NA,NA,NA,Y,3,0,2,2,A,-,09,21801,A,N,A,C,A,A,H,-,B,A,0,NA,NA,NA,NA,Y,NA,A,01,0,1,1,0,0,0,0,0,0,-,-,NA,NA,LOS ANGELES,PASADENA,-118.14600372314452,34.15414047241211
8783386,2018,2019-01-26,1942,2018-10-11,0755,42770,1864,4,5,7,1942,0,0,0,R,0,18E15,120TH ST,WADSWORTH AV,220,E,N,A,-,N,NA,NA,NA,NA,NA,NA,NA,NA,NA,N,4,0,1,2,A,-,03,22350,NA,N,D,C,A,A,H,-,A,D,0,NA,NA,Y,NA,Y,NA,C,02,0,0,1,0,0,0,0,0,1,-,-,NA,NA,LOS ANGELES,LOS ANGELES,-118.25795745849608,33.92372131347656
8783388,2018,2019-01-26,1953,2018-12-20,0542,5607,CA019,4,5,6,1953,0,0,0,NA,0,003,ALLEN AV,GALBRETH RD,100,N,N,A,-,N,NA,NA,NA,NA,NA,NA,NA,NA,NA,Y,4,0,1,3,A,-,03,22350,NA,N,C,E,A,A,H,-,C,D,0,NA,NA,NA,NA,Y,NA,A,01,0,0,1,0,0,0,0,0,0,-,-,NA,NA,LOS ANGELES,PASADENA,-118.11305236816406,34.16835403442383
8783390,2018,2019-01-26,1942,2018-10-09,0730,43451,1862,2,5,7,1942,0,0,0,R,0,18A63,IMPERIAL HWY,AVALON BL,0,NA,Y,B,-,N,NA,NA,NA,NA,NA,NA,NA,NA,NA,Y,4,0,2,2,D,-,00,NA,NA,N,A,C,A,A,H,-,A,A,0,NA,NA,NA,NA,Y,NA,-,-,0,0,2,0,0,0,0,0,0,-,-,NA,NA,LOS ANGELES,LOS ANGELES,-118.2651824951172,33.9310417175293
8783392,2018,2019-01-26,1953,2018-12-17,0916,5651,1953,1,5,6,1953,0,0,0,NA,0,003,VILLA ST,MAR VISTA AV,75,W,N,A,-,N,NA,NA,NA,NA,NA,NA,NA,NA,NA,Y,3,0,1,2,A,-,17,22517,NA,N,B,G,A,A,H,-,A,D,0,NA,Y,NA,NA,Y,NA,A,01,0,1,0,0,0,0,1,0,0,-,-,NA,NA,LOS ANGELES,PASADENA,-118.12701416015624,34.154319763183594
8783394,2018,2019-01-26,1942,2018-10-07,1700,42780,1822,7,5,7,1942,0,0,0,R,0,18A44,CENTURY BL,GRAND,0,NA,Y,A,-,N,NA,NA,NA,NA,NA,NA,NA,NA,NA,Y,3,0,1,3,A,-,12,21453,A,N,D,C,A,A,H,-,A,A,0,NA,NA,NA,NA,Y,NA,A,01,0,1,0,0,0,0,0,0,0,-,-,NA,NA,LOS ANGELES,LOS ANGELES,-118.28031158447266,33.94554901123047
8783396,2018,2019-01-26,1953,2018-12-18,0607,3775,NA,2,5,6,1953,0,0,0,NA,0,001,MARENGO AV,GLENARM ST,0,NA,Y,A,-,N,NA,NA,NA,NA,NA,NA,NA,NA,NA,Y,4,0,1,2,A,-,12,21453,A,N,D,C,A,A,H,-,C,A,0,NA,NA,NA,NA,Y,Y,-,-,0,0,1,0,0,0,0,0,0,-,-,NA,NA,LOS ANGELES,PASADENA,-118.1457977294922,34.12754821777344
8783400,2018,2019-01-26,1953,2018-12-17,1825,5033,NA,1,5,6,1953,0,0,0,NA,0,005,FAIR OAKS AV,HOLLY ST,0,NA,Y,A,-,N,NA,NA,NA,NA,NA,NA,NA,NA,NA,N,3,0,1,1,A,-,03,22350,NA,N,A,I,A,A,H,-,C,A,0,NA,NA,NA,NA,Y,NA,A,01,0,1,0,0,0,0,0,0,0,-,-,NA,NA,LOS ANGELES,PASADENA,-118.15052795410156,34.14767074584961
8783404,2018,2019-01-26,1953,2018-12-16,2156,8500,1953,7,5,6,1953,0,0,0,NA,0,003,COLORADO BL,HILL AV,0,NA,Y,A,B,N,NA,NA,NA,NA,NA,NA,NA,NA,NA,Y,4,0,4,2,A,-,08,22107,NA,N,D,C,A,A,H,-,C,A,0,NA,NA,NA,NA,Y,NA,A,01,0,0,4,0,0,0,0,0,0,-,-,NA,NA,LOS ANGELES,PASADENA,-118.1213607788086,34.14598083496094
8783408,2018,2019-01-26,1901,2018-12-15,1047,102,23,6,5,5,1901,0,0,0,NA,0,003,MAIN,FREMONT,0,NA,Y,A,-,N,NA,NA,NA,NA,NA,NA,NA,NA,NA,N,2,0,1,2,A,-,10,21950,A,F,-,B,B,A,H,-,A,A,0,Y,NA,NA,NA,Y,Y,A,08,1,0,0,0,1,0,0,0,0,-,-,NA,NA,LOS ANGELES,ALHAMBRA,-118.152099609375,34.09532165527344
8783412,2018,2019-01-26,1901,2018-12-16,2253,268,15,7,5,5,1901,0,0,0,NA,0,002,NEW AV,NORWOOD PL,0,NA,Y,A,-,N,NA,NA,NA,NA,NA,NA,NA,NA,NA,N,4,0,1,2,A,-,10,21950,C,N,G,B,B,A,H,-,C,A,0,Y,NA,NA,NA,Y,NA,D,22,0,0,1,0,1,0,0,0,0,-,-,NA,NA,LOS ANGELES,ALHAMBRA,-118.10842895507813,34.07638931274414
8783416,2018,2019-01-26,1901,2018-12-12,1552,232,NA,3,5,5,1901,0,0,0,NA,0,003,MISSION RD,FREMONT,5,N,N,A,-,N,NA,NA,NA,NA,NA,NA,NA,NA,NA,N,4,0,1,2,A,-,10,21950,A,N,G,B,B,A,H,-,A,A,0,Y,NA,NA,NA,Y,NA,A,01,0,0,1,0,1,0,0,0,0,-,-,NA,NA,LOS ANGELES,ALHAMBRA,-118.15188598632813,34.079322814941406
8783420,2018,2019-01-26,1901,2018-12-09,1325,291,11,7,5,5,1901,0,0,0,NA,0,002,GARFIELD AV,SAN MARINO AV,81,N,N,A,-,N,NA,NA,NA,NA,NA,NA,NA,NA,NA,N,3,0,1,2,A,-,08,22107,NA,N,B,G,A,A,H,-,A,D,0,NA,Y,NA,NA,Y,NA,A,01,0,1,0,0,0,0,1,0,0,-,-,NA,NA,LOS ANGELES,ALHAMBRA,-118.1230697631836,34.08299255371094
8783424,2018,2019-01-26,1901,2018-12-03,1737,119,6,1,5,5,1901,0,0,0,NA,0,001,4TH ST,MAIN ST,248,S,N,A,-,N,NA,NA,NA,NA,NA,NA,NA,NA,NA,N,4,0,1,2,A,-,03,22350,NA,N,G,B,D,C,H,-,C,D,0,Y,NA,NA,NA,Y,NA,A,01,0,0,1,0,1,0,0,0,0,-,-,NA,NA,LOS ANGELES,ALHAMBRA,-118.13117980957033,34.0931396484375
8783428,2018,2019-01-26,1901,2018-12-25,1616,291,14,2,5,5,1901,0,0,0,NA,0,002,VALLEY BL,MONTEREY ST,4,E,N,A,-,N,NA,NA,NA,NA,NA,NA,NA,NA,NA,N,4,0,1,2,A,-,17,22517,NA,N,A,G,A,A,H,-,A,D,0,NA,Y,NA,NA,Y,NA,A,01,0,0,1,0,0,0,1,0,0,-,-,NA,NA,LOS ANGELES,ALHAMBRA,-118.12081909179688,34.078731536865234
8783432,2018,2019-01-26,1901,2018-12-19,0820,239,12,3,5,5,1901,0,0,0,NA,0,002,CORTO ST,CHAPEL AV,9,E,N,A,-,N,NA,NA,NA,NA,NA,NA,NA,NA,NA,N,4,0,1,2,A,-,10,21950,A,N,G,B,B,A,H,-,A,A,0,Y,NA,NA,NA,Y,NA,A,07,0,0,1,0,1,0,0,0,0,-,-,NA,NA,LOS ANGELES,ALHAMBRA,-118.11972808837892,34.09040832519531