CASE_ID,ACCIDENT_YEAR,PROC_DATE,JURIS,COLLISION_DATE,COLLISION_TIME,OFFICER_ID,REPORTING_DISTRICT,DAY_OF_WEEK,CHP_SHIFT,POPULATION,CNTY_CITY_LOC,SPECIAL_COND,BEAT_TYPE,CHP_BEAT_TYPE,CITY_DIVISION_LAPD,CHP_BEAT_CLASS,BEAT_NUMBER,PRIMARY_RD,SECONDARY_RD,DISTANCE,DIRECTION,INTERSECTION,WEATHER_1,WEATHER_2,STATE_HWY_IND,CALTRANS_COUNTY,CALTRANS_DISTRICT,STATE_ROUTE,ROUTE_SUFFIX,POSTMILE_PREFIX,POSTMILE,LOCATION_TYPE,RAMP_INTERSECTION,SIDE_OF_HWY,TOW_AWAY,COLLISION_SEVERITY,NUMBER_KILLED,NUMBER_INJURED,PARTY_COUNT,PRIMARY_COLL_FACTOR,PCF_CODE_OF_VIOL,PCF_VIOL_CATEGORY,PCF_VIOLATION,PCF_VIOL_SUBSECTION,HIT_AND_RUN,TYPE_OF_COLLISION,MVIW,PED_ACTION,ROAD_SURFACE,ROAD_COND_1,ROAD_COND_2,LIGHTING,CONTROL_DEVICE,CHP_ROAD_TYPE,PEDESTRIAN_ACCIDENT,BICYCLE_ACCIDENT,MOTORCYCLE_ACCIDENT,TRUCK_ACCIDENT,NOT_PRIVATE_PROPERTY,ALCOHOL_INVOLVED,STWD_VEHTYPE_AT_FAULT,CHP_VEHTYPE_AT_FAULT,COUNT_SEVERE_INJ,COUNT_VISIBLE_INJ,COUNT_COMPLAINT_PAIN,COUNT_PED_KILLED,COUNT_PED_INJURED,COUNT_BICYCLIST_KILLED,COUNT_BICYCLIST_INJURED,COUNT_MC_KILLED,COUNT_MC_INJURED,PRIMARY_RAMP,SECONDARY_RAMP,LATITUDE,LONGITUDE,COUNTY,CITY,POINT_X,POINT_Y
8784625,2019,2020-01-09,1942,2019-01-12,2052,41957,0636,6,5,7,1942,0,0,0,F,0,6A15,LAS PALMAS AV,FRANKLIN PL,0,NA,Y,A,-,N,NA,NA,NA,NA,NA,NA,NA,NA,NA,Y,4,0,2,3,A,-,09,21802,A,F,-,C,A,A,H,-,C,A,0,NA,NA,NA,NA,Y,NA,A,01,0,0,2,0,0,0,0,0,0,-,-,NA,NA,LOS ANGELES,LOS ANGELES,-118.33616638183594,34.104148864746094
8784626,2019,2019-02-14,1942,2019-01-16,0645,38025,0391,3,5,7,1942,0,0,0,C,0,3A41,LA BREA AV,COLISEUM ST,600,S,N,B,-,N,NA,NA,NA,NA,NA,NA,NA,NA,NA,N,4,0,3,3,A,-,03,22350,NA,N,C,C,A,B,H,-,B,D,0,NA,NA,NA,NA,Y,NA,A,01,0,0,3,0,0,0,0,0,0,-,-,NA,NA,LOS ANGELES,LOS ANGELES,-118.35565948486328,34.01667022705078
8784627,2019,2019-02-14,1942,2019-01-12,1945,43281,0269,6,5,7,1942,0,0,0,B,0,2A45,W 8TH ST,WITMER,50,W,N,A,-,N,NA,NA,NA,NA,NA,NA,NA,NA,NA,N,4,0,1,2,A,-,11,21954,A,N,G,B,E,A,H,-,C,D,0,Y,NA,NA,NA,Y,NA,A,01,0,0,1,0,1,0,0,0,0,-,-,NA,NA,LOS ANGELES,LOS ANGELES,-118.26922607421876,34.05030059814453
8784628,2019,2019-02-14,1942,2019-01-09,1945,38476,0762,3,5,7,1942,0,0,0,G,0,7A17,LA CIENEGA BL,ALCOTT ST,0,NA,Y,A,-,N,NA,NA,NA,NA,NA,NA,NA,NA,NA,N,4,0,1,2,A,-,09,21801,A,N,D,C,A,A,H,-,D,A,0,NA,NA,NA,NA,Y,NA,A,01,0,0,1,0,0,0,0,0,0,-,-,NA,NA,LOS ANGELES,LOS ANGELES,-118.37615966796876,34.052391052246094
8784630,2019,2019-02-14,1942,2019-01-18,0015,40053,0329,5,5,7,1942,0,0,0,C,0,3A19,S FIGUEROA ST,W 29TH ST,0,NA,Y,A,-,N,NA,NA,NA,NA,NA,NA,NA,NA,NA,N,4,0,1,2,A,-,09,21801,A,N,D,C,A,A,H,-,C,A,0,NA,NA,NA,NA,Y,NA,A,01,0,0,1,0,0,0,0,0,0,-,-,NA,NA,LOS ANGELES,LOS ANGELES,-118.2775421142578,34.02579879760742
8784631,2019,2019-02-14,1942,2019-01-07,1600,40099,0233,1,5,7,1942,0,0,0,B,0,2A17,N OCCIDENTAL BL,BEVERLY BL,120,S,N,A,-,N,NA,NA,NA,NA,NA,NA,NA,NA,NA,N,3,0,1,2,A,-,11,21954,A,N,G,B,E,A,H,-,A,D,0,Y,NA,NA,NA,Y,NA,N,60,0,1,0,0,1,0,0,0,0,-,-,NA,NA,LOS ANGELES,LOS ANGELES,-118.27945709228516,34.070648193359375
8784632,2019,2019-02-14,1942,2019-01-20,1505,42832,789,7,5,7,1942,0,0,0,NA,0,7A69,WASHINGTON BL,6TH AV,0,NA,Y,A,-,N,NA,NA,NA,NA,NA,NA,NA,NA,NA,N,4,0,1,2,A,-,09,21801,A,N,D,C,A,A,H,-,A,A,0,NA,NA,Y,NA,Y,NA,C,02,0,0,1,0,0,0,0,0,1,-,-,NA,NA,LOS ANGELES,LOS ANGELES,-118.32366943359376,34.03989028930664
8784634,2019,2019-02-14,1942,2019-01-12,1230,38794,0396,6,5,7,1942,0,0,0,C,0,3A55,W VERNON AV,VERMONT AV,300,W,N,B,-,N,NA,NA,NA,NA,NA,NA,NA,NA,NA,Y,3,0,4,2,A,-,03,22350,NA,N,C,C,A,A,H,-,A,A,0,NA,NA,NA,NA,Y,NA,A,01,0,1,3,0,0,0,0,0,0,-,-,NA,NA,LOS ANGELES,LOS ANGELES,-118.29255676269533,34.00368118286133
8784635,2019,2019-02-14,1942,2019-01-05,0718,31152,0247,6,5,7,1942,0,0,0,B,0,2A47,3RD ST,UNION PL,5,W,N,B,-,N,NA,NA,NA,NA,NA,NA,NA,NA,NA,N,4,0,1,2,A,-,10,21950,A,N,G,B,B,A,H,-,A,A,0,Y,NA,NA,NA,Y,NA,A,01,0,0,1,0,1,0,0,0,0,-,-,NA,NA,LOS ANGELES,LOS ANGELES,-118.26724243164064,34.06060791015625
8784636,2019,2019-02-14,1942,2019-01-15,1815,43413,0721,2,5,7,1942,0,0,0,G,0,7A22,BURTON WY,SAN VICENTE BL,0,NA,Y,C,-,N,NA,NA,NA,NA,NA,NA,NA,NA,NA,Y,4,0,1,2,A,-,12,21453,A,N,A,C,A,B,H,-,C,A,0,NA,NA,NA,NA,Y,NA,A,01,0,0,1,0,0,0,0,0,0,-,-,NA,NA,LOS ANGELES,LOS ANGELES,-118.3772430419922,34.072021484375
8784638,2019,2019-04-02,1942,2019-01-25,2201,42665,0355,5,5,7,1942,0,0,0,C,0,3A55,ARLINGTON AV,W JEFFERSON BL,0,NA,Y,A,-,N,NA,NA,NA,NA,NA,NA,NA,NA,NA,Y,4,0,1,3,A,-,09,21801,A,N,D,C,A,A,H,-,C,A,0,NA,NA,NA,NA,Y,NA,A,01,0,0,1,0,0,0,0,0,0,-,-,NA,NA,LOS ANGELES,LOS ANGELES,-118.31765747070313,34.02553176879883
8784639,2019,2019-02-14,1942,2019-01-16,0800,40193,0248,3,5,7,1942,0,0,0,B,0,2A45,W 3RD ST,LOMA DR,0,NA,Y,B,C,N,NA,NA,NA,NA,NA,NA,NA,NA,NA,N,4,0,1,2,A,-,12,21453,A,N,G,B,B,B,H,-,A,A,0,Y,NA,NA,NA,Y,NA,A,08,0,0,1,0,1,0,0,0,0,-,-,NA,NA,LOS ANGELES,LOS ANGELES,-118.26557159423828,34.059898376464844
8784640,2019,2019-02-14,1942,2019-01-23,1545,42345,0736,3,5,7,1942,0,0,0,G,0,7X27,COCHRAN AV,4TH ST,500,N,N,A,-,N,NA,NA,NA,NA,NA,NA,NA,NA,NA,N,4,0,2,2,A,-,09,21801,A,N,A,C,A,A,H,-,A,D,0,NA,NA,NA,NA,Y,NA,A,01,0,0,2,0,0,0,0,0,0,-,-,NA,NA,LOS ANGELES,LOS ANGELES,-118.34723663330078,34.06825256347656
8784641,2018,2019-02-15,1942,2018-12-21,1445,41179,0767,5,5,7,1942,0,0,0,G,0,7A69,W PICO BL,BRONSON AV,0,NA,Y,A,-,N,NA,NA,NA,NA,NA,NA,NA,NA,NA,Y,3,0,1,2,A,-,03,22350,NA,N,D,C,A,A,H,-,A,D,0,NA,NA,Y,NA,Y,NA,C,02,0,1,0,0,0,0,0,0,1,-,-,NA,NA,LOS ANGELES,LOS ANGELES,-118.32553100585938,34.04772186279297
8784642,2018,2019-02-14,1942,2018-12-29,1000,36553,0851,6,5,7,1942,0,0,0,H,0,8A53,BUNDY DR,OHIO AV,12,W,N,A,-,N,NA,NA,NA,NA,NA,NA,NA,NA,NA,N,3,0,1,2,A,-,09,21801,A,N,G,B,C,A,H,-,A,D,0,Y,NA,NA,NA,Y,NA,A,07,0,1,0,0,1,0,0,0,0,-,-,NA,NA,LOS ANGELES,LOS ANGELES,-118.4629135131836,34.04019546508789
8784645,2018,2019-02-15,1942,2018-12-21,1310,41179,0763,5,5,7,1942,0,0,0,G,0,7A53,SATURN ST,S FAIRFAX AV,0,NA,Y,A,-,N,NA,NA,NA,NA,NA,NA,NA,NA,NA,Y,4,0,2,2,A,-,09,21802,A,N,D,C,A,A,H,-,A,A,0,NA,NA,NA,NA,Y,NA,A,01,0,0,2,0,0,0,0,0,0,-,-,NA,NA,LOS ANGELES,LOS ANGELES,-118.36702728271484,34.04964065551758
8784646,2018,2019-02-28,1942,2018-12-23,1130,42938,0752,7,5,7,1942,0,0,0,G,0,7A47,OLYMPIC BL,LA CIENEGA,0,NA,Y,A,-,N,NA,NA,NA,NA,NA,NA,NA,NA,NA,Y,4,0,3,3,A,-,12,21453,A,N,D,C,A,A,H,-,A,A,0,NA,NA,NA,NA,Y,NA,A,07,0,0,3,0,0,0,0,0,0,-,-,NA,NA,LOS ANGELES,LOS ANGELES,-118.3761978149414,34.05944061279297
8784650,2018,2019-02-15,1942,2018-12-19,0855,43411,0841,3,5,7,1942,0,0,0,H,0,8A53,WILSHIRE BL,BROCKTON AV,0,NA,Y,A,-,N,NA,NA,NA,NA,NA,NA,NA,NA,NA,Y,3,0,1,2,A,-,08,22107,NA,N,D,C,A,A,H,-,C,A,0,NA,NA,Y,NA,Y,NA,A,01,0,1,0,0,0,0,0,0,1,-,-,NA,NA,LOS ANGELES,LOS ANGELES,-118.46515655517578,34.04595184326172
8784654,2018,2019-02-14,1942,2018-12-25,0740,39127,0883,2,5,7,1942,0,0,0,H,0,8A35,W OLYMPIC BL,S SEPULVEDA BL,0,NA,Y,B,-,N,NA,NA,NA,NA,NA,NA,NA,NA,NA,Y,3,0,3,2,A,-,12,21453,A,N,D,C,A,A,H,-,A,A,0,NA,NA,NA,NA,Y,NA,A,01,0,2,1,0,0,0,0,0,0,-,-,NA,NA,LOS ANGELES,LOS ANGELES,-118.43791961669922,34.040218353271484
8784658,2018,2019-02-15,1942,2018-12-28,1730,42052,0884,5,5,7,1942,0,0,0,H,0,8A29,PICO BL,KELTON AV,200,E,N,A,-,N,NA,NA,NA,NA,NA,NA,NA,NA,NA,Y,3,0,4,2,A,-,03,22350,NA,N,C,C,A,A,H,-,B,D,0,NA,NA,NA,NA,Y,NA,A,01,0,1,3,0,0,0,0,0,0,-,-,NA,NA,LOS ANGELES,LOS ANGELES,-118.4299087524414,34.03947067260742
8784662,2018,2019-02-14,1942,2018-12-31,1015,38721,0898,1,5,7,1942,0,0,0,H,0,8A95,ROBERTSON BL,NATIONAL BL,0,NA,Y,A,-,N,NA,NA,NA,NA,NA,NA,NA,NA,NA,N,3,0,2,2,A,-,09,21801,A,N,D,C,A,A,H,-,A,A,0,NA,NA,NA,NA,Y,NA,A,08,0,1,1,0,0,0,0,0,0,-,-,NA,NA,LOS ANGELES,LOS ANGELES,-118.39092254638672,34.0312385559082
8784666,2018,2019-02-28,1942,2018-12-31,1515,43448,0899,1,5,7,1942,0,0,0,H,0,8A59,NATIONAL BL,ROBERTSON BL,0,NA,Y,A,-,N,NA,NA,NA,NA,NA,NA,NA,NA,NA,Y,3,0,1,2,A,-,09,21801,A,N,A,C,A,A,H,-,A,A,0,NA,NA,NA,NA,Y,NA,A,01,0,1,0,0,0,0,0,0,0,-,-,NA,NA,LOS ANGELES,LOS ANGELES,-118.39092254638672,34.0312385559082
8784669,2018,2019-02-25,1942,2018-12-20,1634,43413,0745,4,5,7,1942,0,0,0,G,0,7A22,SAN VICENTE BL,HAUSER BL,0,NA,Y,A,-,N,NA,NA,NA,NA,NA,NA,NA,NA,NA,Y,3,0,2,2,A,-,09,21801,A,N,B,C,A,A,H,-,B,A,0,NA,NA,NA,NA,Y,NA,A,01,0,1,1,0,0,0,0,0,0,-,-,NA,NA,LOS ANGELES,LOS ANGELES,-118.3547592163086,34.05393981933594
8784670,2018,2019-02-15,1942,2018-12-31,1440,41439,0882,1,5,7,1942,0,0,0,H,0,8A53,PICO BL,SAWTELLE BL,0,NA,Y,A,-,N,NA,NA,NA,NA,NA,NA,NA,NA,NA,Y,4,0,2,2,A,-,09,21801,A,N,A,C,A,A,H,-,A,A,0,NA,NA,NA,NA,Y,NA,A,01,0,0,2,0,0,0,0,0,0,-,-,NA,NA,LOS ANGELES,LOS ANGELES,-118.43868255615234,34.03520965576172
8784673,2018,2019-02-25,1942,2018-12-21,1730,43291,0782,5,5,7,1942,0,0,0,G,0,7A84,VENICE BL,THURMAN AV,0,NA,Y,A,-,N,NA,NA,NA,NA,NA,NA,NA,NA,NA,N,3,0,1,2,A,-,09,21801,A,N,G,C,A,A,H,-,C,A,0,NA,NA,NA,NA,Y,NA,A,01,0,1,0,0,0,0,0,0,0,-,-,NA,NA,LOS ANGELES,LOS ANGELES,-118.36476135253906,34.04254150390625
8784674,2018,2019-02-15,1942,2018-12-26,1828,40033,0841,3,5,7,1942,0,0,0,H,0,8A53,WILSHIRE BL,BROCKTON AV,20,E,N,A,-,N,NA,NA,NA,NA,NA,NA,NA,NA,NA,Y,4,0,1,2,A,-,08,22101,D,N,D,C,A,A,H,-,A,A,0,NA,NA,NA,NA,Y,NA,A,01,0,0,1,0,0,0,0,0,0,-,-,NA,NA,LOS ANGELES,LOS ANGELES,-118.4651107788086,34.045989990234375
8784677,2018,2019-02-25,1942,2018-12-21,1830,42420,0701,5,5,7,1942,0,0,0,G,0,8A36,FAIRFAX AV,CLINTON BL,10,S,N,A,-,N,NA,NA,NA,NA,NA,NA,NA,NA,NA,N,4,0,1,2,A,-,03,22350,NA,N,C,C,A,A,H,-,C,A,0,NA,NA,NA,NA,Y,NA,A,01,0,0,1,0,0,0,0,0,0,-,-,NA,NA,LOS ANGELES,LOS ANGELES,-118.36147308349608,34.081581115722656
8784678,2018,2019-02-14,1942,2018-12-27,1935,42273,0847,4,5,7,1942,0,0,0,H,0,8A35,OLYMPIC BL,OVERLAND AV,0,NA,Y,A,-,N,NA,NA,NA,NA,NA,NA,NA,NA,NA,Y,4,0,2,2,A,-,09,21801,A,N,D,C,A,A,H,-,C,A,0,NA,NA,NA,NA,Y,NA,A,01,0,0,2,0,0,0,0,0,0,-,-,NA,NA,LOS ANGELES,LOS ANGELES,-118.42816925048828,34.04600143432617
8784681,2018,2019-02-15,1942,2018-12-27,1520,41025,0782,4,5,7,1942,0,0,0,G,0,7A69,VENICE BL,THURMAN AV,45,E,N,A,-,N,NA,NA,NA,NA,NA,NA,NA,NA,NA,N,4,0,1,2,A,-,07,21658,A,N,B,C,A,A,H,-,A,D,0,NA,NA,NA,NA,Y,NA,A,01,0,0,1,0,0,0,0,0,0,-,-,NA,NA,LOS ANGELES,LOS ANGELES,-118.36463165283205,34.042598724365234
8784682,2018,2019-02-14,1942,2018-12-28,1220,41376,0893,5,5,7,1942,0,0,0,H,0,8A35,NATIONAL BL,OVERLAND AV,121,W,N,A,-,N,NA,NA,NA,NA,NA,NA,NA,NA,NA,N,4,0,1,2,C,-,18,NA,NA,N,B,C,A,A,H,-,A,D,0,NA,NA,NA,NA,Y,NA,-,-,0,0,1,0,0,0,0,0,0,-,-,NA,NA,LOS ANGELES,LOS ANGELES,-118.41793823242188,34.03227233886719
8784685,2018,2019-02-25,1942,2018-12-28,0810,43483,NA,5,5,7,1942,0,0,0,NA,0,7A17,BEVERLY BL,ARDEN,0,NA,Y,A,G,N,NA,NA,NA,NA,NA,NA,NA,NA,NA,Y,4,0,1,2,A,-,12,21453,A,N,D,C,A,A,H,-,A,A,0,NA,NA,NA,NA,Y,NA,A,01,0,0,1,0,0,0,0,0,0,-,-,NA,NA,LOS ANGELES,LOS ANGELES,-118.32598114013672,34.076229095458984
8784686,2018,2019-02-14,1942,2018-12-31,0925,36553,0824,1,5,7,1942,0,0,0,H,0,8A1,SUNSET BL,BROOKTREE RD,700,W,N,A,-,N,NA,NA,NA,NA,NA,NA,NA,NA,NA,Y,4,0,1,2,A,-,03,22350,NA,N,A,C,A,A,H,-,A,D,0,NA,NA,NA,NA,Y,NA,A,01,0,0,1,0,0,0,0,0,0,-,-,NA,NA,LOS ANGELES,LOS ANGELES,-118.51675415039064,34.04441833496094
8784689,2018,2019-03-05,1942,2018-12-26,2218,43440,08721,3,5,7,1942,0,0,0,H,0,7A21,WASHINGTON BL,ELECTRIC DR,0,NA,Y,A,B,N,NA,NA,NA,NA,NA,NA,NA,NA,NA,Y,4,0,3,2,A,-,09,21801,A,N,B,C,A,A,H,-,C,A,0,NA,NA,NA,NA,Y,NA,A,01,0,0,3,0,0,0,0,0,0,-,-,NA,NA,LOS ANGELES,LOS ANGELES,-118.36776,34.03529
8784690,2018,2019-02-15,1942,2018-12-19,1220,37521,0823,3,5,7,1942,0,0,0,H,0,8A12,VIA DE LA PAZ,BOWDOIN ST,200,S,N,A,-,N,NA,NA,NA,NA,NA,NA,NA,NA,NA,N,4,0,1,2,A,-,09,21804,A,N,D,C,A,A,H,-,A,D,0,NA,NA,NA,NA,Y,NA,A,08,0,0,1,0,0,0,0,0,0,-,-,NA,NA,LOS ANGELES,LOS ANGELES,-118.52784729003906,34.04423522949219
8784693,2018,2019-02-25,1942,2018-12-28,1743,43558,0785,5,5,7,1942,0,0,0,G,0,7A84,WASHINGTON BL,WEST BL,42,E,N,A,-,N,NA,NA,NA,NA,NA,NA,NA,NA,NA,N,4,0,2,2,A,-,03,22350,NA,N,C,C,A,A,H,-,C,A,0,NA,NA,NA,NA,Y,NA,A,01,0,0,2,0,0,0,0,0,0,-,-,NA,NA,LOS ANGELES,LOS ANGELES,-118.33769989013672,34.03984069824219
8784694,2018,2019-02-15,1942,2018-12-18,1900,43454,0885,2,5,7,1942,0,0,0,H,0,8A13,OVERLAND AV,ESTHER AV,0,NA,Y,A,-,N,NA,NA,NA,NA,NA,NA,NA,NA,NA,Y,4,0,1,2,A,-,09,21801,A,N,D,C,A,A,H,-,C,D,0,NA,NA,NA,NA,Y,NA,A,01,0,0,1,0,0,0,0,0,0,-,-,NA,NA,LOS ANGELES,LOS ANGELES,-118.42257690429688,34.038909912109375
8784697,2018,2019-02-25,1942,2018-12-23,0325,43321,0774,7,5,7,1942,0,0,0,G,0,7A33W3,S LA BREA AV,SAINT ELMO DR,120,S,N,A,-,N,NA,NA,NA,NA,NA,NA,NA,NA,NA,Y,4,0,2,2,A,-,09,21801,A,N,D,C,A,A,H,-,C,D,0,NA,NA,NA,NA,Y,NA,A,01,0,0,2,0,0,0,0,0,0,-,-,NA,NA,LOS ANGELES,LOS ANGELES,-118.34615325927734,34.043888092041016
8784698,2018,2019-02-14,1942,2018-12-22,1745,43204,0858,6,5,7,1942,0,0,0,H,0,8A95,ROBERTSON BL,PICO BL,0,NA,Y,A,-,N,NA,NA,NA,NA,NA,NA,NA,NA,NA,N,4,0,1,2,A,-,03,22350,NA,N,C,C,A,A,H,-,C,A,0,NA,NA,NA,NA,Y,NA,A,01,0,0,1,0,0,0,0,0,0,-,-,NA,NA,LOS ANGELES,LOS ANGELES,-118.38372039794922,34.054779052734375
8784701,2018,2019-03-05,1942,2018-12-05,1659,43536,0788,3,5,7,1942,0,0,0,G,0,7A69,CRENSHAW BL,23RD ST,150,N,N,A,-,N,NA,NA,NA,NA,NA,NA,NA,NA,NA,N,4,0,1,3,A,-,04,21703,NA,N,C,C,A,A,H,-,C,A,0,NA,NA,NA,NA,Y,NA,A,01,0,0,1,0,0,0,0,0,0,-,-,NA,NA,LOS ANGELES,LOS ANGELES,-118.3326,34.037127
8784702,2018,2019-02-14,1942,2018-12-21,1315,40235,0835,5,5,7,1942,0,0,0,H,0,8A35,OLYMPIC BL,GREENFIELD AV,20,E,N,A,-,N,NA,NA,NA,NA,NA,NA,NA,NA,NA,Y,4,0,2,3,A,-,04,21703,NA,N,C,C,A,A,H,-,A,D,0,NA,NA,NA,NA,Y,NA,A,07,0,0,2,0,0,0,0,0,0,-,-,NA,NA,LOS ANGELES,LOS ANGELES,-118.43529510498048,34.04178237915039
8784705,2018,2019-03-01,1942,2018-12-23,1330,42345,0711,7,5,7,1942,0,0,0,G,0,7A17,BEVERLY BL,CRESCENT HEIGHTS BL,0,NA,Y,B,-,N,NA,NA,NA,NA,NA,NA,NA,NA,NA,N,4,0,1,2,A,-,12,21453,A,N,A,C,A,A,H,-,A,A,0,NA,NA,NA,NA,Y,NA,-,-,0,0,1,0,0,0,0,0,0,-,-,NA,NA,LOS ANGELES,LOS ANGELES,-118.36586761474608,34.07609176635742
8784706,2018,2019-02-28,1942,2018-12-27,0110,37511,0721,4,5,7,1942,0,0,0,G,0,7A21,S SAN VICENTE BL,BURTON WY,0,NA,Y,A,-,N,NA,NA,NA,NA,NA,NA,NA,NA,NA,Y,4,0,1,2,A,-,12,21453,A,N,D,C,A,A,H,-,C,A,0,NA,NA,Y,NA,Y,NA,-,-,0,0,1,0,0,0,0,0,1,-,-,NA,NA,LOS ANGELES,LOS ANGELES,-118.3772430419922,34.072021484375
8784709,2018,2019-02-25,1942,2018-12-28,1330,43599,0745,5,5,7,1942,0,0,0,G,0,7A21,9TH ST,DETROIT ST,0,NA,Y,A,-,N,NA,NA,NA,NA,NA,NA,NA,NA,NA,Y,4,0,1,2,A,-,12,22450,A,N,D,C,A,A,H,-,A,A,0,NA,NA,NA,NA,Y,NA,A,01,0,0,1,0,0,0,0,0,0,-,-,NA,NA,LOS ANGELES,LOS ANGELES,-118.34648895263672,34.05887985229492
8784710,2018,2019-02-14,1942,2018-12-30,2000,33757,0706,7,5,7,1942,0,0,0,G,0,7A17,MELROSE AV,LAS PALMAS AV,5,E,N,A,-,N,NA,NA,NA,NA,NA,NA,NA,NA,NA,N,4,0,1,2,A,-,05,21650,NA,N,D,C,A,A,H,-,C,D,0,NA,NA,NA,NA,Y,NA,M,94,0,0,1,0,0,0,0,0,0,-,-,NA,NA,LOS ANGELES,LOS ANGELES,-118.33621215820313,34.08346939086914
8784713,2018,2019-02-25,1942,2018-12-16,1815,40849,0783,7,5,7,1942,0,0,0,G,0,7A84,REDONDO BL,BANGOR ST,0,NA,Y,A,-,N,NA,NA,NA,NA,NA,NA,NA,NA,NA,Y,4,0,1,2,A,-,12,22450,A,N,D,C,A,A,H,-,D,A,0,NA,NA,NA,NA,Y,NA,A,01,0,0,1,0,0,0,0,0,0,-,-,NA,NA,LOS ANGELES,LOS ANGELES,-118.35468292236328,34.03656005859375
8784714,2018,2019-02-14,1942,2018-12-22,1330,39930,0763,6,5,7,1942,0,0,0,G,0,7A53,GENESEE AV,PICO BL,0,NA,Y,A,-,N,NA,NA,NA,NA,NA,NA,NA,NA,NA,Y,3,0,2,2,A,-,12,21453,A,N,D,C,A,A,H,-,A,A,0,NA,NA,NA,NA,Y,NA,A,01,0,1,1,0,0,0,0,0,0,-,-,NA,NA,LOS ANGELES,LOS ANGELES,-118.36351013183594,34.05091857910156
8784717,2018,2019-02-25,1942,2018-12-21,1600,43599,0752,5,5,7,1942,0,0,0,G,0,7A21,STEARNS DR,PICO BL,0,NA,Y,A,-,N,NA,NA,NA,NA,NA,NA,NA,NA,NA,N,3,0,1,2,A,-,09,21802,A,N,D,C,A,A,H,-,A,A,0,NA,NA,NA,NA,Y,NA,A,01,0,1,0,0,0,0,0,0,0,-,-,NA,NA,LOS ANGELES,LOS ANGELES,-118.37113189697266,34.05236053466797
8784718,2018,2019-02-14,1942,2018-12-22,1520,38262,0758,6,5,7,1942,0,0,0,G,0,7A47,OLYMPIC BL,RIMPAU BL,0,NA,Y,A,-,N,NA,NA,NA,NA,NA,NA,NA,NA,NA,Y,3,0,3,2,A,-,09,21801,A,N,A,C,A,A,H,-,A,A,0,NA,NA,NA,NA,Y,NA,A,07,0,2,1,0,0,0,0,0,0,-,-,NA,NA,LOS ANGELES,LOS ANGELES,-118.33373260498048,34.05690002441406
8784724,2018,2019-02-28,1900,2018-12-27,1810,499039,1517,4,5,5,1954,0,0,0,NA,0,151T2,WASHINGTON BL,KILGARRY AV,179,W,N,A,-,N,NA,NA,NA,NA,NA,NA,NA,NA,NA,N,3,0,2,4,A,-,04,21703,NA,N,C,-,A,A,-,-,C,D,0,NA,NA,NA,NA,Y,NA,A,01,0,2,0,0,0,0,0,0,0,-,-,33.98040008544922,-118.09207153320313,LOS ANGELES,PICO RIVERA,-118.09207153320313,33.98023986816406
8784728,2018,2019-02-15,1942,2018-12-19,0830,36664,0719,3,5,7,1942,0,0,0,G,0,7A17,N COLE AV,W MELROSE AV,0,NA,Y,A,-,N,NA,NA,NA,NA,NA,NA,NA,NA,NA,Y,4,0,3,2,A,-,09,21802,A,N,D,C,A,A,H,-,A,A,0,NA,NA,NA,NA,Y,NA,A,07,0,0,3,0,0,0,0,0,0,-,-,NA,NA,LOS ANGELES,LOS ANGELES,-118.3298568725586,34.08348083496094
8784732,2018,2019-02-15,1942,2018-12-25,1220,39930,0721,2,5,7,1942,0,0,0,G,0,7A21,S LA CIENEGA BL,S SAN VICENTE BL,0,NA,Y,A,-,N,NA,NA,NA,NA,NA,NA,NA,NA,NA,Y,3,0,2,2,A,-,09,21801,A,N,D,C,A,A,H,-,A,A,0,NA,NA,NA,NA,Y,NA,A,07,0,1,1,0,0,0,0,0,0,-,-,NA,NA,LOS ANGELES,LOS ANGELES,-118.37638854980467,34.07126998901367
8784734,2019,2019-03-06,1942,2019-01-01,1015,39508,1177,2,5,7,1942,0,0,0,K,0,11A89,NORTH FIGUEROA ST,W AVENUE 26,0,NA,Y,A,-,N,NA,NA,NA,NA,NA,NA,NA,NA,NA,N,4,0,2,2,A,-,09,21801,A,N,D,C,A,A,H,-,A,A,0,NA,NA,NA,NA,Y,NA,A,01,0,0,2,0,0,0,0,0,0,-,-,NA,NA,LOS ANGELES,LOS ANGELES,-118.22245025634766,34.0838508605957
8784736,2018,2019-02-15,1942,2018-12-22,1615,37740,0733,6,5,7,1942,0,0,0,G,0,7A33,HAUSER BL,6TH ST,50,S,N,A,-,N,NA,NA,NA,NA,NA,NA,NA,NA,NA,N,4,0,1,2,A,-,03,22350,NA,N,C,C,A,A,H,-,A,D,0,NA,NA,NA,NA,Y,NA,A,01,0,0,1,0,0,0,0,0,0,-,-,NA,NA,LOS ANGELES,LOS ANGELES,-118.35147094726564,34.06474304199219
8784740,2018,2019-02-15,1942,2018-12-28,1402,43583,NA,5,5,7,1942,0,0,0,NA,0,7A33,MEADOWBROOK AV,PICO BL,0,NA,Y,A,-,N,NA,NA,NA,NA,NA,NA,NA,NA,NA,N,3,0,1,2,A,-,09,21804,A,N,B,J,A,A,H,-,A,D,0,NA,NA,Y,NA,Y,NA,C,03,0,1,0,0,0,0,0,0,1,-,-,NA,NA,LOS ANGELES,LOS ANGELES,-118.35041809082033,34.04808044433594
8784741,2018,2019-02-28,1924,2018-12-01,1712,80455,42,6,5,5,1924,0,0,0,NA,0,8A8S,WESTERN AV,168TH ST,0,NA,Y,A,-,N,NA,NA,NA,NA,NA,NA,NA,NA,NA,Y,4,0,2,2,A,-,09,21802,A,N,D,C,A,A,H,-,A,D,0,NA,NA,NA,Y,Y,NA,F,55,0,0,2,0,0,0,0,0,0,-,-,33.87908935546875,-118.3091278076172,LOS ANGELES,GARDENA,-118.30917358398438,33.879119873046875