CASE_ID,ACCIDENT_YEAR,PROC_DATE,JURIS,COLLISION_DATE,COLLISION_TIME,OFFICER_ID,REPORTING_DISTRICT,DAY_OF_WEEK,CHP_SHIFT,POPULATION,CNTY_CITY_LOC,SPECIAL_COND,BEAT_TYPE,CHP_BEAT_TYPE,CITY_DIVISION_LAPD,CHP_BEAT_CLASS,BEAT_NUMBER,PRIMARY_RD,SECONDARY_RD,DISTANCE,DIRECTION,INTERSECTION,WEATHER_1,WEATHER_2,STATE_HWY_IND,CALTRANS_COUNTY,CALTRANS_DISTRICT,STATE_ROUTE,ROUTE_SUFFIX,POSTMILE_PREFIX,POSTMILE,LOCATION_TYPE,RAMP_INTERSECTION,SIDE_OF_HWY,TOW_AWAY,COLLISION_SEVERITY,NUMBER_KILLED,NUMBER_INJURED,PARTY_COUNT,PRIMARY_COLL_FACTOR,PCF_CODE_OF_VIOL,PCF_VIOL_CATEGORY,PCF_VIOLATION,PCF_VIOL_SUBSECTION,HIT_AND_RUN,TYPE_OF_COLLISION,MVIW,PED_ACTION,ROAD_SURFACE,ROAD_COND_1,ROAD_COND_2,LIGHTING,CONTROL_DEVICE,CHP_ROAD_TYPE,PEDESTRIAN_ACCIDENT,BICYCLE_ACCIDENT,MOTORCYCLE_ACCIDENT,TRUCK_ACCIDENT,NOT_PRIVATE_PROPERTY,ALCOHOL_INVOLVED,STWD_VEHTYPE_AT_FAULT,CHP_VEHTYPE_AT_FAULT,COUNT_SEVERE_INJ,COUNT_VISIBLE_INJ,COUNT_COMPLAINT_PAIN,COUNT_PED_KILLED,COUNT_PED_INJURED,COUNT_BICYCLIST_KILLED,COUNT_BICYCLIST_INJURED,COUNT_MC_KILLED,COUNT_MC_INJURED,PRIMARY_RAMP,SECONDARY_RAMP,LATITUDE,LONGITUDE,COUNTY,CITY,POINT_X,POINT_Y
8786920,2019,2019-02-08,1942,2019-01-10,0615,38503,0392,4,5,7,1942,0,0,0,C,0,25T45,N LEIMERT BL,VERNON AV,7,N,N,B,-,N,NA,NA,NA,NA,NA,NA,NA,NA,NA,N,4,0,1,2,A,-,10,21950,A,N,G,C,B,A,H,-,C,A,0,Y,NA,NA,NA,Y,NA,A,01,0,0,1,0,1,0,0,0,0,-,-,NA,NA,LOS ANGELES,LOS ANGELES,-118.3308334350586,34.00367736816406
8786921,2018,2019-03-29,1942,2018-12-01,0305,40730,1341,6,5,7,1942,0,0,0,M,0,13A41,S MAIN ST,W JEFFERSON BL,0,NA,Y,A,-,N,NA,NA,NA,NA,NA,NA,NA,NA,NA,Y,2,0,5,2,A,-,12,21453,A,N,D,C,A,A,H,-,C,A,0,NA,NA,NA,NA,Y,Y,-,-,2,1,2,0,0,0,0,0,0,-,-,NA,NA,LOS ANGELES,LOS ANGELES,-118.27262115478516,34.018638610839844
8786922,2019,2019-02-11,1900,2019-01-17,1815,614017,0820,4,5,5,1915,0,0,0,NA,0,283T3,ALAMEDA ST,OAKS ST,0,NA,Y,A,-,N,NA,NA,NA,NA,NA,NA,NA,NA,NA,Y,4,0,1,2,A,-,08,22100,A,N,D,C,A,A,H,-,C,A,0,NA,NA,NA,NA,Y,NA,A,01,0,0,1,0,0,0,0,0,0,-,-,NA,NA,LOS ANGELES,COMPTON,-118.22193145751952,33.909019470214844
8786923,2019,2019-02-11,1942,2019-01-01,0025,43184,0182,2,5,7,1942,0,0,0,A,0,1A61,FIGUEROA BL,11TH ST,57,N,N,A,-,N,NA,NA,NA,NA,NA,NA,NA,NA,NA,N,3,0,1,2,A,-,11,21955,NA,N,G,B,D,A,H,-,C,A,0,Y,NA,NA,NA,Y,Y,N,60,0,1,0,0,1,0,0,0,0,-,-,NA,NA,LOS ANGELES,LOS ANGELES,-118.26506805419922,34.04383087158203
8786924,2019,2019-02-08,1942,2019-01-05,2025,40529,0392,6,5,7,1942,0,0,0,C,0,3A73,ARLINGTON AV,VERNON AV,8,S,N,C,-,N,NA,NA,NA,NA,NA,NA,NA,NA,NA,N,4,0,1,2,A,-,10,21950,A,N,G,B,B,B,H,-,C,A,0,Y,NA,NA,NA,Y,Y,A,01,0,0,1,0,1,0,0,0,0,-,-,NA,NA,LOS ANGELES,LOS ANGELES,-118.31821441650392,34.00367736816406
8786925,2018,2019-02-08,1942,2018-12-09,1800,36238,1385,7,5,7,1942,0,0,0,M,0,13A85,E CENTRAL AV,62ND ST,2,S,N,B,-,N,NA,NA,NA,NA,NA,NA,NA,NA,NA,Y,4,0,2,2,A,-,01,23152,A,N,A,C,A,A,H,-,C,D,0,NA,NA,NA,NA,Y,Y,A,01,0,0,2,0,0,0,0,0,0,-,-,NA,NA,LOS ANGELES,LOS ANGELES,-118.25646209716795,33.9832649230957
8786926,2019,2019-02-11,1900,2019-01-25,0955,529393,2822,5,5,5,1915,0,0,0,NA,0,282T1,ROSECRANS AV,SPRUCE AV,0,NA,Y,A,-,N,NA,NA,NA,NA,NA,NA,NA,NA,NA,Y,2,0,1,2,D,-,00,NA,NA,F,-,C,A,A,H,-,A,D,0,NA,NA,Y,NA,Y,NA,-,-,1,0,0,0,0,0,0,0,1,-,-,NA,NA,LOS ANGELES,COMPTON,-118.24685,33.903047
8786927,2019,2019-03-07,1942,2019-01-05,1125,37540,0144,6,5,7,1942,0,0,0,A,0,1A35,S MAIN ST,WINSTON ST,0,NA,Y,B,-,N,NA,NA,NA,NA,NA,NA,NA,NA,NA,N,3,0,1,2,A,-,-,NA,NA,F,D,G,A,A,H,-,A,A,0,NA,Y,NA,NA,Y,NA,-,-,0,1,0,0,0,0,1,0,0,-,-,NA,NA,LOS ANGELES,LOS ANGELES,-118.24772644042967,34.04758834838867
8786928,2019,2019-02-08,1942,2019-01-16,1730,42668,0325,3,5,7,1942,0,0,0,C,0,0325,28TH ST,VERMONT AV,15,W,N,C,-,N,NA,NA,NA,NA,NA,NA,NA,NA,NA,N,4,0,1,2,A,-,08,22107,NA,F,G,B,B,B,H,-,C,A,0,Y,NA,NA,NA,Y,NA,-,99,0,0,1,0,1,0,0,0,0,-,-,NA,NA,LOS ANGELES,LOS ANGELES,-118.29160308837892,34.029598236083984
8786930,2019,2019-02-11,1900,2019-01-18,1158,529393,2837,5,5,5,1915,0,0,0,NA,0,282T1,MANVILLE ST,ACACIA AV,1000,W,N,A,-,N,NA,NA,NA,NA,NA,NA,NA,NA,NA,N,4,0,2,2,A,-,09,21801,A,N,A,C,A,A,H,-,A,D,0,NA,NA,NA,NA,Y,NA,A,07,0,0,2,0,0,0,0,0,0,-,-,NA,NA,LOS ANGELES,COMPTON,-118.22675323486328,33.87009811401367
8786931,2019,2019-02-11,1942,2019-01-11,2045,42727,0182,5,5,7,1942,0,0,0,A,0,1A41,OLIVE,11TH ST,15,N,N,A,-,N,NA,NA,NA,NA,NA,NA,NA,NA,NA,N,4,0,1,2,A,-,00,21201,1,N,D,-,A,A,H,-,D,-,0,NA,Y,NA,NA,Y,NA,L,04,0,0,1,0,0,0,1,0,0,-,-,NA,NA,LOS ANGELES,LOS ANGELES,-118.26085662841795,34.0408821105957
8786932,2019,2019-02-08,1942,2019-01-14,1550,37450,0326,1,5,7,1942,0,0,0,C,0,3A19,ADAMS BL,HALLDALE AV,0,NA,Y,B,C,N,NA,NA,NA,NA,NA,NA,NA,NA,NA,N,3,0,1,2,A,-,05,21650,NA,N,D,G,A,B,H,-,B,A,0,NA,Y,NA,NA,Y,NA,L,04,0,1,0,0,0,0,1,0,0,-,-,NA,NA,LOS ANGELES,LOS ANGELES,-118.30278778076172,34.03273010253906
8786933,2018,2019-02-08,1942,2018-12-11,1510,30830,1767,2,5,7,1942,0,0,0,Q,0,17A67,RESEDA BL,LASSEN ST,13,S,N,A,-,N,NA,NA,NA,NA,NA,NA,NA,NA,NA,N,2,0,1,2,A,-,10,21950,A,N,G,B,B,A,H,-,A,A,0,Y,NA,NA,NA,Y,NA,A,01,1,0,0,0,1,0,0,0,0,-,-,NA,NA,LOS ANGELES,LOS ANGELES,-118.5360870361328,34.24995422363281
8786934,2019,2019-02-11,1900,2019-01-18,0008,526297,2823,5,5,5,1915,0,0,0,NA,0,281T1,LONG BEACH BL,PINE ST,20,S,N,A,-,N,NA,NA,NA,NA,NA,NA,NA,NA,NA,N,4,0,1,2,A,-,03,22350,NA,N,C,C,A,A,H,-,C,A,0,NA,NA,NA,NA,Y,NA,A,07,0,0,1,0,0,0,0,0,0,-,-,NA,NA,LOS ANGELES,COMPTON,-118.20890808105467,33.91010665893555
8786936,2019,2019-02-08,1907,2019-01-15,1833,240,1,2,5,4,1907,0,0,0,NA,0,NA,FLORENCE AV,BEAR AV,6,E,N,C,-,N,NA,NA,NA,NA,NA,NA,NA,NA,NA,N,3,0,1,2,A,-,10,21950,A,N,G,B,B,B,H,-,C,A,0,Y,NA,NA,NA,Y,NA,A,01,0,1,0,0,1,0,0,0,0,-,-,33.97100067138672,-118.19889831542967,LOS ANGELES,BELL,-118.19894409179688,33.971458435058594
8786940,2019,2019-02-08,1942,2019-01-23,1830,41870,1864,3,5,7,1942,0,0,0,R,0,18A63,E 120TH ST,WADSWORTH AV,530,W,N,A,-,N,NA,NA,NA,NA,NA,NA,NA,NA,NA,N,2,0,2,2,A,-,05,21650,C,N,D,C,A,A,H,-,C,A,0,NA,NA,Y,NA,Y,Y,A,01,1,1,0,0,0,0,0,0,1,-,-,NA,NA,LOS ANGELES,LOS ANGELES,-118.26042175292967,33.92372131347656
8786953,2018,2019-03-29,1942,2018-12-11,1200,43470,0355,2,5,7,1942,0,0,0,C,0,3A63,ARLINGTON AV,36TH,8,N,N,A,-,N,NA,NA,NA,NA,NA,NA,NA,NA,NA,N,4,0,1,2,A,-,04,21703,NA,N,C,C,A,A,H,-,A,D,0,NA,NA,NA,NA,Y,NA,A,07,0,0,1,0,0,0,0,0,0,-,-,NA,NA,LOS ANGELES,LOS ANGELES,-118.3176498413086,34.022891998291016
8786957,2018,2019-02-08,1942,2018-12-12,1030,41963,392,3,5,7,1942,0,0,0,NA,0,3A1,48TH ST,2ND AV,0,NA,Y,A,-,N,NA,NA,NA,NA,NA,NA,NA,NA,NA,Y,4,0,2,2,A,-,09,21802,A,N,-,-,A,A,H,-,A,-,0,NA,NA,NA,NA,Y,NA,A,07,0,0,2,0,0,0,0,0,0,-,-,NA,NA,LOS ANGELES,LOS ANGELES,-118.31925201416016,34.000030517578125
8786962,2018,2019-02-11,1942,2018-11-26,2049,43190,1824,1,5,7,1942,0,0,0,R,0,18A49,CENTRAL AV,92ND ST,0,NA,Y,A,-,N,NA,NA,NA,NA,NA,NA,NA,NA,NA,N,4,0,1,4,A,-,09,21801,A,N,C,C,B,A,H,-,C,A,0,Y,NA,NA,NA,Y,NA,A,07,0,0,1,0,1,0,0,0,0,-,-,NA,NA,LOS ANGELES,LOS ANGELES,-118.25643920898438,33.95328140258789
8786963,2018,2019-02-11,1942,2018-11-22,0017,41969,0341,4,5,7,1942,0,0,0,C,0,3A19,LA CIENEGA BL,RODEO RD,500,S,N,C,-,N,NA,NA,NA,NA,NA,NA,NA,NA,NA,Y,4,0,1,1,A,-,03,22350,NA,N,E,I,A,B,H,-,C,D,0,NA,NA,NA,NA,Y,NA,A,01,0,0,1,0,0,0,0,0,0,-,-,NA,NA,LOS ANGELES,LOS ANGELES,-118.37242889404295,34.020328521728516
8786966,2018,2019-02-27,1942,2018-11-23,2310,42876,1171,5,5,7,1942,0,0,0,K,0,11A71,EFFIE ST,MYRA AV,7,W,N,A,-,N,NA,NA,NA,NA,NA,NA,NA,NA,NA,Y,4,0,2,2,A,-,09,21802,A,N,D,C,A,A,H,-,C,D,0,NA,NA,NA,NA,Y,NA,A,01,0,0,2,0,0,0,0,0,0,-,-,NA,NA,LOS ANGELES,LOS ANGELES,-118.2811279296875,34.094966888427734
8786967,2018,2019-02-26,1942,2018-11-09,1755,43475,334,5,5,7,1942,0,0,0,NA,0,3A34,W JEFFERSON BL,S VICTORIA AV,30,E,N,A,-,N,NA,NA,NA,NA,NA,NA,NA,NA,NA,N,3,0,1,2,A,-,03,22350,NA,F,C,G,A,A,H,-,C,D,0,NA,Y,NA,NA,Y,NA,-,99,0,1,0,0,0,0,1,0,0,-,-,NA,NA,LOS ANGELES,LOS ANGELES,-118.33627319335938,34.025569915771484
8786970,2018,2019-02-11,1942,2018-11-27,0737,40726,1826,2,5,7,1942,0,0,0,R,0,25MQ15,92ND ST,MAIE AV,60,E,N,A,-,N,NA,NA,NA,NA,NA,NA,NA,NA,NA,N,4,0,2,2,A,-,03,22350,NA,N,C,C,A,A,H,-,A,D,0,NA,NA,NA,NA,Y,NA,A,08,0,0,2,0,0,0,0,0,0,-,-,NA,NA,LOS ANGELES,LOS ANGELES,-118.24445343017578,33.9532470703125
8786971,2018,2019-02-11,1942,2018-11-21,0550,31324,1118,3,5,7,1942,0,0,0,K,0,11A37,YORK BL,N AVENUE 56,0,NA,Y,A,-,N,NA,NA,NA,NA,NA,NA,NA,NA,NA,N,2,0,1,2,A,-,10,21950,A,N,G,B,B,A,H,-,C,D,0,Y,NA,NA,NA,Y,NA,A,01,1,0,0,0,1,0,0,0,0,-,-,NA,NA,LOS ANGELES,LOS ANGELES,-118.19670104980467,34.11940002441406
8786975,2018,2019-02-11,1942,2018-11-17,1810,42077,0396,6,5,7,1942,0,0,0,C,0,3A34,VERNON,MENLO,0,NA,Y,A,-,N,NA,NA,NA,NA,NA,NA,NA,NA,NA,N,3,0,1,2,A,-,10,21950,A,F,G,B,B,A,H,-,C,A,0,Y,NA,NA,NA,Y,NA,-,99,0,1,0,0,1,0,0,0,0,-,-,NA,NA,LOS ANGELES,LOS ANGELES,-118.29003143310548,34.00368881225586
8786979,2018,2019-02-11,1942,2018-11-20,0945,41963,0328,2,5,7,1942,0,0,0,C,0,3X95,FIGUEROA ST,28TH ST,0,NA,Y,A,-,N,NA,NA,NA,NA,NA,NA,NA,NA,NA,N,3,0,1,2,A,-,05,21650,1,N,A,G,A,A,H,-,A,D,0,NA,Y,NA,NA,Y,NA,L,04,0,1,0,0,0,0,1,0,0,-,-,NA,NA,LOS ANGELES,LOS ANGELES,-118.27735900878906,34.02608871459961
8786982,2018,2019-02-11,1942,2018-11-30,1620,39689,1863,5,5,7,1942,0,0,0,R,0,18A34,AVALON BL,120TH ST,0,NA,Y,A,-,N,NA,NA,NA,NA,NA,NA,NA,NA,NA,N,4,0,1,2,A,-,09,21801,NA,N,-,C,A,A,H,-,A,A,0,NA,NA,NA,NA,Y,NA,A,01,0,0,1,0,0,0,0,0,0,-,-,NA,NA,LOS ANGELES,LOS ANGELES,-118.26524353027344,33.923709869384766
8786983,2018,2019-02-11,1942,2018-11-10,2100,42094,0308,6,5,7,1942,0,0,0,C,0,3A1,UNION,23RD ST,500,S,N,A,-,N,NA,NA,NA,NA,NA,NA,NA,NA,NA,N,4,0,1,2,A,-,03,22350,NA,F,G,B,E,A,H,-,C,D,0,Y,NA,NA,NA,Y,NA,-,99,0,0,1,0,1,0,0,0,0,-,-,NA,NA,LOS ANGELES,LOS ANGELES,-118.28379058837892,34.03424072265625
8786986,2018,2019-02-11,1942,2018-11-30,1500,43433,1867,5,5,7,1942,0,0,0,R,0,18A17,120TH ST,BELHAVEN ST,0,NA,Y,A,-,N,NA,NA,NA,NA,NA,NA,NA,NA,NA,N,3,0,1,2,A,-,09,21801,A,N,D,C,A,-,H,-,A,D,0,NA,NA,Y,NA,Y,NA,A,01,0,1,0,0,0,0,0,0,1,-,-,NA,NA,LOS ANGELES,LOS ANGELES,-118.2556610107422,33.92372131347656
8786987,2018,2019-02-26,1942,2018-11-15,0810,43554,363,4,5,7,1942,0,0,0,NA,0,3A63,MUIRFIELD RD,SANTA ROSALIA,3,S,N,A,-,N,NA,NA,NA,NA,NA,NA,NA,NA,NA,N,4,0,1,2,A,-,10,21950,A,F,G,B,B,A,H,-,A,D,0,Y,NA,NA,NA,Y,NA,-,99,0,0,1,0,1,0,0,0,0,-,-,NA,NA,LOS ANGELES,LOS ANGELES,-118.34571838378906,34.0131721496582
8786988,2018,2019-02-11,1942,2018-12-05,1720,38435,NA,3,5,7,1942,0,0,0,NA,0,1101,CRYSTAL SPRINGS DR,GRIFFITH PARK DR,485,S,N,C,-,N,NA,NA,NA,NA,NA,NA,NA,NA,NA,NA,4,0,1,1,A,-,17,21658,B,N,H,I,A,B,G,-,D,A,0,NA,NA,Y,NA,Y,NA,C,02,0,0,1,0,0,0,0,0,1,-,-,34.08026123046875,-118.16539001464844,LOS ANGELES,LOS ANGELES,-118.28150177001952,34.134117126464844
8786990,2018,2019-02-11,1942,2018-11-22,0015,41541,0341,4,5,7,1942,0,0,0,C,0,3A19,S LA CIENEGA BL,RODEO RD,1000,S,N,C,-,N,NA,NA,NA,NA,NA,NA,NA,NA,NA,Y,3,0,1,2,A,-,03,22350,NA,N,C,C,A,B,H,-,C,D,0,NA,NA,NA,NA,Y,NA,A,01,0,1,0,0,0,0,0,0,0,-,-,NA,NA,LOS ANGELES,LOS ANGELES,-118.37255859375,34.01896286010742
8786991,2018,2019-02-11,1942,2018-11-26,2200,43551,1891,1,5,7,1942,0,0,0,R,0,18A18,GARDENA BL,DENVER AV,0,NA,Y,A,-,N,NA,NA,NA,NA,NA,NA,NA,NA,NA,N,4,0,1,2,A,-,10,21950,C,N,G,B,B,A,H,-,C,D,0,Y,NA,NA,NA,Y,NA,A,01,0,0,1,0,1,0,0,0,0,-,-,NA,NA,LOS ANGELES,LOS ANGELES,-118.28375244140624,33.88180923461914
8786992,2018,2019-02-26,1942,2018-12-14,0915,43475,0351,5,5,7,1942,0,0,0,C,0,3A73,RODEO RD,LA BREA AV,130,E,N,B,-,N,NA,NA,NA,NA,NA,NA,NA,NA,NA,N,4,0,1,2,A,-,11,21954,A,N,G,B,D,A,H,-,A,A,0,Y,NA,NA,NA,Y,NA,N,60,0,0,1,0,1,0,0,0,0,-,-,NA,NA,LOS ANGELES,LOS ANGELES,-118.3551788330078,34.02152633666992
8786994,2018,2019-02-11,1942,2018-11-16,0925,42786,0394,5,5,7,1942,0,0,0,C,0,3A73,ARLINGTON,KING BL,15,N,N,A,-,N,NA,NA,NA,NA,NA,NA,NA,NA,NA,N,4,0,1,2,A,-,03,22350,NA,F,C,C,A,A,H,-,A,A,0,NA,NA,NA,NA,Y,NA,-,99,0,0,1,0,0,0,0,0,0,-,-,NA,NA,LOS ANGELES,LOS ANGELES,-118.318253,34.010863
8786995,2018,2019-02-11,1942,2018-11-25,1555,34426,1149,7,5,7,1942,0,0,0,K,0,11A37,NORTH FIGUEROA ST,AVENUE 53,11,N,N,A,-,N,NA,NA,NA,NA,NA,NA,NA,NA,NA,N,3,0,1,2,A,-,11,21954,A,N,G,B,D,A,H,-,A,D,0,Y,NA,NA,NA,Y,NA,N,60,0,1,0,0,1,0,0,0,0,-,-,NA,NA,LOS ANGELES,LOS ANGELES,-118.19834899902344,34.10685348510742
8786996,2018,2019-02-08,1942,2018-12-27,1710,40629,0275,4,5,7,1942,0,0,0,B,0,2A69,ALVARADO ST,OLYMPIC BL,100,S,N,A,-,N,NA,NA,NA,NA,NA,NA,NA,NA,NA,N,3,0,1,2,A,-,11,21954,A,F,G,B,E,A,H,-,C,A,0,Y,NA,NA,NA,Y,NA,N,60,0,1,0,0,1,0,0,0,0,-,-,NA,NA,LOS ANGELES,LOS ANGELES,-118.27999114990234,34.05149841308594
8786998,2018,2019-02-11,1942,2018-11-24,1515,34426,1133,6,5,7,1942,0,0,0,K,0,11A1,PERLITA AV,FLETCHER DR,0,NA,Y,A,-,N,NA,NA,NA,NA,NA,NA,NA,NA,NA,N,4,0,2,2,A,-,09,21802,A,N,D,C,A,A,H,-,A,A,0,NA,NA,NA,NA,Y,NA,A,01,0,0,2,0,0,0,0,0,0,-,-,NA,NA,LOS ANGELES,LOS ANGELES,-118.24983978271484,34.11167907714844
8786999,2018,2019-02-27,1942,2018-11-17,1040,42770,0396,6,5,7,1942,0,0,0,C,0,18A1,VERMONT AV,40TH PL,0,NA,Y,A,-,N,NA,NA,NA,NA,NA,NA,NA,NA,NA,N,4,0,1,2,A,-,09,21801,A,N,D,G,A,A,H,-,A,D,0,NA,Y,NA,NA,Y,NA,A,01,0,0,1,0,0,0,1,0,0,-,-,NA,NA,LOS ANGELES,LOS ANGELES,-118.29154205322266,34.010231018066406
8787002,2018,2019-02-11,1942,2018-11-17,1200,42785,0301,6,5,7,1942,0,0,0,C,0,3A73,FAIRFAX,WASHINGTON BL,7,N,N,A,-,N,NA,NA,NA,NA,NA,NA,NA,NA,NA,N,4,0,1,2,A,-,03,22350,NA,N,C,C,A,A,H,-,A,A,0,NA,NA,NA,NA,Y,NA,A,01,0,0,1,0,0,0,0,0,0,-,-,NA,NA,LOS ANGELES,LOS ANGELES,-118.36992645263672,34.03437042236328
8787003,2018,2019-02-28,1942,2018-11-30,1415,42661,1827,5,5,7,1942,0,0,0,R,0,18A41,CROESUS AV,92ND ST,100,S,N,A,-,N,NA,NA,NA,NA,NA,NA,NA,NA,NA,N,3,0,2,3,A,-,15,26453,NA,N,G,B,F,A,H,-,A,D,0,Y,NA,NA,NA,Y,NA,A,01,0,2,0,0,2,0,0,0,0,-,-,NA,NA,LOS ANGELES,LOS ANGELES,-118.23400115966795,33.95299530029297
8787006,2018,2019-02-27,1942,2018-11-22,2125,33452,1139,4,5,7,1942,0,0,0,K,0,11A37,OMAHA ST,AVENUE 57,9,S,N,A,-,N,NA,NA,NA,NA,NA,NA,NA,NA,NA,Y,3,0,1,1,A,-,01,23152,A,N,E,I,A,-,H,-,C,A,0,NA,NA,NA,NA,Y,Y,A,01,0,1,0,0,0,0,0,0,0,-,-,NA,NA,LOS ANGELES,LOS ANGELES,-118.19229125976564,34.10538864135742
8787007,2018,2019-02-11,1942,2018-11-10,1950,43044,354,6,5,7,1942,0,0,0,NA,0,3A31,11TH AV,36TH ST,50,S,N,A,-,N,NA,NA,NA,NA,NA,NA,NA,NA,NA,N,3,0,1,2,A,-,12,22450,A,N,A,G,A,A,H,-,C,D,0,NA,Y,NA,NA,Y,NA,L,04,0,1,0,0,0,0,1,0,0,-,-,NA,NA,LOS ANGELES,LOS ANGELES,-118.329529,34.022781
8787008,2018,2019-02-11,1942,2018-12-23,0200,30083,0201,7,5,7,1942,0,0,0,B,0,2A1,N VERMONT AV,MARATHON AV,150,N,N,A,-,N,NA,NA,NA,NA,NA,NA,NA,NA,NA,N,2,0,1,2,A,-,05,21650,NA,F,H,G,F,A,H,-,C,D,0,Y,NA,NA,NA,Y,NA,-,NA,1,0,0,0,1,0,0,0,0,-,-,NA,NA,LOS ANGELES,LOS ANGELES,-118.29171752929688,34.085052490234375
8787010,2018,2019-02-11,1942,2018-11-29,0830,43263,1144,4,5,7,1942,0,0,0,K,0,11A71,ROWENA AV,HYPERION AV,0,NA,Y,C,-,N,NA,NA,NA,NA,NA,NA,NA,NA,NA,N,4,0,2,2,A,-,09,21801,A,N,A,C,A,B,G,-,A,A,0,NA,NA,NA,NA,Y,NA,A,01,0,0,2,0,0,0,0,0,0,-,-,NA,NA,LOS ANGELES,LOS ANGELES,-118.27133178710938,34.10921859741211
8787011,2018,2019-02-11,1942,2018-11-12,1830,42594,0338,1,5,7,1942,0,0,0,C,0,3A74,HOOVER ST,32ND ST,10,S,N,A,-,N,NA,NA,NA,NA,NA,NA,NA,NA,NA,N,4,0,1,2,A,-,13,22500,H,N,G,G,A,A,H,-,C,D,0,NA,Y,NA,NA,Y,NA,A,01,0,0,1,0,0,0,1,0,0,-,-,NA,NA,LOS ANGELES,LOS ANGELES,-118.28396606445313,34.02553176879883
8787012,2018,2019-02-11,1942,2018-12-26,0530,43554,0376,3,5,7,1942,0,0,0,C,0,3A99,DENKER AV,MARTIN LUTHER KING BL,0,NA,Y,A,-,N,NA,NA,NA,NA,NA,NA,NA,NA,NA,N,4,0,1,2,A,-,10,21950,A,N,B,B,B,A,H,-,C,A,0,Y,NA,NA,NA,Y,NA,A,01,0,0,1,0,1,0,0,0,0,-,-,NA,NA,LOS ANGELES,LOS ANGELES,-118.30455017089844,34.01084899902344
8787014,2018,2019-02-11,1942,2018-11-24,1200,42729,0331,6,5,7,1942,0,0,0,C,0,03A15,FIELD AV,JEFFERSON BL,5,S,N,A,-,N,NA,NA,NA,NA,NA,NA,NA,NA,NA,Y,4,0,1,2,A,-,03,22350,A,N,B,C,A,A,H,-,A,A,0,NA,NA,NA,NA,Y,NA,A,01,0,0,1,0,0,0,0,0,0,-,-,NA,NA,LOS ANGELES,LOS ANGELES,-118.34710693359376,34.02552795410156
8787015,2018,2019-02-11,1942,2018-11-09,1715,34426,1128,5,5,7,1942,0,0,0,K,0,11A25,NORTH FIGUEROA ST,RUBY PL,0,NA,Y,A,-,N,NA,NA,NA,NA,NA,NA,NA,NA,NA,N,4,0,5,4,A,-,01,23152,A,N,B,C,A,A,H,-,B,A,0,NA,NA,NA,NA,Y,Y,A,01,0,0,5,0,0,0,0,0,0,-,-,NA,NA,LOS ANGELES,LOS ANGELES,-118.18437957763672,34.121559143066406
8787018,2018,2019-02-11,1942,2018-11-23,1148,42785,0392,5,5,7,1942,0,0,0,C,0,3A15,2ND AV,52ND ST,5,S,N,A,-,N,NA,NA,NA,NA,NA,NA,NA,NA,NA,Y,4,0,2,2,A,-,03,22350,NA,N,C,C,A,A,H,-,A,D,0,NA,NA,NA,NA,Y,NA,A,01,0,0,2,0,0,0,0,0,0,-,-,NA,NA,LOS ANGELES,LOS ANGELES,-118.319273,33.99501
8787019,2018,2019-02-11,1942,2018-11-06,1350,39028,1124,2,5,7,1942,0,0,0,K,0,11A25,FLETCHER DR,LA CLEDE AV,89,N,N,A,-,N,NA,NA,NA,NA,NA,NA,NA,NA,NA,Y,4,0,2,2,A,-,01,23152,A,N,C,C,A,A,H,-,A,A,0,NA,NA,NA,NA,Y,NA,A,01,0,0,2,0,0,0,0,0,0,-,-,NA,NA,LOS ANGELES,LOS ANGELES,-118.24896240234376,34.11259078979492
8787023,2018,2019-02-11,1942,2018-11-28,1805,43579,1127,3,5,7,1942,0,0,0,K,0,11A26,YORK BL,AVE 64,60,E,N,A,-,N,NA,NA,NA,NA,NA,NA,NA,NA,NA,N,4,0,1,2,A,-,11,21954,A,N,G,B,D,A,H,-,C,A,0,Y,NA,NA,NA,Y,NA,N,60,0,0,1,0,1,0,0,0,0,-,-,NA,NA,LOS ANGELES,LOS ANGELES,-118.1812744140625,34.114356994628906
8787027,2018,2019-02-11,1942,2018-11-15,0725,43572,1118,4,5,7,1942,0,0,0,K,0,11A37,MARMION WY,AVENUE 59,0,NA,Y,A,-,N,NA,NA,NA,NA,NA,NA,NA,NA,NA,N,4,0,1,2,A,-,12,22450,A,N,D,G,A,A,H,-,A,D,0,NA,Y,NA,NA,Y,NA,L,04,0,0,1,0,0,0,1,0,0,-,-,NA,NA,LOS ANGELES,LOS ANGELES,-118.19149017333984,34.11149978637695
8787030,2018,2019-02-11,1942,2018-11-11,0015,42076,0325,7,5,7,1942,0,0,0,C,0,3A31,VERMONT,29TH ST,50,N,N,A,-,N,NA,NA,NA,NA,NA,NA,NA,NA,NA,N,4,0,1,2,A,-,03,22350,NA,F,C,C,A,A,H,-,C,A,0,NA,NA,NA,NA,Y,NA,-,99,0,0,1,0,0,0,0,0,0,-,-,NA,NA,LOS ANGELES,LOS ANGELES,-118.291554,34.028824
8787031,2018,2019-02-11,1942,2018-11-24,1720,34426,1151,6,5,7,1942,0,0,0,K,0,11A51,NORMANDIE AV,HAROLD WY,0,NA,Y,A,-,N,NA,NA,NA,NA,NA,NA,NA,NA,NA,N,4,0,1,2,A,-,10,21950,A,N,G,B,B,A,H,-,C,A,0,Y,NA,NA,NA,Y,NA,A,01,0,0,1,0,1,0,0,0,0,-,-,NA,NA,LOS ANGELES,LOS ANGELES,-118.30052947998048,34.099361419677734