CASE_ID,ACCIDENT_YEAR,PROC_DATE,JURIS,COLLISION_DATE,COLLISION_TIME,OFFICER_ID,REPORTING_DISTRICT,DAY_OF_WEEK,CHP_SHIFT,POPULATION,CNTY_CITY_LOC,SPECIAL_COND,BEAT_TYPE,CHP_BEAT_TYPE,CITY_DIVISION_LAPD,CHP_BEAT_CLASS,BEAT_NUMBER,PRIMARY_RD,SECONDARY_RD,DISTANCE,DIRECTION,INTERSECTION,WEATHER_1,WEATHER_2,STATE_HWY_IND,CALTRANS_COUNTY,CALTRANS_DISTRICT,STATE_ROUTE,ROUTE_SUFFIX,POSTMILE_PREFIX,POSTMILE,LOCATION_TYPE,RAMP_INTERSECTION,SIDE_OF_HWY,TOW_AWAY,COLLISION_SEVERITY,NUMBER_KILLED,NUMBER_INJURED,PARTY_COUNT,PRIMARY_COLL_FACTOR,PCF_CODE_OF_VIOL,PCF_VIOL_CATEGORY,PCF_VIOLATION,PCF_VIOL_SUBSECTION,HIT_AND_RUN,TYPE_OF_COLLISION,MVIW,PED_ACTION,ROAD_SURFACE,ROAD_COND_1,ROAD_COND_2,LIGHTING,CONTROL_DEVICE,CHP_ROAD_TYPE,PEDESTRIAN_ACCIDENT,BICYCLE_ACCIDENT,MOTORCYCLE_ACCIDENT,TRUCK_ACCIDENT,NOT_PRIVATE_PROPERTY,ALCOHOL_INVOLVED,STWD_VEHTYPE_AT_FAULT,CHP_VEHTYPE_AT_FAULT,COUNT_SEVERE_INJ,COUNT_VISIBLE_INJ,COUNT_COMPLAINT_PAIN,COUNT_PED_KILLED,COUNT_PED_INJURED,COUNT_BICYCLIST_KILLED,COUNT_BICYCLIST_INJURED,COUNT_MC_KILLED,COUNT_MC_INJURED,PRIMARY_RAMP,SECONDARY_RAMP,LATITUDE,LONGITUDE,COUNTY,CITY,POINT_X,POINT_Y
8792977,2019,2019-02-25,1942,2019-02-04,1530,43554,0395,1,5,7,1942,0,0,0,C,0,3A99,VERNON AV,WESTERN AV,80,E,N,B,-,N,NA,NA,NA,NA,NA,NA,NA,NA,NA,Y,4,0,1,2,A,-,03,22350,NA,N,C,C,A,A,H,-,A,A,0,NA,NA,NA,NA,Y,NA,A,01,0,0,1,0,0,0,0,0,0,-,-,NA,NA,LOS ANGELES,LOS ANGELES,-118.30867004394533,34.003719329833984
8792982,2019,2019-02-25,1900,2019-02-05,1130,527069,2612,2,5,6,1950,0,0,0,NA,0,261T1,RANCHO VISTA BL,ASTUTO DR,0,NA,Y,A,-,N,NA,NA,NA,NA,NA,NA,NA,NA,NA,Y,3,0,2,2,A,-,09,21802,A,N,D,C,A,A,H,-,A,A,0,NA,NA,NA,NA,Y,NA,A,01,0,1,1,0,0,0,0,0,0,-,-,34.61899948120117,-118.21600341796876,LOS ANGELES,PALMDALE,-118.21637725830078,34.61933898925781
8792984,2019,2019-02-26,1942,2019-01-10,0920,30452,1964,4,5,7,1942,0,0,0,NA,0,19A75,VAN NUYS BL,TUPPER ST,225,N,N,A,-,N,NA,NA,NA,NA,NA,NA,NA,NA,NA,Y,4,0,2,4,A,-,05,21650,NA,N,A,C,A,A,H,-,A,D,0,NA,NA,NA,NA,Y,NA,A,01,0,0,2,0,0,0,0,0,0,-,-,NA,NA,LOS ANGELES,LOS ANGELES,-118.45023345947266,34.2396354675293
8792988,2019,2019-03-07,1942,2019-01-02,0615,27792,1962,3,5,7,1942,0,0,0,NA,0,19A61,SEPULVEDA BL,LASSEN ST,0,NA,Y,A,-,N,NA,NA,NA,NA,NA,NA,NA,NA,NA,Y,4,0,1,2,A,-,09,21801,A,N,D,C,A,A,H,-,A,A,0,NA,NA,NA,NA,Y,NA,A,08,0,0,1,0,0,0,0,0,0,-,-,NA,NA,LOS ANGELES,LOS ANGELES,-118.467529296875,34.25004196166992
8792993,2019,2019-02-26,1942,2019-01-26,1020,42293,0531,6,5,7,1942,0,0,0,E,0,5A11,W ANAHEIM ST,BELLE PORTE AV,0,NA,Y,A,-,N,NA,NA,NA,NA,NA,NA,NA,NA,NA,Y,3,0,3,2,A,-,09,21802,A,N,D,C,A,A,H,-,A,A,0,NA,NA,NA,NA,Y,NA,A,07,0,3,0,0,0,0,0,0,0,-,-,NA,NA,LOS ANGELES,LOS ANGELES,-118.30206298828124,33.78450012207031
8792996,2019,2019-02-26,1942,2019-01-08,0750,37686,1964,2,5,7,1942,0,0,0,NA,0,19A75,VAN NUYS BL,S PLUMMER ST,5,S,N,A,-,N,NA,NA,NA,NA,NA,NA,NA,NA,NA,N,4,0,1,2,A,-,04,21703,NA,N,C,C,A,A,H,-,A,D,0,NA,NA,NA,NA,Y,NA,A,01,0,0,1,0,0,0,0,0,0,-,-,NA,NA,LOS ANGELES,LOS ANGELES,-118.45023345947266,34.24266815185547
8792997,2019,2019-02-26,1942,2019-01-13,0720,38025,0559,7,5,7,1942,0,0,0,E,0,5A59,NAVY WY,TERMINAL WY,800,S,N,A,-,N,NA,NA,NA,NA,NA,NA,NA,NA,NA,Y,3,0,2,2,A,-,08,22102,NA,N,D,C,A,A,H,-,A,-,0,NA,NA,NA,NA,Y,NA,A,01,0,1,1,0,0,0,0,0,0,-,-,NA,NA,LOS ANGELES,LOS ANGELES,-118.24864196777344,33.74984359741211
8793000,2019,2019-02-26,1942,2019-01-27,1700,42051,1974,7,5,7,1942,0,0,0,NA,0,19A85,NORDHOFF ST,TERRA BELLA ST,10,E,N,A,-,N,NA,NA,NA,NA,NA,NA,NA,NA,NA,N,4,0,1,2,A,-,01,23152,A,N,C,C,A,A,H,-,B,D,0,NA,NA,NA,NA,Y,Y,D,22,0,0,1,0,0,0,0,0,0,-,-,NA,NA,LOS ANGELES,LOS ANGELES,-118.44944763183594,34.235408782958984
8793001,2019,2019-02-22,1900,2019-01-24,2014,629461,1132,4,5,6,1992,0,0,0,NA,0,111T1,TREVOR AV,PILLSBURY ST,0,NA,Y,A,-,N,NA,NA,NA,NA,NA,NA,NA,NA,NA,Y,4,0,1,2,A,-,12,22450,A,N,D,C,A,A,H,-,C,A,0,NA,NA,NA,NA,Y,Y,A,01,0,0,1,0,0,0,0,0,0,-,-,NA,NA,LOS ANGELES,LANCASTER,-118.13253784179688,34.69089889526367
8793004,2019,2019-03-06,1942,2019-01-16,1335,26319,1761,3,5,7,1942,0,0,0,Q,0,17A23,TOPANGA CANYON BL,PRAIRIE ST,359,N,N,B,-,N,NA,NA,NA,NA,NA,NA,NA,NA,NA,Y,4,0,2,2,A,-,03,22350,NA,N,B,C,A,B,H,-,A,A,0,NA,NA,NA,Y,Y,NA,A,01,0,0,2,0,0,0,0,0,0,-,-,NA,NA,LOS ANGELES,LOS ANGELES,-118.60610961914064,34.240074157714844
8793007,2019,2019-03-13,1942,2019-01-07,0845,43233,LAPD,1,5,7,1942,0,0,0,NA,0,15A85,COLDWATER CANYON BL,SHERMAN WY,0,NA,Y,C,-,N,NA,NA,NA,NA,NA,NA,NA,NA,NA,Y,4,0,3,2,A,-,09,21801,A,N,D,C,A,B,H,-,A,A,0,NA,NA,NA,NA,Y,NA,-,NA,0,0,3,0,0,0,0,0,0,-,-,NA,NA,LOS ANGELES,LOS ANGELES,-118.41380310058594,34.20119094848633
8793008,2019,2019-03-07,1942,2019-01-21,0820,38326,1796,1,5,7,1942,0,0,0,Q,0,17A95,PARTHENIA ST,FORBES AV,250,W,N,A,-,N,NA,NA,NA,NA,NA,NA,NA,NA,NA,N,4,0,1,2,A,-,03,22350,NA,N,C,C,A,A,H,-,A,D,0,NA,NA,NA,Y,Y,NA,F,27,0,0,1,0,0,0,0,0,0,-,-,NA,NA,LOS ANGELES,LOS ANGELES,-118.50082397460938,34.22848892211914
8793011,2019,2019-02-26,1942,2019-01-06,1040,43062,1531,7,5,7,1942,0,0,0,O,0,15A85,OXNARD ST,GOODLAND AV,125,W,N,A,-,N,NA,NA,NA,NA,NA,NA,NA,NA,NA,Y,3,0,3,3,A,-,04,21703,NA,N,C,C,A,B,H,-,A,D,0,NA,NA,NA,NA,Y,NA,D,22,0,2,1,0,0,0,0,0,0,-,-,NA,NA,LOS ANGELES,LOS ANGELES,-118.41201019287108,34.17940902709961
8793012,2019,2019-02-26,1942,2019-01-30,1705,30830,1003,3,5,7,1942,0,0,0,J,0,10A3,ROSCOE BL,WILBUR AV,120,W,N,A,-,N,NA,NA,NA,NA,NA,NA,NA,NA,NA,Y,4,0,2,3,A,-,05,21460,A,N,A,C,A,A,H,-,A,A,0,NA,NA,NA,NA,Y,NA,D,22,0,0,2,0,0,0,0,0,0,-,-,NA,NA,LOS ANGELES,LOS ANGELES,-118.54520416259766,34.220603942871094
8793025,2019,2019-02-25,1900,2019-02-09,1715,532239,1125,6,5,6,1992,0,0,0,NA,0,111T1,15TH ST WEST,AVENUE I,0,NA,Y,A,-,N,NA,NA,NA,NA,NA,NA,NA,NA,NA,Y,3,0,3,2,A,-,01,23153,A,F,C,C,A,A,H,-,B,A,0,NA,NA,NA,NA,Y,Y,D,22,0,3,0,0,0,0,0,0,0,-,-,NA,NA,LOS ANGELES,LANCASTER,-118.15705108642578,34.704410552978516
8793027,2019,2019-02-26,1942,2019-01-10,1630,32264,1612,4,5,7,1942,0,0,0,P,0,16A89,PAXTON ST,BRADLEY,0,NA,Y,A,-,N,NA,NA,NA,NA,NA,NA,NA,NA,NA,Y,4,0,2,2,A,-,09,21801,A,N,D,C,A,A,H,-,A,A,0,NA,NA,NA,NA,Y,NA,A,07,0,0,2,0,0,0,0,0,0,-,-,NA,NA,LOS ANGELES,LOS ANGELES,-118.4245834350586,34.27486038208008
8793028,2019,2019-02-25,1942,2019-02-06,1800,42618,LAPD,3,5,7,1942,0,0,0,NA,0,1994,ROSCOE BL,WILLIS AV,0,NA,Y,A,-,N,NA,NA,NA,NA,NA,NA,NA,NA,NA,Y,4,0,2,2,A,-,12,21453,A,F,D,C,A,A,H,-,C,A,0,NA,NA,NA,NA,Y,NA,D,22,0,0,2,0,0,0,0,0,0,-,-,NA,NA,LOS ANGELES,LOS ANGELES,-118.45532989501952,34.22148895263672
8793031,2019,2019-02-26,1942,2019-01-04,0845,40937,1621,5,5,7,1942,0,0,0,P,0,16A11,PAXTON ST,LAUREL CANYON BL,355,W,N,A,-,N,NA,NA,NA,NA,NA,NA,NA,NA,NA,Y,4,0,1,3,A,-,03,22350,NA,N,C,E,A,A,H,-,A,D,0,NA,NA,NA,NA,Y,NA,A,01,0,0,1,0,0,0,0,0,0,-,-,NA,NA,LOS ANGELES,LOS ANGELES,-118.43932342529295,34.264095306396484
8793033,2019,2019-02-25,1900,2019-02-01,1526,620752,1192,5,5,6,1992,0,0,0,NA,0,111T2,20TH ST WEST,AVENUE M,100,N,N,B,-,N,NA,NA,NA,NA,NA,NA,NA,NA,NA,N,4,0,6,4,A,-,03,22350,NA,N,C,C,A,A,H,-,A,A,0,NA,NA,NA,NA,Y,NA,A,07,0,0,6,0,0,0,0,0,0,-,-,NA,NA,LOS ANGELES,LANCASTER,-118.1655731201172,34.646034240722656
8793039,2019,2019-04-30,1942,2019-01-11,0650,38857,1685,5,5,7,1942,0,0,0,P,0,16A81,TUXFORD ST,TELFAIR AV,0,NA,Y,A,-,N,NA,NA,NA,NA,NA,NA,NA,NA,NA,Y,3,0,2,3,A,-,12,21453,A,N,D,C,A,A,H,-,A,A,0,NA,NA,NA,Y,Y,NA,A,01,0,1,1,0,0,0,0,0,0,-,-,NA,NA,LOS ANGELES,LOS ANGELES,-118.38453674316406,34.224891662597656
8793040,2019,2019-02-26,1942,2019-01-16,1005,40574,1676,3,5,7,1942,0,0,0,P,0,35M57,GLENOAKS BL,VINEDALE ST,100,S,N,C,-,N,NA,NA,NA,NA,NA,NA,NA,NA,NA,Y,4,0,2,3,A,-,03,22350,NA,N,C,C,A,B,H,-,A,D,0,NA,NA,NA,NA,Y,NA,A,01,0,0,2,0,0,0,0,0,0,-,-,NA,NA,LOS ANGELES,LOS ANGELES,-118.36506652832033,34.22844314575195
8793044,2019,2019-02-28,1942,2019-02-11,1500,41933,1841,1,5,7,1942,0,0,0,R,0,25T22,DENKER AV,105TH ST,0,NA,Y,A,-,N,NA,NA,NA,NA,NA,NA,NA,NA,NA,N,4,0,1,2,A,-,09,21802,NA,F,D,C,A,A,H,-,A,A,0,NA,NA,NA,NA,Y,NA,A,01,0,0,1,0,0,0,0,0,0,-,-,NA,NA,LOS ANGELES,LOS ANGELES,-118.3046875,33.940921783447266
8793047,2019,2019-02-26,1900,2019-02-07,0752,550490,1159,4,5,6,1992,0,0,0,NA,0,111T2,60TH ST WEST,AVENUE L,153,N,N,A,-,N,NA,NA,NA,NA,NA,NA,NA,NA,NA,Y,3,0,2,2,A,-,03,22350,NA,N,A,C,A,C,-,-,A,D,0,NA,NA,NA,NA,Y,NA,A,07,0,1,1,0,0,0,0,0,0,-,-,NA,NA,LOS ANGELES,LANCASTER,-118.23626708984376,34.66061019897461
8793048,2019,2019-02-28,1942,2019-02-01,0800,43551,1849,5,5,7,1942,0,0,0,R,0,18A97,112TH ST,WILMINGTON,200,E,N,A,-,N,NA,NA,NA,NA,NA,NA,NA,NA,NA,N,4,0,1,2,A,-,07,21658,A,F,B,C,A,A,H,-,A,D,0,NA,NA,NA,NA,Y,NA,-,99,0,0,1,0,0,0,0,0,0,-,-,NA,NA,LOS ANGELES,LOS ANGELES,-118.2390365600586,33.93347930908203
8793051,2019,2019-02-26,1900,2019-02-08,0702,546182,1127,5,5,6,1992,0,0,0,NA,0,12T2,60TH ST WEST,AVENUE J,0,NA,Y,A,-,N,NA,NA,NA,NA,NA,NA,NA,NA,NA,Y,2,0,2,2,A,-,12,21453,A,N,D,C,A,A,H,-,B,A,0,NA,NA,NA,NA,Y,NA,A,01,1,0,1,0,0,0,0,0,0,-,-,NA,NA,LOS ANGELES,LANCASTER,-118.23663330078124,34.68935012817383
8793052,2019,2019-03-14,1942,2019-02-05,1600,40628,1862,2,5,7,1942,0,0,0,R,0,18HS1,108TH ST,SAN PEDRO,0,NA,Y,A,-,N,NA,NA,NA,NA,NA,NA,NA,NA,NA,Y,4,0,1,2,A,-,03,22350,NA,N,C,C,A,A,H,-,A,A,0,NA,NA,NA,NA,Y,NA,A,07,0,0,1,0,0,0,0,0,0,-,-,NA,NA,LOS ANGELES,LOS ANGELES,-118.26953887939452,33.938289642333984
8793055,2019,2019-02-26,1900,2019-02-02,1450,510509,1132,6,5,6,1992,0,0,0,NA,0,112T2,LANCASTER BL,TREVOR AV,0,NA,Y,B,C,N,NA,NA,NA,NA,NA,NA,NA,NA,NA,Y,4,0,1,2,A,-,09,21802,A,N,B,C,A,B,H,-,A,A,0,NA,NA,NA,NA,Y,NA,A,01,0,0,1,0,0,0,0,0,0,-,-,NA,NA,LOS ANGELES,LANCASTER,-118.13375091552734,34.69873046875
8793056,2019,2019-02-28,1942,2019-02-10,1830,42940,0319,7,5,7,1942,0,0,0,C,0,3A92,ADAMS BL,FIGUEROA ST,0,NA,Y,A,-,N,NA,NA,NA,NA,NA,NA,NA,NA,NA,Y,4,0,2,2,A,-,09,21801,A,F,D,C,A,A,H,-,D,A,0,NA,NA,NA,NA,Y,NA,A,01,0,0,2,0,0,0,0,0,0,-,-,NA,NA,LOS ANGELES,LOS ANGELES,-118.27601623535156,34.028160095214844
8793059,2019,2019-02-26,1900,2019-02-01,1943,510509,NA,5,5,6,1992,0,0,0,NA,0,111T4,AVENUE H-6,TREVOR AV,956,W,N,B,-,N,NA,NA,NA,NA,NA,NA,NA,NA,NA,Y,4,0,1,1,A,-,03,22350,NA,N,E,I,A,A,H,-,D,D,0,NA,NA,NA,NA,Y,NA,A,07,0,0,1,0,0,0,0,0,0,-,-,NA,NA,LOS ANGELES,LANCASTER,-118.13733673095705,34.713050842285156
8793060,2019,2019-02-27,1942,2019-02-11,0750,40404,0363,1,5,7,1942,0,0,0,C,0,3A63,STOCKER ST,SANTA ROSALIA DR,0,NA,Y,A,-,N,NA,NA,NA,NA,NA,NA,NA,NA,NA,Y,2,0,2,3,A,-,09,21801,A,N,A,C,A,A,H,-,A,A,0,NA,NA,NA,NA,Y,NA,A,01,1,0,1,0,0,0,0,0,0,-,-,NA,NA,LOS ANGELES,LOS ANGELES,-118.33734893798828,34.007110595703125
8793063,2019,2019-02-26,1900,2019-02-02,2107,510509,1135,6,5,6,1992,0,0,0,NA,0,112T2,AVENUE I,20TH ST EAST,0,NA,-,B,C,N,NA,NA,NA,NA,NA,NA,NA,NA,NA,Y,4,0,1,1,A,-,01,23152,A,N,E,I,A,B,H,-,C,A,0,NA,NA,NA,NA,Y,Y,A,01,0,0,1,0,0,0,0,0,0,-,-,NA,NA,LOS ANGELES,LANCASTER,-118.09487915039064,34.70423889160156
8793064,2019,2019-02-28,1942,2019-02-08,1700,43085,0341,5,5,7,1942,0,0,0,C,0,3A15,JEFFERSON BL,HOLDREGE AV,200,W,N,A,-,N,NA,NA,NA,NA,NA,NA,NA,NA,NA,N,4,0,1,4,A,-,04,21703,NA,N,C,C,A,A,H,-,A,D,0,NA,NA,NA,NA,Y,NA,A,01,0,0,1,0,0,0,0,0,0,-,-,NA,NA,LOS ANGELES,LOS ANGELES,-118.37877655029295,34.021121978759766
8793067,2019,2019-02-26,1900,2019-02-06,1415,510509,1124,3,5,6,1992,0,0,0,NA,0,112T4,AVENUE L,10TH ST WEST,906,W,N,A,-,N,NA,NA,NA,NA,NA,NA,NA,NA,NA,N,4,0,1,2,A,-,03,22350,NA,N,C,C,A,A,H,-,A,D,0,NA,NA,NA,NA,Y,NA,A,01,0,0,1,0,0,0,0,0,0,-,-,NA,NA,LOS ANGELES,LANCASTER,-118.15079498291016,34.660369873046875
8793068,2019,2019-02-28,1942,2019-02-02,1645,42668,0363,6,5,7,1942,0,0,0,C,0,3A18,MLK BL,CRENSHAW AV,0,NA,Y,A,-,N,NA,NA,NA,NA,NA,NA,NA,NA,NA,N,4,0,1,2,A,-,04,21703,NA,N,C,C,A,A,H,-,A,D,0,NA,NA,NA,NA,Y,NA,A,01,0,0,1,0,0,0,0,0,0,-,-,NA,NA,LOS ANGELES,LOS ANGELES,-118.33512115478516,34.010929107666016
8793070,2019,2019-02-27,1900,2019-02-01,1330,546525,2611,5,5,6,1950,0,0,0,NA,0,262T1,TECHNOLOGY DR,TRADE CENTER DR,0,NA,Y,A,-,N,NA,NA,NA,NA,NA,NA,NA,NA,NA,Y,3,0,2,2,A,-,12,21453,A,N,D,C,A,A,H,-,A,A,0,NA,NA,NA,NA,Y,NA,A,01,0,1,1,0,0,0,0,0,0,-,-,34.594539642333984,-118.14312744140624,LOS ANGELES,PALMDALE,-118.14315032958984,34.594451904296875
8793071,2019,2019-02-26,1900,2019-02-11,1044,550490,1133,1,5,6,1992,0,0,0,NA,0,111T2,AVENUE K,SIERRA HWY,215,E,N,A,-,N,NA,NA,NA,NA,NA,NA,NA,NA,NA,Y,4,0,1,2,A,-,04,21703,NA,N,C,C,A,A,H,-,A,D,0,NA,NA,NA,NA,Y,NA,A,01,0,0,1,0,0,0,0,0,0,-,-,NA,NA,LOS ANGELES,LANCASTER,-118.13223266601564,34.674983978271484
8793072,2019,2019-02-28,1942,2019-02-08,1710,38163,319,5,5,7,1942,0,0,0,NA,0,3F72,WASHINGTON BL,BONSALLO AV,0,NA,Y,A,-,N,NA,NA,NA,NA,NA,NA,NA,NA,NA,N,4,0,1,2,A,-,09,21801,A,N,A,C,A,A,H,-,A,A,0,NA,NA,NA,NA,Y,NA,A,01,0,0,1,0,0,0,0,0,0,-,-,NA,NA,LOS ANGELES,LOS ANGELES,-118.27532958984376,34.03588104248047
8793074,2019,2019-02-27,1900,2019-02-02,0405,530869,2603,6,5,6,1950,0,0,0,NA,0,264T1,PEARBLOSSOM HWY,25TH ST EAST,231,W,N,B,C,N,NA,NA,NA,NA,NA,NA,NA,NA,NA,Y,3,0,2,2,A,-,08,22107,NA,N,D,C,A,B,H,-,D,D,0,NA,NA,NA,NA,Y,NA,A,01,0,1,1,0,0,0,0,0,0,-,-,34.53752136230469,-118.08296966552734,LOS ANGELES,PALMDALE,-118.08299255371094,34.537437438964844
8793075,2019,2019-02-27,1900,2019-02-11,1705,551435,1126,1,5,6,1992,0,0,0,NA,0,112T2,AVENUE K,15TH ST WEST,215,W,N,A,-,N,NA,NA,NA,NA,NA,NA,NA,NA,NA,N,4,0,1,3,A,-,03,22350,NA,N,C,C,A,A,H,-,A,A,0,NA,NA,NA,NA,Y,NA,A,07,0,0,1,0,0,0,0,0,0,-,-,NA,NA,LOS ANGELES,LANCASTER,-118.15621185302734,34.67500305175781
8793076,2019,2019-02-28,1942,2019-02-08,1020,37411,0376,5,5,7,1942,0,0,0,C,0,3A57,MLK KING JR BL,HOBART,0,NA,Y,A,-,N,NA,NA,NA,NA,NA,NA,NA,NA,NA,Y,4,0,3,2,A,-,09,21801,A,N,D,C,A,A,H,-,A,A,0,NA,NA,NA,NA,Y,NA,A,01,0,0,3,0,0,0,0,0,0,-,-,NA,NA,LOS ANGELES,LOS ANGELES,-118.3078,34.01085
8793078,2019,2019-02-27,1900,2019-02-02,1454,615106,2611,6,5,6,1950,0,0,0,NA,0,262T1,DIVISION ST,PALMDALE BL,194,S,N,B,C,N,NA,NA,NA,NA,NA,NA,NA,NA,NA,N,4,0,1,2,A,-,09,21804,A,N,D,C,A,B,H,-,A,D,0,NA,NA,NA,NA,Y,NA,A,01,0,0,1,0,0,0,0,0,0,-,-,34.57931137084961,-118.1294403076172,LOS ANGELES,PALMDALE,-118.12952423095705,34.579307556152344
8793079,2019,2019-02-26,1900,2019-02-08,2112,620752,NA,5,5,6,1992,0,0,0,NA,0,111T2,AVENUE K,SIERRA HWY,160,W,N,B,-,N,NA,NA,NA,NA,NA,NA,NA,NA,NA,N,4,0,1,2,A,-,03,22350,NA,N,C,C,A,A,H,-,C,A,0,NA,NA,NA,NA,Y,NA,A,01,0,0,1,0,0,0,0,0,0,-,-,NA,NA,LOS ANGELES,LANCASTER,-118.13348388671876,34.67498016357422
8793080,2019,2019-02-28,1942,2019-02-06,1430,40656,0396,3,5,7,1942,0,0,0,C,0,12A15,VERMONT AV,43RD ST,0,NA,Y,A,-,N,NA,NA,NA,NA,NA,NA,NA,NA,NA,Y,3,0,1,2,A,-,09,21801,A,N,D,C,A,A,H,-,A,A,0,NA,NA,NA,NA,Y,NA,A,01,0,1,0,0,0,0,0,0,0,-,-,NA,NA,LOS ANGELES,LOS ANGELES,-118.2915496826172,34.005470275878906
8793082,2019,2019-02-27,1900,2019-02-02,2035,476226,2608,6,5,6,1950,0,0,0,NA,0,263T1,AVENUE R,HASTINGS ST,300,E,N,B,-,N,NA,NA,NA,NA,NA,NA,NA,NA,NA,Y,4,0,1,2,A,-,09,21801,A,M,D,C,A,B,H,-,C,D,0,NA,NA,NA,NA,Y,NA,-,99,0,0,1,0,0,0,0,0,0,-,-,34.57263946533203,-118.09034729003906,LOS ANGELES,PALMDALE,-118.09051513671876,34.57270812988281
8793083,2019,2019-02-26,1900,2019-02-04,1004,602401,1120,1,5,6,1992,0,0,0,NA,0,111T1,AVENUE F,40TH ST WEST,189,W,N,C,-,N,NA,NA,NA,NA,NA,NA,NA,NA,NA,Y,2,0,1,1,A,-,03,22350,NA,N,F,J,A,B,H,-,A,D,0,NA,NA,Y,NA,Y,NA,C,02,1,0,0,0,0,0,0,0,1,-,-,NA,NA,LOS ANGELES,LANCASTER,-118.20260620117188,34.747615814208984
8793086,2019,2019-02-27,1900,2019-02-07,2357,609138,2607,4,5,6,1950,0,0,0,NA,0,264T1,AVENUE R,45TH ST EAST,0,NA,Y,A,-,N,NA,NA,NA,NA,NA,NA,NA,NA,NA,Y,3,0,2,2,A,-,01,23152,G,N,D,C,A,A,H,-,D,A,0,NA,NA,NA,NA,Y,NA,A,01,0,1,1,0,0,0,0,0,0,-,-,34.57286071777344,-118.0492935180664,LOS ANGELES,PALMDALE,-118.0494384765625,34.572940826416016
8793087,2019,2019-02-27,1900,2019-02-13,1513,510509,1192,3,5,6,1992,0,0,0,NA,0,112T4,15TH ST WEST,AVENUE L,53,N,N,B,C,N,NA,NA,NA,NA,NA,NA,NA,NA,NA,Y,4,0,3,3,A,-,03,22350,NA,N,C,C,A,B,H,-,A,A,0,NA,NA,NA,NA,Y,NA,A,07,0,0,3,0,0,0,0,0,0,-,-,NA,NA,LOS ANGELES,LANCASTER,-118.1567153930664,34.66051483154297
8793091,2019,2019-02-26,1900,2019-02-13,0922,550490,1135,3,5,6,1992,0,0,0,NA,0,NA,CHALLENGER WY,AVENUE J,0,NA,Y,B,-,N,NA,NA,NA,NA,NA,NA,NA,NA,NA,Y,4,0,1,2,A,-,09,21801,A,N,D,C,A,A,H,-,A,A,0,NA,NA,NA,NA,Y,NA,A,01,0,0,1,0,0,0,0,0,0,-,-,NA,NA,LOS ANGELES,LANCASTER,-118.11266,34.68948
8793094,2019,2019-02-27,1942,2019-02-08,1605,39226,1232,5,5,7,1942,0,0,0,L,0,12X58,SLAUSON AV,3RD AV,20,S,N,A,-,N,NA,NA,NA,NA,NA,NA,NA,NA,NA,N,4,0,2,2,A,-,04,21703,NA,F,C,C,A,A,H,-,A,D,0,NA,NA,NA,NA,Y,NA,-,99,0,0,2,0,0,0,0,0,0,-,-,NA,NA,LOS ANGELES,LOS ANGELES,-118.32058715820313,33.98910140991211
8793095,2019,2019-02-26,1900,2019-02-12,1251,510509,1137,2,5,6,1992,0,0,0,NA,0,112T4,AVENUE K,35TH ST EAST,27,E,N,B,-,N,NA,NA,NA,NA,NA,NA,NA,NA,NA,Y,3,0,1,1,C,-,18,NA,NA,N,E,I,A,A,H,-,A,A,0,NA,NA,NA,NA,Y,NA,-,-,0,1,0,0,0,0,0,0,0,-,-,NA,NA,LOS ANGELES,LANCASTER,-118.06781768798828,34.675201416015625
8793098,2019,2019-02-27,1942,2019-02-03,2035,42886,1232,7,5,7,1942,0,0,0,L,0,12A45,VAN NESS AV,67TH ST,0,NA,Y,A,-,N,NA,NA,NA,NA,NA,NA,NA,NA,NA,N,4,0,2,2,A,-,03,22350,NA,N,B,C,A,A,H,-,C,D,0,NA,NA,NA,NA,Y,Y,A,01,0,0,2,0,0,0,0,0,0,-,-,NA,NA,LOS ANGELES,LOS ANGELES,-118.31774139404295,33.97819137573242
8793099,2019,2019-02-27,1900,2019-02-10,1722,527065,1131,7,5,6,1992,0,0,0,NA,0,12T1,CHALLENGER WY,AVENUE H,0,NA,Y,C,-,N,NA,NA,NA,NA,NA,NA,NA,NA,NA,Y,4,0,1,3,A,-,12,22450,A,N,D,C,A,B,H,-,D,A,0,NA,NA,NA,NA,Y,NA,A,01,0,0,1,0,0,0,0,0,0,-,-,NA,NA,LOS ANGELES,LANCASTER,-118.11231,34.71889
8793102,2019,2019-02-27,1942,2019-02-04,0800,38296,1267,1,5,7,1942,0,0,0,L,0,12A53,VERMONT AV,84TH ST,46,S,N,C,-,N,NA,NA,NA,NA,NA,NA,NA,NA,NA,Y,4,0,2,3,A,-,03,22350,NA,N,C,C,A,B,H,-,A,D,0,NA,NA,NA,NA,Y,NA,A,07,0,0,2,0,0,0,0,0,0,-,-,NA,NA,LOS ANGELES,LOS ANGELES,-118.29190063476564,33.96261215209961
8793103,2019,2019-02-27,1900,2019-02-04,2030,629461,135,1,5,6,1992,0,0,0,NA,0,111T1,CHALLENGER WY,LANCASTER BL,0,NA,Y,C,-,N,NA,NA,NA,NA,NA,NA,NA,NA,NA,Y,4,0,1,2,A,-,09,21801,A,N,D,C,A,B,H,-,C,A,0,NA,NA,NA,NA,Y,NA,A,01,0,0,1,0,0,0,0,0,0,-,-,NA,NA,LOS ANGELES,LANCASTER,-118.11265,34.69685