CASE_ID,ACCIDENT_YEAR,PROC_DATE,JURIS,COLLISION_DATE,COLLISION_TIME,OFFICER_ID,REPORTING_DISTRICT,DAY_OF_WEEK,CHP_SHIFT,POPULATION,CNTY_CITY_LOC,SPECIAL_COND,BEAT_TYPE,CHP_BEAT_TYPE,CITY_DIVISION_LAPD,CHP_BEAT_CLASS,BEAT_NUMBER,PRIMARY_RD,SECONDARY_RD,DISTANCE,DIRECTION,INTERSECTION,WEATHER_1,WEATHER_2,STATE_HWY_IND,CALTRANS_COUNTY,CALTRANS_DISTRICT,STATE_ROUTE,ROUTE_SUFFIX,POSTMILE_PREFIX,POSTMILE,LOCATION_TYPE,RAMP_INTERSECTION,SIDE_OF_HWY,TOW_AWAY,COLLISION_SEVERITY,NUMBER_KILLED,NUMBER_INJURED,PARTY_COUNT,PRIMARY_COLL_FACTOR,PCF_CODE_OF_VIOL,PCF_VIOL_CATEGORY,PCF_VIOLATION,PCF_VIOL_SUBSECTION,HIT_AND_RUN,TYPE_OF_COLLISION,MVIW,PED_ACTION,ROAD_SURFACE,ROAD_COND_1,ROAD_COND_2,LIGHTING,CONTROL_DEVICE,CHP_ROAD_TYPE,PEDESTRIAN_ACCIDENT,BICYCLE_ACCIDENT,MOTORCYCLE_ACCIDENT,TRUCK_ACCIDENT,NOT_PRIVATE_PROPERTY,ALCOHOL_INVOLVED,STWD_VEHTYPE_AT_FAULT,CHP_VEHTYPE_AT_FAULT,COUNT_SEVERE_INJ,COUNT_VISIBLE_INJ,COUNT_COMPLAINT_PAIN,COUNT_PED_KILLED,COUNT_PED_INJURED,COUNT_BICYCLIST_KILLED,COUNT_BICYCLIST_INJURED,COUNT_MC_KILLED,COUNT_MC_INJURED,PRIMARY_RAMP,SECONDARY_RAMP,LATITUDE,LONGITUDE,COUNTY,CITY,POINT_X,POINT_Y
8793290,2019,2019-02-27,1942,2019-01-31,0844,38980,1963,4,5,7,1942,0,0,0,NA,0,19A75,VAN NUYS BL,WOODMAN AV,0,NA,Y,B,-,N,NA,NA,NA,NA,NA,NA,NA,NA,NA,Y,4,0,2,2,A,-,09,21801,A,N,D,C,A,A,H,-,A,A,0,NA,NA,NA,NA,Y,NA,A,01,0,0,2,0,0,0,0,0,0,-,-,NA,NA,LOS ANGELES,LOS ANGELES,-118.44818115234376,34.2470817565918
8793291,2019,2019-02-27,1942,2019-01-16,2130,40388,1635,3,5,7,1942,0,0,0,P,0,16A35,FOOTHILL BL,CHRISTY AV,40,E,N,A,C,N,NA,NA,NA,NA,NA,NA,NA,NA,NA,Y,4,0,2,2,A,-,03,22350,NA,N,C,C,A,B,H,-,C,A,0,NA,NA,NA,NA,Y,NA,A,07,0,0,2,0,0,0,0,0,0,-,-,NA,NA,LOS ANGELES,LOS ANGELES,-118.358642578125,34.274105072021484
8793292,2019,2019-02-27,1942,2019-01-15,1117,27260,1745,2,5,7,1942,0,0,0,Q,0,17A49,DEVONSHIRE ST,ZELZAH AV,0,NA,Y,A,-,N,NA,NA,NA,NA,NA,NA,NA,NA,NA,N,4,0,2,2,A,-,12,21453,A,N,D,C,A,A,H,-,A,A,0,NA,NA,NA,NA,Y,NA,A,01,0,0,2,0,0,0,0,0,0,-,-,NA,NA,LOS ANGELES,LOS ANGELES,-118.52333068847656,34.25761032104492
8793293,2019,2019-02-28,1942,2019-01-13,2238,43564,1722,7,5,7,1942,0,0,0,Q,0,NA,TOPANGA CANYON BL,DEVONSHIRE ST,0,NA,Y,A,-,N,NA,NA,NA,NA,NA,NA,NA,NA,NA,N,3,0,3,2,A,-,12,21453,A,N,D,C,A,A,H,-,C,A,0,NA,NA,NA,NA,Y,NA,-,-,0,1,2,0,0,0,0,0,0,-,-,NA,NA,LOS ANGELES,LOS ANGELES,-118.60604858398438,34.257198333740234
8793294,2019,2019-02-27,1942,2019-01-26,2210,32372,1981,6,5,7,1942,0,0,0,NA,0,19A61,SEPULVEDA BL,CHASE ST,577,N,N,A,-,N,NA,NA,NA,NA,NA,NA,NA,NA,NA,N,4,0,2,3,A,-,03,22350,NA,N,D,C,A,A,H,-,C,D,0,NA,NA,NA,NA,Y,NA,A,01,0,0,2,0,0,0,0,0,0,-,-,NA,NA,LOS ANGELES,LOS ANGELES,-118.46768951416016,34.22620391845703
8793295,2019,2019-02-27,1942,2019-01-16,0740,40574,1676,3,5,7,1942,0,0,0,P,0,35M57,SUNLAND BL,OLINDA ST,175,N,N,C,-,N,NA,NA,NA,NA,NA,NA,NA,NA,NA,Y,3,0,3,2,A,-,09,21804,A,N,D,C,A,B,H,-,A,D,0,NA,NA,NA,NA,Y,NA,A,07,0,2,1,0,0,0,0,0,0,-,-,NA,NA,LOS ANGELES,LOS ANGELES,-118.3662338256836,34.22810745239258
8793296,2019,2019-03-19,1942,2019-01-15,1721,39359,1759,2,5,7,1942,0,0,0,Q,0,17A49,DEVONSHIRE ST,HASKELL AV,40,W,N,B,C,N,NA,NA,NA,NA,NA,NA,NA,NA,NA,N,4,0,1,2,A,-,03,22350,NA,N,C,C,A,B,H,-,C,A,0,NA,NA,NA,NA,Y,NA,A,01,0,0,1,0,0,0,0,0,0,-,-,NA,NA,LOS ANGELES,LOS ANGELES,-118.47623443603516,34.25735092163086
8793297,2019,2019-02-28,1942,2019-01-11,1800,38817,1735,5,5,7,1942,0,0,0,Q,0,17A35,SAN FERNANDO MISSION BL,BALBOA BL,300,E,N,A,-,N,NA,NA,NA,NA,NA,NA,NA,NA,NA,Y,4,0,2,2,A,-,09,21804,A,N,D,C,A,A,H,-,C,D,0,NA,NA,NA,NA,Y,NA,A,01,0,0,2,0,0,0,0,0,0,-,-,NA,NA,LOS ANGELES,LOS ANGELES,-118.50120544433594,34.27204895019531
8793298,2019,2019-02-27,1942,2019-01-27,1030,42460,1983,7,5,7,1942,0,0,0,NA,0,19A61,CHASE ST,NOBLE AV,0,NA,Y,A,-,N,NA,NA,NA,NA,NA,NA,NA,NA,NA,N,4,0,1,2,A,-,12,22450,A,N,D,C,A,A,H,-,A,A,0,NA,NA,NA,NA,Y,Y,A,07,0,0,1,0,0,0,0,0,0,-,-,NA,NA,LOS ANGELES,LOS ANGELES,-118.46112823486328,34.22460174560547
8793299,2019,2019-03-13,1942,2019-01-19,0220,43298,LA168,6,5,7,1942,0,0,0,NA,0,16A81,LAUREL CANYON BL,WEBB ST,0,NA,Y,A,-,N,NA,NA,NA,NA,NA,NA,NA,NA,NA,Y,3,0,3,2,A,-,12,21453,A,N,C,C,A,A,H,-,C,A,0,NA,NA,NA,NA,Y,NA,A,01,0,2,1,0,0,0,0,0,0,-,-,NA,NA,LOS ANGELES,LOS ANGELES,-118.39633178710938,34.22502136230469
8793300,2019,2019-02-27,1942,2019-01-17,1445,39281,1735,4,5,7,1942,0,0,0,Q,0,17A35,ZELZAH AV,TULSA ST,0,NA,Y,C,-,N,NA,NA,NA,NA,NA,NA,NA,NA,NA,Y,4,0,2,2,A,-,09,21802,A,N,A,C,A,B,H,-,A,A,0,NA,NA,NA,NA,Y,NA,A,07,0,0,2,0,0,0,0,0,0,-,-,NA,NA,LOS ANGELES,LOS ANGELES,-118.5234375,34.268558502197266
8793301,2019,2019-02-28,1942,2019-01-11,1150,41491,1794,5,5,7,1942,0,0,0,Q,0,17X82,PARTHENIA ST,PARTHENIA ST 18624,0,NA,Y,C,-,N,NA,NA,NA,NA,NA,NA,NA,NA,NA,Y,4,0,2,3,A,-,08,22107,NA,N,A,C,A,B,H,-,A,D,0,NA,NA,NA,NA,Y,NA,A,01,0,0,2,0,0,0,0,0,0,-,-,NA,NA,LOS ANGELES,LOS ANGELES,-118.539098,34.228217
8793302,2019,2019-02-27,1942,2019-01-27,0005,40353,1924,7,5,7,1942,0,0,0,NA,0,19A1,HUBBARD ST,PEARWOOD AV,0,NA,Y,A,-,N,NA,NA,NA,NA,NA,NA,NA,NA,NA,Y,4,0,2,2,A,-,09,21802,A,N,D,C,A,-,H,-,C,D,0,NA,NA,NA,NA,Y,NA,A,01,0,0,2,0,0,0,0,0,0,-,-,NA,NA,LOS ANGELES,LOS ANGELES,-118.45687103271484,34.28498840332031
8793303,2019,2019-02-27,1942,2019-01-23,1900,40388,1601,3,5,7,1942,0,0,0,P,0,16A11,EUSTACE ST,DRONFIELD AV,0,NA,Y,A,-,N,NA,NA,NA,NA,NA,NA,NA,NA,NA,Y,3,0,2,2,A,-,08,22103,NA,N,D,C,A,A,H,-,C,A,0,NA,NA,NA,NA,Y,NA,A,01,0,1,1,0,0,0,0,0,0,-,-,NA,NA,LOS ANGELES,LOS ANGELES,-118.41271209716795,34.28559875488281
8793304,2019,2019-02-27,1942,2019-01-17,1535,36733,1712,4,5,7,1942,0,0,0,Q,0,17A35,WILBUR AV,CAPISTRANO LN,274,S,N,B,-,N,NA,NA,NA,NA,NA,NA,NA,NA,NA,Y,2,0,1,1,A,-,03,22350,NA,N,E,I,A,B,H,-,A,D,0,NA,NA,NA,NA,Y,NA,A,01,1,0,0,0,0,0,0,0,0,-,-,NA,NA,LOS ANGELES,LOS ANGELES,-118.55149841308594,34.28820037841797
8793305,2019,2019-02-28,1942,2019-01-10,1420,43037,1767,4,5,7,1942,0,0,0,Q,0,17X7,RESEDA,SAN FERNANDO MISSION BL,0,NA,Y,A,-,N,NA,NA,NA,NA,NA,NA,NA,NA,NA,Y,3,0,1,2,A,-,09,21801,A,N,B,C,A,A,H,-,A,A,0,NA,NA,NA,NA,Y,NA,A,01,0,1,0,0,0,0,0,0,0,-,-,NA,NA,LOS ANGELES,LOS ANGELES,-118.53610229492188,34.271751403808594
8793306,2019,2019-02-27,1942,2019-01-23,1550,33294,1941,3,5,7,1942,0,0,0,NA,0,19A43,N SEPULVEDA BL,SOUTH BRAND BL,0,NA,Y,A,-,N,NA,NA,NA,NA,NA,NA,NA,NA,NA,Y,4,0,1,1,A,-,03,22350,NA,N,E,I,A,A,H,-,A,A,0,NA,NA,NA,NA,Y,NA,A,01,0,0,1,0,0,0,0,0,0,-,-,NA,NA,LOS ANGELES,LOS ANGELES,-118.46707153320313,34.269290924072266
8793307,2019,2019-02-27,1942,2019-01-21,1320,37637,1653,1,5,7,1942,0,0,0,P,0,16A11,OSBORNE ST,TELFAIR AV,467,W,N,A,-,N,NA,NA,NA,NA,NA,NA,NA,NA,NA,Y,3,0,2,2,A,-,04,21703,NA,N,C,D,A,A,H,-,A,D,0,NA,NA,NA,NA,Y,Y,A,01,0,1,1,0,0,0,0,0,0,-,-,NA,NA,LOS ANGELES,LOS ANGELES,-118.41413879394533,34.25078582763672
8793308,2019,2019-02-27,1942,2019-01-30,1735,39746,1993,3,5,7,1942,0,0,0,NA,0,19A93,LANARK ST,SEPULVEDA BL,0,NA,Y,A,-,N,NA,NA,NA,NA,NA,NA,NA,NA,NA,Y,3,0,2,2,A,-,01,23152,A,N,-,C,A,A,H,-,A,A,0,NA,NA,NA,NA,Y,Y,A,01,0,1,1,0,0,0,0,0,0,-,-,NA,NA,LOS ANGELES,LOS ANGELES,-118.46642303466795,34.21805191040039
8793309,2019,2019-02-28,1942,2019-01-03,2015,33823,1764,4,5,7,1942,0,0,0,Q,0,17A81,PLUMMER ST,TAMPA AV,60,W,N,A,-,N,NA,NA,NA,NA,NA,NA,NA,NA,NA,N,4,0,2,2,A,-,09,21801,A,N,D,C,A,A,H,-,C,A,0,NA,NA,NA,NA,Y,NA,-,NA,0,0,2,0,0,0,0,0,0,-,-,NA,NA,LOS ANGELES,LOS ANGELES,-118.55378723144533,34.24272918701172
8793310,2019,2019-08-22,1942,2019-01-23,1750,30694,1918,3,5,7,1942,0,0,0,NA,0,19A61,HUBBARD ST,RT 210,0,NA,Y,A,-,Y,LA,7,210,-,R,3.949,R,4,W,Y,4,0,1,2,A,-,09,21801,NA,N,D,C,A,A,H,-,B,A,0,NA,NA,NA,NA,Y,NA,A,01,0,0,1,0,0,0,0,0,0,-,-,NA,NA,LOS ANGELES,LOS ANGELES,-118.43129730224608,34.31004333496094
8793311,2019,2019-02-27,1942,2019-01-21,1100,39085,1651,1,5,7,1942,0,0,0,P,0,16A23,OSBORNE ST,LAUREL CANYON BL,0,NA,Y,A,-,N,NA,NA,NA,NA,NA,NA,NA,NA,NA,Y,3,0,3,2,A,-,12,21453,A,N,D,C,A,A,H,-,A,A,0,NA,NA,NA,NA,Y,NA,A,01,0,2,1,0,0,0,0,0,0,-,-,NA,NA,LOS ANGELES,LOS ANGELES,-118.41954040527344,34.24687957763672
8793312,2019,2019-02-27,1942,2019-01-18,1000,43326,1942,5,5,7,1942,0,0,0,NA,0,19A1,LAUREL CANYON BL,RINALDI ST,0,NA,Y,A,-,N,NA,NA,NA,NA,NA,NA,NA,NA,NA,Y,3,0,1,4,A,-,01,23152,A,N,B,C,A,A,H,-,A,A,0,NA,NA,NA,NA,Y,Y,A,07,0,1,0,0,0,0,0,0,0,-,-,NA,NA,LOS ANGELES,LOS ANGELES,-118.45452880859376,34.279850006103516
8793313,2019,2019-02-28,1942,2019-01-11,0755,33700,1737,5,5,7,1942,0,0,0,Q,0,17A35,DONMETZ ST,MCLENNAN AV,50,E,N,B,-,N,NA,NA,NA,NA,NA,NA,NA,NA,NA,Y,3,0,1,2,A,-,21,22106,NA,N,C,C,A,A,H,-,A,A,0,NA,NA,NA,NA,Y,NA,A,01,0,1,0,0,0,0,0,0,0,-,-,NA,NA,LOS ANGELES,LOS ANGELES,-118.50094604492188,34.27389144897461
8793314,2019,2019-02-27,1942,2019-01-20,0015,42383,LOS A,7,5,7,1942,0,0,0,NA,0,19X62,CEDROS ST,ROSCOE BL,0,NA,Y,A,-,N,NA,NA,NA,NA,NA,NA,NA,NA,NA,Y,4,0,1,3,A,-,12,22450,NA,N,B,C,A,A,H,-,C,D,0,NA,NA,NA,NA,Y,NA,-,-,0,0,1,0,0,0,0,0,0,-,-,NA,NA,LOS ANGELES,LOS ANGELES,-118.45358276367188,34.221500396728516
8793315,2019,2019-03-13,1942,2019-01-20,0110,41625,1684,7,5,7,1942,0,0,0,P,0,16A77,LANKERSHIM BL,LANKERSHIM BL 8155,0,NA,Y,A,-,N,NA,NA,NA,NA,NA,NA,NA,NA,NA,Y,3,0,3,2,A,-,03,22350,NA,N,C,J,A,A,H,-,C,D,0,NA,NA,NA,NA,Y,NA,A,01,0,2,1,0,0,0,0,0,0,-,-,NA,NA,LOS ANGELES,LOS ANGELES,-118.387808,34.219088
8793316,2019,2019-02-27,1942,2019-01-07,1310,42775,1975,1,5,7,1942,0,0,0,NA,0,19A75,NORDHOFF ST,WOODMAN AV,155,W,N,A,-,N,NA,NA,NA,NA,NA,NA,NA,NA,NA,Y,4,0,1,3,A,-,09,21804,A,N,C,C,A,A,H,-,A,D,0,NA,NA,NA,NA,Y,NA,A,01,0,0,1,0,0,0,0,0,0,-,-,NA,NA,LOS ANGELES,LOS ANGELES,-118.44094848632813,34.2353401184082
8793317,2019,2019-02-28,1942,2019-01-11,0745,32268,1759,5,5,7,1942,0,0,0,Q,0,17A49,HASKELL AV,MAYALL ST,250,S,N,E,-,N,NA,NA,NA,NA,NA,NA,NA,NA,NA,Y,4,0,1,2,A,-,08,22103,NA,N,D,C,A,B,H,-,A,D,0,NA,NA,NA,NA,Y,NA,A,01,0,0,1,0,0,0,0,0,0,-,-,NA,NA,LOS ANGELES,LOS ANGELES,-118.47615814208984,34.25298309326172
8793318,2019,2019-03-20,1942,2019-01-20,1920,37739,1981,7,5,7,1942,0,0,0,NA,0,1961,LANGDON AV,PARTHENIA ST,100,N,N,A,-,N,NA,NA,NA,NA,NA,NA,NA,NA,NA,N,4,0,1,2,A,-,21,22106,NA,N,B,C,A,A,H,-,C,D,0,NA,NA,NA,NA,Y,NA,A,01,0,0,1,0,0,0,0,0,0,-,-,NA,NA,LOS ANGELES,LOS ANGELES,-118.46985626220705,34.228553771972656
8793319,2019,2019-03-20,1942,2019-01-20,1320,40165,1754,7,5,7,1942,0,0,0,Q,0,17A35,DEVONSHIRE ST,RESEDA BL,419,W,N,A,-,N,NA,NA,NA,NA,NA,NA,NA,NA,NA,Y,2,0,1,2,A,-,09,21804,A,N,D,C,A,A,H,-,A,D,0,NA,NA,Y,NA,Y,NA,A,01,1,0,0,0,0,0,0,0,1,-,-,NA,NA,LOS ANGELES,LOS ANGELES,-118.5374755859375,34.257259368896484
8793320,2019,2019-02-27,1942,2019-01-09,1810,36298,1969,3,5,7,1942,0,0,0,NA,0,19A66,OSBORNE ST,ARLETA AV,0,NA,Y,A,-,N,NA,NA,NA,NA,NA,NA,NA,NA,NA,Y,3,0,2,2,A,-,09,21801,A,N,A,C,A,A,H,-,C,D,0,NA,NA,NA,NA,Y,NA,-,NA,0,1,1,0,0,0,0,0,0,-,-,NA,NA,LOS ANGELES,LOS ANGELES,-118.42610931396484,34.24208068847656
8793321,2019,2019-02-28,1942,2019-01-10,0835,30452,1793,4,5,7,1942,0,0,0,Q,0,17A67,VANALDEN AV,CHASE ST,0,NA,Y,A,-,N,NA,NA,NA,NA,NA,NA,NA,NA,NA,N,4,0,1,2,A,-,09,21802,B,N,D,C,A,A,H,-,A,A,0,NA,NA,NA,NA,Y,NA,A,01,0,0,1,0,0,0,0,0,0,-,-,NA,NA,LOS ANGELES,LOS ANGELES,-118.54918670654295,34.22459030151367
8793322,2019,2019-02-27,1942,2019-01-30,1230,38503,0398,3,5,7,1942,0,0,0,C,0,25TL27,W MARTIN LUTHER KING JR BL,S FIGUEROA ST,0,NA,Y,B,-,N,NA,NA,NA,NA,NA,NA,NA,NA,NA,N,4,0,1,2,A,-,12,21453,A,N,B,G,A,A,H,-,A,A,0,NA,Y,NA,NA,Y,NA,L,04,0,0,1,0,0,0,1,0,0,-,-,NA,NA,LOS ANGELES,LOS ANGELES,-118.2827377319336,34.011131286621094
8793323,2019,2019-02-27,1942,2019-01-08,1440,40574,1712,2,5,7,1942,0,0,0,Q,0,17A35,RINALDI ST,WILBUR AV,0,NA,Y,A,-,N,NA,NA,NA,NA,NA,NA,NA,NA,NA,Y,3,0,1,2,A,-,09,21801,A,N,B,C,A,A,H,-,A,A,0,NA,NA,NA,NA,Y,NA,A,01,0,1,0,0,0,0,0,0,0,-,-,NA,NA,LOS ANGELES,LOS ANGELES,-118.54725646972656,34.27547836303711
8793324,2019,2019-02-27,1942,2019-01-07,2125,43518,MISSI,1,5,7,1942,0,0,0,NA,0,19A1,POLK ST,NORRIS AV,0,NA,Y,A,-,N,NA,NA,NA,NA,NA,NA,NA,NA,NA,Y,4,0,2,2,A,-,09,21801,A,N,A,-,A,A,H,-,C,D,0,NA,NA,NA,NA,Y,Y,-,NA,0,0,2,0,0,0,0,0,0,-,-,NA,NA,LOS ANGELES,LOS ANGELES,-118.45419311523438,34.303619384765625
8793325,2019,2019-02-27,1942,2019-01-11,0815,37686,1701,5,5,7,1942,0,0,0,Q,0,17A23,CORBIN AV,SANTA ROSA DR,700,S,N,A,-,N,NA,NA,NA,NA,NA,NA,NA,NA,NA,Y,4,0,1,2,A,-,09,21804,A,N,D,C,A,A,H,-,A,D,0,NA,NA,NA,NA,Y,NA,A,01,0,0,1,0,0,0,0,0,0,-,-,NA,NA,LOS ANGELES,LOS ANGELES,-118.56407928466795,34.27775955200195
8793326,2019,2019-02-27,1942,2019-01-23,2120,41844,0551,3,5,7,1942,0,0,0,E,0,5A55,N WESTERN AV,W 1ST ST,0,NA,Y,A,-,N,NA,NA,NA,NA,NA,NA,NA,NA,NA,N,4,0,1,2,A,-,10,21950,A,N,G,B,B,A,H,-,C,A,0,Y,NA,NA,NA,Y,NA,A,07,0,0,1,0,1,0,0,0,0,-,-,NA,NA,LOS ANGELES,LOS ANGELES,-118.3091278076172,34.07366180419922
8793327,2019,2019-02-27,1942,2019-01-07,0855,42408,1777,1,5,7,1942,0,0,0,Q,0,17X7,WOODLEY AV,PLUMMER ST,0,NA,Y,C,-,N,NA,NA,NA,NA,NA,NA,NA,NA,NA,Y,3,0,1,2,A,-,09,21801,A,N,B,C,A,B,H,-,A,A,0,NA,NA,NA,NA,Y,NA,A,01,0,1,0,0,0,0,0,0,0,-,-,NA,NA,LOS ANGELES,LOS ANGELES,-118.48502349853516,34.2429084777832
8793328,2019,2019-02-27,1942,2019-01-09,1630,43557,1924,3,5,7,1942,0,0,0,NA,0,19A61,ROXFORD,GLENOAKS,25,W,N,A,-,N,NA,NA,NA,NA,NA,NA,NA,NA,NA,Y,4,0,1,2,D,-,00,NA,NA,N,A,C,A,A,H,-,A,D,0,NA,NA,NA,NA,Y,NA,-,-,0,0,1,0,0,0,0,0,0,-,-,NA,NA,LOS ANGELES,LOS ANGELES,-118.46377563476564,34.31834030151367
8793329,2019,2019-02-27,1942,2019-01-11,2235,34561,1743,5,5,7,1942,0,0,0,Q,0,17A35,CHATSWORTH ST,ETIWANDA AV,490,E,N,B,-,N,NA,NA,NA,NA,NA,NA,NA,NA,NA,Y,3,0,1,2,A,-,03,22350,NA,N,C,E,A,A,H,-,C,D,0,NA,NA,NA,NA,Y,NA,A,07,0,1,0,0,0,0,0,0,0,-,-,NA,NA,LOS ANGELES,LOS ANGELES,-118.53011322021484,34.26453399658203
8793330,2019,2019-02-27,1942,2019-01-22,1435,41933,0567,2,5,7,1942,0,0,0,E,0,25T22,19TH ST,PACIFIC AV,18,W,N,A,-,N,NA,NA,NA,NA,NA,NA,NA,NA,NA,N,3,0,1,2,A,-,10,21950,A,N,G,B,B,A,H,-,A,A,0,Y,NA,NA,NA,Y,NA,A,07,0,1,0,0,1,0,0,0,0,-,-,NA,NA,LOS ANGELES,LOS ANGELES,-118.47100830078124,33.98611068725586
8793331,2019,2019-02-27,1942,2019-01-30,1445,38947,1762,3,5,7,1942,0,0,0,Q,0,17A81,DE SOTO AV,PLUMMER ST,0,NA,Y,A,-,N,NA,NA,NA,NA,NA,NA,NA,NA,NA,Y,4,0,2,2,A,-,09,21801,A,N,A,C,A,A,H,-,A,A,0,NA,NA,NA,NA,Y,NA,A,07,0,0,2,0,0,0,0,0,0,-,-,NA,NA,LOS ANGELES,LOS ANGELES,-118.58856964111328,34.24272155761719
8793332,2019,2019-02-27,1942,2019-01-11,0400,42170,1984,5,5,7,1942,0,0,0,NA,0,19A43,PARTHENIA ST,WILLIS AV,0,NA,Y,E,-,N,NA,NA,NA,NA,NA,NA,NA,NA,NA,Y,3,0,1,1,A,-,00,22250,NA,N,E,J,A,A,-,-,C,D,0,NA,NA,NA,NA,Y,NA,-,NA,0,1,0,0,0,0,0,0,0,-,-,NA,NA,LOS ANGELES,LOS ANGELES,-118.4552993774414,34.22827911376953
8793333,2019,2019-02-27,1942,2019-01-11,2310,42818,1767,5,5,7,1942,0,0,0,Q,0,17A67,PLUMMER ST,RESEDA BL,615,W,N,A,-,N,NA,NA,NA,NA,NA,NA,NA,NA,NA,Y,4,0,1,3,A,-,09,21801,A,N,A,C,A,A,H,-,C,D,0,NA,NA,NA,NA,Y,NA,A,07,0,0,1,0,0,0,0,0,0,-,-,NA,NA,LOS ANGELES,LOS ANGELES,-118.5381088256836,34.24275207519531
8793335,2019,2019-02-27,1942,2019-01-28,1450,30830,1781,1,5,7,1942,0,0,0,Q,0,17A81,DE SOTO AV,DEARBORN ST,0,NA,Y,A,-,N,NA,NA,NA,NA,NA,NA,NA,NA,NA,Y,3,0,2,2,A,-,09,21801,A,N,D,C,A,A,H,-,A,D,0,NA,NA,NA,NA,Y,NA,A,01,0,1,1,0,0,0,0,0,0,-,-,NA,NA,LOS ANGELES,LOS ANGELES,-118.58856201171876,34.23725891113281
8793336,2019,2019-02-27,1942,2019-01-07,1250,40065,1983,1,5,7,1942,0,0,0,NA,0,19A61,PARTHENIA ST,NOBLE AV,0,NA,Y,A,-,N,NA,NA,NA,NA,NA,NA,NA,NA,NA,Y,4,0,1,2,A,-,12,21453,A,N,D,C,A,A,H,-,A,A,0,NA,NA,NA,NA,Y,NA,A,01,0,0,1,0,0,0,0,0,0,-,-,NA,NA,LOS ANGELES,LOS ANGELES,-118.46108245849608,34.228309631347656
8793337,2019,2019-03-14,1942,2019-01-21,1715,35481,NA,1,5,7,1942,0,0,0,NA,0,NA,VICTORY BL,COLDWATER CANYON AV,0,NA,Y,A,-,N,NA,NA,NA,NA,NA,NA,NA,NA,NA,Y,4,0,2,2,-,-,-,NA,NA,N,D,C,A,A,H,-,A,A,0,NA,NA,NA,NA,Y,NA,-,-,0,0,2,0,0,0,0,0,0,-,-,NA,NA,LOS ANGELES,LOS ANGELES,-118.41381072998048,34.18667984008789
8793339,2019,2019-02-27,1942,2019-01-24,1100,42360,17A95,4,5,7,1942,0,0,0,Q,0,17A95,DE SOTO ST,NORDHOFF ST,0,NA,Y,A,-,N,NA,NA,NA,NA,NA,NA,NA,NA,NA,Y,4,0,1,2,A,-,04,21703,NA,N,C,C,A,A,H,-,A,D,0,NA,NA,NA,NA,Y,NA,A,01,0,0,1,0,0,0,0,0,0,-,-,NA,NA,LOS ANGELES,LOS ANGELES,-118.58854675292967,34.23548126220703
8793340,2019,2019-02-27,1942,2019-01-04,0739,27260,1962,5,5,7,1942,0,0,0,NA,0,19A61,SEPULVEDA BL,LASSEN ST,0,NA,Y,A,-,N,NA,NA,NA,NA,NA,NA,NA,NA,NA,N,4,0,2,3,A,-,09,21801,A,N,D,C,A,A,H,-,A,A,0,NA,NA,NA,NA,Y,NA,A,01,0,0,2,0,0,0,0,0,0,-,-,NA,NA,LOS ANGELES,LOS ANGELES,-118.467529296875,34.25004196166992
8793341,2019,2019-02-27,1942,2019-01-02,1705,30830,1788,3,5,7,1942,0,0,0,Q,0,17A95,NORDHOFF ST,WHITEOAK AV,50,W,N,A,-,N,NA,NA,NA,NA,NA,NA,NA,NA,NA,Y,4,0,2,2,A,-,07,21658,A,N,B,C,A,A,H,-,C,A,0,NA,NA,NA,NA,Y,NA,-,-,0,0,2,0,0,0,0,0,0,-,-,NA,NA,LOS ANGELES,LOS ANGELES,-118.52016448974608,34.2358283996582
8793343,2019,2019-02-27,1942,2019-01-24,1720,43519,1767,4,5,7,1942,0,0,0,Q,0,17X98,PLUMMER ST,RESEDA,300,NA,N,A,-,N,NA,NA,NA,NA,NA,NA,NA,NA,NA,N,4,0,1,2,A,-,08,22107,NA,N,D,C,A,A,H,-,B,D,0,NA,NA,NA,NA,Y,NA,A,01,0,0,1,0,0,0,0,0,0,-,-,NA,NA,LOS ANGELES,LOS ANGELES,-118.53607940673828,34.242740631103516
8793344,2019,2019-03-12,1942,2019-01-02,1500,41158,1993,3,5,7,1942,0,0,0,NA,0,19A93,SEPULVEDA BL,LANARK ST,0,NA,Y,A,-,N,NA,NA,NA,NA,NA,NA,NA,NA,NA,Y,4,0,2,2,A,-,12,21453,A,N,D,C,A,A,H,-,A,A,0,NA,NA,NA,NA,Y,NA,-,-,0,0,2,0,0,0,0,0,0,-,-,NA,NA,LOS ANGELES,LOS ANGELES,-118.46642303466795,34.21805191040039
8793345,2019,2019-03-14,1942,2019-01-29,1346,40574,1981,2,5,7,1942,0,0,0,NA,0,19A61,PARTHENIA ST,SEPULVEDA BL,35,W,N,A,-,N,NA,NA,NA,NA,NA,NA,NA,NA,NA,N,4,0,1,2,A,-,03,22350,NA,N,C,C,A,A,H,-,A,A,0,NA,NA,NA,NA,Y,NA,A,01,0,0,1,0,0,0,0,0,0,-,-,NA,NA,LOS ANGELES,LOS ANGELES,-118.4677734375,34.228271484375
8793347,2019,2019-02-27,1942,2019-01-29,1710,30830,1767,2,5,7,1942,0,0,0,Q,0,17A67,RESEDA BL,LASSEN ST,0,NA,Y,A,-,N,NA,NA,NA,NA,NA,NA,NA,NA,NA,Y,4,0,1,2,A,-,09,21801,A,N,D,C,A,A,H,-,A,A,0,NA,NA,NA,NA,Y,NA,A,01,0,0,1,0,0,0,0,0,0,-,-,NA,NA,LOS ANGELES,LOS ANGELES,-118.5360870361328,34.2499885559082