CASE_ID,ACCIDENT_YEAR,PROC_DATE,JURIS,COLLISION_DATE,COLLISION_TIME,OFFICER_ID,REPORTING_DISTRICT,DAY_OF_WEEK,CHP_SHIFT,POPULATION,CNTY_CITY_LOC,SPECIAL_COND,BEAT_TYPE,CHP_BEAT_TYPE,CITY_DIVISION_LAPD,CHP_BEAT_CLASS,BEAT_NUMBER,PRIMARY_RD,SECONDARY_RD,DISTANCE,DIRECTION,INTERSECTION,WEATHER_1,WEATHER_2,STATE_HWY_IND,CALTRANS_COUNTY,CALTRANS_DISTRICT,STATE_ROUTE,ROUTE_SUFFIX,POSTMILE_PREFIX,POSTMILE,LOCATION_TYPE,RAMP_INTERSECTION,SIDE_OF_HWY,TOW_AWAY,COLLISION_SEVERITY,NUMBER_KILLED,NUMBER_INJURED,PARTY_COUNT,PRIMARY_COLL_FACTOR,PCF_CODE_OF_VIOL,PCF_VIOL_CATEGORY,PCF_VIOLATION,PCF_VIOL_SUBSECTION,HIT_AND_RUN,TYPE_OF_COLLISION,MVIW,PED_ACTION,ROAD_SURFACE,ROAD_COND_1,ROAD_COND_2,LIGHTING,CONTROL_DEVICE,CHP_ROAD_TYPE,PEDESTRIAN_ACCIDENT,BICYCLE_ACCIDENT,MOTORCYCLE_ACCIDENT,TRUCK_ACCIDENT,NOT_PRIVATE_PROPERTY,ALCOHOL_INVOLVED,STWD_VEHTYPE_AT_FAULT,CHP_VEHTYPE_AT_FAULT,COUNT_SEVERE_INJ,COUNT_VISIBLE_INJ,COUNT_COMPLAINT_PAIN,COUNT_PED_KILLED,COUNT_PED_INJURED,COUNT_BICYCLIST_KILLED,COUNT_BICYCLIST_INJURED,COUNT_MC_KILLED,COUNT_MC_INJURED,PRIMARY_RAMP,SECONDARY_RAMP,LATITUDE,LONGITUDE,COUNTY,CITY,POINT_X,POINT_Y
8793348,2019,2019-02-27,1942,2019-01-08,1430,42348,1967,2,5,7,1942,0,0,0,NA,0,19EL2,WOODMAN AV,TERRA BELLA ST,50,N,N,A,-,N,NA,NA,NA,NA,NA,NA,NA,NA,NA,Y,3,0,1,2,A,-,03,22350,NA,N,C,C,A,A,H,-,A,A,0,NA,NA,NA,NA,Y,NA,A,01,0,1,0,0,0,0,0,0,0,-,-,NA,NA,LOS ANGELES,LOS ANGELES,-118.44361114501952,34.24005126953125
8793349,2019,2019-02-27,1942,2019-01-23,1735,26319,1936,3,5,7,1942,0,0,0,NA,0,19A43,SOUTH BRAND BL,LAUREL CANYON BL,0,NA,Y,A,-,N,NA,NA,NA,NA,NA,NA,NA,NA,NA,Y,3,0,1,2,A,-,09,21801,A,N,B,C,A,A,H,-,B,A,0,NA,NA,NA,NA,Y,NA,A,07,0,1,0,0,0,0,0,0,0,-,-,NA,NA,LOS ANGELES,LOS ANGELES,-118.44924926757813,34.27484893798828
8793351,2019,2019-02-27,1942,2019-01-29,1615,41316,1001,2,5,7,1942,0,0,0,J,0,10A3,TAMPA AV,ROSCOE BL,300,N,N,A,-,N,NA,NA,NA,NA,NA,NA,NA,NA,NA,Y,3,0,2,2,A,-,09,21801,A,N,A,C,A,A,H,-,A,D,0,NA,NA,NA,NA,Y,NA,A,07,0,2,0,0,0,0,0,0,0,-,-,NA,NA,LOS ANGELES,LOS ANGELES,-118.5535125732422,34.2213020324707
8793352,2019,2019-02-27,1942,2019-01-13,1845,42890,1974,7,5,7,1942,0,0,0,NA,0,19A85,NORDHOFF ST,CEDROS AV,0,NA,Y,A,-,N,NA,NA,NA,NA,NA,NA,NA,NA,NA,N,2,0,3,2,A,-,09,21801,A,N,-,C,A,-,A,-,C,A,0,NA,NA,NA,NA,Y,Y,A,01,1,1,1,0,0,0,0,0,0,-,-,NA,NA,LOS ANGELES,LOS ANGELES,-118.45355224609376,34.23543930053711
8793353,2019,2019-02-27,1942,2019-01-28,1535,39835,1952,1,5,7,1942,0,0,0,NA,0,19A43,SEPULVEDA BL,DEVONSHIRE ST,40,S,N,A,-,N,NA,NA,NA,NA,NA,NA,NA,NA,NA,N,4,0,1,2,A,-,04,21703,NA,N,C,C,A,A,H,-,A,A,0,NA,NA,NA,NA,Y,NA,A,01,0,0,1,0,0,0,0,0,0,-,-,NA,NA,LOS ANGELES,LOS ANGELES,-118.46746826171876,34.2572021484375
8793354,2019,2019-02-27,1942,2019-01-07,0900,34482,1684,1,5,7,1942,0,0,0,P,0,16A81,STAGG ST,LANKERSHIM BL,0,NA,Y,C,-,N,NA,NA,NA,NA,NA,NA,NA,NA,NA,N,4,0,1,2,A,-,10,21950,A,N,G,B,B,B,H,-,A,A,0,Y,NA,NA,NA,Y,NA,A,01,0,0,1,0,1,0,0,0,0,-,-,NA,NA,LOS ANGELES,LOS ANGELES,-118.38777923583984,34.212100982666016
8793355,2019,2019-02-27,1942,2019-01-29,0750,38326,1735,2,5,7,1942,0,0,0,Q,0,17A35,LOUISE AV,LOS ALIMOS ST,0,NA,Y,A,-,N,NA,NA,NA,NA,NA,NA,NA,NA,NA,Y,4,0,1,2,A,-,09,21802,A,N,D,C,A,A,H,-,A,A,0,NA,NA,NA,NA,Y,NA,A,07,0,0,1,0,0,0,0,0,0,-,-,NA,NA,LOS ANGELES,LOS ANGELES,-118.51100158691406,34.26607131958008
8793356,2019,2019-03-13,1942,2019-01-16,1715,43542,1982,3,5,7,1942,0,0,0,NA,0,19A66,PARTHENIA ST,COLUMBUS AV,0,NA,Y,C,G,N,NA,NA,NA,NA,NA,NA,NA,NA,NA,N,4,0,2,2,A,-,12,22450,A,N,-,C,A,B,H,-,D,D,0,NA,NA,NA,NA,Y,NA,-,NA,0,0,2,0,0,0,0,0,0,-,-,NA,NA,LOS ANGELES,LOS ANGELES,-118.46543121337892,34.2282600402832
8793357,2019,2019-02-27,1942,2019-01-30,1805,39835,1994,3,5,7,1942,0,0,0,NA,0,19A93,VAN NUYS BL,LANARK ST,0,NA,Y,A,-,N,NA,NA,NA,NA,NA,NA,NA,NA,NA,Y,4,0,3,2,A,-,09,21801,A,N,D,C,A,A,H,-,C,A,0,NA,NA,NA,NA,Y,NA,A,07,0,0,3,0,0,0,0,0,0,-,-,NA,NA,LOS ANGELES,LOS ANGELES,-118.44876098632813,34.217960357666016
8793358,2019,2019-02-27,1942,2019-01-04,1730,32774,1602,5,5,7,1942,0,0,0,P,0,16A11,FOOTHILL BL,PAXTON ST,0,NA,Y,A,-,N,NA,NA,NA,NA,NA,NA,NA,NA,NA,N,4,0,1,2,A,-,10,21950,A,N,G,B,B,A,H,-,C,D,0,Y,NA,NA,NA,Y,NA,A,01,0,0,1,0,1,0,0,0,0,-,-,NA,NA,LOS ANGELES,LOS ANGELES,-118.4081802368164,34.286861419677734
8793359,2019,2019-02-27,1942,2019-01-21,1330,38285,1727,1,5,7,1942,0,0,0,Q,0,17A35,TAMPA AV,CHATSWORTH ST,0,NA,Y,A,-,N,NA,NA,NA,NA,NA,NA,NA,NA,NA,Y,3,0,2,2,A,-,09,21801,A,N,D,C,A,A,H,-,A,A,0,NA,NA,NA,NA,Y,NA,A,07,0,1,1,0,0,0,0,0,0,-,-,NA,NA,LOS ANGELES,LOS ANGELES,-118.55528259277344,34.266258239746094
8793360,2019,2019-02-27,1942,2019-01-14,0200,42760,1982,1,5,7,1942,0,0,0,NA,0,19A93,SEPULVEDA BL,PARTHENIA PL,0,NA,Y,A,-,N,NA,NA,NA,NA,NA,NA,NA,NA,NA,Y,3,0,1,2,A,-,09,21801,A,N,D,C,A,A,H,-,C,D,0,NA,NA,NA,NA,Y,NA,A,01,0,1,0,0,0,0,0,0,0,-,-,NA,NA,LOS ANGELES,LOS ANGELES,-118.46746826171876,34.23154830932617
8793361,2019,2019-02-27,1942,2019-01-12,1717,42618,1987,6,5,7,1942,0,0,0,NA,0,19X12,WOODMAN AV,CHASE ST,300,N,N,B,-,N,NA,NA,NA,NA,NA,NA,NA,NA,NA,N,4,0,2,2,A,-,08,22107,NA,N,A,C,A,A,H,-,C,D,0,NA,NA,NA,NA,Y,NA,-,NA,0,0,2,0,0,0,0,0,0,-,-,NA,NA,LOS ANGELES,LOS ANGELES,-118.43504333496094,34.22856521606445
8793362,2019,2019-02-25,1942,2019-01-15,2225,36336,1566,2,5,7,1942,0,0,0,O,0,15A67,RIVERSIDE DR,ENSIGN AV,900,W,N,C,-,N,NA,NA,NA,NA,NA,NA,NA,NA,NA,Y,4,0,3,3,A,-,03,22350,NA,N,B,C,A,B,H,-,C,D,0,NA,NA,NA,NA,Y,NA,A,07,0,0,3,0,0,0,0,0,0,-,-,NA,NA,LOS ANGELES,LOS ANGELES,-118.37418365478516,34.15243911743164
8793364,2019,2019-02-25,1942,2019-01-31,1615,39575,1994,4,5,7,1942,0,0,0,NA,0,19A93,ROSCOE BL,VAN NUYS BL,508,E,N,B,-,N,NA,NA,NA,NA,NA,NA,NA,NA,NA,N,4,0,1,2,B,-,22,NA,NA,F,G,B,F,A,H,-,A,D,0,Y,NA,NA,NA,Y,NA,-,99,0,0,1,0,1,0,0,0,0,-,-,NA,NA,LOS ANGELES,LOS ANGELES,-118.44710540771484,34.221580505371094
8793365,2019,2019-02-27,1942,2019-01-22,0900,40398,1905,2,5,7,1942,0,0,0,NA,0,19A7,GLADSTONE AV,ORO GRANDE ST,0,NA,Y,A,-,N,NA,NA,NA,NA,NA,NA,NA,NA,NA,N,4,0,1,2,A,-,09,21802,A,N,D,C,A,A,H,-,A,A,0,NA,NA,NA,NA,Y,NA,A,08,0,0,1,0,0,0,0,0,0,-,-,NA,NA,LOS ANGELES,LOS ANGELES,-118.4351806640625,34.3161506652832
8793366,2019,2019-02-25,1942,2019-01-10,1022,40574,1585,4,5,7,1942,0,0,0,O,0,15A85,VINELAND AV,BLUFFSIDE DR,100,N,N,A,-,N,NA,NA,NA,NA,NA,NA,NA,NA,NA,N,4,0,2,2,A,-,03,22350,NA,N,C,C,A,A,H,-,A,D,0,NA,NA,NA,NA,Y,NA,A,07,0,0,2,0,0,0,0,0,0,-,-,NA,NA,LOS ANGELES,LOS ANGELES,-118.37028503417967,34.142295837402344
8793368,2019,2019-03-11,1942,2019-01-07,2010,38196,2149,1,5,7,1942,0,0,0,NA,0,21X98,SHERMAN WAY,WINNETKA AV,0,NA,Y,A,-,N,NA,NA,NA,NA,NA,NA,NA,NA,NA,N,4,0,1,2,A,-,09,21453,B,N,A,G,A,A,H,-,C,A,0,NA,Y,NA,NA,Y,NA,A,01,0,0,1,0,0,0,1,0,0,-,-,NA,NA,LOS ANGELES,LOS ANGELES,-118.57099151611328,34.201141357421875
8793369,2019,2019-03-13,1942,2019-01-23,1335,37686,1998,3,5,7,1942,0,0,0,NA,0,19A93,ROSCOE BL,HAZELTINE AV,0,NA,Y,A,-,N,NA,NA,NA,NA,NA,NA,NA,NA,NA,Y,4,0,2,2,A,-,12,21453,A,N,D,C,A,A,H,-,A,A,0,NA,NA,NA,NA,Y,NA,-,-,0,0,2,0,0,0,0,0,0,-,-,NA,NA,LOS ANGELES,LOS ANGELES,-118.4404296875,34.22161865234375
8793370,2019,2019-02-25,1942,2019-01-14,1135,33294,1562,1,5,7,1942,0,0,0,O,0,15A85,WHITSETT AV,SARAH ST,65,S,N,B,C,N,NA,NA,NA,NA,NA,NA,NA,NA,NA,Y,3,0,1,1,A,-,03,22350,NA,N,E,I,A,B,F,-,A,A,0,NA,NA,NA,NA,Y,NA,A,01,0,1,0,0,0,0,0,0,0,-,-,NA,NA,LOS ANGELES,LOS ANGELES,-118.4052505493164,34.153812408447266
8793372,2019,2019-02-25,1942,2019-01-14,0850,32319,2133,1,5,7,1942,0,0,0,NA,0,21A1,MEDICAL CENTER DR,N SHERMAN PL,500,N,N,C,-,N,NA,NA,NA,NA,NA,NA,NA,NA,NA,N,3,0,1,2,A,-,10,21950,A,N,G,B,C,B,H,-,A,A,0,Y,NA,NA,NA,Y,NA,A,01,0,1,0,0,1,0,0,0,0,-,-,NA,NA,LOS ANGELES,LOS ANGELES,-118.6294403076172,34.20232009887695
8793373,2019,2019-02-26,1942,2019-01-11,0635,38687,1936,5,5,7,1942,0,0,0,NA,0,19A43,LAUREL CANYON BL,RINALDI ST,0,NA,Y,E,-,N,NA,NA,NA,NA,NA,NA,NA,NA,NA,N,4,0,1,2,A,-,12,21453,A,N,D,C,A,A,H,-,A,A,0,NA,NA,NA,NA,Y,NA,A,01,0,0,1,0,0,0,0,0,0,-,-,NA,NA,LOS ANGELES,LOS ANGELES,-118.45452880859376,34.279850006103516
8793374,2019,2019-02-25,1942,2019-01-10,0740,42051,1525,4,5,7,1942,0,0,0,O,0,15A33,VICTORY BL,CARPENTER AV,0,NA,Y,A,-,N,NA,NA,NA,NA,NA,NA,NA,NA,NA,Y,4,0,2,3,A,-,09,21801,A,N,D,C,A,A,H,-,A,D,0,NA,NA,NA,NA,Y,NA,A,01,0,0,2,0,0,0,0,0,0,-,-,NA,NA,LOS ANGELES,LOS ANGELES,-118.3910675048828,34.18667984008789
8793376,2019,2019-02-25,1942,2019-01-14,2310,40876,2128,1,5,7,1942,0,0,0,NA,0,21A29,SATICOY ST,WINNETKA AV,18,W,N,A,-,N,NA,NA,NA,NA,NA,NA,NA,NA,NA,N,3,0,1,2,A,-,10,21950,A,N,G,B,B,A,H,-,C,A,0,Y,NA,NA,NA,Y,NA,A,01,0,1,0,0,1,0,0,0,0,-,-,NA,NA,LOS ANGELES,LOS ANGELES,-118.57106018066406,34.208370208740234
8793377,2019,2019-02-26,1942,2019-01-17,2135,33504,1944,4,5,7,1942,0,0,0,NA,0,19A43,LAUREL CANYON BL,CHATSWORTH DR,0,NA,Y,B,-,N,NA,NA,NA,NA,NA,NA,NA,NA,NA,Y,3,0,2,2,A,-,09,21801,A,N,A,C,A,A,H,-,C,A,0,NA,NA,NA,NA,Y,NA,A,01,0,1,1,0,0,0,0,0,0,-,-,NA,NA,LOS ANGELES,LOS ANGELES,-118.44834899902344,34.27402114868164
8793378,2019,2019-02-25,1942,2019-01-09,1150,33294,1522,3,5,7,1942,0,0,0,O,0,15A21,COLDWATER CANYON AV,VANOWEN AV,360,N,N,A,-,N,NA,NA,NA,NA,NA,NA,NA,NA,NA,Y,4,0,1,3,A,-,08,22102,NA,N,D,C,A,A,H,-,A,A,0,NA,NA,NA,NA,Y,NA,A,01,0,0,1,0,0,0,0,0,0,-,-,NA,NA,LOS ANGELES,LOS ANGELES,-118.41380310058594,34.19492721557617
8793381,2019,2019-02-26,1942,2019-01-17,1910,42565,1918,4,5,7,1942,0,0,0,NA,0,19A7,SAYRE ST,FOOTHILL BL,0,NA,Y,B,-,N,NA,NA,NA,NA,NA,NA,NA,NA,NA,Y,4,0,2,2,A,-,09,21801,A,N,D,A,A,A,H,-,-,A,0,NA,NA,NA,NA,Y,NA,A,01,0,0,2,0,0,0,0,0,0,-,-,NA,NA,LOS ANGELES,LOS ANGELES,-118.43377685546876,34.31013107299805
8793382,2019,2019-02-25,1942,2019-01-10,0745,33700,1532,4,5,7,1942,0,0,0,O,0,15A33,CORTEEN PL,BURBANK BL,4,S,N,A,-,N,NA,NA,NA,NA,NA,NA,NA,NA,NA,N,4,0,3,2,A,-,21,22106,NA,N,C,C,A,A,H,-,A,A,0,NA,NA,NA,NA,Y,NA,A,01,0,0,3,0,0,0,0,0,0,-,-,NA,NA,LOS ANGELES,LOS ANGELES,-118.40200042724608,34.172119140625
8793385,2019,2019-02-26,1942,2019-01-04,1915,38751,MISN,5,5,7,1942,0,0,0,NA,0,1919,FOOTHILL,ARROYO,0,NA,Y,A,-,N,NA,NA,NA,NA,NA,NA,NA,NA,NA,Y,2,0,1,2,A,-,09,21801,A,N,A,C,A,A,H,-,C,D,0,NA,NA,NA,NA,Y,NA,-,NA,1,0,0,0,0,0,0,0,0,-,-,NA,NA,LOS ANGELES,LOS ANGELES,-118.41442108154295,34.292781829833984
8793386,2019,2019-02-25,1942,2019-01-14,1605,33458,1527,1,5,7,1942,0,0,0,O,0,15A27,VINELAND AV,VICLAND PL,0,NA,Y,C,-,N,NA,NA,NA,NA,NA,NA,NA,NA,NA,N,4,0,1,2,A,-,08,22107,NA,N,D,C,A,B,H,-,A,D,0,NA,NA,NA,NA,Y,NA,A,01,0,0,1,0,0,0,0,0,0,-,-,NA,NA,LOS ANGELES,LOS ANGELES,-118.37032318115234,34.185279846191406
8793389,2019,2019-02-26,1942,2019-01-13,0950,43153,1611,7,5,7,1942,0,0,0,P,0,16A11,GLENOAKS BL,CORCORAN ST,25,S,N,A,-,N,NA,NA,NA,NA,NA,NA,NA,NA,NA,N,4,0,3,2,A,-,09,21801,A,N,D,C,A,A,H,-,A,D,0,NA,NA,NA,NA,Y,NA,A,01,0,0,3,0,0,0,0,0,0,-,-,NA,NA,LOS ANGELES,LOS ANGELES,-118.4226531982422,34.2840576171875
8793390,2019,2019-02-25,1942,2019-01-12,0320,39952,1545,6,5,7,1942,0,0,0,O,0,15A43,COLFAX AV,CHANDLER BL,100,N,N,C,-,N,NA,NA,NA,NA,NA,NA,NA,NA,NA,Y,4,0,1,4,A,-,03,22350,NA,N,A,E,A,B,H,-,C,D,0,NA,NA,NA,NA,Y,NA,A,01,0,0,1,0,0,0,0,0,0,-,-,NA,NA,LOS ANGELES,LOS ANGELES,-118.38775634765624,34.168922424316406
8793393,2019,2019-02-26,1942,2019-01-05,1830,42939,1681,6,5,7,1942,0,0,0,P,0,16X4,LAUREL CANYON BL,WEBB AV,200,W,N,C,-,N,NA,NA,NA,NA,NA,NA,NA,NA,NA,Y,4,0,1,2,B,-,22,NA,NA,N,B,A,A,B,H,-,C,A,0,NA,NA,NA,NA,Y,NA,-,-,0,0,1,0,0,0,0,0,0,-,-,NA,NA,LOS ANGELES,LOS ANGELES,-118.39678192138672,34.22541809082031
8793394,2019,2019-02-25,1942,2019-01-14,1150,32361,1543,1,5,7,1942,0,0,0,O,0,15A33,MAGNOLIA BL,AGNES AV,30,E,N,C,-,N,NA,NA,NA,NA,NA,NA,NA,NA,NA,Y,4,0,1,2,A,-,03,22350,NA,N,C,E,A,B,H,-,A,D,0,NA,NA,NA,NA,Y,NA,A,01,0,0,1,0,0,0,0,0,0,-,-,NA,NA,LOS ANGELES,LOS ANGELES,-118.39532470703124,34.16488265991211
8793396,2019,2019-02-25,1942,2019-01-29,0555,39655,0678,2,5,7,1942,0,0,0,F,0,6A77,N HOBART BL,LEMON GROVE AV,151,N,N,A,-,N,NA,NA,NA,NA,NA,NA,NA,NA,NA,Y,2,0,1,2,A,-,11,21954,A,F,G,B,D,A,H,-,C,D,0,Y,NA,NA,NA,Y,NA,N,60,1,0,0,0,1,0,0,0,0,-,-,NA,NA,LOS ANGELES,LOS ANGELES,-118.30510711669922,34.08664321899414
8793397,2019,2019-02-26,1942,2019-01-03,1920,38349,1611,4,5,7,1942,0,0,0,P,0,NA,PENROSE,BRADLEY,655,S,N,A,-,N,NA,NA,NA,NA,NA,NA,NA,NA,NA,N,4,0,2,2,A,-,05,21651,A,N,B,C,A,A,H,-,D,A,0,NA,NA,NA,NA,Y,NA,A,01,0,0,2,0,0,0,0,0,0,-,-,NA,NA,LOS ANGELES,LOS ANGELES,-118.37532043457033,34.22633361816406
8793398,2019,2019-03-11,1942,2019-01-09,0940,32361,1563,3,5,7,1942,0,0,0,O,0,15A33,COLFAX AV,SARAH ST,100,S,N,A,-,N,NA,NA,NA,NA,NA,NA,NA,NA,NA,N,4,0,1,2,A,-,04,21703,NA,N,C,D,A,A,H,-,A,A,0,NA,NA,NA,NA,Y,NA,A,01,0,0,1,0,0,0,0,0,0,-,-,NA,NA,LOS ANGELES,LOS ANGELES,-118.3877410888672,34.153717041015625
8793400,2019,2019-02-25,1942,2019-01-08,1720,39938,0489,2,5,7,1942,0,0,0,D,0,4A97,8TH ST,ORME AV,43,E,N,A,-,N,NA,NA,NA,NA,NA,NA,NA,NA,NA,N,2,0,1,2,A,-,11,21954,A,N,G,B,D,A,H,-,A,D,0,Y,NA,NA,NA,Y,NA,N,60,1,0,0,0,1,0,0,0,0,-,-,NA,NA,LOS ANGELES,LOS ANGELES,-118.21565246582033,34.02645492553711
8793401,2019,2019-02-26,1942,2019-01-08,1515,40398,1685,2,5,7,1942,0,0,0,P,0,16A81,STRATHERN ST,IRVING ST,110,E,N,A,-,N,NA,NA,NA,NA,NA,NA,NA,NA,NA,N,4,0,1,3,A,-,04,21703,NA,N,C,C,A,A,H,-,A,D,0,NA,NA,NA,NA,Y,NA,A,07,0,0,1,0,0,0,0,0,0,-,-,NA,NA,LOS ANGELES,LOS ANGELES,-118.384662,34.215715
8793402,2019,2019-02-25,1942,2019-01-09,1800,38956,1505,3,5,7,1942,0,0,0,O,0,15A3,SHERMAN WY,FARMDALE AV,130,E,N,A,-,N,NA,NA,NA,NA,NA,NA,NA,NA,NA,Y,4,0,2,2,A,-,08,22107,NA,N,D,C,A,A,H,-,B,D,0,NA,NA,NA,NA,Y,NA,A,01,0,0,2,0,0,0,0,0,0,-,-,NA,NA,LOS ANGELES,LOS ANGELES,-118.38079071044922,34.20119094848633
8793405,2019,2019-02-26,1942,2019-01-09,0820,41497,1617,3,5,7,1942,0,0,0,P,0,16A35,ORO VISTA AV,HILLROSE ST,0,NA,Y,A,-,N,NA,NA,NA,NA,NA,NA,NA,NA,NA,N,4,0,2,2,A,-,09,21800,C,N,D,C,A,A,H,-,A,A,0,NA,NA,NA,NA,Y,NA,A,07,0,0,2,0,0,0,0,0,0,-,-,NA,NA,LOS ANGELES,LOS ANGELES,-118.31575012207033,34.263309478759766
8793406,2019,2019-02-25,1942,2019-01-10,1110,39746,1512,4,5,7,1942,0,0,0,O,0,35M65,COLDWATER CANYON AV,SHERMAN WAY,100,N,N,A,-,N,NA,NA,NA,NA,NA,NA,NA,NA,NA,Y,4,0,1,2,A,-,09,21804,A,N,-,C,A,A,H,-,A,D,0,NA,NA,NA,NA,Y,NA,A,01,0,0,1,0,0,0,0,0,0,-,-,NA,NA,LOS ANGELES,LOS ANGELES,-118.41380310058594,34.20146560668945
8793409,2019,2019-02-26,1942,2019-01-01,1045,43153,1622,2,5,7,1942,0,0,0,P,0,16245,SAN FERNANDO RD,DEL SUR,326,S,N,A,-,N,NA,NA,NA,NA,NA,NA,NA,NA,NA,Y,4,0,1,1,A,-,03,22350,NA,N,E,I,A,A,-,-,A,D,0,NA,NA,NA,NA,Y,NA,A,01,0,0,1,0,0,0,0,0,0,-,-,NA,NA,LOS ANGELES,LOS ANGELES,-118.43270874023438,34.27610778808594
8793410,2019,2019-02-25,1942,2019-01-05,1800,42057,1526,6,5,7,1942,0,0,0,O,0,15A21,OXNARD ST,FARMDALE AV,100,E,N,C,-,N,NA,NA,NA,NA,NA,NA,NA,NA,NA,N,4,0,1,3,A,-,17,22109,NA,N,C,C,A,B,F,-,C,D,0,NA,NA,NA,NA,Y,NA,A,01,0,0,1,0,0,0,0,0,0,-,-,NA,NA,LOS ANGELES,LOS ANGELES,-118.38092803955078,34.17942810058594
8793412,2019,2019-02-25,1900,2019-01-17,1050,443069,0972,4,5,4,1979,0,0,0,NA,0,92T3,ROBERTSON BL,MELROSE AV,15,N,N,A,-,N,NA,NA,NA,NA,NA,NA,NA,NA,NA,N,4,0,1,2,A,-,10,21950,A,M,G,B,B,B,H,-,A,D,0,Y,NA,Y,NA,Y,NA,C,06,0,0,1,0,1,0,0,0,0,-,-,34.0806999206543,-118.385498046875,LOS ANGELES,WEST HOLLYWOOD,-118.3854751586914,34.08085250854492
8793413,2019,2019-02-26,1942,2019-01-05,0955,43511,1606,6,5,7,1942,0,0,0,P,0,16A35,OSBORNE ST,GARRICK AV,2000,E,N,B,-,N,NA,NA,NA,NA,NA,NA,NA,NA,NA,Y,4,0,2,2,A,-,05,21460,A,N,D,C,A,A,H,-,A,D,0,NA,NA,NA,NA,Y,NA,-,-,0,0,2,0,0,0,0,0,0,-,-,NA,NA,LOS ANGELES,LOS ANGELES,-118.37168884277344,34.28167724609375
8793414,2019,2019-02-25,1942,2019-01-05,0930,36320,1519,6,5,7,1942,0,0,0,O,0,NHWD,VICTORY BL,AUCKLAND AV,20,E,N,A,-,N,NA,NA,NA,NA,NA,NA,NA,NA,NA,N,3,0,1,2,A,-,03,22350,NA,N,B,C,A,B,H,-,A,D,0,NA,NA,NA,NA,Y,NA,A,01,0,1,0,0,0,0,0,0,0,-,-,NA,NA,LOS ANGELES,LOS ANGELES,-118.36032104492188,34.18502426147461
8793417,2019,2019-03-08,1942,2019-01-09,2045,43298,LA,3,5,7,1942,0,0,0,NA,0,16A35,MOUNT GLEASON AV,FENWICK ST,45,N,N,A,-,N,NA,NA,NA,NA,NA,NA,NA,NA,NA,N,3,0,2,2,A,-,03,22350,NA,N,C,C,A,A,H,-,C,A,0,NA,NA,NA,NA,Y,NA,A,01,0,1,1,0,0,0,0,0,0,-,-,NA,NA,LOS ANGELES,LOS ANGELES,-118.30269622802734,34.26154327392578
8793418,2019,2019-03-11,1942,2019-01-13,2335,39495,1541,7,5,7,1942,0,0,0,O,0,15A43,WHITSETT AV,CHANDLER BL,0,NA,Y,B,-,N,NA,NA,NA,NA,NA,NA,NA,NA,NA,Y,3,0,4,3,A,-,12,21453,A,N,D,C,A,A,H,-,C,A,0,NA,NA,NA,NA,Y,Y,A,07,0,2,2,0,0,0,0,0,0,-,-,NA,NA,LOS ANGELES,LOS ANGELES,-118.4052734375,34.168678283691406
8793419,2019,2019-02-26,1900,2019-01-24,1503,610418,1137,4,5,6,1992,0,0,0,NA,0,112T2,AVENUE K,20TH ST EAST,0,NA,Y,A,-,N,NA,NA,NA,NA,NA,NA,NA,NA,NA,Y,3,0,3,2,D,-,00,NA,NA,N,D,C,A,A,H,-,A,A,0,NA,NA,NA,NA,Y,NA,-,-,0,2,1,0,0,0,0,0,0,-,-,NA,NA,LOS ANGELES,LANCASTER,-118.09490966796876,34.675289154052734
8793421,2019,2019-03-20,1942,2019-01-09,1745,39241,1656,3,5,7,1942,0,0,0,P,0,16X82,FOOTHILL BL,LANGMUIR AV,0,NA,Y,-,-,N,NA,NA,NA,NA,NA,NA,NA,NA,NA,Y,4,0,4,2,A,-,09,21801,A,N,B,-,A,-,-,-,-,D,0,NA,NA,NA,NA,Y,NA,A,01,0,0,4,0,0,0,0,0,0,-,-,NA,NA,LOS ANGELES,LOS ANGELES,-118.30876922607422,34.25965881347656
8793422,2019,2019-02-25,1942,2019-01-08,1630,42836,1538,2,5,7,1942,0,0,0,O,0,15A68,COLFAX AV,CHIQUTAS CT,150,S,N,A,-,N,NA,NA,NA,NA,NA,NA,NA,NA,NA,Y,4,0,1,3,A,-,03,22350,NA,N,B,C,A,A,H,-,A,D,0,NA,NA,NA,NA,Y,NA,A,01,0,0,1,0,0,0,0,0,0,-,-,NA,NA,LOS ANGELES,LOS ANGELES,-118.38758087158205,34.144100189208984
8793423,2019,2019-02-26,1900,2019-01-31,1442,510509,1137,4,5,6,1992,0,0,0,NA,0,112T4,25TH ST EAST,LANCASTER BL,0,NA,Y,B,C,N,NA,NA,NA,NA,NA,NA,NA,NA,NA,Y,4,0,2,2,A,-,09,21802,A,N,D,C,A,B,H,-,A,A,0,NA,NA,NA,NA,Y,NA,A,01,0,0,2,0,0,0,0,0,0,-,-,NA,NA,LOS ANGELES,LANCASTER,-118.08587646484376,34.6970100402832
8793425,2019,2019-02-26,1942,2019-01-09,0955,39908,1608,3,5,7,1942,0,0,0,P,0,16A35,FOOTHILL BL,BRAINARD AV,0,NA,Y,A,-,N,NA,NA,NA,NA,NA,NA,NA,NA,NA,N,3,0,1,2,D,-,00,NA,NA,N,B,E,A,A,H,-,A,D,0,NA,NA,NA,NA,Y,NA,-,-,0,1,0,0,0,0,0,0,0,-,-,NA,NA,LOS ANGELES,LOS ANGELES,-118.36354064941406,34.27450180053711
8793426,2019,2019-03-11,1942,2019-01-11,1440,43559,1525,5,5,7,1942,0,0,0,O,0,15A21,KITTRIDGE ST,AGNES AV,0,NA,Y,A,-,N,NA,NA,NA,NA,NA,NA,NA,NA,NA,N,4,0,3,2,A,-,09,21802,A,N,D,C,A,A,H,-,A,A,0,NA,NA,NA,NA,Y,NA,A,01,0,0,3,0,0,0,0,0,0,-,-,NA,NA,LOS ANGELES,LOS ANGELES,-118.39542388916016,34.190311431884766