CASE_ID,ACCIDENT_YEAR,PROC_DATE,JURIS,COLLISION_DATE,COLLISION_TIME,OFFICER_ID,REPORTING_DISTRICT,DAY_OF_WEEK,CHP_SHIFT,POPULATION,CNTY_CITY_LOC,SPECIAL_COND,BEAT_TYPE,CHP_BEAT_TYPE,CITY_DIVISION_LAPD,CHP_BEAT_CLASS,BEAT_NUMBER,PRIMARY_RD,SECONDARY_RD,DISTANCE,DIRECTION,INTERSECTION,WEATHER_1,WEATHER_2,STATE_HWY_IND,CALTRANS_COUNTY,CALTRANS_DISTRICT,STATE_ROUTE,ROUTE_SUFFIX,POSTMILE_PREFIX,POSTMILE,LOCATION_TYPE,RAMP_INTERSECTION,SIDE_OF_HWY,TOW_AWAY,COLLISION_SEVERITY,NUMBER_KILLED,NUMBER_INJURED,PARTY_COUNT,PRIMARY_COLL_FACTOR,PCF_CODE_OF_VIOL,PCF_VIOL_CATEGORY,PCF_VIOLATION,PCF_VIOL_SUBSECTION,HIT_AND_RUN,TYPE_OF_COLLISION,MVIW,PED_ACTION,ROAD_SURFACE,ROAD_COND_1,ROAD_COND_2,LIGHTING,CONTROL_DEVICE,CHP_ROAD_TYPE,PEDESTRIAN_ACCIDENT,BICYCLE_ACCIDENT,MOTORCYCLE_ACCIDENT,TRUCK_ACCIDENT,NOT_PRIVATE_PROPERTY,ALCOHOL_INVOLVED,STWD_VEHTYPE_AT_FAULT,CHP_VEHTYPE_AT_FAULT,COUNT_SEVERE_INJ,COUNT_VISIBLE_INJ,COUNT_COMPLAINT_PAIN,COUNT_PED_KILLED,COUNT_PED_INJURED,COUNT_BICYCLIST_KILLED,COUNT_BICYCLIST_INJURED,COUNT_MC_KILLED,COUNT_MC_INJURED,PRIMARY_RAMP,SECONDARY_RAMP,LATITUDE,LONGITUDE,COUNTY,CITY,POINT_X,POINT_Y
8795866,2019,2019-03-21,1953,2019-01-27,0754,706,1953,7,5,6,1953,0,0,0,NA,0,001,ORANGE GROVE BL,HOLLY ST,0,NA,Y,A,-,Y,LA,7,134,-,R,13.188,R,4,E,Y,2,0,2,2,A,-,12,21453,A,N,D,C,A,A,H,-,A,A,0,NA,NA,NA,NA,Y,NA,A,01,1,0,1,0,0,0,0,0,0,-,-,NA,NA,LOS ANGELES,PASADENA,-118.15428924560548,34.150230407714844
8795867,2019,2019-03-21,1956,2019-02-08,1744,1272,68,5,5,5,1956,0,0,0,NA,0,005,RT 107,ARTESIA,250,S,N,A,-,Y,LA,7,107,-,-,4.66,H,-,N,Y,4,0,2,3,A,-,03,22350,NA,N,C,C,A,A,H,-,B,D,0,NA,NA,NA,NA,Y,NA,A,01,0,0,2,0,0,0,0,0,0,-,-,NA,NA,LOS ANGELES,REDONDO BEACH,-118.35234832763672,33.87237548828125
8795870,2019,2019-03-21,1942,2019-01-25,2350,39292,513,5,5,7,1942,0,0,0,NA,0,5AU,I ST,FIGUEROA PL,0,NA,Y,A,-,Y,LA,7,110,-,-,3.43,R,4,S,Y,4,0,1,2,A,-,01,23152,A,N,H,E,A,A,H,-,C,D,0,NA,NA,NA,NA,Y,Y,A,01,0,0,1,0,0,0,0,0,0,-,-,NA,NA,LOS ANGELES,LOS ANGELES,-118.28060913085938,33.78144454956055
8795871,2019,2019-03-21,1942,2019-02-13,1430,42199,1862,3,5,7,1942,0,0,0,R,0,18X48,IMPERIAL HWY,CENTRAL AV,65,W,N,C,-,N,NA,NA,NA,NA,NA,NA,NA,NA,NA,Y,4,0,1,3,A,-,03,22350,NA,N,C,E,A,B,H,-,A,D,0,NA,NA,NA,NA,Y,NA,A,01,0,0,1,0,0,0,0,0,0,-,-,NA,NA,LOS ANGELES,LOS ANGELES,-118.2544403076172,33.929466247558594
8795874,2019,2019-03-05,1953,2019-01-25,0811,1330,1953,5,5,6,1953,0,0,0,NA,0,002,ORANGE GROVE BL,FAIR OAKS AV,0,NA,Y,A,-,N,NA,NA,NA,NA,NA,NA,NA,NA,NA,N,3,0,1,2,A,-,10,21950,A,N,G,B,B,A,H,-,A,A,0,Y,NA,NA,NA,Y,NA,D,22,0,1,0,0,1,0,0,0,0,-,-,NA,NA,LOS ANGELES,PASADENA,-118.15058135986328,34.15779113769531
8795888,2019,2019-03-21,1942,2019-01-21,0955,38050,0192,1,5,7,1942,0,0,0,A,0,1A61,S GRAND AV,W 17TH ST,0,NA,Y,A,-,Y,LA,7,10,-,-,15.18,R,4,W,Y,4,0,2,2,A,-,17,21657,NA,N,D,C,A,A,H,-,A,A,0,NA,NA,NA,NA,Y,NA,A,07,0,0,2,0,0,0,0,0,0,-,-,NA,NA,LOS ANGELES,LOS ANGELES,-118.26883697509766,34.035709381103516
8795914,2019,2019-05-22,1942,2019-02-12,1815,41646,514,2,5,7,1942,0,0,0,NA,0,NA,FRIGATE AV,PACIFIC COAST HWY,0,NA,Y,A,-,Y,LA,7,1,-,-,11.36,I,5,S,N,4,0,1,2,A,-,08,22100,B,N,D,C,A,A,H,-,C,D,0,NA,NA,NA,NA,Y,NA,A,01,0,0,1,0,0,0,0,0,0,-,-,NA,NA,LOS ANGELES,LOS ANGELES,-118.27777099609376,33.79034423828125
8795941,2018,2019-02-12,1942,2018-12-03,1130,36898,0111,1,5,7,1942,0,0,0,A,0,1X92,MAIN ST,ARCADIA ST,0,NA,Y,A,-,N,NA,NA,NA,NA,NA,NA,NA,NA,NA,Y,4,0,2,2,A,-,12,21453,A,N,D,C,A,A,H,-,A,A,0,NA,NA,NA,NA,Y,NA,A,01,0,0,2,0,0,0,0,0,0,-,-,NA,NA,LOS ANGELES,LOS ANGELES,-118.24005126953124,34.055809020996094
8795963,2019,2019-03-06,1976,2019-01-08,1100,889,NA,2,5,3,1964,0,0,0,NA,0,NA,JERSEY AV,TELEGRAPH RD,16,S,N,A,-,N,NA,NA,NA,NA,NA,NA,NA,NA,NA,N,4,0,1,2,A,-,08,22107,NA,N,B,C,A,A,H,-,A,A,0,NA,NA,NA,NA,Y,NA,A,01,0,0,1,0,0,0,0,0,0,-,-,NA,NA,LOS ANGELES,SANTA FE SPRINGS,-118.08592987060548,33.947181701660156
8795984,2018,2019-03-05,1901,2018-11-13,1543,224,15,2,5,5,1901,0,0,0,NA,0,002,VALLEY BL,VEGA ST,0,NA,Y,A,-,N,NA,NA,NA,NA,NA,NA,NA,NA,NA,N,4,0,1,2,A,-,12,21453,A,N,A,C,A,A,H,-,B,A,0,NA,NA,NA,NA,Y,NA,A,01,0,0,1,0,0,0,0,0,0,-,-,NA,NA,LOS ANGELES,ALHAMBRA,-118.11131286621094,34.07918167114258
8796016,2019,2019-02-22,1900,2019-01-20,1630,447537,0641,7,5,6,1985,0,0,0,NA,0,60T5,BOUQUET CANYON RD,ESPUELLA DR,0,NA,Y,A,-,N,NA,NA,NA,NA,NA,NA,NA,NA,NA,Y,3,0,3,2,B,-,22,NA,NA,N,D,C,A,A,H,-,A,A,0,NA,NA,NA,NA,Y,NA,J,48,0,2,1,0,0,0,0,0,0,-,-,34.42974090576172,-118.53510284423828,LOS ANGELES,SANTA CLARITA,-118.53527069091795,34.4298095703125
8796018,2018,2019-02-21,1942,2018-12-25,2045,42344,1541,2,5,7,1942,0,0,0,O,0,15A43,CHANDLER BL,BELLAIRE AV,0,NA,Y,A,-,N,NA,NA,NA,NA,NA,NA,NA,NA,NA,Y,4,0,1,2,A,-,09,21453,C,N,D,C,A,A,H,-,C,A,0,NA,NA,NA,NA,Y,NA,A,07,0,0,1,0,0,0,0,0,0,-,-,NA,NA,LOS ANGELES,LOS ANGELES,-118.40943145751952,34.16865921020508
8796025,2018,2019-03-21,1920,2018-11-15,1755,11859,1920,4,5,6,1920,0,0,0,NA,0,004,LAKEWOOD BL,RT 5 S,177,S,N,A,-,N,NA,NA,NA,NA,NA,NA,NA,NA,NA,N,3,0,1,2,A,-,21,22106,NA,N,G,B,E,A,H,-,D,D,0,Y,NA,NA,NA,Y,NA,J,48,0,1,0,0,1,0,0,0,0,-,-,NA,NA,LOS ANGELES,DOWNEY,-118.11211395263672,33.957366943359375
8796035,2018,2019-02-21,1924,2018-11-14,0800,80447,48,3,5,5,1924,0,0,0,NA,0,005,VERMONT AV,GARDENA BL,30,N,N,A,-,N,NA,NA,NA,NA,NA,NA,NA,NA,NA,N,4,0,1,2,B,-,22,NA,NA,N,B,F,A,A,H,-,A,A,0,NA,NA,NA,NA,Y,NA,A,01,0,0,1,0,0,0,0,0,0,-,-,33.892478942871094,-118.29727935791016,LOS ANGELES,GARDENA,-118.29132080078124,33.88167190551758
8796061,2018,2019-02-21,1920,2018-12-11,1308,11992,NA,2,5,6,1920,0,0,0,NA,0,002,STEWART AND GRAY RD,RIVES AV,0,NA,Y,A,-,N,NA,NA,NA,NA,NA,NA,NA,NA,NA,Y,4,0,1,2,A,-,12,21453,A,N,D,C,A,A,H,-,A,A,0,NA,NA,NA,NA,Y,NA,J,41,0,0,1,0,0,0,0,0,0,-,-,NA,NA,LOS ANGELES,DOWNEY,-118.14804077148438,33.9370002746582
8796078,2019,2019-02-20,1942,2019-01-06,1910,41056,1239,7,5,7,1942,0,0,0,L,0,25T21,S VERMONT AV,W 62ND ST,0,NA,Y,A,-,N,NA,NA,NA,NA,NA,NA,NA,NA,NA,Y,4,0,2,5,A,-,08,22107,NA,N,B,C,A,A,H,-,C,D,0,NA,NA,NA,NA,Y,NA,A,01,0,0,2,0,0,0,0,0,0,-,-,NA,NA,LOS ANGELES,LOS ANGELES,-118.29149627685548,33.98368835449219
8796084,2019,2019-02-11,1900,2019-01-13,1035,297062,1417,7,5,1,1932,0,0,0,NA,0,140T,TEMPLE AV,AZUSA AV,0,NA,Y,A,-,N,NA,NA,NA,NA,NA,NA,NA,NA,NA,Y,4,0,1,2,A,-,09,21801,A,N,D,C,A,A,H,-,A,A,0,NA,NA,NA,NA,Y,NA,A,01,0,0,1,0,0,0,0,0,0,-,-,34.02457046508789,-117.91755676269533,LOS ANGELES,INDUSTRY,-117.9177017211914,34.024681091308594
8796087,2018,2019-02-11,1900,2018-08-15,2235,22064,NA,3,5,3,1989,0,0,0,NA,0,NA,MULHOLLAND HWY,RDOLD TOPANGA CANYON RD,100,E,N,A,-,N,NA,NA,NA,NA,NA,NA,NA,NA,NA,Y,3,0,1,1,A,-,08,22107,NA,N,E,I,A,A,H,-,C,A,0,NA,NA,NA,NA,Y,NA,A,07,0,1,0,0,0,0,0,0,0,-,-,34.134708404541016,-118.63294982910156,LOS ANGELES,CALABASAS,-118.63032,34.1367
8796088,2018,2019-02-11,1928,2018-12-30,0206,412,G20,7,5,5,1928,0,0,0,NA,0,0G3,WESTERN AV,ROSECRANS,0,NA,Y,A,-,N,NA,NA,NA,NA,NA,NA,NA,NA,NA,Y,4,0,2,3,A,-,12,21453,A,N,D,C,A,A,H,-,D,A,0,NA,NA,NA,NA,Y,NA,A,01,0,0,2,0,0,0,0,0,0,-,-,NA,NA,LOS ANGELES,HAWTHORNE,-118.3091278076172,33.90193176269531
8796122,2018,2019-02-21,1955,2018-05-28,0040,20230,NA,1,5,6,1955,0,0,0,NA,0,NA,FORD AV,ARMOUR ST,75,E,N,A,-,N,NA,NA,NA,NA,NA,NA,NA,NA,NA,Y,3,0,1,1,A,-,03,22350,NA,N,F,A,A,A,H,-,C,D,0,NA,NA,Y,NA,Y,NA,C,02,0,1,0,0,0,0,0,0,1,-,-,34.085330963134766,-117.75588989257813,LOS ANGELES,POMONA,-117.7558364868164,34.085174560546875
8796131,2018,2019-02-21,1975,2018-07-09,1831,21080,NA,1,5,6,1975,0,0,0,NA,0,NA,SUNSET AV,FAIRGROVE AV,0,NA,Y,A,-,N,NA,NA,NA,NA,NA,NA,NA,NA,NA,N,4,0,1,2,A,-,09,21801,A,N,D,C,A,A,H,-,A,D,0,NA,NA,NA,NA,Y,NA,A,07,0,0,1,0,0,0,0,0,0,-,-,34.049171447753906,-117.95915985107422,LOS ANGELES,WEST COVINA,-117.95909118652344,34.04916000366211
8796135,2018,2019-02-21,1955,2018-08-04,0036,20891,NA,6,5,6,1955,0,0,0,NA,0,NA,GAREY AV,MCKINLEY AV,0,NA,Y,A,-,N,NA,NA,NA,NA,NA,NA,NA,NA,NA,Y,4,0,1,2,A,-,01,23152,A,N,D,C,A,A,H,-,C,A,0,NA,NA,NA,NA,Y,Y,A,01,0,0,1,0,0,0,0,0,0,-,-,34.07421112060547,-117.752197265625,LOS ANGELES,POMONA,-117.75225830078124,34.07429885864258
8796144,2018,2019-02-21,1924,2018-11-14,2010,410,G28,3,5,5,1924,0,0,0,NA,0,0G3,152ND ST,VAN NESS AV,0,NA,Y,A,-,N,NA,NA,NA,NA,NA,NA,NA,NA,NA,N,4,0,2,5,A,-,08,22107,NA,N,B,E,A,A,H,-,C,D,0,NA,NA,NA,NA,Y,NA,A,01,0,0,2,0,0,0,0,0,0,-,-,NA,NA,LOS ANGELES,GARDENA,-118.31787109375,33.89379119873047
8796147,2017,2019-02-21,1928,2017-12-12,1829,114066,NA,2,5,5,1928,0,0,0,NA,0,NA,EL SEGUNDO BL,CRENSHAW BL,102,W,N,A,-,N,NA,NA,NA,NA,NA,NA,NA,NA,NA,N,4,0,2,2,A,-,08,22107,NA,N,C,C,A,A,H,-,C,A,0,NA,NA,NA,NA,Y,NA,A,08,0,0,2,0,0,0,0,0,0,-,-,33.91651,-118.32643,LOS ANGELES,HAWTHORNE,-118.32693556,33.91644
8796165,2018,2019-02-12,1942,2018-11-20,2310,37353,1028,2,5,7,1942,0,0,0,J,0,10A17,SHERMAN WAY,BALBOA BL,0,NA,Y,A,-,N,NA,NA,NA,NA,NA,NA,NA,NA,NA,Y,4,0,1,2,A,-,12,21453,A,F,D,C,A,A,H,-,C,A,0,NA,NA,NA,NA,Y,NA,A,01,0,0,1,0,0,0,0,0,0,-,-,NA,NA,LOS ANGELES,LOS ANGELES,-118.50112152099608,34.201229095458984
8796173,2018,2019-02-11,1942,2018-11-28,0034,38503,1251,3,5,7,1942,0,0,0,L,0,25T21,CRENSHAW BL,W FLORENCE AV,0,NA,Y,B,-,N,NA,NA,NA,NA,NA,NA,NA,NA,NA,N,3,0,2,2,A,-,12,21453,A,F,D,C,A,A,H,-,C,A,0,NA,NA,NA,NA,Y,NA,A,01,0,1,1,0,0,0,0,0,0,-,-,NA,NA,LOS ANGELES,LOS ANGELES,-118.33088684082033,33.97454071044922
8796181,2018,2019-02-11,1942,2018-11-28,1740,33504,1503,3,5,7,1942,0,0,0,O,0,15A3,N HOLLYWOOD FWY,SHERMAN WAY,0,NA,Y,B,-,N,NA,NA,NA,NA,NA,NA,NA,NA,NA,Y,4,0,2,2,A,-,01,23152,A,F,C,C,A,A,H,-,B,D,0,NA,NA,NA,NA,Y,Y,D,22,0,0,2,0,0,0,0,0,0,-,-,NA,NA,LOS ANGELES,LOS ANGELES,NA,NA
8796186,2019,2019-02-28,1942,2019-01-05,2130,41661,1322,6,5,7,1942,0,0,0,M,0,13A13,E ADAMS BL,S SAN PEDRO ST,0,NA,Y,C,-,N,NA,NA,NA,NA,NA,NA,NA,NA,NA,N,4,0,2,3,A,-,09,21800,D,N,D,D,A,B,H,-,C,B,0,NA,NA,NA,NA,Y,NA,A,01,0,0,2,0,0,0,0,0,0,-,-,NA,NA,LOS ANGELES,LOS ANGELES,-118.26129913330078,34.02159881591797
8796187,2018,2019-03-14,1942,2018-11-18,0735,37450,0398,7,5,7,1942,0,0,0,C,0,3A99,HOOVER ST,VERNON AV,0,NA,Y,A,-,N,NA,NA,NA,NA,NA,NA,NA,NA,NA,N,4,0,5,2,A,-,12,21453,A,N,D,C,A,A,H,-,A,A,0,NA,NA,NA,NA,Y,NA,-,-,0,0,5,0,0,0,0,0,0,-,-,NA,NA,LOS ANGELES,LOS ANGELES,-118.28717041015624,34.003719329833984
8796189,2018,2019-02-11,1942,2018-11-25,1400,36733,0215,7,5,7,1942,0,0,0,B,0,2A5,HOLLYWOOD FWY,SILVER LAKE BL,0,NA,Y,A,-,N,NA,NA,NA,NA,NA,NA,NA,NA,NA,Y,4,0,1,2,A,-,12,21453,A,N,D,C,A,A,H,-,A,A,0,NA,NA,NA,NA,Y,NA,A,01,0,0,1,0,0,0,0,0,0,-,-,NA,NA,LOS ANGELES,LOS ANGELES,-118.28157,34.077251
8796201,2019,2019-02-07,1941,2019-01-14,1304,10016,NA,1,5,7,1941,0,0,0,NA,0,002,SANTA FE AV,19TH ST,0,NA,Y,C,-,N,NA,NA,NA,NA,NA,NA,NA,NA,NA,N,3,0,1,2,A,-,10,21950,A,N,G,B,B,B,H,-,A,A,0,Y,NA,NA,NA,Y,NA,D,22,0,1,0,0,1,0,0,0,0,-,-,NA,NA,LOS ANGELES,LONG BEACH,-118.2155303955078,33.79169845581055
8796208,2019,2019-02-12,1942,2019-01-30,0020,41129,1804,3,5,7,1942,0,0,0,R,0,18A3,S CENTRAL AV,E 87TH PL,0,NA,Y,A,-,N,NA,NA,NA,NA,NA,NA,NA,NA,NA,Y,4,0,1,2,A,-,08,22102,NA,N,D,C,A,A,H,-,C,A,0,NA,NA,NA,NA,Y,NA,A,07,0,0,1,0,0,0,0,0,0,-,-,NA,NA,LOS ANGELES,LOS ANGELES,-118.25641632080078,33.95833969116211
8796219,2018,2019-02-15,1942,2018-12-20,1120,43117,453,4,5,7,1942,0,0,0,NA,0,4A3W2,STATE ST,RT 10,0,NA,Y,A,-,Y,LA,7,10,-,S,0.61,R,4,E,Y,3,0,1,2,A,-,12,21453,A,N,D,C,A,A,H,-,A,A,0,NA,NA,NA,NA,Y,NA,A,01,0,1,0,0,0,0,0,0,0,-,EF,NA,NA,LOS ANGELES,LOS ANGELES,-118.2148895263672,34.05515670776367
8796221,2018,2019-02-15,1913,2018-12-08,1226,3852,56,6,5,4,1913,0,0,0,NA,0,003,TOWNE AV,RT 210 OVERPASS,0,NA,Y,A,-,Y,LA,7,210,-,R,49.423,R,4,W,Y,3,0,1,2,A,-,12,21453,A,N,A,C,A,A,H,-,A,A,0,NA,NA,NA,NA,Y,NA,A,07,0,1,0,0,0,0,0,0,0,-,-,NA,NA,LOS ANGELES,CLAREMONT,-117.73836517333984,34.12065124511719
8796228,2018,2019-02-15,1942,2018-12-21,1800,42818,1601,5,5,7,1942,0,0,0,P,0,16A11,ARROYO ST,FOOTHILL BL,504,W,N,A,-,N,NA,NA,NA,NA,NA,NA,NA,NA,NA,Y,3,0,2,2,A,-,08,22107,NA,N,B,E,A,A,H,-,D,D,0,NA,NA,NA,NA,Y,NA,A,01,0,2,0,0,0,0,0,0,0,-,-,NA,NA,LOS ANGELES,LOS ANGELES,-118.41567230224608,34.291866302490234
8796236,2019,2019-02-11,1942,2019-01-24,1400,39203,0393,4,5,7,1942,0,0,0,C,0,3A99,MARTIN LUTHER KING BL,CRENSHAW BL,150,E,N,A,-,N,NA,NA,NA,NA,NA,NA,NA,NA,NA,N,4,0,1,2,A,-,11,21954,A,N,G,B,E,A,H,-,A,A,0,Y,NA,NA,NA,Y,Y,N,60,0,0,1,0,1,0,0,0,0,-,-,NA,NA,LOS ANGELES,LOS ANGELES,-118.33462524414064,34.01092529296875
8796243,2019,2019-02-26,1900,2019-01-28,1515,612438,0540,1,5,3,1921,0,0,0,NA,0,58T1PM,DUARTE RD,CINCO ROBLES DR,40,W,N,-,-,N,NA,NA,NA,NA,NA,NA,NA,NA,NA,N,3,0,1,2,A,-,09,21802,A,N,-,-,A,-,-,-,-,-,0,NA,NA,NA,NA,Y,NA,A,07,0,1,0,0,0,0,0,0,0,-,-,34.13233947753906,-117.97566223144533,LOS ANGELES,DUARTE,-117.97555541992188,34.13233184814453
8796258,2019,2019-02-15,1942,2019-01-19,0830,39127,2039,6,5,7,1942,0,0,0,NA,0,20A39,WILSHIRE BL,S VIRGIL AV,0,NA,Y,A,-,N,NA,NA,NA,NA,NA,NA,NA,NA,NA,Y,4,0,1,2,A,-,12,21453,A,N,D,C,A,A,H,-,A,A,0,NA,NA,NA,NA,Y,NA,I,11,0,0,1,0,0,0,0,0,0,-,-,NA,NA,LOS ANGELES,LOS ANGELES,-118.28707885742188,34.06180953979492
8796269,2018,2019-02-15,1942,2018-12-18,1900,41841,0192,2,5,7,1942,0,0,0,A,0,1FB23,FLOWER ST,WASHINGTON,0,NA,Y,A,-,N,NA,NA,NA,NA,NA,NA,NA,NA,NA,N,4,0,5,2,A,-,07,21658,A,N,B,C,A,A,H,-,C,D,0,NA,NA,NA,NA,Y,NA,A,07,0,0,5,0,0,0,0,0,0,-,-,NA,NA,LOS ANGELES,LOS ANGELES,-118.27082824707033,34.03384017944336
8796274,2018,2019-02-15,1942,2018-12-09,2132,99395,1495,7,5,7,1942,0,0,0,N,0,5M26,WORLD WAY SOUTH LOWER LEVEL,EAST WAY LOWER LEVEL,409,W,N,A,-,N,NA,NA,NA,NA,NA,NA,NA,NA,NA,Y,4,0,1,2,A,-,07,21658,A,N,B,C,A,A,H,-,C,A,0,NA,NA,NA,NA,Y,NA,A,01,0,0,1,0,0,0,0,0,0,-,-,NA,NA,LOS ANGELES,LOS ANGELES,-118.402755,33.94293
8796281,2019,2019-02-26,1942,2019-01-10,2020,36700,1177,4,5,7,1942,0,0,0,K,0,11A89,AVENUE 28,IDELL ST,0,NA,Y,A,-,N,NA,NA,NA,NA,NA,NA,NA,NA,NA,N,4,0,1,2,A,-,11,21953,NA,N,G,B,B,A,H,-,C,A,0,Y,NA,NA,NA,Y,Y,N,60,0,0,1,0,1,0,0,0,0,-,-,NA,NA,LOS ANGELES,LOS ANGELES,-118.22361755371094,34.086971282958984
8796302,2019,2019-02-27,1900,2019-01-15,0947,606987,136D,2,5,5,1952,0,0,0,NA,0,136T1,ALONDRA BL,ORANGE AV,0,NA,Y,C,-,N,NA,NA,NA,NA,NA,NA,NA,NA,NA,N,4,0,1,2,A,-,03,22350,NA,F,C,C,A,B,H,-,A,A,0,NA,NA,NA,NA,Y,NA,J,48,0,0,1,0,0,0,0,0,0,-,-,33.8502311706543,-118.15106201171876,LOS ANGELES,PARAMOUNT,-118.17754364013672,33.8891716003418
8796319,2019,2019-03-19,1942,2019-01-25,1100,34332,0119,5,5,7,1942,0,0,0,A,0,1A1,BAUCHET ST,N VIGNES ST,0,NA,Y,A,-,N,NA,NA,NA,NA,NA,NA,NA,NA,NA,N,2,0,1,2,A,-,10,21950,A,N,G,B,B,A,H,-,A,A,0,Y,NA,NA,NA,Y,NA,A,01,1,0,0,0,1,0,0,0,0,-,-,NA,NA,LOS ANGELES,LOS ANGELES,-118.23232269287108,34.058868408203125
8796333,2019,2019-02-26,1900,2019-02-03,0040,524060,2112,7,5,5,1943,0,0,0,NA,0,212H,LONG BEACH BL,WISCONSIN AV,20,S,N,C,-,N,NA,NA,NA,NA,NA,NA,NA,NA,NA,N,4,0,3,2,A,-,01,23152,A,N,C,E,A,B,H,-,C,A,0,NA,NA,NA,NA,Y,Y,A,01,0,0,3,0,0,0,0,0,0,-,-,NA,NA,LOS ANGELES,LYNWOOD,-118.21574401855467,33.943965911865234
8796334,2019,2019-02-26,1942,2019-01-23,2025,41957,0645,3,5,7,1942,0,0,0,F,0,6A45,SUNSET BL,LA BREA AV,160,W,N,A,-,N,NA,NA,NA,NA,NA,NA,NA,NA,NA,N,4,0,1,2,A,-,07,21658,A,N,B,C,A,A,H,-,C,A,0,NA,NA,NA,NA,Y,NA,J,48,0,0,1,0,0,0,0,0,0,-,-,NA,NA,LOS ANGELES,LOS ANGELES,-118.34466552734376,34.09797286987305
8796339,2019,2019-02-26,1942,2019-01-29,0645,40157,0745,2,5,7,1942,0,0,0,G,0,7A33,S LA BREA AV,EDGEWOOD PL,0,NA,Y,B,-,N,NA,NA,NA,NA,NA,NA,NA,NA,NA,Y,4,0,1,2,A,-,09,21806,A,N,D,C,A,A,H,-,A,A,0,NA,NA,NA,NA,Y,NA,A,01,0,0,1,0,0,0,0,0,0,-,-,NA,NA,LOS ANGELES,LOS ANGELES,-118.34352111816406,34.054378509521484
8796340,2019,2019-02-26,1942,2019-01-31,1125,43659,335,4,5,7,1942,0,0,0,NA,0,3A63,7TH AV,MONT CLAIR ST,0,NA,Y,C,-,N,NA,NA,NA,NA,NA,NA,NA,NA,NA,Y,4,0,1,2,A,-,09,21802,A,N,D,C,A,B,H,-,A,D,0,NA,NA,NA,NA,Y,NA,A,07,0,0,1,0,0,0,0,0,0,-,-,NA,NA,LOS ANGELES,LOS ANGELES,-118.32479095458984,34.029640197753906
8796349,2019,2019-02-25,1900,2019-01-19,0430,508705,0642,6,5,6,1985,0,0,0,NA,0,62T1,DAN CT,RAY CT,10,W,N,A,-,N,NA,NA,NA,NA,NA,NA,NA,NA,NA,Y,4,0,1,2,A,-,01,23152,A,M,B,C,A,A,H,-,C,D,0,NA,NA,NA,NA,Y,Y,D,22,0,0,1,0,0,0,0,0,0,-,-,34.460201263427734,-118.49790191650392,LOS ANGELES,SANTA CLARITA,-118.49783325195313,34.46025085449219
8796351,2019,2019-02-26,1942,2019-02-02,1930,41129,1283,6,5,7,1942,0,0,0,L,0,12A73,VAN NESS AV,CENTURY BL,71,N,N,B,-,N,NA,NA,NA,NA,NA,NA,NA,NA,NA,Y,4,0,1,2,A,-,01,23152,A,M,B,C,A,B,H,-,C,A,0,NA,NA,NA,NA,Y,Y,A,01,0,0,1,0,0,0,0,0,0,-,-,NA,NA,LOS ANGELES,LOS ANGELES,-118.31772613525392,33.945655822753906
8796378,2019,2019-03-15,1942,2019-01-23,1450,41158,1941,3,5,7,1942,0,0,0,NA,0,19A43,SAN FERNANDO MISSION BL,N SEPULVEDA BL,0,NA,Y,A,-,N,NA,NA,NA,NA,NA,NA,NA,NA,NA,N,4,0,2,2,A,-,04,21703,NA,N,C,C,A,A,H,-,A,A,0,NA,NA,NA,NA,Y,NA,J,48,0,0,2,0,0,0,0,0,0,-,-,NA,NA,LOS ANGELES,LOS ANGELES,-118.46745300292967,34.27212142944336
8796383,2019,2019-02-27,1942,2019-01-02,1305,34458,0119,3,5,7,1942,0,0,0,A,0,1A1,RAMIREZ ST,VIGNES ST,25,E,N,A,-,N,NA,NA,NA,NA,NA,NA,NA,NA,NA,N,4,0,1,2,A,-,21,22106,NA,N,C,C,A,A,H,-,A,A,0,NA,NA,NA,NA,Y,NA,A,01,0,0,1,0,0,0,0,0,0,-,-,NA,NA,LOS ANGELES,LOS ANGELES,-118.23216247558594,34.0550422668457
8796386,2019,2019-02-27,1942,2019-01-03,1430,41158,0935,4,5,7,1942,0,0,0,I,0,9A41,VICTORY BL,TYRONE AV,0,NA,Y,A,-,N,NA,NA,NA,NA,NA,NA,NA,NA,NA,Y,4,0,2,2,A,-,12,21453,A,N,D,C,A,A,H,-,A,A,0,NA,NA,NA,NA,Y,NA,A,01,0,0,2,0,0,0,0,0,0,-,-,NA,NA,LOS ANGELES,LOS ANGELES,-118.44434356689452,34.186668395996094
8796390,2019,2019-02-27,1942,2019-01-07,0745,39835,1698,1,5,7,1942,0,0,0,P,0,16A81,SAN FERNANDO RD,ARVILLA AV,220,N,N,B,C,N,NA,NA,NA,NA,NA,NA,NA,NA,NA,Y,4,0,2,3,A,-,03,22350,NA,N,C,C,A,B,H,-,A,D,0,NA,NA,NA,NA,Y,NA,A,01,0,0,2,0,0,0,0,0,0,-,-,NA,NA,LOS ANGELES,LOS ANGELES,-118.35697174072266,34.2114143371582
8796396,2019,2019-02-27,1942,2019-01-16,1810,42040,0445,3,5,7,1942,0,0,0,D,0,4A15,MARENGO ST,BRITTANIA ST,60,W,N,C,-,N,NA,NA,NA,NA,NA,NA,NA,NA,NA,N,4,0,1,2,A,-,09,21804,A,N,D,C,A,B,H,-,C,D,0,NA,NA,NA,NA,Y,NA,J,43,0,0,1,0,0,0,0,0,0,-,-,NA,NA,LOS ANGELES,LOS ANGELES,-118.20859527587892,34.05714797973633