CASE_ID,ACCIDENT_YEAR,PROC_DATE,JURIS,COLLISION_DATE,COLLISION_TIME,OFFICER_ID,REPORTING_DISTRICT,DAY_OF_WEEK,CHP_SHIFT,POPULATION,CNTY_CITY_LOC,SPECIAL_COND,BEAT_TYPE,CHP_BEAT_TYPE,CITY_DIVISION_LAPD,CHP_BEAT_CLASS,BEAT_NUMBER,PRIMARY_RD,SECONDARY_RD,DISTANCE,DIRECTION,INTERSECTION,WEATHER_1,WEATHER_2,STATE_HWY_IND,CALTRANS_COUNTY,CALTRANS_DISTRICT,STATE_ROUTE,ROUTE_SUFFIX,POSTMILE_PREFIX,POSTMILE,LOCATION_TYPE,RAMP_INTERSECTION,SIDE_OF_HWY,TOW_AWAY,COLLISION_SEVERITY,NUMBER_KILLED,NUMBER_INJURED,PARTY_COUNT,PRIMARY_COLL_FACTOR,PCF_CODE_OF_VIOL,PCF_VIOL_CATEGORY,PCF_VIOLATION,PCF_VIOL_SUBSECTION,HIT_AND_RUN,TYPE_OF_COLLISION,MVIW,PED_ACTION,ROAD_SURFACE,ROAD_COND_1,ROAD_COND_2,LIGHTING,CONTROL_DEVICE,CHP_ROAD_TYPE,PEDESTRIAN_ACCIDENT,BICYCLE_ACCIDENT,MOTORCYCLE_ACCIDENT,TRUCK_ACCIDENT,NOT_PRIVATE_PROPERTY,ALCOHOL_INVOLVED,STWD_VEHTYPE_AT_FAULT,CHP_VEHTYPE_AT_FAULT,COUNT_SEVERE_INJ,COUNT_VISIBLE_INJ,COUNT_COMPLAINT_PAIN,COUNT_PED_KILLED,COUNT_PED_INJURED,COUNT_BICYCLIST_KILLED,COUNT_BICYCLIST_INJURED,COUNT_MC_KILLED,COUNT_MC_INJURED,PRIMARY_RAMP,SECONDARY_RAMP,LATITUDE,LONGITUDE,COUNTY,CITY,POINT_X,POINT_Y
8797100,2019,2019-02-19,1942,2019-01-07,1310,43521,12A39,1,5,7,1942,0,0,0,L,0,12A57,NORMANDIE AV,78TH ST,0,NA,Y,B,-,N,NA,NA,NA,NA,NA,NA,NA,NA,NA,NA,3,0,2,2,A,-,03,22350,NA,M,A,C,A,A,-,-,A,D,0,NA,NA,NA,NA,Y,NA,A,07,0,2,0,0,0,0,0,0,0,-,-,NA,NA,LOS ANGELES,LOS ANGELES,-118.30032348632813,33.96937942504883
8797101,2019,2019-02-14,1942,2019-01-13,1450,40882,1373,7,5,7,1942,0,0,0,M,0,13A13,55TH ST,AVALON BL,5,W,N,A,-,N,NA,NA,NA,NA,NA,NA,NA,NA,NA,N,4,0,1,2,A,-,21,22106,NA,N,C,C,A,A,H,-,A,D,0,NA,NA,NA,NA,Y,NA,A,01,0,0,1,0,0,0,0,0,0,-,-,NA,NA,LOS ANGELES,LOS ANGELES,-118.26522827148438,33.99245071411133
8797104,2019,2019-02-19,1942,2019-01-14,2025,41541,0341,1,5,7,1942,0,0,0,C,0,3A41,JEFFERSON BL,RODEO RD,6,S,N,C,-,N,NA,NA,NA,NA,NA,NA,NA,NA,NA,Y,4,0,1,1,A,-,07,21658,NA,N,B,I,A,B,H,-,C,D,0,NA,NA,NA,NA,Y,NA,A,01,0,0,1,0,0,0,0,0,0,-,-,NA,NA,LOS ANGELES,LOS ANGELES,-118.3771514892578,34.021915435791016
8797105,2019,2019-02-14,1942,2019-01-09,1545,40693,1393,3,5,7,1942,0,0,0,M,0,13A93,53RD ST,MAIN ST,0,NA,Y,A,-,N,NA,NA,NA,NA,NA,NA,NA,NA,NA,N,4,0,4,2,A,-,08,22107,NA,N,D,C,A,A,H,-,A,A,0,NA,NA,NA,NA,Y,NA,A,01,0,0,4,0,0,0,0,0,0,-,-,NA,NA,LOS ANGELES,LOS ANGELES,-118.2739715576172,33.99420166015625
8797108,2019,2019-02-19,1942,2019-01-10,0719,39226,1268,4,5,7,1942,0,0,0,L,0,12A3,81ST ST,BROADWAY,300,E,N,A,-,N,NA,NA,NA,NA,NA,NA,NA,NA,NA,N,4,0,2,2,A,-,09,21802,A,N,D,C,A,A,H,-,A,-,0,NA,NA,NA,NA,Y,NA,A,01,0,0,2,0,0,0,0,0,0,-,-,NA,NA,LOS ANGELES,LOS ANGELES,-118.27731323242188,33.965938568115234
8797109,2019,2019-02-14,1942,2019-01-15,0730,34997,1331,2,5,7,1942,0,0,0,M,0,13A27,HILL ST,32ND ST,0,NA,Y,A,-,N,NA,NA,NA,NA,NA,NA,NA,NA,NA,N,4,0,1,2,A,-,09,21801,NA,N,D,C,A,A,H,-,A,D,0,NA,NA,NA,NA,Y,NA,A,01,0,0,1,0,0,0,0,0,0,-,-,NA,NA,LOS ANGELES,LOS ANGELES,-118.27398681640624,34.02106857299805
8797111,2019,2019-02-19,1942,2019-01-31,1129,41262,0358,4,5,7,1942,0,0,0,C,0,3A57,MCCLINTOCK AV,WATT WY,0,NA,Y,C,-,N,NA,NA,NA,NA,NA,NA,NA,NA,NA,N,4,0,1,2,A,-,03,22350,NA,N,G,B,F,B,H,-,A,D,0,Y,NA,NA,NA,Y,NA,-,99,0,0,1,0,1,0,0,0,0,-,-,NA,NA,LOS ANGELES,LOS ANGELES,NA,NA
8797112,2019,2019-02-19,1942,2019-01-11,1830,42577,1235,5,5,7,1942,0,0,0,L,0,12X48,NORMANDIE,59TH PL,0,NA,Y,A,-,N,NA,NA,NA,NA,NA,NA,NA,NA,NA,N,4,0,1,2,A,-,09,21801,A,N,D,C,A,A,H,-,C,A,0,NA,NA,NA,NA,Y,NA,A,01,0,0,1,0,0,0,0,0,0,-,-,NA,NA,LOS ANGELES,LOS ANGELES,-118.30020904541016,33.986698150634766
8797113,2019,2019-02-14,1942,2019-01-13,1350,41847,1317,7,5,7,1942,0,0,0,M,0,NA,CENTRAL AV,18TH ST,0,NA,Y,A,-,N,NA,NA,NA,NA,NA,NA,NA,NA,NA,N,4,0,2,2,A,-,08,22107,NA,N,B,C,A,A,H,-,A,D,0,NA,NA,NA,NA,Y,NA,A,01,0,0,2,0,0,0,0,0,0,-,-,NA,NA,LOS ANGELES,LOS ANGELES,-118.2498779296875,34.02518844604492
8797115,2019,2019-02-19,1942,2019-01-19,1600,42668,0331,6,5,7,1942,0,0,0,C,0,3A58,JEFFERSON BL,LA BREA AV,80,W,N,A,-,N,NA,NA,NA,NA,NA,NA,NA,NA,NA,N,3,0,1,2,A,-,09,21804,A,N,D,G,A,A,H,-,A,A,0,NA,Y,NA,NA,Y,NA,L,04,0,1,0,0,0,0,1,0,0,-,-,NA,NA,LOS ANGELES,LOS ANGELES,-118.35513305664064,34.025516510009766
8797116,2019,2019-02-19,1942,2019-01-05,1530,41791,1249,6,5,7,1942,0,0,0,L,0,12A69,HOOVER ST,GAGE AV,0,NA,Y,C,-,N,NA,NA,NA,NA,NA,NA,NA,NA,NA,N,4,0,2,2,A,-,09,21801,A,N,A,C,A,B,H,-,A,A,0,NA,NA,NA,NA,Y,NA,A,01,0,0,2,0,0,0,0,0,0,-,-,NA,NA,LOS ANGELES,LOS ANGELES,-118.28707885742188,33.98250961303711
8797117,2019,2019-02-14,1942,2019-01-15,0800,42245,1309,2,5,7,1942,0,0,0,M,0,13A9,WASHINGTON BL,23RD ST,5,W,N,C,-,N,NA,NA,NA,NA,NA,NA,NA,NA,NA,N,3,0,1,2,A,-,09,21802,A,N,D,C,A,B,H,-,A,D,0,NA,NA,NA,NA,Y,NA,A,01,0,1,0,0,0,0,0,0,0,-,-,NA,NA,LOS ANGELES,LOS ANGELES,-118.22703552246094,34.017608642578125
8797119,2019,2019-02-19,1942,2019-01-21,1700,42668,0398,1,5,7,1942,0,0,0,C,0,3A64,43RD ST,FIGUEROA ST,150,W,N,A,-,N,NA,NA,NA,NA,NA,NA,NA,NA,NA,N,4,0,1,2,A,-,03,22350,NA,F,A,G,A,A,H,-,A,D,0,NA,Y,NA,NA,Y,NA,-,99,0,0,1,0,0,0,1,0,0,-,-,NA,NA,LOS ANGELES,LOS ANGELES,-118.2827377319336,34.00558090209961
8797120,2019,2019-03-05,1942,2019-01-17,2145,42097,1268,4,5,7,1942,0,0,0,L,0,12A67,SAN PEDRO AV,MANCHESTER AV,0,NA,Y,A,-,N,NA,NA,NA,NA,NA,NA,NA,NA,NA,N,4,0,1,2,A,-,12,21453,A,N,D,C,A,A,H,-,C,A,0,NA,NA,NA,NA,Y,NA,-,-,0,0,1,0,0,0,0,0,0,-,-,NA,NA,LOS ANGELES,LOS ANGELES,-118.26950073242188,33.96010971069336
8797122,2019,2019-02-15,1942,2019-01-09,2010,42451,2027,3,5,7,1942,0,0,0,NA,0,20A45,WILSHIRE BL,MARIPOSA AV,0,NA,Y,-,-,N,NA,NA,NA,NA,NA,NA,NA,NA,NA,N,4,0,4,4,A,-,12,21453,A,F,-,-,A,-,-,-,-,-,0,NA,NA,NA,NA,Y,NA,A,08,0,0,4,0,0,0,0,0,0,-,-,NA,NA,LOS ANGELES,LOS ANGELES,-118.29917907714844,34.06175994873047
8797126,2019,2019-02-15,1942,2019-01-19,1920,41054,2005,6,5,7,1942,0,0,0,NA,0,20A13,MELROSE AV,KINGSLEY AV,120,E,N,A,-,N,NA,NA,NA,NA,NA,NA,NA,NA,NA,N,4,0,2,2,A,-,03,22350,NA,F,C,C,A,A,H,-,C,D,0,NA,NA,NA,NA,Y,NA,-,99,0,0,2,0,0,0,0,0,0,-,-,NA,NA,LOS ANGELES,LOS ANGELES,-118.30306243896484,34.083534240722656
8797130,2019,2019-03-22,1942,2019-01-20,2125,41107,2091,7,5,7,1942,0,0,0,NA,0,2091,ARLINGTON AV,RT 10,0,NA,Y,A,-,Y,LA,7,10,-,R,12.453,R,4,E,N,4,0,2,2,A,-,08,22100,NA,F,C,C,A,A,-,-,C,A,0,NA,NA,NA,NA,Y,NA,-,99,0,0,2,0,0,0,0,0,0,-,-,NA,NA,LOS ANGELES,LOS ANGELES,-118.3153839111328,34.0368766784668
8797134,2019,2019-03-18,1942,2019-01-03,1305,42232,2031,4,5,7,1942,0,0,0,NA,0,20A1,WESTERN AV,WILSHIRE BL,200,S,N,A,-,N,NA,NA,NA,NA,NA,NA,NA,NA,NA,Y,4,0,1,2,A,-,09,21801,NA,N,B,C,A,A,H,-,A,D,0,NA,NA,NA,NA,Y,NA,A,01,0,0,1,0,0,0,0,0,0,-,-,NA,NA,LOS ANGELES,LOS ANGELES,-118.30908966064452,34.06113052368164
8797138,2019,2019-02-15,1942,2019-01-15,1720,43309,2069,2,5,7,1942,0,0,0,NA,0,20A,WESTMORELAND AV,PICO BL,450,N,N,C,-,N,NA,NA,NA,NA,NA,NA,NA,NA,NA,N,4,0,3,2,A,-,07,21658,A,N,B,C,A,B,G,-,C,B,0,NA,NA,NA,NA,Y,NA,A,07,0,0,3,0,0,0,0,0,0,-,-,NA,NA,LOS ANGELES,LOS ANGELES,-118.28911590576172,34.04851150512695
8797141,2019,2019-02-20,1942,2019-01-09,1225,42962,1265,3,5,7,1942,0,0,0,L,0,12A73,MANCHESTER AV,NORMANDIE AV,0,NA,Y,A,-,N,NA,NA,NA,NA,NA,NA,NA,NA,NA,Y,4,0,1,2,A,-,12,21453,A,N,D,C,A,A,H,-,A,A,0,NA,NA,NA,NA,Y,NA,A,01,0,0,1,0,0,0,0,0,0,-,-,NA,NA,LOS ANGELES,LOS ANGELES,-118.3002700805664,33.96001052856445
8797142,2019,2019-02-15,1942,2019-01-11,1710,43405,2044,5,5,7,1942,0,0,0,NA,0,20A34,8TH ST,KINGSLEY DR,0,NA,Y,A,-,N,NA,NA,NA,NA,NA,NA,NA,NA,NA,Y,4,0,1,2,A,-,08,22107,NA,N,D,C,A,A,H,-,C,A,0,NA,NA,NA,NA,Y,NA,A,01,0,0,1,0,0,0,0,0,0,-,-,NA,NA,LOS ANGELES,LOS ANGELES,-118.30307006835938,34.057701110839844
8797145,2019,2019-02-20,1942,2019-01-10,0450,40673,1L56,4,5,7,1942,0,0,0,NA,0,12A67,FIGUEROA ST,76TH ST,0,NA,Y,A,-,N,NA,NA,NA,NA,NA,NA,NA,NA,NA,N,4,0,1,2,A,-,09,21801,A,F,D,C,A,A,H,-,C,A,0,NA,NA,NA,NA,Y,NA,A,01,0,0,1,0,0,0,0,0,0,-,-,NA,NA,LOS ANGELES,LOS ANGELES,-118.28270721435548,33.970760345458984
8797146,2019,2019-02-15,1942,2019-01-12,1720,42718,2019,6,5,7,1942,0,0,0,NA,0,20A44,1ST ST,COMMONWEALTH AV,0,NA,Y,A,-,N,NA,NA,NA,NA,NA,NA,NA,NA,NA,N,4,0,3,2,A,-,03,22350,NA,N,C,C,A,A,H,-,C,A,0,NA,NA,NA,NA,Y,NA,A,01,0,0,3,0,0,0,0,0,0,-,-,NA,NA,LOS ANGELES,LOS ANGELES,-118.2855987548828,34.073509216308594
8797149,2019,2019-02-20,1942,2019-01-04,1715,40452,2093,5,5,7,1942,0,0,0,NA,0,20A71,WEST WASHINGTON BL,WESTERN AV,120,W,N,A,-,N,NA,NA,NA,NA,NA,NA,NA,NA,NA,Y,3,0,2,2,A,-,08,22102,NA,N,D,C,A,A,H,-,C,A,0,NA,NA,NA,NA,Y,NA,A,01,0,1,1,0,0,0,0,0,0,-,-,NA,NA,LOS ANGELES,LOS ANGELES,-118.30938720703124,34.039920806884766
8797150,2019,2019-02-15,1942,2019-01-19,1800,43222,2013,6,5,7,1942,0,0,0,NA,0,20A58,BEVERLY BL,SERRANO AV,0,NA,Y,A,-,N,NA,NA,NA,NA,NA,NA,NA,NA,NA,N,4,0,1,2,A,-,08,22107,NA,N,B,C,A,A,H,-,C,A,0,NA,NA,NA,NA,Y,NA,A,01,0,0,1,0,0,0,0,0,0,-,-,NA,NA,LOS ANGELES,LOS ANGELES,-118.3069076538086,34.07624816894531
8797153,2019,2019-02-20,1942,2019-01-04,1304,34959,2041,5,5,7,1942,0,0,0,NA,0,20A53,OLYMPIC BL,CRENSHAW BL,142,E,N,A,-,N,NA,NA,NA,NA,NA,NA,NA,NA,NA,Y,4,0,2,2,A,-,03,22350,NA,N,C,C,A,A,H,-,A,D,0,NA,NA,NA,NA,Y,NA,A,01,0,0,2,0,0,0,0,0,0,-,-,NA,NA,LOS ANGELES,LOS ANGELES,-118.32257080078124,34.054508209228516
8797157,2019,2019-02-20,1942,2019-01-18,1835,43222,2079,5,5,7,1942,0,0,0,NA,0,20A58,PICO BL,WESTMORELAND AV,0,NA,Y,A,-,N,NA,NA,NA,NA,NA,NA,NA,NA,NA,Y,2,0,1,2,A,-,09,21801,A,N,A,C,A,A,H,-,C,A,0,NA,NA,Y,NA,Y,NA,A,01,1,0,0,0,0,0,0,0,1,-,-,NA,NA,LOS ANGELES,LOS ANGELES,-118.28916931152344,34.047279357910156
8797161,2019,2019-02-20,1942,2019-01-11,1910,41877,1407,5,5,7,1942,0,0,0,N,0,14A27,JASMINE AV,REGENT ST,200,N,N,A,-,N,NA,NA,NA,NA,NA,NA,NA,NA,NA,Y,4,0,2,2,A,-,05,21752,NA,N,D,C,A,A,H,-,C,D,0,NA,NA,NA,NA,Y,NA,A,08,0,0,2,0,0,0,0,0,0,-,-,NA,NA,LOS ANGELES,LOS ANGELES,-118.40390777587892,34.024330139160156
8797162,2019,2019-02-15,1942,2019-01-21,1830,43058,1472,1,5,7,1942,0,0,0,N,0,14A1,PERSHING DR,W MANCHESTER BL,0,NA,Y,A,-,N,NA,NA,NA,NA,NA,NA,NA,NA,NA,N,4,0,1,2,A,-,03,22350,NA,N,C,A,A,A,H,-,C,D,0,NA,NA,NA,NA,Y,NA,A,01,0,0,1,0,0,0,0,0,0,-,-,NA,NA,LOS ANGELES,LOS ANGELES,-118.44244384765624,33.9564208984375
8797165,2019,2019-02-20,1942,2019-01-21,1520,38088,143,1,5,7,1942,0,0,0,N,0,14A12,LINCOLN,MILWOOD,0,NA,Y,A,-,N,NA,NA,NA,NA,NA,NA,NA,NA,NA,N,4,0,1,2,A,-,04,21703,NA,N,C,C,A,A,H,-,A,D,0,NA,NA,NA,NA,Y,NA,A,08,0,0,1,0,0,0,0,0,0,-,-,NA,NA,LOS ANGELES,LOS ANGELES,-118.46034240722656,33.99711990356445
8797166,2019,2019-02-15,1942,2019-01-21,1725,42136,1441,1,5,7,1942,0,0,0,N,0,14A45,WASHINGTON BL,VIA DOLCE,50,E,N,G,-,N,NA,NA,NA,NA,NA,NA,NA,NA,NA,N,4,0,2,2,A,-,09,21801,B,N,D,C,A,A,H,-,C,A,0,NA,NA,NA,NA,Y,NA,A,01,0,0,2,0,0,0,0,0,0,-,-,NA,NA,LOS ANGELES,LOS ANGELES,-118.46338653564452,33.98113250732422
8797169,2019,2019-03-28,1925,2019-01-30,2100,27527,268,3,5,6,1925,0,0,0,NA,0,002,COLORADO ST,PACIFIC AV,142,E,N,A,-,N,NA,NA,NA,NA,NA,NA,NA,NA,NA,Y,2,0,1,1,A,-,00,23103,A,N,A,I,A,A,H,-,C,D,0,NA,NA,NA,NA,Y,NA,A,01,1,0,0,0,0,0,0,0,0,-,-,NA,NA,LOS ANGELES,GLENDALE,-118.26395416259766,34.142520904541016
8797170,2019,2019-02-15,1942,2019-01-20,2240,42157,1415,7,5,7,1942,0,0,0,N,0,14A13,LINCOLN BL,BROOKS AV,0,NA,Y,A,-,N,NA,NA,NA,NA,NA,NA,NA,NA,NA,N,3,0,2,2,A,-,12,21453,A,N,D,C,A,A,H,-,C,A,0,NA,NA,Y,NA,Y,NA,C,02,0,2,0,0,0,0,0,0,1,-,-,NA,NA,LOS ANGELES,LOS ANGELES,-118.46253204345705,33.99877166748047
8797174,2019,2019-02-15,1942,2019-01-12,1435,42685,1462,6,5,7,1942,0,0,0,N,0,8A59,CULVER BL,NICHOLSON ST,0,NA,Y,A,-,N,NA,NA,NA,NA,NA,NA,NA,NA,NA,Y,2,0,1,2,A,-,09,21801,NA,N,A,C,A,A,H,-,A,A,0,NA,NA,Y,NA,Y,NA,A,01,1,0,0,0,0,0,0,0,1,-,-,NA,NA,LOS ANGELES,LOS ANGELES,-118.44490814208984,33.96171188354492
8797177,2019,2019-02-20,1942,2019-01-20,2115,40690,2025,7,5,7,1942,0,0,0,NA,0,20A25,S NORMANDIE AV,3RD ST,100,N,N,A,-,N,NA,NA,NA,NA,NA,NA,NA,NA,NA,N,4,0,1,2,A,-,03,22350,NA,N,C,C,A,A,H,-,C,D,0,NA,NA,NA,NA,Y,NA,A,01,0,0,1,0,0,0,0,0,0,-,-,NA,NA,LOS ANGELES,LOS ANGELES,-118.30036163330078,34.06928253173828
8797178,2019,2019-02-15,1942,2019-01-09,1730,42273,2038,3,5,7,1942,0,0,0,NA,0,20A39,VERMONT AV,WILSHIRE BL,500,N,N,A,-,N,NA,NA,NA,NA,NA,NA,NA,NA,NA,N,4,0,2,2,A,-,03,22350,NA,F,C,C,A,A,H,-,C,D,0,NA,NA,NA,NA,Y,NA,-,99,0,0,2,0,0,0,0,0,0,-,-,NA,NA,LOS ANGELES,LOS ANGELES,-118.29164886474608,34.06317138671875
8797181,2019,2019-02-20,1942,2019-01-18,0230,41210,2016,5,5,7,1942,0,0,0,NA,0,8TL35,NORMANDIE AV,3RD ST,244,NA,N,A,-,N,NA,NA,NA,NA,NA,NA,NA,NA,NA,Y,4,0,6,2,A,-,21,22106,NA,N,C,C,A,B,H,-,C,D,0,NA,NA,NA,NA,Y,NA,A,01,0,0,6,0,0,0,0,0,0,-,-,NA,NA,LOS ANGELES,LOS ANGELES,-118.30036163330078,34.06901168823242
8797185,2019,2019-02-20,1942,2019-01-21,1115,34959,2029,1,5,7,1942,0,0,0,NA,0,20A39,6TH ST,COMMONWEALTH AV,0,NA,Y,A,-,N,NA,NA,NA,NA,NA,NA,NA,NA,NA,Y,4,0,2,2,A,-,12,21453,A,N,D,C,A,A,H,-,A,A,0,NA,NA,NA,NA,Y,NA,A,01,0,0,2,0,0,0,0,0,0,-,-,NA,NA,LOS ANGELES,LOS ANGELES,-118.2856674194336,34.0637092590332
8797189,2019,2019-02-20,1942,2019-01-10,1653,41179,2099,4,5,7,1942,0,0,0,NA,0,20A97,S HOOVER ST,WASHINGTON BL,217,N,N,A,-,N,NA,NA,NA,NA,NA,NA,NA,NA,NA,Y,4,0,1,2,A,-,03,22350,NA,N,C,C,A,A,H,-,A,D,0,NA,NA,NA,NA,Y,NA,A,01,0,0,1,0,0,0,0,0,0,-,-,NA,NA,LOS ANGELES,LOS ANGELES,-118.28412628173828,34.040443420410156
8797193,2019,2019-02-20,1942,2019-01-10,1340,31465,2033,4,5,7,1942,0,0,0,NA,0,20A33,OXFORD AV,WILSHIRE BL,20,N,N,A,-,N,NA,NA,NA,NA,NA,NA,NA,NA,NA,N,4,0,1,2,A,-,03,22350,NA,N,C,C,A,A,H,-,A,A,0,NA,NA,NA,NA,Y,NA,A,01,0,0,1,0,0,0,0,0,0,-,-,NA,NA,LOS ANGELES,LOS ANGELES,-118.30783081054688,34.0617561340332
8797197,2019,2019-02-20,1942,2019-01-14,1325,31465,2019,1,5,7,1942,0,0,0,NA,0,20A39,1ST ST,BIMINI PL,30,E,N,C,-,N,NA,NA,NA,NA,NA,NA,NA,NA,NA,N,4,0,1,2,A,-,04,21703,NA,N,C,C,A,B,H,-,A,D,0,NA,NA,NA,NA,Y,NA,A,01,0,0,1,0,0,0,0,0,0,-,-,NA,NA,LOS ANGELES,LOS ANGELES,-118.29045104980467,34.0731201171875
8797204,2018,2019-02-15,1942,2018-12-20,1942,43328,1424,4,5,7,1942,0,0,0,N,0,14A73,CENTINELA AV,WOODBINE ST,150,S,N,A,-,N,NA,NA,NA,NA,NA,NA,NA,NA,NA,N,3,0,2,3,A,-,03,22350,NA,F,C,C,A,A,H,-,C,D,0,NA,NA,NA,NA,Y,NA,-,99,0,1,1,0,0,0,0,0,0,-,-,NA,NA,LOS ANGELES,LOS ANGELES,-118.43976593017578,34.01182556152344
8797205,2019,2019-03-20,1942,2019-02-05,0805,41548,0331,2,5,7,1942,0,0,0,C,0,3A31,LA BREA AV,ROSELAND ST,0,NA,Y,C,-,N,NA,NA,NA,NA,NA,NA,NA,NA,NA,Y,4,0,2,2,A,-,08,22101,D,N,B,C,A,B,H,-,A,D,0,NA,NA,NA,NA,Y,NA,A,01,0,0,2,0,0,0,0,0,0,-,-,NA,NA,LOS ANGELES,LOS ANGELES,-118.35372924804688,34.027198791503906
8797208,2018,2019-02-15,1942,2018-12-29,0200,41215,1145,6,5,7,1942,0,0,0,K,0,11A95,GLENDALE BL,BRIER AV,0,NA,Y,A,-,N,NA,NA,NA,NA,NA,NA,NA,NA,NA,Y,4,0,1,2,A,-,08,22107,NA,N,B,E,A,A,H,-,C,D,0,NA,NA,NA,NA,Y,NA,A,01,0,0,1,0,0,0,0,0,0,-,-,NA,NA,LOS ANGELES,LOS ANGELES,-118.25923919677734,34.10015106201172
8797212,2018,2019-02-15,1942,2018-12-29,1300,41139,1469,6,5,7,1942,0,0,0,N,0,14A67,CENTINELA AV,LA CIENEGA AV,60,W,N,A,-,N,NA,NA,NA,NA,NA,NA,NA,NA,NA,N,4,0,1,2,A,-,03,22350,NA,F,C,C,A,A,H,-,A,D,0,NA,NA,NA,NA,Y,NA,-,99,0,0,1,0,0,0,0,0,0,-,-,NA,NA,LOS ANGELES,LOS ANGELES,-118.37043762207033,33.97731399536133
8797216,2018,2019-04-12,1942,2018-12-19,1335,34385,1454,3,5,7,1942,0,0,0,N,0,NA,CULVER BL,RT 90,33,S,N,A,-,Y,LA,7,90,-,-,1.869,R,4,E,Y,4,0,1,2,A,-,12,21453,A,N,D,C,A,A,H,-,A,A,0,NA,NA,NA,NA,Y,NA,A,01,0,0,1,0,0,0,0,0,0,-,-,NA,NA,LOS ANGELES,LOS ANGELES,-118.42648315429688,33.98115158081055
8797220,2018,2019-02-15,1953,2018-12-20,1902,5202,1953,4,5,6,1953,0,0,0,NA,0,005,GREEN ST,MARENGO AV,200,E,N,A,-,N,NA,NA,NA,NA,NA,NA,NA,NA,NA,N,4,0,1,2,A,-,03,22350,NA,M,C,C,A,A,-,-,C,D,0,NA,NA,NA,NA,Y,NA,A,01,0,0,1,0,0,0,0,0,0,-,-,NA,NA,LOS ANGELES,PASADENA,-118.14530181884766,34.14450454711914
8797221,2019,2019-03-20,1942,2019-02-03,1850,43044,313,7,5,7,1942,0,0,0,NA,0,3A15,EDGEHILL DR,MONTCLAIR ST,40,N,N,C,-,N,NA,NA,NA,NA,NA,NA,NA,NA,NA,N,4,0,1,2,A,-,08,22107,NA,F,A,C,A,B,H,-,C,A,0,NA,NA,NA,NA,Y,NA,-,99,0,0,1,0,0,0,0,0,0,-,-,NA,NA,LOS ANGELES,LOS ANGELES,-118.32994079589844,34.0304069519043
8797223,2018,2019-02-15,1942,2018-12-31,1945,38296,1253,1,5,7,1942,0,0,0,L,0,12A73,FLORENCE AV,CIMARRON ST,0,NA,Y,A,-,N,NA,NA,NA,NA,NA,NA,NA,NA,NA,N,4,0,1,2,A,-,10,21950,A,N,G,B,B,A,H,-,C,A,0,Y,NA,NA,NA,Y,NA,A,01,0,0,1,0,1,0,0,0,0,-,-,NA,NA,LOS ANGELES,LOS ANGELES,-118.31590270996094,33.97460174560547
8797225,2019,2019-02-22,1942,2019-02-05,1620,39747,0B62,2,5,7,1942,0,0,0,NA,0,3A55,COLISEUM ST,NICOLET AV,200,E,N,A,-,N,NA,NA,NA,NA,NA,NA,NA,NA,NA,N,4,0,1,4,A,-,08,22103,NA,N,D,C,A,A,H,-,A,D,0,NA,NA,NA,NA,Y,NA,A,01,0,0,1,0,0,0,0,0,0,-,-,NA,NA,LOS ANGELES,LOS ANGELES,-118.34978485107422,34.01824188232422
8797227,2018,2019-02-15,1953,2018-12-24,2149,0705,1953,1,5,6,1953,0,0,0,NA,0,001,ARUNGTON DR,ORANGE GROVE BL,0,NA,Y,B,C,N,NA,NA,NA,NA,NA,NA,NA,NA,NA,Y,4,0,1,2,A,-,01,23153,A,F,A,B,B,B,H,-,C,D,0,Y,NA,NA,NA,Y,Y,A,07,0,0,1,0,1,0,0,0,0,-,-,NA,NA,LOS ANGELES,PASADENA,-118.158352,34.128261
8797228,2018,2019-03-05,1942,2018-12-12,1630,Y2205,0358,3,5,7,1942,0,0,0,C,0,3A34,JEFFERSON BL,MCCLINTOCK AV,200,E,N,A,-,N,NA,NA,NA,NA,NA,NA,NA,NA,NA,N,4,0,1,2,A,-,01,23153,A,F,B,C,A,A,H,-,B,A,0,NA,NA,NA,NA,Y,Y,A,01,0,0,1,0,0,0,0,0,0,-,-,NA,NA,LOS ANGELES,LOS ANGELES,-118.28652954101564,34.02478790283203
8797229,2019,2019-02-21,1942,2019-02-03,1945,42329,0341,7,5,7,1942,0,0,0,C,0,0355,LA CIENEGA BL,RODEO RD,500,S,N,C,-,N,NA,NA,NA,NA,NA,NA,NA,NA,NA,Y,4,0,1,2,A,-,03,22350,NA,N,C,C,A,B,H,-,C,D,0,NA,NA,NA,NA,Y,NA,A,01,0,0,1,0,0,0,0,0,0,-,-,NA,NA,LOS ANGELES,LOS ANGELES,-118.37242889404295,34.020328521728516
8797231,2018,2019-02-15,1942,2018-12-27,0125,43500,1942,4,5,7,1942,0,0,0,NA,0,1432,VENICE BL,ELECTRIC AV,20,E,N,A,-,N,NA,NA,NA,NA,NA,NA,NA,NA,NA,Y,4,0,1,2,A,-,01,23152,A,N,C,E,A,A,H,-,C,A,0,NA,NA,NA,NA,Y,Y,A,01,0,0,1,0,0,0,0,0,0,-,-,NA,NA,LOS ANGELES,LOS ANGELES,-118.45987701416016,33.99055862426758
8797232,2018,2019-02-14,1942,2018-12-16,1420,36238,1347,7,5,7,1942,0,0,0,M,0,13A27,E MARTIN LUTHER KING JR BL,ALAMEDA ST,150,W,N,A,-,N,NA,NA,NA,NA,NA,NA,NA,NA,NA,N,4,0,1,2,A,-,08,22102,NA,F,D,-,A,A,H,-,A,D,0,NA,NA,NA,NA,Y,NA,-,99,0,0,1,0,0,0,0,0,0,-,-,NA,NA,LOS ANGELES,LOS ANGELES,-118.24013519287108,34.00983428955078