CASE_ID,ACCIDENT_YEAR,PROC_DATE,JURIS,COLLISION_DATE,COLLISION_TIME,OFFICER_ID,REPORTING_DISTRICT,DAY_OF_WEEK,CHP_SHIFT,POPULATION,CNTY_CITY_LOC,SPECIAL_COND,BEAT_TYPE,CHP_BEAT_TYPE,CITY_DIVISION_LAPD,CHP_BEAT_CLASS,BEAT_NUMBER,PRIMARY_RD,SECONDARY_RD,DISTANCE,DIRECTION,INTERSECTION,WEATHER_1,WEATHER_2,STATE_HWY_IND,CALTRANS_COUNTY,CALTRANS_DISTRICT,STATE_ROUTE,ROUTE_SUFFIX,POSTMILE_PREFIX,POSTMILE,LOCATION_TYPE,RAMP_INTERSECTION,SIDE_OF_HWY,TOW_AWAY,COLLISION_SEVERITY,NUMBER_KILLED,NUMBER_INJURED,PARTY_COUNT,PRIMARY_COLL_FACTOR,PCF_CODE_OF_VIOL,PCF_VIOL_CATEGORY,PCF_VIOLATION,PCF_VIOL_SUBSECTION,HIT_AND_RUN,TYPE_OF_COLLISION,MVIW,PED_ACTION,ROAD_SURFACE,ROAD_COND_1,ROAD_COND_2,LIGHTING,CONTROL_DEVICE,CHP_ROAD_TYPE,PEDESTRIAN_ACCIDENT,BICYCLE_ACCIDENT,MOTORCYCLE_ACCIDENT,TRUCK_ACCIDENT,NOT_PRIVATE_PROPERTY,ALCOHOL_INVOLVED,STWD_VEHTYPE_AT_FAULT,CHP_VEHTYPE_AT_FAULT,COUNT_SEVERE_INJ,COUNT_VISIBLE_INJ,COUNT_COMPLAINT_PAIN,COUNT_PED_KILLED,COUNT_PED_INJURED,COUNT_BICYCLIST_KILLED,COUNT_BICYCLIST_INJURED,COUNT_MC_KILLED,COUNT_MC_INJURED,PRIMARY_RAMP,SECONDARY_RAMP,LATITUDE,LONGITUDE,COUNTY,CITY,POINT_X,POINT_Y
8797659,2018,2019-05-01,1942,2018-10-19,1940,43252,0362,5,5,7,1942,0,0,0,C,0,3A63,MARTIN LUTHER KING BL,COLISEUM ST,0,NA,Y,A,-,N,NA,NA,NA,NA,NA,NA,NA,NA,NA,N,2,0,2,2,A,-,12,21453,A,N,D,J,A,A,H,-,C,A,0,NA,NA,NA,NA,Y,NA,D,22,2,0,0,0,0,0,0,0,0,-,-,NA,NA,LOS ANGELES,LOS ANGELES,-118.3459701538086,34.017478942871094
8797662,2018,2019-02-28,1942,2018-12-10,1720,39407,0377,1,5,7,1942,0,0,0,C,0,3A99,39TH ST,BUDLONG AV,0,NA,Y,A,-,N,NA,NA,NA,NA,NA,NA,NA,NA,NA,N,4,0,1,2,A,-,09,21804,A,N,D,C,A,A,H,-,B,D,0,NA,NA,NA,NA,Y,NA,A,01,0,0,1,0,0,0,0,0,0,-,-,NA,NA,LOS ANGELES,LOS ANGELES,-118.29586791992188,34.01551055908203
8797663,2019,2019-02-08,1920,2019-01-28,0101,13500,1920,1,5,6,1920,0,0,0,NA,0,001,WOODRUFF AV,WASHBURN RD,53,N,N,A,-,N,NA,NA,NA,NA,NA,NA,NA,NA,NA,N,3,0,1,2,A,-,09,21801,A,N,G,G,A,A,H,-,C,A,0,NA,Y,NA,NA,Y,NA,A,01,0,1,0,0,0,0,1,0,0,-,-,NA,NA,LOS ANGELES,DOWNEY,-118.11670684814452,33.92445373535156
8797666,2018,2019-02-28,1942,2018-12-07,1815,42094,0358,5,5,7,1942,0,0,0,C,0,3A34,VERMONT AV,36TH PL,50,N,N,A,-,N,NA,NA,NA,NA,NA,NA,NA,NA,NA,N,4,0,3,2,A,-,04,21703,NA,N,C,C,A,A,H,-,B,A,0,NA,NA,NA,NA,Y,NA,A,01,0,0,3,0,0,0,0,0,0,-,-,NA,NA,LOS ANGELES,LOS ANGELES,-118.2915496826172,34.0222053527832
8797667,2018,2019-02-08,1920,2018-10-29,1759,12611,NA,1,5,6,1920,0,0,0,NA,0,005,PARAMOUNT BL,7TH ST,0,NA,Y,A,-,N,NA,NA,NA,NA,NA,NA,NA,NA,NA,Y,4,0,2,2,A,-,09,21801,A,N,D,C,A,A,H,-,A,A,0,NA,NA,NA,NA,Y,NA,A,01,0,0,2,0,0,0,0,0,0,-,-,NA,NA,LOS ANGELES,DOWNEY,-118.1337890625,33.94837951660156
8797670,2018,2019-02-08,1942,2018-12-08,0900,42758,0392,6,5,7,1942,0,0,0,C,0,3XL97,ARLINGTON AV,VERNON AV,0,NA,Y,A,-,N,NA,NA,NA,NA,NA,NA,NA,NA,NA,N,3,0,2,2,A,-,09,21801,A,N,A,C,A,A,H,-,A,A,0,NA,NA,NA,NA,Y,NA,A,01,0,1,1,0,0,0,0,0,0,-,-,NA,NA,LOS ANGELES,LOS ANGELES,-118.31822204589844,34.003700256347656
8797671,2018,2019-02-08,1942,2018-10-06,1330,43554,363,6,5,7,1942,0,0,0,NA,0,3A63,SANTA ROSALIA DR,ABOURNE RD,100,W,N,A,-,N,NA,NA,NA,NA,NA,NA,NA,NA,NA,N,4,0,1,2,A,-,05,21650,NA,N,-,-,A,A,H,-,A,-,0,NA,NA,NA,NA,Y,NA,A,01,0,0,1,0,0,0,0,0,0,-,-,NA,NA,LOS ANGELES,LOS ANGELES,-118.34383392333984,34.01252365112305
8797674,2018,2019-02-08,1942,2018-12-05,1730,Y2205,0393,3,5,7,1942,0,0,0,C,0,3A34,STOCKER ST,CRENSHAW BL,0,NA,Y,C,-,N,NA,NA,NA,NA,NA,NA,NA,NA,NA,Y,3,0,2,2,A,-,09,21801,A,N,A,C,A,B,H,-,C,A,0,NA,NA,NA,NA,Y,Y,A,01,0,1,1,0,0,0,0,0,0,-,-,NA,NA,LOS ANGELES,LOS ANGELES,-118.33509826660156,34.00843048095703
8797675,2018,2019-02-08,1942,2018-10-31,0405,43139,0311,3,5,7,1942,0,0,0,C,0,3A1,LA CIENEGA BL,BODEN ST,0,NA,Y,A,-,N,NA,NA,NA,NA,NA,NA,NA,NA,NA,Y,4,0,1,2,A,-,03,22350,NA,N,A,E,A,A,H,-,C,A,0,NA,NA,NA,NA,Y,NA,A,01,0,0,1,0,0,0,0,0,0,-,-,NA,NA,LOS ANGELES,LOS ANGELES,-118.37200927734376,34.028221130371094
8797678,2018,2019-02-08,1942,2018-12-10,0740,41567,0334,1,5,7,1942,0,0,0,C,0,12A39,30TH ST,CRENSHAW BL,185,E,N,A,-,N,NA,NA,NA,NA,NA,NA,NA,NA,NA,N,4,0,1,2,A,-,09,21804,A,F,D,C,A,A,H,-,A,D,0,NA,NA,NA,NA,Y,NA,-,99,0,0,1,0,0,0,0,0,0,-,-,NA,NA,LOS ANGELES,LOS ANGELES,-118.33448791503906,34.027618408203125
8797679,2018,2019-02-08,1942,2018-10-30,1625,41854,0358,2,5,7,1942,0,0,0,C,0,3A98,NORMANDIE AV,W 36TH PL,0,NA,Y,A,-,N,NA,NA,NA,NA,NA,NA,NA,NA,NA,Y,3,0,2,2,A,-,09,21801,NA,N,A,C,A,A,H,-,A,A,0,NA,NA,NA,NA,Y,NA,A,01,0,1,1,0,0,0,0,0,0,-,-,NA,NA,LOS ANGELES,LOS ANGELES,-118.30020141601564,34.021888732910156
8797683,2018,2019-02-11,1942,2018-12-31,1800,41158,1695,1,5,7,1942,0,0,0,P,0,16A81,KESWICK ST,VINELAND AV,0,NA,Y,A,-,N,NA,NA,NA,NA,NA,NA,NA,NA,NA,Y,3,0,3,3,A,-,09,21802,A,N,D,C,A,A,H,-,C,A,0,NA,NA,NA,NA,Y,NA,A,07,0,2,1,0,0,0,0,0,0,-,-,NA,NA,LOS ANGELES,LOS ANGELES,-118.37033081054688,34.21018981933594
8797684,2018,2019-02-13,1942,2018-12-06,1740,43580,1705,4,5,7,1942,0,0,0,Q,0,17A24,SAN FERNANDO RD,SIERRA HWY,150,E,N,B,-,N,NA,NA,NA,NA,NA,NA,NA,NA,NA,N,4,0,1,3,A,-,04,21703,NA,N,C,C,A,B,H,-,C,D,0,NA,NA,NA,NA,Y,NA,A,07,0,0,1,0,0,0,0,0,0,-,-,NA,NA,LOS ANGELES,LOS ANGELES,-118.50598907470705,34.33235168457031
8797686,2018,2019-02-11,1942,2018-12-25,1800,34426,0265,2,5,7,1942,0,0,0,B,0,2A75,7TH ST,ALVARADO ST,50,W,N,A,-,N,NA,NA,NA,NA,NA,NA,NA,NA,NA,N,4,0,1,2,A,-,11,21954,A,N,G,B,D,A,H,-,A,A,0,Y,NA,NA,NA,Y,Y,N,60,0,0,1,0,1,0,0,0,0,-,-,NA,NA,LOS ANGELES,LOS ANGELES,-118.27695465087892,34.05654525756836
8797687,2018,2019-02-11,1942,2018-12-30,1815,42460,1698,7,5,7,1942,0,0,0,P,0,16A81,HOLLYWOOD WY,COHASSET ST,0,NA,Y,A,-,N,NA,NA,NA,NA,NA,NA,NA,NA,NA,N,4,0,3,2,A,-,17,21657,NA,N,A,C,A,A,H,-,A,A,0,NA,NA,NA,NA,Y,NA,A,01,0,0,3,0,0,0,0,0,0,-,-,NA,NA,LOS ANGELES,LOS ANGELES,-118.3486099243164,34.20668029785156
8797688,2018,2019-02-12,1942,2018-12-18,1235,38613,1713,2,5,7,1942,0,0,0,Q,0,17A35,RINALDI ST,AMIGO AV,40,E,N,A,-,N,NA,NA,NA,NA,NA,NA,NA,NA,NA,Y,3,0,4,2,A,-,09,21801,A,N,D,C,A,A,H,-,A,A,0,NA,NA,NA,NA,Y,NA,A,01,0,1,3,0,0,0,0,0,0,-,-,NA,NA,LOS ANGELES,LOS ANGELES,-118.53832244873048,34.27568817138672
8797690,2018,2019-02-11,1942,2018-12-30,1440,37700,2027,7,5,7,1942,0,0,0,NA,0,20A45,S VERMONT AV,5TH ST,15,N,N,A,-,N,NA,NA,NA,NA,NA,NA,NA,NA,NA,N,4,0,1,2,A,-,17,21663,NA,N,G,B,F,A,H,-,A,D,0,Y,NA,NA,NA,Y,NA,A,01,0,0,1,0,1,0,0,0,0,-,-,NA,NA,LOS ANGELES,LOS ANGELES,-118.29165649414064,34.065452575683594
8797691,2018,2019-04-08,1942,2018-12-19,1630,30830,1664,3,5,7,1942,0,0,0,P,0,16A77,SHELDON ST,SAN FERNANDO RD,1500,E,N,A,-,N,NA,NA,NA,NA,NA,NA,NA,NA,NA,Y,4,0,1,2,A,-,09,21804,A,N,D,C,A,A,H,-,A,D,0,NA,NA,Y,NA,Y,NA,A,01,0,0,1,0,0,0,0,0,1,-,-,NA,NA,LOS ANGELES,LOS ANGELES,-118.38999938964844,34.242027282714844
8797692,2018,2019-02-12,1942,2018-12-10,1515,42514,1794,1,5,7,1942,0,0,0,Q,0,17A67,RESEDA BL,PARTHENIA ST,300,N,N,A,-,N,NA,NA,NA,NA,NA,NA,NA,NA,NA,N,4,0,2,2,A,-,04,21703,NA,N,C,C,A,A,H,-,A,D,0,NA,NA,NA,NA,Y,NA,A,01,0,0,2,0,0,0,0,0,0,-,-,NA,NA,LOS ANGELES,LOS ANGELES,-118.5360870361328,34.22907257080078
8797693,2018,2019-02-11,1976,2018-12-20,1553,479,NA,4,5,5,1976,0,0,0,NA,0,NA,COLIMA RD,EL SONETO DR,0,NA,Y,A,-,N,NA,NA,NA,NA,NA,NA,NA,NA,NA,Y,3,0,2,2,A,-,09,21801,A,N,D,C,A,A,H,-,A,D,0,NA,NA,NA,NA,Y,NA,A,01,0,1,1,0,0,0,0,0,0,-,-,NA,NA,LOS ANGELES,WHITTIER,-118.0048599243164,33.95140075683594
8797694,2018,2019-02-11,1942,2018-12-28,1522,41671,2033,5,5,7,1942,0,0,0,NA,0,20A33,8TH ST,WESTERN AV,0,NA,Y,A,-,N,NA,NA,NA,NA,NA,NA,NA,NA,NA,N,3,0,1,2,A,-,17,21228,NA,N,D,C,A,A,H,-,A,A,0,NA,NA,Y,NA,Y,NA,C,03,0,1,0,0,0,0,0,0,1,-,-,NA,NA,LOS ANGELES,LOS ANGELES,-118.30908966064452,34.05802917480469
8797695,2018,2019-02-11,1942,2018-12-02,1315,39192,1676,7,5,7,1942,0,0,0,P,0,16A77,GLENOAKS BL,ROSCOE BL,260,S,N,A,-,N,NA,NA,NA,NA,NA,NA,NA,NA,NA,Y,3,0,2,1,A,-,08,22107,NA,N,E,I,A,A,H,-,A,D,0,NA,NA,NA,NA,Y,NA,A,01,0,1,1,0,0,0,0,0,0,-,-,NA,NA,LOS ANGELES,LOS ANGELES,-118.3585968017578,34.22196578979492
8797696,2018,2019-02-12,1942,2018-12-09,1830,38620,1787,7,5,7,1942,0,0,0,Q,0,10X94,NORDHOFF ST,WHITE OAK AV,0,NA,Y,A,-,N,NA,NA,NA,NA,NA,NA,NA,NA,NA,Y,3,0,1,2,A,-,09,21801,A,N,B,C,A,A,H,-,C,A,0,NA,NA,NA,NA,Y,NA,A,01,0,1,0,0,0,0,0,0,0,-,-,NA,NA,LOS ANGELES,LOS ANGELES,-118.5199966430664,34.2358283996582
8797697,2018,2019-03-04,1976,2018-12-31,0642,425,NA,1,5,5,1976,0,0,0,NA,0,002,GREENLEAF AV,LAMBERT RD,0,NA,Y,A,-,N,NA,NA,NA,NA,NA,NA,NA,NA,NA,N,4,0,2,2,A,-,09,21801,A,N,-,C,A,A,H,-,A,-,0,NA,NA,NA,NA,Y,NA,A,01,0,0,2,0,0,0,0,0,0,-,-,NA,NA,LOS ANGELES,WHITTIER,-118.04190063476564,33.96091079711914
8797698,2018,2019-02-11,1942,2018-12-21,1700,42908,2054,5,5,7,1942,0,0,0,NA,0,20A71,HARVARD BL,SAN MARINO ST,0,NA,Y,A,-,N,NA,NA,NA,NA,NA,NA,NA,NA,NA,N,3,0,1,2,A,-,08,22107,NA,N,D,G,A,A,H,-,B,A,0,NA,Y,NA,NA,Y,NA,A,07,0,1,0,0,0,0,1,0,0,-,-,NA,NA,LOS ANGELES,LOS ANGELES,-118.30416107177734,34.05448913574219
8797699,2018,2019-02-11,1942,2018-12-07,1630,39410,1669,5,5,7,1942,0,0,0,P,0,16A59,FOOTHILL BL,CREEMORE DR,12,E,N,A,-,N,NA,NA,NA,NA,NA,NA,NA,NA,NA,Y,2,0,2,2,A,-,09,21801,A,N,D,C,A,A,H,-,A,A,0,NA,NA,Y,NA,Y,NA,A,01,1,0,1,0,0,0,0,0,1,-,-,NA,NA,LOS ANGELES,LOS ANGELES,-118.27198791503906,34.244049072265625
8797700,2018,2019-02-27,1942,2018-12-07,1930,40028,1767,5,5,7,1942,0,0,0,Q,0,17X1,RESEDA,PLUMMER ST,0,NA,Y,A,-,N,NA,NA,NA,NA,NA,NA,NA,NA,NA,Y,4,0,1,2,A,-,09,21801,A,N,A,C,A,A,H,-,C,A,0,NA,NA,NA,NA,Y,NA,A,01,0,0,1,0,0,0,0,0,0,-,-,NA,NA,LOS ANGELES,LOS ANGELES,-118.53607940673828,34.242740631103516
8797701,2018,2019-02-15,1942,2018-12-24,0850,42932,0442,1,5,7,1942,0,0,0,D,0,4A15,STATE ST,RT 10,0,NA,Y,A,-,Y,LA,7,10,-,-,18.657,R,4,W,N,4,0,1,2,A,-,09,21453,B,N,D,C,A,A,H,-,A,A,0,NA,NA,NA,NA,Y,NA,A,07,0,0,1,0,0,0,0,0,0,-,-,NA,NA,LOS ANGELES,LOS ANGELES,-118.20970916748048,34.05440902709961
8797702,2018,2019-02-11,1942,2018-12-22,1730,43222,2081,6,5,7,1942,0,0,0,NA,0,20A44,VENICE BL,GRAMERCY PL,22,W,N,A,-,N,NA,NA,NA,NA,NA,NA,NA,NA,NA,N,4,0,1,2,A,-,11,21954,A,N,G,B,D,A,H,-,C,D,0,Y,NA,NA,NA,Y,NA,N,60,0,0,1,0,1,0,0,0,0,-,-,NA,NA,LOS ANGELES,LOS ANGELES,-118.3131103515625,34.04356002807617
8797703,2018,2019-02-11,1942,2018-12-06,1810,26319,1602,4,5,7,1942,0,0,0,P,0,16A11,PAXTON ST,DRONFIELD AV,0,NA,Y,A,-,N,NA,NA,NA,NA,NA,NA,NA,NA,NA,Y,4,0,2,2,A,-,09,21801,A,N,B,C,A,A,H,-,A,A,0,NA,NA,NA,NA,Y,NA,A,01,0,0,2,0,0,0,0,0,0,-,-,NA,NA,LOS ANGELES,LOS ANGELES,-118.41145324707033,34.284420013427734
8797704,2018,2019-02-12,1942,2018-12-08,2000,43586,1701,6,5,7,1942,0,0,0,Q,0,17A49,E RINALDI ST,PORTER RANCH DR,330,E,N,A,-,N,NA,NA,NA,NA,NA,NA,NA,NA,NA,Y,4,0,3,2,A,-,09,21804,NA,N,D,D,A,A,H,-,C,A,0,NA,NA,NA,NA,Y,NA,A,08,0,0,3,0,0,0,0,0,0,-,-,NA,NA,LOS ANGELES,LOS ANGELES,-118.56914520263672,34.27565002441406
8797705,2018,2019-02-11,1942,2018-12-20,0755,34458,0417,4,5,7,1942,0,0,0,D,0,4A15,N SOTO ST,MISSION RD,300,S,N,A,-,N,NA,NA,NA,NA,NA,NA,NA,NA,NA,N,4,0,2,2,A,-,09,21802,A,N,D,C,A,A,H,-,A,A,0,NA,NA,NA,NA,Y,NA,A,07,0,0,2,0,0,0,0,0,0,-,-,NA,NA,LOS ANGELES,LOS ANGELES,-118.19377899169922,34.07710647583008
8797706,2018,2019-02-11,1942,2018-12-23,1750,43405,2053,7,5,7,1942,0,0,0,NA,0,20A58,W OLYMPIC BL,SERRANO AV,0,NA,Y,A,-,N,NA,NA,NA,NA,NA,NA,NA,NA,NA,N,3,0,1,2,A,-,10,21950,C,N,G,B,B,A,H,-,C,D,0,Y,NA,NA,NA,Y,NA,A,01,0,1,0,0,1,0,0,0,0,-,-,NA,NA,LOS ANGELES,LOS ANGELES,-118.30632019042967,34.05261993408203
8797707,2018,2019-02-11,1942,2018-12-17,0710,33886,1635,1,5,7,1942,0,0,0,P,0,16A35,FOOTHILL BL,WHEATLAND AV,0,NA,Y,B,-,N,NA,NA,NA,NA,NA,NA,NA,NA,NA,Y,4,0,2,2,A,-,12,21453,A,N,D,C,A,A,H,-,A,A,0,NA,NA,NA,NA,Y,NA,A,01,0,0,2,0,0,0,0,0,0,-,-,NA,NA,LOS ANGELES,LOS ANGELES,-118.35279083251952,34.273319244384766
8797709,2018,2019-02-11,1942,2018-12-26,1640,34426,0449,3,5,7,1942,0,0,0,D,0,4A59,SOTO ST,POMEROY AV,0,NA,Y,A,-,N,NA,NA,NA,NA,NA,NA,NA,NA,NA,Y,4,0,1,2,A,-,09,21801,A,N,D,C,A,A,H,-,A,D,0,NA,NA,NA,NA,Y,NA,A,01,0,0,1,0,0,0,0,0,0,-,-,NA,NA,LOS ANGELES,LOS ANGELES,-118.20340728759766,34.05371856689453
8797710,2018,2019-02-11,1942,2018-12-22,2050,41353,2022,6,5,7,1942,0,0,0,NA,0,20A1,WESTERN AV,5TH ST,290,S,N,A,-,N,NA,NA,NA,NA,NA,NA,NA,NA,NA,N,4,0,1,2,A,-,11,21954,A,N,G,B,C,A,H,-,C,D,0,Y,NA,NA,NA,Y,NA,N,60,0,0,1,0,1,0,0,0,0,-,-,NA,NA,LOS ANGELES,LOS ANGELES,-118.309112,34.064503
8797711,2018,2019-02-11,1942,2018-12-28,1545,38443,1641,5,5,7,1942,0,0,0,P,0,16A23,PIERCE ST,RINCON AV,0,NA,Y,A,G,N,NA,NA,NA,NA,NA,NA,NA,NA,NA,N,4,0,1,2,A,-,09,21802,A,N,D,C,A,A,H,-,A,D,0,NA,NA,NA,NA,Y,NA,A,01,0,0,1,0,0,0,0,0,0,-,-,NA,NA,LOS ANGELES,LOS ANGELES,-118.42816162109376,34.25640106201172
8797713,2018,2019-02-11,1942,2018-12-28,1115,40421,0479,5,5,7,1942,0,0,0,D,0,4A53W2,ESPERANZA,SISKIYOU,0,NA,Y,A,-,N,NA,NA,NA,NA,NA,NA,NA,NA,NA,N,4,0,2,2,A,-,09,21802,A,N,D,C,A,A,H,-,A,A,0,NA,NA,NA,NA,Y,NA,A,08,0,0,2,0,0,0,0,0,0,-,-,NA,NA,LOS ANGELES,LOS ANGELES,-118.19679260253906,34.02458190917969
8797714,2018,2019-02-11,1942,2018-12-04,1240,41484,LAPD,2,5,7,1942,0,0,0,NA,0,CENTRA,S HARLEM PL,7TH ST,420,N,N,A,-,N,NA,NA,NA,NA,NA,NA,NA,NA,NA,N,3,0,1,2,A,-,11,21956,A,F,G,B,E,A,H,-,A,D,0,Y,NA,NA,NA,Y,NA,N,60,0,1,0,0,1,0,0,0,0,-,-,NA,NA,LOS ANGELES,LOS ANGELES,-118.25096893310548,34.04511260986328
8797715,2018,2019-02-11,1942,2018-12-01,1215,40928,1654,6,5,7,1942,0,0,0,P,0,16EL4,GLENOAKS BL,OSBORN ST,0,NA,Y,A,-,N,NA,NA,NA,NA,NA,NA,NA,NA,NA,Y,3,0,4,2,A,-,12,21453,A,N,D,C,A,A,H,-,A,A,0,NA,NA,NA,NA,Y,NA,A,08,0,1,3,0,0,0,0,0,0,-,-,NA,NA,LOS ANGELES,LOS ANGELES,-118.40197,34.26466
8797716,2018,2019-02-12,1942,2018-12-05,1610,37867,1795,3,5,7,1942,0,0,0,Q,0,17A48,PARTHENIA ST,LOUISE AV,30,W,N,C,-,N,NA,NA,NA,NA,NA,NA,NA,NA,NA,N,3,0,1,2,A,-,03,22350,NA,N,C,C,A,B,H,-,A,A,0,NA,NA,NA,NA,Y,NA,A,07,0,1,0,0,0,0,0,0,0,-,-,NA,NA,LOS ANGELES,LOS ANGELES,-118.50992584228516,34.22854995727539
8797717,2018,2019-02-11,1942,2018-12-21,0430,43016,0409,5,5,7,1942,0,0,0,D,0,4A59,HUNTINGTON DR,KENDALL AV,90,S,N,A,-,N,NA,NA,NA,NA,NA,NA,NA,NA,NA,Y,3,0,1,1,A,-,03,22350,NA,N,B,I,A,A,H,-,C,A,0,NA,NA,NA,NA,Y,Y,A,01,0,1,0,0,0,0,0,0,0,-,-,NA,NA,LOS ANGELES,LOS ANGELES,-118.15541839599608,34.098323822021484
8797718,2018,2019-02-11,1942,2018-12-01,2045,40822,0135,6,5,7,1942,0,0,0,A,0,1A41W3,SPRING ST,3RD ST,0,NA,Y,A,-,N,NA,NA,NA,NA,NA,NA,NA,NA,NA,N,3,0,1,2,A,-,10,21950,NA,N,G,B,B,A,H,-,C,A,0,Y,NA,NA,NA,Y,NA,A,01,0,1,0,0,1,0,0,0,0,-,-,NA,NA,LOS ANGELES,LOS ANGELES,-118.24697875976564,34.0502815246582
8797719,2018,2019-03-04,1942,2018-12-12,0740,37685,1687,3,5,7,1942,0,0,0,P,0,16A81,SAN FERNANDO RD,OLINDA ST,325,S,N,A,-,N,NA,NA,NA,NA,NA,NA,NA,NA,NA,Y,3,0,2,2,A,-,09,21801,A,N,B,C,A,A,H,-,A,D,0,NA,NA,NA,NA,Y,NA,-,NA,0,1,1,0,0,0,0,0,0,-,-,NA,NA,LOS ANGELES,LOS ANGELES,-118.3728485107422,34.221736907958984
8797720,2018,2019-02-12,1942,2018-12-05,0715,31931,1772,3,5,7,1942,0,0,0,Q,0,17A81,CORBIN AV,LASSEN ST,0,NA,Y,C,-,N,NA,NA,NA,NA,NA,NA,NA,NA,NA,Y,4,0,2,3,A,-,09,21801,A,N,A,C,A,B,H,-,A,A,0,NA,NA,NA,NA,Y,NA,A,01,0,0,2,0,0,0,0,0,0,-,-,NA,NA,LOS ANGELES,LOS ANGELES,-118.56230926513672,34.25
8797721,2018,2019-02-11,1942,2018-12-22,0620,40289,0424,6,5,7,1942,0,0,0,D,0,4A15,N MISSION RD,SELIG PL,121,N,N,A,-,N,NA,NA,NA,NA,NA,NA,NA,NA,NA,Y,3,0,2,3,A,-,08,22107,NA,N,C,E,A,A,H,-,A,D,0,NA,NA,NA,NA,Y,NA,A,07,0,1,1,0,0,0,0,0,0,-,-,NA,NA,LOS ANGELES,LOS ANGELES,-118.20063018798828,34.0687255859375
8797722,2018,2019-02-11,1942,2018-12-04,1440,43422,0134,2,5,7,1942,0,0,0,A,0,1A41,HILL ST,3RD ST,24,E,N,A,-,N,NA,NA,NA,NA,NA,NA,NA,NA,NA,N,4,0,1,2,A,-,10,21950,A,F,G,B,B,A,H,-,A,A,0,Y,NA,NA,NA,Y,Y,-,99,0,0,1,0,1,0,0,0,0,-,-,NA,NA,LOS ANGELES,LOS ANGELES,-118.24908447265624,34.051692962646484
8797723,2018,2019-02-11,1942,2018-12-13,1145,36471,1645,4,5,7,1942,0,0,0,P,0,16A35,OSBORNE ST,GLENOAKS BL,27,E,N,A,-,N,NA,NA,NA,NA,NA,NA,NA,NA,NA,Y,4,0,2,2,A,-,09,21801,A,N,A,C,A,A,H,-,A,A,0,NA,NA,NA,NA,Y,NA,-,NA,0,0,2,0,0,0,0,0,0,-,-,NA,NA,LOS ANGELES,LOS ANGELES,-118.40193176269533,34.2647819519043
8797724,2018,2019-02-12,1942,2018-12-20,1655,39192,1705,4,5,7,1942,0,0,0,Q,0,17A35,SAN FERNANDO RD,SUNSHINE CANYON RD,500,N,N,A,-,N,NA,NA,NA,NA,NA,NA,NA,NA,NA,Y,4,0,2,2,A,-,03,22350,NA,N,A,C,A,A,H,-,B,D,0,NA,NA,NA,NA,Y,NA,A,01,0,0,2,0,0,0,0,0,0,-,-,NA,NA,LOS ANGELES,LOS ANGELES,-118.50344848632813,34.32486343383789
8797725,2018,2019-02-11,1942,2018-12-28,1655,40099,0417,5,5,7,1942,0,0,0,D,0,4A15,COMMODORE ST,MISSION RD,38,W,N,A,-,N,NA,NA,NA,NA,NA,NA,NA,NA,NA,Y,3,0,3,2,A,-,03,22350,NA,N,A,C,A,A,H,-,C,D,0,NA,NA,NA,NA,Y,NA,A,07,0,1,2,0,0,0,0,0,0,-,-,NA,NA,LOS ANGELES,LOS ANGELES,-118.19527435302734,34.07588577270508
8797726,2018,2019-02-11,1942,2018-12-12,1830,38492,RD011,3,5,7,1942,0,0,0,NA,0,19X32,ALAMEDA ST,LOS ANGELES ST,65,S,N,A,-,N,NA,NA,NA,NA,NA,NA,NA,NA,NA,N,3,0,1,2,A,-,11,21954,A,F,G,B,D,A,H,-,C,A,0,Y,NA,NA,NA,Y,NA,N,60,0,1,0,0,1,0,0,0,0,-,-,NA,NA,LOS ANGELES,LOS ANGELES,-118.237548828125,34.055965423583984
8797727,2018,2019-02-11,1942,2018-12-24,1700,43170,16,1,5,7,1942,0,0,0,P,0,16X58,FOOTHILL BL,PALI AV,15,S,N,A,-,N,NA,NA,NA,NA,NA,NA,NA,NA,NA,N,4,0,1,2,A,-,12,21453,A,N,D,C,A,A,H,-,C,A,0,NA,NA,NA,NA,Y,NA,A,01,0,0,1,0,0,0,0,0,0,-,-,NA,NA,LOS ANGELES,LOS ANGELES,-118.27046966552734,34.243106842041016
8797728,2018,2019-02-12,1942,2018-12-04,1345,37867,1745,2,5,7,1942,0,0,0,Q,0,17X64,ZELZAH AV,CHATSWORTH ST,0,NA,Y,A,-,N,NA,NA,NA,NA,NA,NA,NA,NA,NA,Y,4,0,2,4,A,-,03,22350,NA,N,D,C,A,A,H,-,A,A,0,NA,NA,NA,NA,Y,NA,A,01,0,0,2,0,0,0,0,0,0,-,-,NA,NA,LOS ANGELES,LOS ANGELES,-118.52340698242188,34.26490020751953
8797729,2018,2019-02-11,1942,2018-12-23,1040,40289,0464,7,5,7,1942,0,0,0,D,0,4A71,N SOTO ST,E CESAR E CHAVEZ AV,0,NA,Y,A,-,N,NA,NA,NA,NA,NA,NA,NA,NA,NA,Y,4,0,1,2,A,-,12,21453,A,N,D,C,A,A,H,-,A,A,0,NA,NA,NA,NA,Y,NA,A,01,0,0,1,0,0,0,0,0,0,-,-,NA,NA,LOS ANGELES,LOS ANGELES,-118.2078094482422,34.046810150146484
8797730,2018,2019-02-11,1942,2018-12-29,1330,42689,1205,6,5,7,1942,0,0,0,L,0,12A31,51ST PL,S VERMONT AV,0,NA,Y,A,-,N,NA,NA,NA,NA,NA,NA,NA,NA,NA,N,4,0,1,2,A,-,10,21950,A,N,H,B,B,A,H,-,A,A,0,Y,NA,NA,NA,Y,NA,A,01,0,0,1,0,1,0,0,0,0,-,-,NA,NA,LOS ANGELES,LOS ANGELES,-118.2915267944336,33.9959716796875