CASE_ID,ACCIDENT_YEAR,PROC_DATE,JURIS,COLLISION_DATE,COLLISION_TIME,OFFICER_ID,REPORTING_DISTRICT,DAY_OF_WEEK,CHP_SHIFT,POPULATION,CNTY_CITY_LOC,SPECIAL_COND,BEAT_TYPE,CHP_BEAT_TYPE,CITY_DIVISION_LAPD,CHP_BEAT_CLASS,BEAT_NUMBER,PRIMARY_RD,SECONDARY_RD,DISTANCE,DIRECTION,INTERSECTION,WEATHER_1,WEATHER_2,STATE_HWY_IND,CALTRANS_COUNTY,CALTRANS_DISTRICT,STATE_ROUTE,ROUTE_SUFFIX,POSTMILE_PREFIX,POSTMILE,LOCATION_TYPE,RAMP_INTERSECTION,SIDE_OF_HWY,TOW_AWAY,COLLISION_SEVERITY,NUMBER_KILLED,NUMBER_INJURED,PARTY_COUNT,PRIMARY_COLL_FACTOR,PCF_CODE_OF_VIOL,PCF_VIOL_CATEGORY,PCF_VIOLATION,PCF_VIOL_SUBSECTION,HIT_AND_RUN,TYPE_OF_COLLISION,MVIW,PED_ACTION,ROAD_SURFACE,ROAD_COND_1,ROAD_COND_2,LIGHTING,CONTROL_DEVICE,CHP_ROAD_TYPE,PEDESTRIAN_ACCIDENT,BICYCLE_ACCIDENT,MOTORCYCLE_ACCIDENT,TRUCK_ACCIDENT,NOT_PRIVATE_PROPERTY,ALCOHOL_INVOLVED,STWD_VEHTYPE_AT_FAULT,CHP_VEHTYPE_AT_FAULT,COUNT_SEVERE_INJ,COUNT_VISIBLE_INJ,COUNT_COMPLAINT_PAIN,COUNT_PED_KILLED,COUNT_PED_INJURED,COUNT_BICYCLIST_KILLED,COUNT_BICYCLIST_INJURED,COUNT_MC_KILLED,COUNT_MC_INJURED,PRIMARY_RAMP,SECONDARY_RAMP,LATITUDE,LONGITUDE,COUNTY,CITY,POINT_X,POINT_Y
8797928,2018,2019-02-08,1942,2018-11-20,2035,40838,0135,2,5,7,1942,0,0,0,A,0,1X38,LOS ANGELES ST,3RD ST,0,NA,Y,A,-,N,NA,NA,NA,NA,NA,NA,NA,NA,NA,Y,3,0,3,2,A,-,09,21801,A,N,A,C,A,A,H,-,C,A,0,NA,NA,NA,NA,Y,NA,A,01,0,1,2,0,0,0,0,0,0,-,-,NA,NA,LOS ANGELES,LOS ANGELES,-118.24476,34.04853
8797929,2018,2019-02-07,1942,2018-12-27,0730,43620,1203,4,5,7,1942,0,0,0,L,0,12A15,WESTERN AV,48TH ST,0,NA,Y,A,-,N,NA,NA,NA,NA,NA,NA,NA,NA,NA,N,2,0,2,2,A,-,09,21801,A,N,D,C,A,A,H,-,A,A,0,NA,NA,NA,NA,Y,NA,A,07,1,0,1,0,0,0,0,0,0,-,-,NA,NA,LOS ANGELES,LOS ANGELES,-118.30893,34.00006
8797930,2018,2019-08-30,1942,2018-12-31,1300,32973,0403,1,5,7,1942,0,0,0,D,0,4A3,GRIFFIN AV,MONTECITO DR,1150,N,N,A,-,N,NA,NA,NA,NA,NA,NA,NA,NA,NA,N,3,0,2,2,A,-,03,22350,A,F,D,C,A,A,H,-,A,D,0,NA,NA,NA,NA,Y,NA,-,-,0,1,1,0,0,0,0,0,0,-,-,NA,NA,LOS ANGELES,LOS ANGELES,-118.20197296142578,34.0983772277832
8797933,2018,2019-02-07,1942,2018-12-28,1452,43155,1208,5,5,7,1942,0,0,0,L,0,12A69,FIGUEROA ST,51ST ST,126,N,N,A,-,N,NA,NA,NA,NA,NA,NA,NA,NA,NA,Y,3,0,2,2,A,-,09,21804,A,N,D,C,A,A,H,-,A,D,0,NA,NA,NA,NA,Y,NA,-,-,0,1,1,0,0,0,0,0,0,-,-,NA,NA,LOS ANGELES,LOS ANGELES,-118.28270721435548,33.996826171875
8797934,2018,2019-02-07,1942,2018-12-13,2215,41488,0111,4,5,7,1942,0,0,0,A,0,1A41,FIGUEROA,ALPINE,0,NA,Y,A,-,N,NA,NA,NA,NA,NA,NA,NA,NA,NA,N,4,0,1,2,A,-,08,22100,B,N,-,C,A,A,-,-,C,A,0,NA,NA,NA,NA,Y,NA,-,99,0,0,1,0,0,0,0,0,0,-,-,NA,NA,LOS ANGELES,LOS ANGELES,-118.24655151367188,34.064910888671875
8797937,2018,2019-02-07,1942,2018-12-29,1100,42064,1256,6,5,7,1942,0,0,0,L,0,12A57,GRAND AV,74TH ST,0,NA,Y,A,-,N,NA,NA,NA,NA,NA,NA,NA,NA,NA,N,4,0,4,2,A,-,03,22350,NA,N,C,C,A,A,H,-,A,A,0,NA,NA,NA,NA,Y,NA,-,99,0,0,4,0,0,0,0,0,0,-,-,NA,NA,LOS ANGELES,LOS ANGELES,-118.28032684326172,33.972740173339844
8797938,2018,2019-02-07,1942,2018-12-01,1125,40291,0181,6,5,7,1942,0,0,0,A,0,24MQ29,PICO BL,LA LIVE WY,0,NA,Y,A,-,N,NA,NA,NA,NA,NA,NA,NA,NA,NA,N,4,0,1,2,A,-,08,22100,A,N,B,C,A,A,H,-,A,A,0,NA,NA,NA,NA,Y,NA,A,01,0,0,1,0,0,0,0,0,0,-,-,NA,NA,LOS ANGELES,LOS ANGELES,-118.27178955078124,34.04228973388672
8797941,2018,2019-02-07,1942,2018-12-29,1255,38702,1255,6,5,7,1942,0,0,0,L,0,12A53,FLORENCE AV,BUDLONG AV,15,S,N,A,-,N,NA,NA,NA,NA,NA,NA,NA,NA,NA,N,4,0,1,2,A,-,03,22350,NA,N,C,C,A,A,H,-,C,D,0,NA,NA,NA,NA,Y,NA,A,01,0,0,1,0,0,0,0,0,0,-,-,NA,NA,LOS ANGELES,LOS ANGELES,-118.29620361328124,33.974609375
8797942,2018,2019-02-07,1942,2018-12-01,1129,38256,0195,6,5,7,1942,0,0,0,A,0,1X83,W 18TH ST,MAPLE AV,0,NA,Y,A,-,N,NA,NA,NA,NA,NA,NA,NA,NA,NA,N,4,0,1,2,A,-,03,22350,NA,N,C,C,A,A,H,-,A,A,0,NA,NA,NA,NA,Y,NA,A,01,0,0,1,0,0,0,0,0,0,-,-,NA,NA,LOS ANGELES,LOS ANGELES,-118.26029205322266,34.03076934814453
8797945,2018,2019-02-07,1942,2018-12-14,0655,43073,1243,5,5,7,1942,0,0,0,L,0,12Z2,GAGE AV,DENKER,0,NA,Y,A,-,N,NA,NA,NA,NA,NA,NA,NA,NA,NA,Y,3,0,1,3,A,-,03,22350,NA,N,A,C,A,A,H,-,B,D,0,NA,NA,NA,NA,Y,NA,A,01,0,1,0,0,0,0,0,0,0,-,-,NA,NA,LOS ANGELES,LOS ANGELES,-118.30460357666016,33.98236083984375
8797946,2018,2019-02-07,1942,2018-12-13,2230,42347,0142,4,5,7,1942,0,0,0,A,0,1X43,4TH ST,HILL ST,5,W,N,A,-,N,NA,NA,NA,NA,NA,NA,NA,NA,NA,N,4,0,1,2,A,-,03,22350,NA,N,C,C,A,A,H,-,C,A,0,NA,NA,NA,NA,Y,NA,-,NA,0,0,1,0,0,0,0,0,0,-,-,NA,NA,LOS ANGELES,LOS ANGELES,-118.2504425048828,34.05023956298828
8797949,2018,2019-02-07,1942,2018-12-01,1335,43265,0239,6,5,7,1942,0,0,0,B,0,2A42,BEAUDRY,2ND ST,0,NA,Y,A,-,N,NA,NA,NA,NA,NA,NA,NA,NA,NA,Y,3,0,3,2,A,-,03,22350,NA,N,D,C,A,A,H,-,A,A,0,NA,NA,NA,NA,Y,NA,-,-,0,2,1,0,0,0,0,0,0,-,-,NA,NA,LOS ANGELES,LOS ANGELES,-118.25531005859376,34.05794143676758
8797950,2018,2019-02-07,1900,2018-12-21,1445,622126,1122,5,5,6,1992,0,0,0,NA,0,112T2,DIVISION ST,LANCASTER BL,0,NA,Y,A,-,N,NA,NA,NA,NA,NA,NA,NA,NA,NA,Y,4,0,1,2,A,-,09,21801,A,M,B,C,A,A,H,-,A,A,0,NA,NA,NA,NA,Y,NA,A,08,0,0,1,0,0,0,0,0,0,-,-,NA,NA,LOS ANGELES,LANCASTER,-118.13040924072266,34.699100494384766
8797952,2018,2019-02-08,1942,2018-11-07,0145,39151,0395,3,5,7,1942,0,0,0,C,0,3A99,41ST PL,HOBART BL,20,E,N,A,-,N,NA,NA,NA,NA,NA,NA,NA,NA,NA,N,4,0,1,2,A,-,03,22350,NA,N,B,E,A,A,H,-,C,D,0,NA,NA,NA,NA,Y,NA,A,01,0,0,1,0,0,0,0,0,0,-,-,NA,NA,LOS ANGELES,LOS ANGELES,-118.30774688720705,34.00844955444336
8797953,2018,2019-02-07,1942,2018-12-08,2030,38233,0236,6,5,7,1942,0,0,0,B,0,2A56,N ALVARADO ST,BEVERLY BL,25,N,N,A,-,N,NA,NA,NA,NA,NA,NA,NA,NA,NA,Y,4,0,1,2,A,-,01,23152,A,N,C,C,A,A,H,-,C,A,0,NA,NA,NA,NA,Y,Y,A,07,0,0,1,0,0,0,0,0,0,-,-,NA,NA,LOS ANGELES,LOS ANGELES,-118.27027893066406,34.06673049926758
8797954,2018,2019-02-07,1942,2018-12-28,1900,42577,1273,5,5,7,1942,0,0,0,L,0,12X32,MANCHESTER AV,VAN NESS AV,5,S,N,A,-,N,NA,NA,NA,NA,NA,NA,NA,NA,NA,N,4,0,1,2,A,-,03,22350,NA,F,C,C,A,A,H,-,C,A,0,NA,NA,NA,NA,Y,NA,-,99,0,0,1,0,0,0,0,0,0,-,-,NA,NA,LOS ANGELES,LOS ANGELES,-118.31775665283205,33.95996856689453
8797956,2018,2019-02-08,1942,2018-11-07,0525,39151,0395,3,5,7,1942,0,0,0,C,0,3A99,42ND ST,GRAMERCY PL,180,W,N,A,-,N,NA,NA,NA,NA,NA,NA,NA,NA,NA,N,4,0,1,3,A,-,03,22350,NA,N,C,E,A,A,H,-,B,D,0,NA,NA,NA,NA,Y,Y,A,01,0,0,1,0,0,0,0,0,0,-,-,NA,NA,LOS ANGELES,LOS ANGELES,-118.31442260742188,34.00722885131836
8797957,2018,2019-02-07,1942,2018-12-01,2320,41163,0291,6,5,7,1942,0,0,0,B,0,0291,S ALVARADO ST,PICO BL,20,N,N,A,-,N,NA,NA,NA,NA,NA,NA,NA,NA,NA,N,4,0,1,2,A,-,12,21453,A,N,D,C,A,A,H,-,C,A,0,NA,NA,NA,NA,Y,NA,A,01,0,0,1,0,0,0,0,0,0,-,-,NA,NA,LOS ANGELES,LOS ANGELES,-118.28264617919922,34.04730987548828
8797958,2018,2019-02-07,1942,2018-12-24,2354,41575,1219,1,5,7,1942,0,0,0,L,0,12X4W,54TH ST,FLOWER AV,0,NA,Y,B,-,N,NA,NA,NA,NA,NA,NA,NA,NA,NA,N,4,0,2,2,A,-,09,21802,A,F,-,C,A,B,H,-,C,D,0,NA,NA,NA,NA,Y,NA,-,99,0,0,2,0,0,0,0,0,0,-,-,NA,NA,LOS ANGELES,LOS ANGELES,-118.28090667724608,33.993289947509766
8797960,2018,2019-08-30,1942,2018-11-27,1130,36879,0454,2,5,7,1942,0,0,0,D,0,4A53,BOYLE,4TH ST,0,NA,Y,A,-,N,NA,NA,NA,NA,NA,NA,NA,NA,NA,N,4,0,1,2,A,-,12,21453,A,F,D,C,A,A,H,-,A,A,0,NA,NA,NA,NA,Y,NA,-,-,0,0,1,0,0,0,0,0,0,-,-,NA,NA,LOS ANGELES,LOS ANGELES,-118.21964263916016,34.043060302734375
8797961,2018,2019-02-07,1942,2018-12-24,1130,30380,0211,1,5,7,1942,0,0,0,B,0,2A1,N VERMONT AV,N VERMONT AV 627,0,NA,Y,A,-,N,NA,NA,NA,NA,NA,NA,NA,NA,NA,N,4,0,1,2,A,-,03,22350,NA,N,C,C,A,-,H,-,A,D,0,NA,NA,NA,NA,Y,NA,A,07,0,0,1,0,0,0,0,0,0,-,-,NA,NA,LOS ANGELES,LOS ANGELES,-118.291715,34.082675
8797962,2018,2019-02-07,1942,2018-12-24,1530,34426,1138,1,5,7,1942,0,0,0,K,0,11A37,YORK BL,FIGUEROA ST,0,NA,Y,-,-,N,NA,NA,NA,NA,NA,NA,NA,NA,NA,N,4,0,1,2,A,-,09,21453,B,F,-,-,A,-,-,-,-,-,0,NA,NA,NA,NA,Y,NA,-,99,0,0,1,0,0,0,0,0,0,-,-,NA,NA,LOS ANGELES,LOS ANGELES,-118.18434143066406,34.115501403808594
8797964,2018,2019-02-08,1942,2018-11-15,0520,41498,0111,4,5,7,1942,0,0,0,A,0,1A29,ALAMEDA ST,BAUCHET ST,0,NA,Y,A,-,N,NA,NA,NA,NA,NA,NA,NA,NA,NA,Y,4,0,2,2,A,-,03,22350,NA,F,C,C,A,A,H,-,C,A,0,NA,NA,NA,NA,Y,NA,-,99,0,0,2,0,0,0,0,0,0,-,-,NA,NA,LOS ANGELES,LOS ANGELES,-118.23690032958984,34.05897903442383
8797965,2018,2019-02-07,1942,2018-12-24,1510,40164,0251,1,5,7,1942,0,0,0,B,0,24TL57,3RD ST,RAMPART BL,0,NA,Y,B,-,N,NA,NA,NA,NA,NA,NA,NA,NA,NA,N,4,0,1,2,A,-,04,21703,NA,N,B,C,A,A,H,-,A,A,0,NA,NA,NA,NA,Y,NA,A,01,0,0,1,0,0,0,0,0,0,-,-,NA,NA,LOS ANGELES,LOS ANGELES,-118.27887725830078,34.06624984741211
8797966,2018,2019-02-07,1942,2018-12-24,1950,33452,1139,1,5,7,1942,0,0,0,K,0,11A37,S AVENUE 60,BENNER ST,280,E,N,B,-,N,NA,NA,NA,NA,NA,NA,NA,NA,NA,N,3,0,1,1,A,-,01,23152,A,M,E,I,A,A,H,-,C,D,0,NA,NA,NA,NA,Y,Y,A,07,0,1,0,0,0,0,0,0,0,-,-,NA,NA,LOS ANGELES,LOS ANGELES,-118.18627166748048,34.107879638671875
8797968,2018,2019-02-21,1942,2018-11-16,1850,40635,0171,5,5,7,1942,0,0,0,A,0,1A61,JAMES M WOOD BL,FRANCISCO ST,20,W,N,A,-,N,NA,NA,NA,NA,NA,NA,NA,NA,NA,N,4,0,2,2,A,-,04,21703,NA,N,C,C,A,A,H,-,C,D,0,NA,NA,NA,NA,Y,NA,A,01,0,0,2,0,0,0,0,0,0,-,-,NA,NA,LOS ANGELES,LOS ANGELES,-118.26473999023438,34.047027587890625
8797969,2018,2019-02-07,1942,2018-12-19,1450,31573,0201,3,5,7,1942,0,0,0,B,0,2A1,N LA FAYETTE PARK BL,BELLEVUE AV,600,N,N,A,-,N,NA,NA,NA,NA,NA,NA,NA,NA,NA,N,4,0,1,2,A,-,09,21804,A,F,D,-,A,-,H,-,A,D,0,NA,NA,NA,NA,Y,NA,-,99,0,0,1,0,0,0,0,0,0,-,-,NA,NA,LOS ANGELES,LOS ANGELES,-118.2738800048828,34.077903747558594
8797970,2018,2019-02-07,1942,2018-12-27,2042,38233,1122,4,5,7,1942,0,0,0,K,0,11A1,LOS FELIZ BL,RIVERSIDE DR,0,NA,Y,A,-,N,NA,NA,NA,NA,NA,NA,NA,NA,NA,Y,4,0,2,2,A,-,01,23152,A,N,C,C,A,A,H,-,C,A,0,NA,NA,NA,NA,Y,Y,A,01,0,0,2,0,0,0,0,0,0,-,-,NA,NA,LOS ANGELES,LOS ANGELES,-118.27169036865234,34.117000579833984
8797972,2018,2019-02-08,1942,2018-11-30,0815,40885,0185,5,5,7,1942,0,0,0,A,0,1A85,5TH ST,HILL ST,0,NA,Y,A,-,N,NA,NA,NA,NA,NA,NA,NA,NA,NA,N,4,0,1,2,A,-,09,21801,A,N,B,C,A,A,H,-,A,A,0,NA,NA,NA,NA,Y,NA,A,01,0,0,1,0,0,0,0,0,0,-,-,NA,NA,LOS ANGELES,LOS ANGELES,-118.25180053710938,34.04875946044922
8797973,2018,2019-02-27,1942,2018-12-25,0700,40008,0256,2,5,7,1942,0,0,0,B,0,2A47,WILSHIRE BL,S BURLINGTON AV,0,NA,Y,A,-,N,NA,NA,NA,NA,NA,NA,NA,NA,NA,N,3,0,2,2,A,-,12,21453,A,N,D,C,A,A,H,-,A,A,0,NA,NA,NA,NA,Y,NA,A,01,0,1,1,0,0,0,0,0,0,-,-,NA,NA,LOS ANGELES,LOS ANGELES,-118.2725067138672,34.056419372558594
8797974,2018,2019-02-07,1942,2018-12-17,1425,40164,1141,1,5,7,1942,0,0,0,K,0,24TL54,FRANKLIN AV,VERMONT AV,0,NA,Y,B,-,N,NA,NA,NA,NA,NA,NA,NA,NA,NA,Y,4,0,1,2,D,-,00,NA,NA,N,B,C,A,A,H,-,A,A,0,NA,NA,Y,NA,Y,NA,-,-,0,0,1,0,0,0,0,0,1,-,-,NA,NA,LOS ANGELES,LOS ANGELES,-118.29178619384766,34.105411529541016
8797976,2018,2019-02-08,1942,2018-11-28,1245,31298,0192,3,5,7,1942,0,0,0,A,0,35MX10,17TH ST,OLIVE ST,30,E,N,A,-,N,NA,NA,NA,NA,NA,NA,NA,NA,NA,N,3,0,1,2,A,-,09,21804,A,N,D,C,A,A,H,-,A,D,0,NA,NA,Y,NA,Y,NA,A,01,0,1,0,0,0,0,0,0,1,-,-,NA,NA,LOS ANGELES,LOS ANGELES,-118.26593780517578,34.03440475463867
8797977,2018,2019-02-07,1942,2018-12-27,1500,40235,2035,4,5,7,1942,0,0,0,NA,0,20A45,NORMANDIE AV,WILSHIRE BL,60,N,N,A,-,N,NA,NA,NA,NA,NA,NA,NA,NA,NA,Y,4,0,1,2,A,-,07,21658,A,N,B,C,A,A,H,-,A,A,0,NA,NA,NA,NA,Y,NA,A,07,0,0,1,0,0,0,0,0,0,-,-,NA,NA,LOS ANGELES,LOS ANGELES,-118.30038452148438,34.06190490722656
8797978,2018,2019-08-30,1942,2018-12-14,1630,33311,0437,5,5,7,1942,0,0,0,D,0,4A71,MULTNOMAH ST,SOTO ST,60,E,N,A,-,N,NA,NA,NA,NA,NA,NA,NA,NA,NA,N,4,0,1,2,A,-,03,22350,NA,F,C,C,A,A,H,-,A,A,0,NA,NA,NA,NA,Y,NA,A,01,0,0,1,0,0,0,0,0,0,-,-,NA,NA,LOS ANGELES,LOS ANGELES,-118.1950225830078,34.06897735595703
8797981,2018,2019-02-07,1942,2018-12-28,1530,39930,2044,5,5,7,1942,0,0,0,NA,0,20A33,S KINGSLEY DR,W 8TH ST,0,NA,Y,A,-,N,NA,NA,NA,NA,NA,NA,NA,NA,NA,Y,4,0,4,2,A,-,09,21802,A,N,D,C,A,A,H,-,A,A,0,NA,NA,NA,NA,Y,NA,A,01,0,0,4,0,0,0,0,0,0,-,-,NA,NA,LOS ANGELES,LOS ANGELES,-118.30307006835938,34.057701110839844
8797982,2018,2019-02-07,1942,2018-12-31,1840,40325,0443,1,5,7,1942,0,0,0,D,0,4A15,MARENGO ST,BRITTANIA ST,90,S,N,A,-,N,NA,NA,NA,NA,NA,NA,NA,NA,NA,N,4,0,1,2,A,-,03,22350,NA,F,C,C,A,A,H,-,C,A,0,NA,NA,NA,NA,Y,NA,-,99,0,0,1,0,0,0,0,0,0,-,-,NA,NA,LOS ANGELES,LOS ANGELES,-118.20816040039064,34.05695343017578
8797985,2018,2019-02-07,1942,2018-12-28,2115,38090,2015,5,5,7,1942,0,0,0,NA,0,20A25,BEVERLY BL,NEW HAMPSHIRE AV,80,E,N,A,-,N,NA,NA,NA,NA,NA,NA,NA,NA,NA,Y,3,0,2,2,A,-,08,22107,NA,N,D,C,A,A,H,-,C,A,0,NA,NA,NA,NA,Y,NA,A,01,0,1,1,0,0,0,0,0,0,-,-,NA,NA,LOS ANGELES,LOS ANGELES,-118.2929458618164,34.07632064819336
8797986,2018,2019-02-07,1942,2018-12-17,0650,41747,0375,1,5,7,1942,0,0,0,C,0,3A55,S WESTERN AV,W 38TH PL,0,NA,Y,A,-,N,NA,NA,NA,NA,NA,NA,NA,NA,NA,N,3,0,2,2,A,-,09,21802,A,N,D,C,A,A,H,-,A,A,0,NA,NA,NA,NA,Y,NA,A,01,0,1,1,0,0,0,0,0,0,-,-,NA,NA,LOS ANGELES,LOS ANGELES,-118.30890655517578,34.016441345214844
8797988,2018,2019-02-08,1942,2018-11-24,1015,40289,0256,6,5,7,1942,0,0,0,B,0,2A56,W 6TH ST,S UNION AV,0,NA,Y,A,-,N,NA,NA,NA,NA,NA,NA,NA,NA,NA,Y,3,0,2,2,A,-,09,21801,A,F,D,C,A,A,H,-,A,D,0,NA,NA,NA,NA,Y,NA,A,01,0,2,0,0,0,0,0,0,0,-,-,NA,NA,LOS ANGELES,LOS ANGELES,-118.26986694335938,34.057308197021484
8797989,2018,2019-02-07,1942,2018-12-21,1140,35945,2033,5,5,7,1942,0,0,0,NA,0,20A33,S SERRANO AV,W 8TH ST,0,NA,Y,A,-,N,NA,NA,NA,NA,NA,NA,NA,NA,NA,Y,4,0,3,2,A,-,09,21802,A,N,D,C,A,A,H,-,A,A,0,NA,NA,NA,NA,Y,NA,A,07,0,0,3,0,0,0,0,0,0,-,-,NA,NA,LOS ANGELES,LOS ANGELES,-118.30657958984376,34.05768966674805
8797990,2018,2019-02-20,1942,2018-12-01,1115,42681,1241,6,5,7,1942,0,0,0,L,0,12X8,CRENSHAW,63RD ST,0,NA,Y,A,-,N,NA,NA,NA,NA,NA,NA,NA,NA,NA,Y,4,0,5,3,A,-,08,22101,NA,N,D,C,A,A,H,-,A,A,0,NA,NA,NA,NA,Y,NA,A,01,0,0,5,0,0,0,0,0,0,-,-,NA,NA,LOS ANGELES,LOS ANGELES,-118.33088,33.98292
8797992,2018,2019-02-08,1942,2018-11-09,1110,42060,1213,5,5,7,1942,0,0,0,L,0,12A69,54TH ST,WESTERN AV,0,NA,Y,A,-,N,NA,NA,NA,NA,NA,NA,NA,NA,NA,N,4,0,1,2,A,-,12,21453,A,N,D,C,A,A,H,-,A,A,0,NA,NA,NA,NA,Y,NA,A,01,0,0,1,0,0,0,0,0,0,-,-,NA,NA,LOS ANGELES,LOS ANGELES,-118.30893707275392,33.99325180053711
8797993,2018,2019-02-07,1942,2018-12-13,1830,40099,0231,4,5,7,1942,0,0,0,B,0,2A5,BEVERLY BL,N VENDOME ST,0,NA,Y,A,-,N,NA,NA,NA,NA,NA,NA,NA,NA,NA,N,4,0,1,2,A,-,09,21802,A,F,D,C,A,A,H,-,C,A,0,NA,NA,NA,NA,Y,NA,A,07,0,0,1,0,0,0,0,0,0,-,-,NA,NA,LOS ANGELES,LOS ANGELES,-118.28218841552734,34.07181167602539
8797994,2018,2019-02-07,1942,2018-12-21,1410,42962,1263,5,5,7,1942,0,0,0,L,0,12A73,WESTERN AV,83RD ST,0,NA,Y,A,-,N,NA,NA,NA,NA,NA,NA,NA,NA,NA,Y,4,0,1,3,A,-,09,21801,A,N,D,C,A,A,H,-,A,A,0,NA,NA,NA,NA,Y,NA,A,01,0,0,1,0,0,0,0,0,0,-,-,NA,NA,LOS ANGELES,LOS ANGELES,-118.30901,33.96365
8797996,2018,2019-02-08,1942,2018-11-30,1800,33905,1233,5,5,7,1942,0,0,0,L,0,12GE0,WESTERN BL,59TH PL,0,NA,Y,A,-,N,NA,NA,NA,NA,NA,NA,NA,NA,NA,N,4,0,1,2,A,-,07,21658,A,F,B,C,A,A,H,-,C,D,0,NA,NA,NA,NA,Y,NA,-,99,0,0,1,0,0,0,0,0,0,-,-,NA,NA,LOS ANGELES,LOS ANGELES,-118.30893707275392,33.98670959472656
8797997,2018,2019-02-07,1942,2018-12-15,1630,43206,0235,6,5,7,1942,0,0,0,B,0,2A42,TEMPLE ST,ALVARADO ST,0,NA,Y,A,-,N,NA,NA,NA,NA,NA,NA,NA,NA,NA,Y,4,0,2,2,A,-,12,21453,A,N,D,C,A,A,H,-,B,A,0,NA,NA,NA,NA,Y,NA,A,01,0,0,2,0,0,0,0,0,0,-,-,NA,NA,LOS ANGELES,LOS ANGELES,-118.26805114746094,34.07027053833008
8797998,2018,2019-02-07,1942,2018-12-24,1630,40699,1245,1,5,7,1942,0,0,0,L,0,12X4,FLORENCE AV,VERMONT AV,30,E,N,A,-,N,NA,NA,NA,NA,NA,NA,NA,NA,NA,N,4,0,1,3,B,-,22,NA,NA,F,C,C,A,A,H,-,B,D,0,NA,NA,NA,NA,Y,NA,-,99,0,0,1,0,0,0,0,0,0,-,-,NA,NA,LOS ANGELES,LOS ANGELES,-118.29164123535156,33.97462844848633
8798000,2018,2019-02-08,1942,2018-11-04,1450,43271,0356,7,5,7,1942,0,0,0,C,0,3A28,NORMANDIE AV,JEFFERSON,200,N,N,A,-,N,NA,NA,NA,NA,NA,NA,NA,NA,NA,N,4,0,1,4,A,-,04,21703,NA,N,A,C,A,A,H,-,A,D,0,NA,NA,NA,NA,Y,NA,A,07,0,0,1,0,0,0,0,0,0,-,-,NA,NA,LOS ANGELES,LOS ANGELES,-118.30023193359376,34.026058197021484
8798001,2019,2019-02-07,1900,2019-01-12,0827,546182,1137,6,5,6,1992,0,0,0,NA,0,112T2,20TH ST EAST,AVENUE J-10,95,N,N,B,-,N,NA,NA,NA,NA,NA,NA,NA,NA,NA,Y,4,0,1,1,A,-,03,22350,NA,N,E,I,A,B,H,-,A,D,0,NA,NA,NA,NA,Y,NA,A,01,0,0,1,0,0,0,0,0,0,-,-,NA,NA,LOS ANGELES,LANCASTER,-118.09522247314452,34.680519104003906
8798005,2019,2019-02-07,1900,2019-01-25,1334,510509,1127,5,5,6,1992,0,0,0,NA,0,112T4,30TH ST WEST,AVENUE J-8,0,NA,Y,A,-,N,NA,NA,NA,NA,NA,NA,NA,NA,NA,Y,4,0,2,3,A,-,09,21801,A,N,B,C,A,A,H,-,A,A,0,NA,NA,NA,NA,Y,NA,A,01,0,0,2,0,0,0,0,0,0,-,-,NA,NA,LOS ANGELES,LANCASTER,-118.18370819091795,34.6821403503418
8798009,2019,2019-02-07,1900,2019-01-24,1159,546182,1137,4,5,6,1992,0,0,0,NA,0,112T2,20TH ST EAST,AVENUE J,350,S,N,A,-,N,NA,NA,NA,NA,NA,NA,NA,NA,NA,Y,2,0,1,1,A,-,03,22350,NA,N,H,A,A,A,H,-,A,D,0,NA,NA,Y,NA,Y,NA,C,02,1,0,0,0,0,0,0,0,1,-,-,NA,NA,LOS ANGELES,LANCASTER,-118.0947723388672,34.68867111206055
8798013,2019,2019-02-07,1900,2019-01-13,1220,618055,1127,7,5,6,1992,0,0,0,NA,0,112T2,AVENUE I,10TH ST WEST,189,E,N,A,-,N,NA,NA,NA,NA,NA,NA,NA,NA,NA,N,4,0,1,2,A,-,09,21804,A,N,D,D,A,A,H,-,A,D,0,NA,NA,NA,NA,Y,NA,A,07,0,0,1,0,0,0,0,0,0,-,-,NA,NA,LOS ANGELES,LANCASTER,-118.14749145507813,34.703948974609375
8798017,2019,2019-02-07,1900,2019-01-23,0800,550490,1127,3,5,6,1992,0,0,0,NA,0,111T2,AVENUE J,27TH ST WEST,0,NA,Y,A,-,N,NA,NA,NA,NA,NA,NA,NA,NA,NA,Y,3,0,3,2,A,-,09,21801,A,N,A,C,A,A,H,-,A,A,0,NA,NA,NA,NA,Y,NA,A,01,0,2,1,0,0,0,0,0,0,-,-,NA,NA,LOS ANGELES,LANCASTER,-118.17929077148438,34.68939971923828
8798029,2019,2019-02-07,1942,2019-01-22,0750,36911,1251,2,5,7,1942,0,0,0,L,0,12A51,CRENSHAW BL,76TH ST,25,N,N,A,-,N,NA,NA,NA,NA,NA,NA,NA,NA,NA,N,4,0,1,2,A,-,00,20015,A,F,C,C,A,A,H,-,A,A,0,NA,NA,NA,NA,Y,NA,-,99,0,0,1,0,0,0,0,0,0,-,-,NA,NA,LOS ANGELES,LOS ANGELES,-118.33087158203124,33.9709587097168
8798033,2019,2019-02-06,1942,2019-01-18,1540,41973,1269,5,5,7,1942,0,0,0,L,0,12A69,TOWNE AV,E MANCHESTER AV,0,NA,Y,-,-,N,NA,NA,NA,NA,NA,NA,NA,NA,NA,Y,4,0,1,3,A,-,08,22107,NA,F,-,-,A,-,-,-,-,-,0,NA,NA,NA,NA,Y,NA,A,07,0,0,1,0,0,0,0,0,0,-,-,NA,NA,LOS ANGELES,LOS ANGELES,-118.26731872558594,33.960121154785156