CASE_ID,ACCIDENT_YEAR,PROC_DATE,JURIS,COLLISION_DATE,COLLISION_TIME,OFFICER_ID,REPORTING_DISTRICT,DAY_OF_WEEK,CHP_SHIFT,POPULATION,CNTY_CITY_LOC,SPECIAL_COND,BEAT_TYPE,CHP_BEAT_TYPE,CITY_DIVISION_LAPD,CHP_BEAT_CLASS,BEAT_NUMBER,PRIMARY_RD,SECONDARY_RD,DISTANCE,DIRECTION,INTERSECTION,WEATHER_1,WEATHER_2,STATE_HWY_IND,CALTRANS_COUNTY,CALTRANS_DISTRICT,STATE_ROUTE,ROUTE_SUFFIX,POSTMILE_PREFIX,POSTMILE,LOCATION_TYPE,RAMP_INTERSECTION,SIDE_OF_HWY,TOW_AWAY,COLLISION_SEVERITY,NUMBER_KILLED,NUMBER_INJURED,PARTY_COUNT,PRIMARY_COLL_FACTOR,PCF_CODE_OF_VIOL,PCF_VIOL_CATEGORY,PCF_VIOLATION,PCF_VIOL_SUBSECTION,HIT_AND_RUN,TYPE_OF_COLLISION,MVIW,PED_ACTION,ROAD_SURFACE,ROAD_COND_1,ROAD_COND_2,LIGHTING,CONTROL_DEVICE,CHP_ROAD_TYPE,PEDESTRIAN_ACCIDENT,BICYCLE_ACCIDENT,MOTORCYCLE_ACCIDENT,TRUCK_ACCIDENT,NOT_PRIVATE_PROPERTY,ALCOHOL_INVOLVED,STWD_VEHTYPE_AT_FAULT,CHP_VEHTYPE_AT_FAULT,COUNT_SEVERE_INJ,COUNT_VISIBLE_INJ,COUNT_COMPLAINT_PAIN,COUNT_PED_KILLED,COUNT_PED_INJURED,COUNT_BICYCLIST_KILLED,COUNT_BICYCLIST_INJURED,COUNT_MC_KILLED,COUNT_MC_INJURED,PRIMARY_RAMP,SECONDARY_RAMP,LATITUDE,LONGITUDE,COUNTY,CITY,POINT_X,POINT_Y
8802463,2019,2019-03-14,1920,2019-02-12,1055,12609,1920,2,5,6,1920,0,0,0,NA,0,003,TELEGRAPH RD,PARAMOUNT BL,0,NA,Y,A,-,N,NA,NA,NA,NA,NA,NA,NA,NA,NA,Y,4,0,1,2,A,-,09,21801,A,N,D,C,A,A,H,-,A,A,0,NA,NA,NA,NA,Y,NA,D,22,0,0,1,0,0,0,0,0,0,-,-,NA,NA,LOS ANGELES,DOWNEY,-118.11578369140624,33.967071533203125
8802510,2019,2019-03-11,1942,2019-02-13,2100,43556,0923,3,5,7,1942,0,0,0,I,0,9A23W3,VAN NUYS BL,VANOWEN ST,0,NA,Y,C,-,N,NA,NA,NA,NA,NA,NA,NA,NA,NA,N,4,0,1,2,A,-,09,21804,A,N,B,G,A,B,H,-,C,A,0,NA,Y,NA,NA,Y,NA,L,04,0,0,1,0,0,0,1,0,0,-,-,NA,NA,LOS ANGELES,LOS ANGELES,-118.44873809814452,34.19390869140625
8802524,2019,2019-03-11,1920,2019-02-08,1612,11992,NA,5,5,6,1920,0,0,0,NA,0,006,DOWNEY AV,ALAMEDA ST,0,NA,Y,A,-,N,NA,NA,NA,NA,NA,NA,NA,NA,NA,Y,3,0,2,2,D,-,00,NA,NA,N,D,C,A,A,H,-,A,A,0,NA,NA,NA,NA,Y,NA,-,-,0,1,1,0,0,0,0,0,0,-,-,NA,NA,LOS ANGELES,DOWNEY,-118.14198303222656,33.92776107788086
8802621,2019,2019-03-11,1900,2019-02-08,0834,443069,0975,5,5,4,1979,0,0,0,NA,0,92T3,FOUNTAIN AV,FAIRFAX AV,212,W,N,A,-,N,NA,NA,NA,NA,NA,NA,NA,NA,NA,Y,3,0,1,2,A,-,07,21658,A,N,B,C,A,A,H,-,A,D,0,NA,NA,Y,NA,Y,NA,A,01,0,1,0,0,0,0,0,0,1,-,-,34.09450149536133,-118.36229705810548,LOS ANGELES,WEST HOLLYWOOD,-118.36223602294922,34.09445571899414
8802642,2019,2019-03-12,1942,2019-01-12,1105,27792,1097,6,5,7,1942,0,0,0,J,0,10A99,N SEPULVEDA BL,ROYAL HILLS DR,200,S,N,B,C,N,NA,NA,NA,NA,NA,NA,NA,NA,NA,Y,4,0,1,1,A,-,03,22350,NA,N,E,I,A,B,G,-,A,A,0,NA,NA,NA,Y,Y,NA,F,26,0,0,1,0,0,0,0,0,0,-,-,NA,NA,LOS ANGELES,LOS ANGELES,-118.48741912841795,34.134857177734375
8802648,2019,2019-02-21,1910,2019-02-03,0945,01755,NA,7,5,4,1910,0,0,0,NA,0,004,SUNSET BL,WHITTIER DR,0,NA,Y,C,-,N,NA,NA,NA,NA,NA,NA,NA,NA,NA,Y,3,0,1,1,A,-,03,22350,NA,N,A,I,A,B,H,-,A,A,0,NA,NA,NA,NA,Y,NA,A,01,0,1,0,0,0,0,0,0,0,-,-,NA,NA,LOS ANGELES,BEVERLY HILLS,-118.4199676513672,34.07719039916992
8802649,2019,2019-02-25,1900,2019-02-08,1555,539074,0524,5,5,4,1971,0,0,0,NA,0,52T1PM,TEMPLE CITY BL,SPARKLETT ST,35,S,N,A,-,N,NA,NA,NA,NA,NA,NA,NA,NA,NA,Y,4,0,1,3,A,-,07,21658,A,N,C,C,A,A,H,-,A,D,0,NA,NA,NA,NA,Y,NA,D,22,0,0,1,0,0,0,0,0,0,-,-,34.090999603271484,-118.05770111083984,LOS ANGELES,TEMPLE CITY,-118.05780792236328,34.0917854309082
8802650,2019,2019-02-25,1942,2019-01-31,2130,36885,1504,4,5,7,1942,0,0,0,O,0,15A3,SHERMAN WY,RADFORD AV,170,E,N,B,-,N,NA,NA,NA,NA,NA,NA,NA,NA,NA,Y,4,0,1,1,A,-,01,23152,A,N,A,I,A,A,H,-,C,D,0,NA,NA,NA,NA,Y,Y,D,22,0,0,1,0,0,0,0,0,0,-,-,NA,NA,LOS ANGELES,LOS ANGELES,-118.3916015625,34.201210021972656
8802654,2019,2019-04-04,1942,2019-02-07,0655,39085,1687,4,5,7,1942,0,0,0,P,0,16A81,SAN FERNANDO RD,S TUXFORD ST,490,NA,N,A,-,N,NA,NA,NA,NA,NA,NA,NA,NA,NA,Y,3,0,1,2,A,-,03,22350,NA,M,C,E,A,A,H,-,A,D,0,NA,NA,NA,Y,Y,Y,A,01,0,1,0,0,0,0,0,0,0,-,-,NA,NA,LOS ANGELES,LOS ANGELES,-118.3810577392578,34.22745895385742
8802657,2019,2019-02-25,1944,2019-01-14,1735,356,SOUTH,1,5,4,1944,0,0,0,NA,0,001,AVIATION BL,MATHEWS AV,50,N,N,B,-,N,NA,NA,NA,NA,NA,NA,NA,NA,NA,N,4,0,2,3,A,-,03,22350,NA,N,C,C,A,B,H,-,C,A,0,NA,NA,NA,NA,Y,NA,A,01,0,0,2,0,0,0,0,0,0,-,-,NA,NA,LOS ANGELES,MANHATTAN BEACH,-118.38093566894533,33.873931884765625
8802662,2019,2019-02-25,1942,2019-02-07,0635,39085,1675,4,5,7,1942,0,0,0,P,0,16A77,SAN FERNANDO RD,N TUXFORD ST,900,NA,N,A,-,N,NA,NA,NA,NA,NA,NA,NA,NA,NA,N,4,0,1,2,A,-,03,22350,NA,F,C,C,A,A,H,-,A,D,0,NA,NA,NA,NA,Y,NA,A,01,0,0,1,0,0,0,0,0,0,-,-,NA,NA,LOS ANGELES,LOS ANGELES,-118.3810577392578,34.22745895385742
8802666,2019,2019-03-19,1942,2019-02-10,1551,36733,1063,7,5,7,1942,0,0,0,J,0,10A83,RESEDA BL,VENTURA FWY,40,N,N,B,-,N,NA,NA,NA,NA,NA,NA,NA,NA,NA,Y,4,0,1,2,A,-,07,21658,A,F,B,C,A,B,H,-,A,D,0,NA,NA,NA,NA,Y,NA,A,01,0,0,1,0,0,0,0,0,0,-,-,NA,NA,LOS ANGELES,LOS ANGELES,-118.53605651855467,34.16886901855469
8802669,2019,2019-02-25,1900,2019-02-07,1449,527399,2925,4,5,5,1990,0,0,0,NA,0,292K1P,DIAMOND BAR BL,MONTEFINO AV,0,NA,Y,A,-,N,NA,NA,NA,NA,NA,NA,NA,NA,NA,N,4,0,1,3,A,-,04,21703,NA,N,C,C,A,A,-,-,A,A,0,NA,NA,NA,NA,Y,NA,A,01,0,0,1,0,0,0,0,0,0,-,-,NA,NA,LOS ANGELES,DIAMOND BAR,-117.81289672851564,33.9980583190918
8802670,2019,2019-02-26,1942,2019-01-09,1105,37686,0955,3,5,7,1942,0,0,0,I,0,9A63,MAGNOLIA BL,TYRONE AV,0,NA,Y,A,-,N,NA,NA,NA,NA,NA,NA,NA,NA,NA,N,4,0,1,2,A,-,09,21801,A,N,D,C,A,A,H,-,A,A,0,NA,NA,NA,NA,Y,NA,D,22,0,0,1,0,0,0,0,0,0,-,-,NA,NA,LOS ANGELES,LOS ANGELES,-118.44435119628906,34.164859771728516
8802674,2019,2019-03-06,1942,2019-01-12,1000,38687,0915,6,5,7,1942,0,0,0,I,0,9A19,SHERMAN WY,TYRONE AV,60,E,N,C,-,N,NA,NA,NA,NA,NA,NA,NA,NA,NA,Y,4,0,1,2,A,-,03,22350,NA,N,C,C,A,B,H,-,A,D,0,NA,NA,NA,Y,Y,NA,F,55,0,0,1,0,0,0,0,0,0,-,-,NA,NA,LOS ANGELES,LOS ANGELES,-118.44416046142578,34.201202392578125
8802676,2019,2019-02-21,1900,2019-02-02,1930,617758,2220,6,5,3,1994,0,0,0,NA,0,222A,REYES ADOBE RD,RAINBOW CREST DR,0,NA,Y,B,C,N,NA,NA,NA,NA,NA,NA,NA,NA,NA,Y,4,0,2,2,A,-,09,21801,A,N,D,C,A,B,H,-,C,D,0,NA,NA,NA,NA,Y,NA,A,01,0,0,2,0,0,0,0,0,0,-,-,34.15201187133789,-118.78125762939452,LOS ANGELES,AGOURA HILLS,-118.78125,34.15201187133789
8802682,2019,2019-02-25,1942,2019-01-02,1200,30830,1029,3,5,7,1942,0,0,0,J,0,10A39,SHERMAN WY,WOODLEY AV,0,NA,Y,A,-,N,NA,NA,NA,NA,NA,NA,NA,NA,NA,Y,4,0,4,4,A,-,09,21801,A,N,D,C,A,A,H,-,A,A,0,NA,NA,NA,NA,Y,NA,D,22,0,0,4,0,0,0,0,0,0,-,-,NA,NA,LOS ANGELES,LOS ANGELES,-118.48368072509766,34.201171875
8802690,2019,2019-02-26,1942,2019-01-12,0715,42460,0989,6,5,7,1942,0,0,0,I,0,9A89,MOORPARK ST,WOODMAN AV,0,NA,Y,C,-,N,NA,NA,NA,NA,NA,NA,NA,NA,NA,N,3,0,3,2,A,-,12,21453,A,N,D,C,A,B,H,-,A,A,0,NA,NA,NA,Y,Y,NA,F,26,0,1,2,0,0,0,0,0,0,-,-,NA,NA,LOS ANGELES,LOS ANGELES,-118.43122863769533,34.150360107421875
8802706,2019,2019-03-08,1900,2019-01-08,1000,600608,0453,2,5,6,1949,0,0,0,NA,0,43T1,IMPERIAL HWY,FRONTAGE RD,143,S,N,A,-,N,NA,NA,NA,NA,NA,NA,NA,NA,NA,N,4,0,1,2,A,-,07,21658,A,N,B,C,A,A,D,E,A,D,0,NA,NA,NA,NA,Y,NA,E,22,0,0,1,0,0,0,0,0,0,-,-,NA,NA,LOS ANGELES,NORWALK,-118.08051300048828,33.917091369628906
8802710,2019,2019-02-26,1900,2019-01-20,1710,489533,0455,7,5,6,1949,0,0,0,NA,0,45T1,STUDEBAKER RD,MAPLEDALE ST,254,S,N,A,-,N,NA,NA,NA,NA,NA,NA,NA,NA,NA,Y,4,0,1,3,A,-,08,22107,NA,N,B,E,A,A,H,-,C,D,0,NA,NA,NA,NA,Y,NA,A,01,0,0,1,0,0,0,0,0,0,-,-,NA,NA,LOS ANGELES,NORWALK,-118.10006713867188,33.89775466918945
8802720,2019,2019-02-25,1900,2019-02-02,1410,601891,0531,6,5,5,1959,0,0,0,NA,0,54PM,MARSHALL ST,WALNUT GROVE AV,416,E,N,C,-,N,NA,NA,NA,NA,NA,NA,NA,NA,NA,Y,4,0,2,3,A,-,03,22350,NA,N,C,C,A,B,H,-,A,A,0,NA,NA,NA,NA,Y,NA,A,07,0,0,2,0,0,0,0,0,0,-,-,34.07400131225586,-118.0854034423828,LOS ANGELES,ROSEMEAD,-118.08064270019533,34.07490158081055
8802721,2019,2019-02-22,1942,2019-02-01,0630,33599,1801,5,5,7,1942,0,0,0,R,0,18A1,HOOVER ST,MANCHESTER AV,150,W,N,B,-,N,NA,NA,NA,NA,NA,NA,NA,NA,NA,Y,4,0,1,2,A,-,09,21801,A,N,D,C,A,A,H,-,A,D,0,NA,NA,Y,NA,Y,NA,A,01,0,0,1,0,0,0,0,0,1,-,-,NA,NA,LOS ANGELES,LOS ANGELES,-118.28710174560548,33.9604606628418
8802725,2019,2019-02-21,1942,2019-02-01,1635,41933,0501,5,5,7,1942,0,0,0,E,0,25T22,S VERMONT AV,182ND ST,180,N,N,A,-,N,NA,NA,NA,NA,NA,NA,NA,NA,NA,Y,4,0,1,3,A,-,03,22350,NA,N,B,E,A,A,H,-,A,D,0,NA,NA,NA,NA,Y,NA,A,01,0,0,1,0,0,0,0,0,0,-,-,NA,NA,LOS ANGELES,LOS ANGELES,-118.29061126708984,33.86763381958008
8802726,2019,2019-02-21,1931,2019-02-05,0534,5636,1931,2,5,5,1931,0,0,0,NA,0,003,FLORENCE AV,PACIFIC BL,24,W,N,C,-,N,NA,NA,NA,NA,NA,NA,NA,NA,NA,N,4,0,1,2,A,-,10,21950,A,N,D,B,B,B,H,-,C,A,0,Y,NA,NA,NA,Y,NA,A,01,0,0,1,0,1,0,0,0,0,-,-,NA,NA,LOS ANGELES,HUNTINGTON PARK,-118.22531127929688,33.97422790527344
8802727,2019,2019-02-22,1942,2019-02-01,1610,42656,0666,5,5,7,1942,0,0,0,F,0,6A67,DE LONGPRE AV,GOWER ST,0,NA,Y,B,-,N,NA,NA,NA,NA,NA,NA,NA,NA,NA,Y,3,0,2,3,A,-,01,23152,A,N,D,C,A,A,H,-,A,A,0,NA,NA,NA,NA,Y,Y,A,08,0,1,1,0,0,0,0,0,0,-,-,NA,NA,LOS ANGELES,LOS ANGELES,-118.32230377197266,34.09619903564453
8802728,2019,2019-02-21,1942,2019-02-04,1625,41973,1851,1,5,7,1942,0,0,0,R,0,18A97,W EL SEGUNDO BL,E VERMONT AV,447,E,N,A,-,N,NA,NA,NA,NA,NA,NA,NA,NA,NA,Y,3,0,3,2,A,-,03,22350,NA,N,D,-,A,A,H,-,A,D,0,NA,NA,NA,NA,Y,NA,A,01,0,2,1,0,0,0,0,0,0,-,-,NA,NA,LOS ANGELES,LOS ANGELES,-118.29010772705078,33.916419982910156
8802730,2019,2019-02-21,1942,2019-02-04,1530,42925,1802,1,5,7,1942,0,0,0,R,0,18A1,MAIN ST,88TH PL,0,NA,Y,C,-,N,NA,NA,NA,NA,NA,NA,NA,NA,NA,N,4,0,2,3,A,-,10,21950,A,N,A,B,B,B,G,-,A,A,0,Y,NA,NA,NA,Y,NA,A,08,0,0,2,0,2,0,0,0,0,-,-,NA,NA,LOS ANGELES,LOS ANGELES,-118.2738800048828,33.95643997192383
8802732,2019,2019-02-21,1942,2019-02-03,2220,42118,1259,7,5,7,1942,0,0,0,L,0,12A69,CENTRAL AV,75TH ST,50,S,N,C,-,N,NA,NA,NA,NA,NA,NA,NA,NA,NA,N,2,0,1,2,A,-,11,21954,A,N,G,B,D,B,H,-,C,D,0,Y,NA,NA,NA,Y,NA,N,60,1,0,0,0,1,0,0,0,0,-,-,NA,NA,LOS ANGELES,LOS ANGELES,-118.25642395019533,33.971961975097656
8802738,2019,2019-02-21,1942,2019-02-04,2220,43537,1822,1,5,7,1942,0,0,0,R,0,18A63,BROADWAY,94TH ST,0,NA,Y,C,-,N,NA,NA,NA,NA,NA,NA,NA,NA,NA,N,4,0,1,2,A,-,11,21954,A,N,G,B,D,B,H,-,C,D,0,Y,NA,NA,NA,Y,Y,N,60,0,0,1,0,1,0,0,0,0,-,-,NA,NA,LOS ANGELES,LOS ANGELES,-118.27839660644533,33.951011657714844
8802742,2019,2019-03-18,1942,2019-02-02,1310,43631,1841,6,5,7,1942,0,0,0,R,0,18A3,S HOOVER ST,IMPERIAL HWY,0,NA,Y,C,-,N,NA,NA,NA,NA,NA,NA,NA,NA,NA,N,3,0,1,2,A,-,10,21950,A,N,G,B,B,B,H,-,A,D,0,Y,NA,NA,NA,Y,NA,A,01,0,1,0,0,1,0,0,0,0,-,-,NA,NA,LOS ANGELES,LOS ANGELES,-118.2869873046875,33.93098831176758
8802748,2019,2019-02-21,1942,2019-02-03,1120,41158,1925,7,5,7,1942,0,0,0,NA,0,19A1,NORRIS AV,ASTORIA ST,228,N,N,C,-,N,NA,NA,NA,NA,NA,NA,NA,NA,NA,Y,4,0,1,4,A,-,03,22350,NA,F,C,C,A,B,F,-,A,D,0,NA,NA,NA,NA,Y,NA,A,07,0,0,1,0,0,0,0,0,0,-,-,NA,NA,LOS ANGELES,LOS ANGELES,-118.45126342773438,34.30131530761719
8802749,2019,2019-02-21,1942,2019-02-01,1420,42485,1803,5,5,7,1942,0,0,0,R,0,NA,VERMONT AV,CENTURY BL,0,NA,Y,A,-,N,NA,NA,NA,NA,NA,NA,NA,NA,NA,N,4,0,1,2,A,-,12,21453,A,F,D,C,A,A,H,-,A,A,0,NA,NA,NA,NA,Y,NA,-,99,0,0,1,0,0,0,0,0,0,-,-,NA,NA,LOS ANGELES,LOS ANGELES,-118.29161071777344,33.945491790771484
8802753,2019,2019-02-21,1942,2019-02-04,2130,41747,1823,1,5,7,1942,0,0,0,R,0,18A3,AVALON BL,E 95TH ST,0,NA,Y,C,-,N,NA,NA,NA,NA,NA,NA,NA,NA,NA,Y,4,0,1,2,A,-,09,21801,A,N,D,C,A,A,H,-,C,A,0,NA,NA,NA,NA,Y,NA,A,08,0,0,1,0,0,0,0,0,0,-,-,NA,NA,LOS ANGELES,LOS ANGELES,-118.2651596069336,33.95022964477539
8802756,2019,2019-02-20,1942,2019-02-02,1215,40165,1636,6,5,7,1942,0,0,0,P,0,16A35,SUNLAND BL,FOOTHILL FWY,0,NA,Y,C,-,N,NA,NA,NA,NA,NA,NA,NA,NA,NA,Y,3,0,2,2,A,-,01,23152,A,F,D,C,A,B,H,-,A,A,0,NA,NA,NA,NA,Y,Y,A,01,0,1,1,0,0,0,0,0,0,-,-,NA,NA,LOS ANGELES,LOS ANGELES,-118.32243347167967,34.25975036621094
8802759,2019,2019-02-21,1942,2019-02-05,0015,43527,0645,2,5,7,1942,0,0,0,F,0,6A77,HIGHLAND AV,HOLLYWOOD BL,0,NA,Y,B,C,N,NA,NA,NA,NA,NA,NA,NA,NA,NA,N,4,0,1,2,A,-,01,23152,A,N,C,C,A,B,H,-,C,A,0,NA,NA,NA,NA,Y,NA,A,01,0,0,1,0,0,0,0,0,0,-,-,NA,NA,LOS ANGELES,LOS ANGELES,-118.33869171142578,34.1015510559082
8802760,2019,2019-02-20,1942,2019-02-02,1216,40165,1636,6,5,7,1942,0,0,0,P,0,16A35,SUNLAND BL,FENWICK AV,270,E,N,C,-,N,NA,NA,NA,NA,NA,NA,NA,NA,NA,Y,3,0,3,2,A,-,01,23152,A,F,C,C,A,B,H,-,A,D,0,NA,NA,NA,NA,Y,Y,A,07,0,1,2,0,0,0,0,0,0,-,-,NA,NA,LOS ANGELES,LOS ANGELES,-118.3272705078125,34.259761810302734
8802761,2019,2019-02-21,1942,2019-02-01,1850,41072,1822,5,5,7,1942,0,0,0,R,0,18A17,FIGUEROA ST,CENTURY BL,0,NA,Y,C,-,N,NA,NA,NA,NA,NA,NA,NA,NA,NA,N,4,0,1,2,A,-,11,21456,B,N,G,B,B,B,H,-,C,A,0,Y,NA,NA,NA,Y,NA,N,60,0,0,1,0,1,0,0,0,0,-,-,NA,NA,LOS ANGELES,LOS ANGELES,-118.28265380859376,33.94554138183594
8802763,2019,2019-02-21,1942,2019-02-03,0915,34959,0711,7,5,7,1942,0,0,0,G,0,7A1,BEVERLY BL,CRESCENT HEIGHTS BL,0,NA,Y,C,-,N,NA,NA,NA,NA,NA,NA,NA,NA,NA,Y,3,0,2,2,A,-,12,21453,A,F,D,C,A,B,H,-,A,A,0,NA,NA,NA,NA,Y,NA,A,01,0,1,1,0,0,0,0,0,0,-,-,NA,NA,LOS ANGELES,LOS ANGELES,-118.36586761474608,34.07609176635742
8802764,2019,2019-02-20,1942,2019-02-03,1955,42309,1799,7,5,7,1942,0,0,0,Q,0,17A95,ROSCOE BL,HASKELL AV,410,E,N,C,-,N,NA,NA,NA,NA,NA,NA,NA,NA,NA,Y,3,0,4,3,A,-,01,23152,A,N,C,C,A,B,H,-,C,D,0,NA,NA,NA,NA,Y,Y,A,01,0,1,3,0,0,0,0,0,0,-,-,NA,NA,LOS ANGELES,LOS ANGELES,-118.47510528564452,34.22136688232422
8802767,2019,2019-02-22,1942,2019-02-02,1500,38262,0753,6,5,7,1942,0,0,0,G,0,7A53,FAIRFAX AV,PACKARD ST,91,N,N,C,-,N,NA,NA,NA,NA,NA,NA,NA,NA,NA,N,3,0,1,3,A,-,03,22350,NA,F,C,C,A,B,H,-,A,D,0,NA,NA,NA,NA,Y,NA,-,99,0,1,0,0,0,0,0,0,0,-,-,NA,NA,LOS ANGELES,LOS ANGELES,-118.36593627929688,34.05363464355469
8802768,2019,2019-02-20,1942,2019-02-02,1217,40165,1636,6,5,7,1942,0,0,0,P,0,16A35,SUNLAND BL,NEWHOME AV,375,W,N,C,-,N,NA,NA,NA,NA,NA,NA,NA,NA,NA,Y,3,0,2,2,A,-,01,23152,A,N,B,C,A,B,H,-,A,A,0,NA,NA,NA,NA,Y,Y,A,07,0,1,1,0,0,0,0,0,0,-,-,NA,NA,LOS ANGELES,LOS ANGELES,-118.32366943359376,34.25975036621094
8802771,2019,2019-02-21,1942,2019-02-03,2000,42215,0726,7,5,7,1942,0,0,0,G,0,7A17,BEVERLY BL,N ALTA VISTA BL,0,NA,Y,B,-,N,NA,NA,NA,NA,NA,NA,NA,NA,NA,Y,4,0,1,5,A,-,09,21802,A,F,D,C,F,A,H,-,C,A,0,Y,NA,NA,NA,Y,NA,-,99,0,0,1,0,1,0,0,0,0,-,-,NA,NA,LOS ANGELES,LOS ANGELES,-118.34745025634766,34.076171875
8802785,2019,2019-02-21,1956,2019-02-01,2000,1350,NA,5,5,5,1956,0,0,0,NA,0,NA,RIPLEY AV,MACKAY LN,360,E,N,B,-,N,NA,NA,NA,NA,NA,NA,NA,NA,NA,Y,3,0,1,2,A,-,08,22107,NA,N,C,E,A,A,H,-,C,A,0,NA,NA,NA,NA,Y,NA,A,01,0,1,0,0,0,0,0,0,0,-,-,NA,NA,LOS ANGELES,REDONDO BEACH,-118.36751556396484,33.86452102661133
8802789,2019,2019-02-21,1956,2019-02-03,1206,1302,NA,7,5,5,1956,0,0,0,NA,0,005,190TH ST,INGLEWOOD AV,28,N,N,C,-,N,NA,NA,NA,NA,NA,NA,NA,NA,NA,Y,4,0,1,2,-,-,-,NA,NA,N,C,C,A,B,H,-,A,A,0,NA,NA,NA,NA,Y,Y,-,-,0,0,1,0,0,0,0,0,0,-,-,NA,NA,LOS ANGELES,REDONDO BEACH,-118.36142730712892,33.85829162597656
8802791,2019,2019-02-21,1941,2019-02-01,0619,10318,NA,5,5,7,1941,0,0,0,NA,0,NA,EAST 10TH ST,10TH ST,13,S,N,A,-,N,NA,NA,NA,NA,NA,NA,NA,NA,NA,N,3,0,1,2,D,-,00,NA,NA,N,A,B,D,A,H,-,A,D,0,Y,NA,NA,NA,Y,NA,-,-,0,1,0,0,1,0,0,0,0,-,-,NA,NA,LOS ANGELES,LONG BEACH,NA,NA
8802794,2019,2019-02-21,1942,2019-02-03,1145,42661,1864,7,5,7,1942,0,0,0,R,0,18A17,CENTRAL AV,120TH ST,0,NA,Y,C,-,N,NA,NA,NA,NA,NA,NA,NA,NA,NA,N,4,0,1,2,A,-,12,21453,A,N,D,C,A,B,H,-,A,A,0,NA,NA,NA,NA,Y,NA,-,-,0,0,1,0,0,0,0,0,0,-,-,NA,NA,LOS ANGELES,LOS ANGELES,-118.25435638427734,33.923728942871094
8802797,2019,2019-02-21,1931,2019-02-03,1308,5311,1931,7,5,5,1931,0,0,0,NA,0,003,FLORENCE AV,SANTA FE AV,40,NA,N,C,-,N,NA,NA,NA,NA,NA,NA,NA,NA,NA,N,4,0,1,2,A,-,03,22350,NA,F,C,C,A,B,H,-,A,A,0,NA,NA,NA,NA,Y,NA,A,01,0,0,1,0,0,0,0,0,0,-,-,NA,NA,LOS ANGELES,HUNTINGTON PARK,-118.23029327392578,33.9747314453125
8802799,2019,2019-02-22,1942,2019-02-02,0805,35945,0657,6,5,7,1942,0,0,0,F,0,6A77,SANTA MONICA BL,WILTON PL,100,E,N,C,-,N,NA,NA,NA,NA,NA,NA,NA,NA,NA,N,4,0,1,2,A,-,03,22350,NA,F,C,C,A,B,H,-,A,A,0,NA,NA,NA,NA,Y,NA,-,99,0,0,1,0,0,0,0,0,0,-,-,NA,NA,LOS ANGELES,LOS ANGELES,-118.31324005126952,34.09075164794922
8802913,2019,2019-02-26,1955,2019-01-23,1145,40620,10,3,5,6,1955,0,0,0,NA,0,001,GIBBS ST,KINGSLEY AV,0,NA,Y,A,-,N,NA,NA,NA,NA,NA,NA,NA,NA,NA,Y,4,0,2,2,A,-,12,22450,A,N,D,C,A,A,H,-,A,D,0,NA,NA,NA,NA,Y,NA,A,01,0,0,2,0,0,0,0,0,0,-,-,NA,NA,LOS ANGELES,POMONA,-117.7483139038086,34.06658172607422
8802995,2019,2019-02-26,1944,2019-01-27,1645,224,2T1,7,5,4,1944,0,0,0,NA,0,001,AVIATION BL,NELSON AV,160,N,N,A,-,N,NA,NA,NA,NA,NA,NA,NA,NA,NA,Y,4,0,1,3,A,-,08,22107,NA,N,A,C,A,A,H,-,A,D,0,NA,NA,NA,NA,Y,NA,A,07,0,0,1,0,0,0,0,0,0,-,-,NA,NA,LOS ANGELES,MANHATTAN BEACH,-118.38025665283205,33.87510681152344
8803012,2019,2019-10-29,1900,2019-02-09,1020,405037,2928,6,5,5,1990,0,0,0,NA,0,292K3,LEMON AV,RT 60,38,N,N,B,-,Y,LA,7,60,-,R,22.241,R,4,W,N,4,0,1,3,A,-,03,22350,NA,N,C,C,A,A,H,-,A,D,0,NA,NA,NA,NA,Y,NA,A,01,0,0,1,0,0,0,0,0,0,-,WO,NA,NA,LOS ANGELES,DIAMOND BAR,-117.85755920410156,33.998451232910156
8803016,2019,2019-02-21,1900,2019-02-03,1545,520671,2927,7,5,5,1990,0,0,0,NA,0,292T1,DIAMOND BAR BL,FOUNTAIN SPRINGS LN,0,NA,Y,C,-,N,NA,NA,NA,NA,NA,NA,NA,NA,NA,Y,4,0,2,2,A,-,09,21801,A,N,-,C,A,B,H,-,B,A,0,NA,NA,NA,NA,Y,NA,A,01,0,0,2,0,0,0,0,0,0,-,-,33.97595977783203,-117.83587646484376,LOS ANGELES,DIAMOND BAR,-117.83599853515624,33.975929260253906
8803020,2019,2019-02-22,1900,2019-02-07,0730,550496,2910,4,5,4,1974,0,0,0,NA,0,291K1,AMAR RD,SUNSET BLUFF RD,0,NA,Y,A,-,N,NA,NA,NA,NA,NA,NA,NA,NA,NA,N,4,0,1,2,A,-,10,21950,A,N,G,B,B,A,H,-,A,A,0,Y,NA,NA,NA,Y,NA,A,01,0,0,1,0,1,0,0,0,0,-,-,NA,NA,LOS ANGELES,WALNUT,-117.8515396118164,34.041831970214844
8803024,2019,2019-02-22,1900,2019-02-09,2035,543436,2925,6,5,5,1990,0,0,0,NA,0,293K4,DIAMOND BAR BL,PATHFINDER RD,0,NA,Y,A,-,N,NA,NA,NA,NA,NA,NA,NA,NA,NA,Y,4,0,1,2,A,-,09,21801,A,N,D,C,A,A,H,-,C,A,0,NA,NA,NA,NA,Y,NA,A,01,0,0,1,0,0,0,0,0,0,-,-,NA,NA,LOS ANGELES,DIAMOND BAR,-117.83084106445313,33.981449127197266