CASE_ID,ACCIDENT_YEAR,PROC_DATE,JURIS,COLLISION_DATE,COLLISION_TIME,OFFICER_ID,REPORTING_DISTRICT,DAY_OF_WEEK,CHP_SHIFT,POPULATION,CNTY_CITY_LOC,SPECIAL_COND,BEAT_TYPE,CHP_BEAT_TYPE,CITY_DIVISION_LAPD,CHP_BEAT_CLASS,BEAT_NUMBER,PRIMARY_RD,SECONDARY_RD,DISTANCE,DIRECTION,INTERSECTION,WEATHER_1,WEATHER_2,STATE_HWY_IND,CALTRANS_COUNTY,CALTRANS_DISTRICT,STATE_ROUTE,ROUTE_SUFFIX,POSTMILE_PREFIX,POSTMILE,LOCATION_TYPE,RAMP_INTERSECTION,SIDE_OF_HWY,TOW_AWAY,COLLISION_SEVERITY,NUMBER_KILLED,NUMBER_INJURED,PARTY_COUNT,PRIMARY_COLL_FACTOR,PCF_CODE_OF_VIOL,PCF_VIOL_CATEGORY,PCF_VIOLATION,PCF_VIOL_SUBSECTION,HIT_AND_RUN,TYPE_OF_COLLISION,MVIW,PED_ACTION,ROAD_SURFACE,ROAD_COND_1,ROAD_COND_2,LIGHTING,CONTROL_DEVICE,CHP_ROAD_TYPE,PEDESTRIAN_ACCIDENT,BICYCLE_ACCIDENT,MOTORCYCLE_ACCIDENT,TRUCK_ACCIDENT,NOT_PRIVATE_PROPERTY,ALCOHOL_INVOLVED,STWD_VEHTYPE_AT_FAULT,CHP_VEHTYPE_AT_FAULT,COUNT_SEVERE_INJ,COUNT_VISIBLE_INJ,COUNT_COMPLAINT_PAIN,COUNT_PED_KILLED,COUNT_PED_INJURED,COUNT_BICYCLIST_KILLED,COUNT_BICYCLIST_INJURED,COUNT_MC_KILLED,COUNT_MC_INJURED,PRIMARY_RAMP,SECONDARY_RAMP,LATITUDE,LONGITUDE,COUNTY,CITY,POINT_X,POINT_Y
8805186,2019,2019-02-27,1942,2019-01-31,2010,42597,10,4,5,7,1942,0,0,0,J,0,10A77,SATICOY ST,LOUISE AV,0,NA,Y,-,-,N,NA,NA,NA,NA,NA,NA,NA,NA,NA,N,4,0,1,2,A,-,21,22106,NA,F,B,G,A,A,H,-,C,D,0,NA,Y,NA,NA,Y,Y,-,99,0,0,1,0,0,0,1,0,0,-,-,NA,NA,LOS ANGELES,LOS ANGELES,-118.50984191894533,34.20840835571289
8805187,2019,2019-02-28,1942,2019-02-05,2215,39493,1549,2,5,7,1942,0,0,0,O,0,15A39,CHANDLER BL,SATSUMA AV,116,W,N,A,-,N,NA,NA,NA,NA,NA,NA,NA,NA,NA,N,3,0,1,2,A,-,11,21956,A,F,G,B,E,A,H,-,C,D,0,Y,NA,NA,NA,Y,NA,N,60,0,1,0,0,1,0,0,0,0,-,-,NA,NA,LOS ANGELES,LOS ANGELES,-118.3679656982422,34.168094635009766
8805195,2019,2019-03-01,1942,2019-02-03,0105,37390,197G,7,5,7,1942,0,0,0,NA,0,19A7,OSBORNE ST,BEACHY AV,150,E,N,C,-,N,NA,NA,NA,NA,NA,NA,NA,NA,NA,N,2,0,2,2,A,-,11,21955,NA,N,G,B,D,B,H,-,C,D,0,Y,NA,NA,NA,Y,NA,N,60,1,0,1,0,1,0,0,0,0,-,-,NA,NA,LOS ANGELES,LOS ANGELES,-118.42900848388672,34.23994445800781
8805199,2019,2019-03-01,1941,2019-02-09,0831,6119,NA,6,5,7,1941,0,0,0,NA,0,NA,ROSE AV,15TH ST,161,S,N,A,-,N,NA,NA,NA,NA,NA,NA,NA,NA,NA,Y,4,0,2,3,A,-,08,22107,NA,N,D,C,A,B,H,-,A,D,0,NA,NA,NA,NA,Y,NA,A,NA,0,0,2,0,0,0,0,0,0,-,-,NA,NA,LOS ANGELES,LONG BEACH,-118.16984558105467,33.785789489746094
8805202,2019,2019-02-27,1942,2019-01-12,1230,39569,1596,6,5,7,1942,0,0,0,O,0,NA,VENTURA BL,ARCH DR,70,E,N,B,-,N,NA,NA,NA,NA,NA,NA,NA,NA,NA,NA,3,0,1,2,A,-,03,22350,NA,N,D,E,A,B,H,-,A,D,0,NA,NA,NA,NA,Y,NA,A,01,0,1,0,0,0,0,0,0,0,-,-,NA,NA,LOS ANGELES,LOS ANGELES,-118.3739013671875,34.14188003540039
8805206,2019,2019-02-27,1942,2019-01-07,1010,32319,NA,1,5,7,1942,0,0,0,NA,0,21T63,BURBANK BL,WHITSETT,400,W,N,C,-,N,NA,NA,NA,NA,NA,NA,NA,NA,NA,Y,3,0,1,3,A,-,03,22350,NA,N,A,E,A,B,H,-,A,D,0,NA,NA,NA,NA,Y,NA,A,01,0,1,0,0,0,0,0,0,0,-,-,NA,NA,LOS ANGELES,LOS ANGELES,-118.40657806396484,34.17213821411133
8805210,2019,2019-03-13,1942,2019-01-02,1425,43424,1543,3,5,7,1942,0,0,0,O,0,15A39,WHITSETT AV,BURBANK BL,32,S,N,A,-,N,NA,NA,NA,NA,NA,NA,NA,NA,NA,Y,4,0,1,2,A,-,05,21460,A,N,B,C,A,A,H,-,A,D,0,NA,NA,NA,NA,Y,NA,A,01,0,0,1,0,0,0,0,0,0,-,-,NA,NA,LOS ANGELES,LOS ANGELES,-118.40525817871094,34.17204284667969
8805214,2019,2019-02-27,1942,2019-01-04,1045,33514,2189,5,5,7,1942,0,0,0,NA,0,21A29,ROSCOE BL,OSO AV,0,NA,Y,C,-,N,NA,NA,NA,NA,NA,NA,NA,NA,NA,Y,3,0,4,2,A,-,12,21453,A,N,D,C,A,B,H,-,A,A,0,NA,NA,NA,NA,Y,NA,A,01,0,1,3,0,0,0,0,0,0,-,-,NA,NA,LOS ANGELES,LOS ANGELES,-118.57543182373048,34.22018814086914
8805218,2019,2019-02-27,1942,2019-01-07,0730,42460,1959,1,5,7,1942,0,0,0,NA,0,19A79,VAN NUYS BL,VENA AV,0,NA,Y,A,C,N,NA,NA,NA,NA,NA,NA,NA,NA,NA,Y,4,0,1,2,A,-,09,21802,A,N,D,-,A,B,H,-,A,A,0,NA,NA,NA,NA,Y,NA,A,07,0,0,1,0,0,0,0,0,0,-,-,NA,NA,LOS ANGELES,LOS ANGELES,-118.43624,34.25576
8805222,2019,2019-02-27,1942,2019-01-18,0025,42251,1772,5,5,7,1942,0,0,0,Q,0,17A81,PLUMMER ST,WINNETKA AV,0,NA,Y,B,-,N,NA,NA,NA,NA,NA,NA,NA,NA,NA,N,4,0,2,2,A,-,12,21453,A,N,D,C,A,A,H,-,D,A,0,NA,NA,NA,NA,Y,NA,A,07,0,0,2,0,0,0,0,0,0,-,-,NA,NA,LOS ANGELES,LOS ANGELES,-118.57122039794922,34.242740631103516
8805226,2019,2019-02-27,1942,2019-01-28,0215,35410,2139,1,5,7,1942,0,0,0,NA,0,21A43,SATICOY ST,WINNETKA AV,600,E,N,A,-,N,NA,NA,NA,NA,NA,NA,NA,NA,NA,Y,3,0,1,4,A,-,04,21703,NA,F,C,C,A,A,H,-,C,D,0,NA,NA,NA,NA,Y,NA,-,99,0,1,0,0,0,0,0,0,0,-,-,NA,NA,LOS ANGELES,LOS ANGELES,-118.56902313232422,34.20832061767578
8805230,2019,2019-02-27,1942,2019-01-18,1445,40398,1583,5,5,7,1942,0,0,0,O,0,15A85,VENTURA BL,TUJUNGA AV,0,NA,Y,A,-,N,NA,NA,NA,NA,NA,NA,NA,NA,NA,Y,3,0,2,3,A,-,09,21801,A,N,D,C,A,A,H,-,A,A,0,NA,NA,NA,NA,Y,NA,A,07,0,1,1,0,0,0,0,0,0,-,-,NA,NA,LOS ANGELES,LOS ANGELES,-118.37898254394533,34.139888763427734
8805231,2019,2019-02-27,1942,2019-01-21,0855,40141,2156,1,5,7,1942,0,0,0,NA,0,21A57,CANOGA AV,VICTORY BL,6,S,N,A,-,N,NA,NA,NA,NA,NA,NA,NA,NA,NA,N,4,0,1,2,A,-,10,21950,A,N,G,B,B,A,H,-,A,A,0,Y,NA,NA,NA,Y,NA,A,01,0,0,1,0,1,0,0,0,0,-,-,NA,NA,LOS ANGELES,LOS ANGELES,-118.59748840332033,34.1883544921875
8805234,2019,2019-02-27,1942,2019-01-16,1525,38403,1555,3,5,7,1942,0,0,0,O,0,15A85,RIVERSIDE DR,ETHEL AV,0,NA,Y,C,-,N,NA,NA,NA,NA,NA,NA,NA,NA,NA,N,4,0,1,2,A,-,10,21950,A,N,G,B,B,B,H,-,A,A,0,Y,NA,NA,NA,Y,NA,A,01,0,0,1,0,1,0,0,0,0,-,-,NA,NA,LOS ANGELES,LOS ANGELES,-118.41813659667967,34.15761947631836
8805235,2019,2019-02-27,1942,2019-01-18,1810,38353,2159,5,5,7,1942,0,0,0,NA,0,21A5,CORBIN AV,HAMLIN ST,0,N,N,A,-,N,NA,NA,NA,NA,NA,NA,NA,NA,NA,N,3,0,1,2,A,-,03,22350,NA,N,C,G,A,A,H,-,D,D,0,NA,Y,Y,NA,Y,NA,C,02,0,1,0,0,0,0,1,0,0,-,-,NA,NA,LOS ANGELES,LOS ANGELES,-118.5622100830078,34.18886184692383
8805238,2019,2019-02-27,1942,2019-01-18,2355,40972,1583,5,5,7,1942,0,0,0,O,0,15A85,LAUREL CANYON BL,VALLEYHEART DR,320,N,N,A,-,N,NA,NA,NA,NA,NA,NA,NA,NA,NA,Y,4,0,2,3,A,-,21,22106,NA,N,D,-,A,A,H,-,C,A,0,NA,NA,NA,NA,Y,NA,A,01,0,0,2,0,0,0,0,0,0,-,-,NA,NA,LOS ANGELES,LOS ANGELES,-118.3964614868164,34.14722442626953
8805239,2019,2019-02-27,1942,2019-01-16,1745,36582,2115,3,5,7,1942,0,0,0,NA,0,21A42,ROSCOE BL,OWENSMOUTH AV,5,E,N,B,C,N,NA,NA,NA,NA,NA,NA,NA,NA,NA,N,3,0,1,2,A,-,10,21950,A,N,G,B,B,B,H,-,C,A,0,Y,NA,NA,NA,Y,NA,A,01,0,1,0,0,1,0,0,0,0,-,-,NA,NA,LOS ANGELES,LOS ANGELES,-118.60161590576172,34.219730377197266
8805242,2019,2019-02-27,1942,2019-01-19,0935,39217,1595,6,5,7,1942,0,0,0,O,0,15A85,LAUREL CANYON BL,VENTURA PL,0,NA,Y,A,-,N,NA,NA,NA,NA,NA,NA,NA,NA,NA,Y,4,0,1,2,A,-,09,21801,A,N,D,C,A,A,H,-,A,A,0,NA,NA,NA,NA,Y,NA,A,01,0,0,1,0,0,0,0,0,0,-,-,NA,NA,LOS ANGELES,LOS ANGELES,-118.39579010009766,34.14500045776367
8805246,2019,2019-02-27,1942,2019-01-17,1355,40398,1532,4,5,7,1942,0,0,0,O,0,15A33,VICTORY BL,WILKINSON AV,270,E,N,B,-,N,NA,NA,NA,NA,NA,NA,NA,NA,NA,N,4,0,1,2,A,-,08,22107,NA,N,D,C,A,B,H,-,A,D,0,NA,NA,NA,NA,Y,NA,A,01,0,0,1,0,0,0,0,0,0,-,-,NA,NA,LOS ANGELES,LOS ANGELES,-118.40328216552734,34.186683654785156
8805250,2019,2019-02-27,1942,2019-01-17,1850,42818,1591,4,5,7,1942,0,0,0,O,0,15A85,COLDWATER CANYON AV,HALKIRK ST,22,S,N,A,-,N,NA,NA,NA,NA,NA,NA,NA,NA,NA,Y,3,0,1,2,A,-,08,22101,D,N,C,C,A,B,H,-,C,A,0,NA,NA,NA,NA,Y,NA,A,01,0,1,0,0,0,0,0,0,0,-,-,NA,NA,LOS ANGELES,LOS ANGELES,-118.41368865966795,34.141910552978516
8805254,2019,2019-02-27,1942,2019-01-04,1145,38403,1555,5,5,7,1942,0,0,0,O,0,15A67,MAGNOLIA BL,BAKMAN AV,0,NA,Y,A,-,N,NA,NA,NA,NA,NA,NA,NA,NA,NA,Y,4,0,2,2,A,-,09,21801,A,N,D,C,A,A,H,-,A,A,0,NA,NA,NA,NA,Y,NA,A,01,0,0,2,0,0,0,0,0,0,-,-,NA,NA,LOS ANGELES,LOS ANGELES,-118.37740325927734,34.164939880371094
8805258,2019,2019-03-20,1942,2019-01-16,1620,37550,1503,3,5,7,1942,0,0,0,O,0,35M61,LAUREL CANYON BL,ARCHWOOD ST,0,NA,Y,C,-,N,NA,NA,NA,NA,NA,NA,NA,NA,NA,Y,4,0,2,2,A,-,12,21453,A,N,B,C,A,B,H,-,B,A,0,NA,NA,NA,NA,Y,NA,A,01,0,0,2,0,0,0,0,0,0,-,-,NA,NA,LOS ANGELES,LOS ANGELES,-118.3965072631836,34.192108154296875
8805259,2019,2019-02-27,1942,2019-01-14,0708,36663,1907,1,5,7,1942,0,0,0,NA,0,19A7,MACLAY ST,FENTON AV,555,E,N,A,-,N,NA,NA,NA,NA,NA,NA,NA,NA,NA,N,2,0,1,2,A,-,11,21954,A,N,G,B,D,B,H,-,D,D,0,Y,NA,NA,NA,Y,NA,N,60,1,0,0,0,1,0,0,0,0,-,-,NA,NA,LOS ANGELES,LOS ANGELES,-118.4125747680664,34.30428695678711
8805262,2019,2019-02-27,1942,2019-01-17,1650,43062,1547,4,5,7,1942,0,0,0,O,0,15A33,BURBANK BL,TUJUNGA AV,140,E,N,B,-,N,NA,NA,NA,NA,NA,NA,NA,NA,NA,N,4,0,1,2,A,-,10,21952,NA,N,G,B,D,B,H,-,B,D,0,Y,NA,NA,NA,Y,NA,-,NA,0,0,1,0,1,0,0,0,0,-,-,NA,NA,LOS ANGELES,LOS ANGELES,-118.37857818603516,34.172157287597656
8805263,2019,2019-02-27,1942,2019-01-19,1725,38196,RD212,6,5,7,1942,0,0,0,NA,0,21X98,CANOGA AV,ROSCOE BL,65,NA,N,A,-,N,NA,NA,NA,NA,NA,NA,NA,NA,NA,N,4,0,1,2,A,-,11,21954,A,N,A,B,B,A,H,-,C,A,0,Y,NA,NA,NA,Y,NA,N,60,0,0,1,0,1,0,0,0,0,-,-,NA,NA,LOS ANGELES,LOS ANGELES,-118.59751892089844,34.21979904174805
8805266,2019,2019-02-27,1942,2019-01-19,1000,42417,1513,6,5,7,1942,0,0,0,O,0,15A3,VANOWEN ST,WHITSETT AV,0,NA,Y,A,-,N,NA,NA,NA,NA,NA,NA,NA,NA,NA,N,4,0,1,2,A,-,08,22100,A,N,D,C,A,A,H,-,A,D,0,NA,NA,NA,NA,Y,NA,A,01,0,0,1,0,0,0,0,0,0,-,-,NA,NA,LOS ANGELES,LOS ANGELES,-118.40528106689452,34.19395065307617
8805267,2019,2019-02-27,1942,2019-01-31,1705,35428,2158,4,5,7,1942,0,0,0,NA,0,NA,CANOGA AV,ROCKET DYNE ACCESS RD,0,NA,Y,A,B,N,NA,NA,NA,NA,NA,NA,NA,NA,NA,N,3,0,1,2,A,-,09,21804,A,N,D,G,A,A,H,-,B,A,0,NA,Y,NA,NA,Y,NA,L,04,0,1,0,0,0,0,1,0,0,-,-,NA,NA,LOS ANGELES,LOS ANGELES,NA,NA
8805270,2019,2019-02-27,1942,2019-01-19,2245,39493,1532,6,5,7,1942,0,0,0,O,0,15A33,VICTORY BL,BEEMAN AV,100,W,N,A,-,N,NA,NA,NA,NA,NA,NA,NA,NA,NA,Y,3,0,3,3,A,-,03,22350,NA,N,B,C,A,A,H,-,C,D,0,NA,NA,NA,NA,Y,NA,A,01,0,3,0,0,0,0,0,0,0,-,-,NA,NA,LOS ANGELES,LOS ANGELES,-118.40770721435548,34.18648147583008
8805271,2019,2019-02-27,1942,2019-01-19,1640,33696,2175,6,5,7,1942,0,0,0,NA,0,17X64,SALE AV,VENTURA BL,0,NA,Y,A,-,N,NA,NA,NA,NA,NA,NA,NA,NA,NA,N,3,0,1,2,A,-,09,21801,A,N,D,G,A,A,H,-,A,A,0,NA,Y,NA,NA,Y,NA,A,01,0,1,0,0,0,0,1,0,0,-,-,NA,NA,LOS ANGELES,LOS ANGELES,-118.61882019042967,34.16743850708008
8805274,2019,2019-02-27,1942,2019-01-16,1430,41125,1503,3,5,7,1942,0,0,0,O,0,15A3,SHERMAN WY,LAUREL CANYON BL,100,W,N,C,-,N,NA,NA,NA,NA,NA,NA,NA,NA,NA,Y,4,0,1,2,A,-,09,21801,A,N,A,C,A,B,H,-,A,D,0,NA,NA,NA,NA,Y,NA,A,01,0,0,1,0,0,0,0,0,0,-,-,NA,NA,LOS ANGELES,LOS ANGELES,-118.39683532714844,34.200714111328125
8805275,2019,2019-02-27,1942,2019-01-21,1535,40060,2126,1,5,7,1942,0,0,0,NA,0,21XL96,ROSCOE BL,DESOTO AV,0,NA,Y,A,-,N,NA,NA,NA,NA,NA,NA,NA,NA,NA,N,4,0,1,2,A,-,-,NA,NA,N,D,G,A,A,H,-,A,D,0,NA,Y,NA,NA,Y,NA,L,04,0,0,1,0,0,0,1,0,0,-,-,NA,NA,LOS ANGELES,LOS ANGELES,-118.58849334716795,34.219940185546875
8805278,2019,2019-02-27,1942,2019-01-16,1355,42639,NHWD,3,5,7,1942,0,0,0,NA,0,15X5,SHERMAN WAY,WHITSETT AV,300,W,N,B,C,N,NA,NA,NA,NA,NA,NA,NA,NA,NA,Y,4,0,1,2,A,-,05,21650,NA,N,B,C,A,B,H,-,A,D,0,NA,NA,NA,NA,Y,NA,A,01,0,0,1,0,0,0,0,0,0,-,-,NA,NA,LOS ANGELES,LOS ANGELES,-118.40618133544922,34.20120620727539
8805279,2019,2019-02-27,1942,2019-01-10,1300,42627,2137,4,5,7,1942,0,0,0,NA,0,21A1,INDEPENDENCE AV,SHERMAN WY,10,N,N,A,-,N,NA,NA,NA,NA,NA,NA,NA,NA,NA,N,3,0,2,2,A,-,05,21650,A,N,G,G,A,A,H,-,A,A,0,NA,Y,NA,NA,Y,NA,L,04,0,1,1,0,0,0,2,0,0,-,-,NA,NA,LOS ANGELES,LOS ANGELES,-118.59062957763672,34.201148986816406
8805281,2019,2019-03-01,1900,2019-02-04,2223,626575,1137,1,5,6,1992,0,0,0,NA,0,112T2,AVENUE J,20TH ST EAST,56,W,N,A,-,N,NA,NA,NA,NA,NA,NA,NA,NA,NA,NA,4,0,1,3,A,-,01,23152,A,N,C,C,A,B,H,-,C,A,0,NA,NA,NA,NA,Y,Y,D,22,0,0,1,0,0,0,0,0,0,-,-,NA,NA,LOS ANGELES,LANCASTER,-118.09496307373048,34.68962860107422
8805289,2019,2019-03-21,1900,2019-02-18,1326,510509,1121,1,5,6,1992,0,0,0,NA,0,112T4,AVENUE H,RT 14,0,NA,Y,B,-,Y,LA,7,14,-,R,69.788,R,4,N,Y,4,0,4,3,A,-,12,21453,A,M,F,C,A,A,H,-,A,A,0,NA,NA,NA,NA,Y,NA,D,22,0,0,4,0,0,0,0,0,0,-,NF,NA,NA,LOS ANGELES,LANCASTER,-118.16997528076172,34.71577453613281
8805296,2018,2019-03-01,1942,2018-12-18,1515,43361,2156,2,5,7,1942,0,0,0,NA,0,21A42,CANOGA AV,OXNARD ST,0,NA,Y,A,-,N,NA,NA,NA,NA,NA,NA,NA,NA,NA,Y,4,0,2,3,A,-,08,22107,NA,N,A,C,A,A,-,-,A,-,0,NA,NA,NA,NA,Y,NA,A,01,0,0,2,0,0,0,0,0,0,-,-,NA,NA,LOS ANGELES,LOS ANGELES,-118.59751129150392,34.179298400878906
8805304,2018,2019-02-26,1941,2018-12-07,1600,6317,NA,5,5,7,1941,0,0,0,NA,0,NA,7TH ST,MAINE AV,0,NA,Y,A,-,N,NA,NA,NA,NA,NA,NA,NA,NA,NA,N,4,0,1,2,A,-,10,21950,A,F,G,B,B,A,H,-,A,A,0,Y,NA,NA,NA,Y,NA,A,NA,0,0,1,0,1,0,0,0,0,-,-,NA,NA,LOS ANGELES,LONG BEACH,-118.20059967041016,33.77537155151367
8805305,2019,2019-03-01,1942,2019-01-30,0725,38688,0885,3,5,7,1942,0,0,0,H,0,8A95,MANNING AV,MOTOR AV,5,W,N,B,-,N,NA,NA,NA,NA,NA,NA,NA,NA,NA,N,4,0,1,2,A,-,11,21456,B,N,G,B,B,A,H,-,A,A,0,Y,NA,NA,NA,Y,NA,N,60,0,0,1,0,1,0,0,0,0,-,-,NA,NA,LOS ANGELES,LOS ANGELES,-118.41070556640624,34.03379821777344
8805309,2019,2019-04-04,1900,2019-02-11,1240,540658,1130,1,5,6,1992,0,0,0,NA,0,112T2,SIERRA HWY,AVENUE G,0,NA,Y,A,-,N,NA,NA,NA,NA,NA,NA,NA,NA,NA,Y,4,0,2,2,A,-,09,21802,A,N,D,C,A,A,H,-,A,A,0,NA,NA,NA,Y,Y,NA,F,26,0,0,2,0,0,0,0,0,0,-,-,NA,NA,LOS ANGELES,LANCASTER,-118.14222717285156,34.73337936401367
8805317,2019,2019-03-04,1900,2019-01-07,0900,616178,1126,1,5,6,1992,0,0,0,NA,0,111T1,15TH ST WEST,AVENUE J-8,345,N,N,A,-,N,NA,NA,NA,NA,NA,NA,NA,NA,NA,N,4,0,4,3,A,-,03,22350,NA,N,C,C,A,A,H,-,A,D,0,NA,NA,NA,NA,Y,NA,D,22,0,0,4,0,0,0,0,0,0,-,-,NA,NA,LOS ANGELES,LANCASTER,-118.15682220458984,34.6831169128418
8805338,2019,2019-02-26,1941,2019-02-07,1946,10555,NA,4,5,7,1941,0,0,0,NA,0,901T,ORANGE AV,65TH ST,59,S,N,A,-,N,NA,NA,NA,NA,NA,NA,NA,NA,NA,N,3,0,1,2,A,-,11,21954,A,N,B,B,D,A,H,-,D,D,0,Y,NA,NA,NA,Y,NA,A,NA,0,1,0,0,1,0,0,0,0,-,-,NA,NA,LOS ANGELES,LONG BEACH,-118.17738342285156,33.87260818481445
8805340,2019,2019-02-28,1942,2019-01-15,0920,39058,1738,2,5,7,1942,0,0,0,Q,0,17A49,SAN FERNANDO MISSION BL,HASKELL AV,0,NA,Y,B,-,N,NA,NA,NA,NA,NA,NA,NA,NA,NA,Y,4,0,1,3,A,-,12,21453,A,N,D,C,A,B,H,-,A,A,0,NA,NA,NA,NA,Y,NA,D,22,0,0,1,0,0,0,0,0,0,-,-,NA,NA,LOS ANGELES,LOS ANGELES,-118.47596740722656,34.27185821533203
8805342,2019,2019-03-13,1941,2019-02-08,0837,11116,NA,5,5,7,1941,0,0,0,NA,0,901T,ANAHEIM ST,PINE AV,0,NA,Y,A,-,N,NA,NA,NA,NA,NA,NA,NA,NA,NA,N,4,0,1,2,D,-,00,NA,NA,N,G,B,B,A,H,-,A,A,0,Y,NA,NA,NA,Y,NA,-,-,0,0,1,0,1,0,0,0,0,-,-,NA,NA,LOS ANGELES,LONG BEACH,-118.19239044189452,33.78260040283203
8805346,2019,2019-02-26,1941,2019-02-03,0753,11104,NA,7,5,7,1941,0,0,0,NA,0,901T,OCEAN BL,54TH PL,5,E,N,B,C,N,NA,NA,NA,NA,NA,NA,NA,NA,NA,N,3,0,1,2,A,-,10,21950,A,N,G,B,B,B,G,-,A,D,0,Y,NA,NA,NA,Y,NA,A,NA,0,1,0,0,1,0,0,0,0,-,-,NA,NA,LOS ANGELES,LONG BEACH,-118.13232421875,33.753482818603516
8805350,2019,2019-03-20,1941,2019-02-06,1650,6116,NA,3,5,7,1941,0,0,0,NA,0,901T,OUTER TRAFFIC CIR,LAKEWOOD,155,W,N,A,-,N,NA,NA,NA,NA,NA,NA,NA,NA,NA,N,2,0,1,2,A,-,-,NA,NA,N,A,B,D,A,H,-,A,D,0,Y,NA,NA,NA,Y,NA,-,-,1,0,0,0,1,0,0,0,0,-,-,NA,NA,LOS ANGELES,LONG BEACH,-118.14321136474608,33.79140090942383
8805374,2019,2019-02-28,1955,2019-02-06,1218,40220,77,3,5,6,1955,0,0,0,NA,0,005,MISSION BL,HUMANE WY,50,W,N,A,-,N,NA,NA,NA,NA,NA,NA,NA,NA,NA,N,4,0,2,2,A,-,03,22350,NA,M,C,C,A,A,H,-,A,A,0,NA,NA,NA,NA,Y,NA,A,07,0,0,2,0,0,0,0,0,0,-,-,NA,NA,LOS ANGELES,POMONA,-117.7897720336914,34.05222702026367
8805378,2019,2019-02-28,1955,2019-02-12,2104,42150,83,2,5,6,1955,0,0,0,NA,0,005,RIO RANCHO RD,AUTO CENTER DR,291,E,N,A,-,N,NA,NA,NA,NA,NA,NA,NA,NA,NA,Y,4,0,2,2,A,-,09,21804,A,N,D,C,A,A,H,-,C,A,0,NA,NA,NA,NA,Y,NA,A,01,0,0,2,0,0,0,0,0,0,-,-,NA,NA,LOS ANGELES,POMONA,-117.7558135986328,34.033573150634766
8805382,2019,2019-02-28,1955,2019-02-07,1456,40220,48,4,5,6,1955,0,0,0,NA,0,001,ORANGE GROVE AV,GORDON ST,0,NA,Y,A,-,N,NA,NA,NA,NA,NA,NA,NA,NA,NA,Y,3,0,2,2,A,-,09,21802,A,N,D,C,A,A,H,-,A,A,0,NA,NA,NA,NA,Y,NA,A,08,0,2,0,0,0,0,0,0,0,-,-,NA,NA,LOS ANGELES,POMONA,-117.75382995605467,34.07197189331055
8805386,2019,2019-02-28,1955,2019-02-09,1916,42115,10,6,5,6,1955,0,0,0,NA,0,003,ORANGE GROVE AV,MCKINLEY AV,14,N,N,B,-,N,NA,NA,NA,NA,NA,NA,NA,NA,NA,Y,3,0,2,2,A,-,03,22350,NA,F,C,C,A,B,H,-,C,A,0,NA,NA,NA,NA,Y,NA,A,01,0,2,0,0,0,0,0,0,0,-,-,NA,NA,LOS ANGELES,POMONA,-117.75043487548828,34.07420349121094
8805422,2019,2019-02-28,1941,2019-02-04,0900,11016,NA,1,5,7,1941,0,0,0,NA,0,NA,ATLANTIC AV,45TH ST,0,NA,Y,A,-,N,NA,NA,NA,NA,NA,NA,NA,NA,NA,N,4,0,1,2,A,-,12,21453,A,F,C,C,A,A,H,-,A,A,0,NA,NA,NA,NA,Y,NA,D,NA,0,0,1,0,0,0,0,0,0,-,-,NA,NA,LOS ANGELES,LONG BEACH,-118.18524169921876,33.83987045288086
8805441,2019,2019-02-21,1942,2019-01-13,1115,31859,2133,7,5,7,1942,0,0,0,NA,0,21A43,SATICOY ST,FALLBROOK AV,0,NA,Y,B,-,N,NA,NA,NA,NA,NA,NA,NA,NA,NA,Y,4,0,1,2,A,-,09,21801,NA,N,A,C,A,A,H,-,A,A,0,NA,NA,NA,NA,Y,NA,A,01,0,0,1,0,0,0,0,0,0,-,-,NA,NA,LOS ANGELES,LOS ANGELES,-118.62344360351564,34.20827102661133
8805445,2019,2019-02-21,1942,2019-01-04,1000,43395,2132,5,5,7,1942,0,0,0,NA,0,21A97,MIDDLEBURY RIDGE,PENTLAND WY,0,NA,Y,A,-,N,NA,NA,NA,NA,NA,NA,NA,NA,NA,NA,3,0,1,2,A,-,03,22350,NA,N,A,E,A,A,H,-,A,D,0,NA,NA,NA,NA,Y,NA,A,01,0,1,0,0,0,0,0,0,0,-,-,NA,NA,LOS ANGELES,LOS ANGELES,-118.64569091796876,34.19966125488281
8805449,2019,2019-03-19,1942,2019-01-06,1730,43361,2157,7,5,7,1942,0,0,0,NA,0,21A42,DE SOTO AV,VANOWEN ST,0,NA,-,A,-,N,NA,NA,NA,NA,NA,NA,NA,NA,NA,Y,4,0,1,2,A,-,06,21755,NA,N,B,C,A,A,H,-,C,B,0,NA,NA,NA,NA,Y,NA,-,NA,0,0,1,0,0,0,0,0,0,-,-,NA,NA,LOS ANGELES,LOS ANGELES,-118.58841705322266,34.193790435791016
8805453,2019,2019-03-19,1942,2019-01-10,1235,37492,2177,4,5,7,1942,0,0,0,NA,0,21A5,CANOGA AV,CALIFA ST,0,NA,Y,A,-,N,NA,NA,NA,NA,NA,NA,NA,NA,NA,N,4,0,2,2,A,-,12,21453,A,N,D,C,A,A,H,-,A,A,0,NA,NA,NA,NA,Y,NA,A,01,0,0,2,0,0,0,0,0,0,-,-,NA,NA,LOS ANGELES,LOS ANGELES,-118.59751892089844,34.177249908447266
8805457,2019,2019-02-21,1942,2019-01-31,1520,39473,2158,4,5,7,1942,0,0,0,NA,0,21A97,CANOGA AV,ERWIN ST,0,NA,Y,C,-,N,NA,NA,NA,NA,NA,NA,NA,NA,NA,Y,3,0,2,3,A,-,09,21801,A,N,A,C,A,B,H,-,A,-,0,NA,NA,NA,NA,Y,NA,A,01,0,1,1,0,0,0,0,0,0,-,-,NA,NA,LOS ANGELES,LOS ANGELES,-118.59752655029295,34.182830810546875