CASE_ID,ACCIDENT_YEAR,PROC_DATE,JURIS,COLLISION_DATE,COLLISION_TIME,OFFICER_ID,REPORTING_DISTRICT,DAY_OF_WEEK,CHP_SHIFT,POPULATION,CNTY_CITY_LOC,SPECIAL_COND,BEAT_TYPE,CHP_BEAT_TYPE,CITY_DIVISION_LAPD,CHP_BEAT_CLASS,BEAT_NUMBER,PRIMARY_RD,SECONDARY_RD,DISTANCE,DIRECTION,INTERSECTION,WEATHER_1,WEATHER_2,STATE_HWY_IND,CALTRANS_COUNTY,CALTRANS_DISTRICT,STATE_ROUTE,ROUTE_SUFFIX,POSTMILE_PREFIX,POSTMILE,LOCATION_TYPE,RAMP_INTERSECTION,SIDE_OF_HWY,TOW_AWAY,COLLISION_SEVERITY,NUMBER_KILLED,NUMBER_INJURED,PARTY_COUNT,PRIMARY_COLL_FACTOR,PCF_CODE_OF_VIOL,PCF_VIOL_CATEGORY,PCF_VIOLATION,PCF_VIOL_SUBSECTION,HIT_AND_RUN,TYPE_OF_COLLISION,MVIW,PED_ACTION,ROAD_SURFACE,ROAD_COND_1,ROAD_COND_2,LIGHTING,CONTROL_DEVICE,CHP_ROAD_TYPE,PEDESTRIAN_ACCIDENT,BICYCLE_ACCIDENT,MOTORCYCLE_ACCIDENT,TRUCK_ACCIDENT,NOT_PRIVATE_PROPERTY,ALCOHOL_INVOLVED,STWD_VEHTYPE_AT_FAULT,CHP_VEHTYPE_AT_FAULT,COUNT_SEVERE_INJ,COUNT_VISIBLE_INJ,COUNT_COMPLAINT_PAIN,COUNT_PED_KILLED,COUNT_PED_INJURED,COUNT_BICYCLIST_KILLED,COUNT_BICYCLIST_INJURED,COUNT_MC_KILLED,COUNT_MC_INJURED,PRIMARY_RAMP,SECONDARY_RAMP,LATITUDE,LONGITUDE,COUNTY,CITY,POINT_X,POINT_Y
8806251,2018,2019-02-28,1948,2018-12-26,1226,374,1948,3,5,5,1948,0,0,0,NA,0,002,S YNEZ AV,WEST GARVEY AV,0,NA,Y,B,-,N,NA,NA,NA,NA,NA,NA,NA,NA,NA,N,4,0,1,2,A,-,10,21950,A,N,G,B,B,A,H,-,A,A,0,Y,NA,NA,NA,Y,NA,A,07,0,0,1,0,1,0,0,0,0,-,-,NA,NA,LOS ANGELES,MONTEREY PARK,-118.12914276123048,34.06241989135742
8806252,2019,2019-02-28,1900,2019-01-24,2221,453085,2112,4,5,5,1943,0,0,0,NA,0,212T4,LONG BEACH BL,SANBORN AV,0,NA,Y,A,-,N,NA,NA,NA,NA,NA,NA,NA,NA,NA,N,4,0,2,3,A,-,03,22350,NA,N,D,C,A,A,H,-,C,A,0,NA,NA,NA,NA,Y,NA,A,01,0,0,2,0,0,0,0,0,0,-,-,NA,NA,LOS ANGELES,LYNWOOD,-118.21103668212892,33.928489685058594
8806255,2018,2019-02-28,1948,2018-12-28,1327,462,1948,5,5,5,1948,0,0,0,NA,0,001,EAST GARVEY AV,NICHOLSON AV,28,E,N,A,-,N,NA,NA,NA,NA,NA,NA,NA,NA,NA,Y,4,0,2,2,A,-,09,21801,A,N,D,C,A,A,H,-,A,A,0,NA,NA,NA,NA,Y,NA,A,01,0,0,2,0,0,0,0,0,0,-,-,NA,NA,LOS ANGELES,MONTEREY PARK,-118.118896484375,34.06258010864258
8806260,2019,2019-03-20,1900,2019-01-27,1230,529585,2115,7,5,5,1943,0,0,0,NA,0,212A,ATLANTIC AV,MLK JR BL,0,NA,Y,A,-,N,NA,NA,NA,NA,NA,NA,NA,NA,NA,N,4,0,1,2,A,-,12,21453,A,N,D,C,E,A,H,-,A,A,0,Y,NA,NA,NA,Y,NA,A,01,0,0,1,0,1,0,0,0,0,-,-,NA,NA,LOS ANGELES,LYNWOOD,-118.1875228881836,33.92116928100586
8806271,2018,2019-02-28,1942,2018-12-22,2030,43005,1826,6,5,7,1942,0,0,0,R,0,18X96,92ND,COMPTON AV,300,W,N,A,-,N,NA,NA,NA,NA,NA,NA,NA,NA,NA,N,3,0,2,3,A,-,03,22350,NA,F,B,C,A,A,H,-,C,D,0,NA,NA,NA,NA,Y,Y,A,01,0,1,1,0,0,0,0,0,0,-,-,NA,NA,LOS ANGELES,LOS ANGELES,-118.24849700927734,33.953311920166016
8806275,2018,2019-02-28,1942,2018-12-25,0900,41952,0289,2,5,7,1942,0,0,0,B,0,2A5,VALENCIA,12TH PL,0,NA,Y,A,-,N,NA,NA,NA,NA,NA,NA,NA,NA,NA,N,4,0,1,2,A,-,12,22450,NA,F,D,C,A,A,H,-,A,A,0,NA,NA,NA,NA,Y,NA,-,99,0,0,1,0,0,0,0,0,0,-,-,NA,NA,LOS ANGELES,LOS ANGELES,-118.27474975585938,34.04467010498047
8806279,2018,2019-02-28,1942,2018-12-05,1830,41434,0219,3,5,7,1942,0,0,0,B,0,2A39,BELLEVUE AV,EDGEWARE RD,0,NA,Y,C,-,N,NA,NA,NA,NA,NA,NA,NA,NA,NA,N,4,0,1,2,A,-,03,22350,NA,F,G,B,D,B,H,-,B,D,0,Y,NA,NA,NA,Y,NA,-,99,0,0,1,0,1,0,0,0,0,-,-,NA,NA,LOS ANGELES,LOS ANGELES,-118.25785,34.06908
8806280,2019,2019-03-11,1942,2019-01-20,2115,41629,0181,7,5,7,1942,0,0,0,A,0,1A61,LA LIVE WY,12TH ST,161,N,N,A,-,N,NA,NA,NA,NA,NA,NA,NA,NA,NA,Y,3,0,1,2,A,-,08,22102,NA,N,D,C,A,A,H,-,D,D,0,NA,NA,Y,NA,Y,NA,A,01,0,1,0,0,0,0,0,0,1,-,-,NA,NA,LOS ANGELES,LOS ANGELES,-118.27061462402344,34.044246673583984
8806281,2019,2019-03-05,1900,2019-02-02,0305,508705,0623,6,5,6,1985,0,0,0,NA,0,62T1,MCBEAN PKWY,TOURNAMENT RD,0,NA,Y,C,-,N,NA,NA,NA,NA,NA,NA,NA,NA,NA,Y,3,0,1,2,D,-,00,NA,NA,N,D,C,A,B,H,-,C,A,0,NA,NA,NA,NA,Y,NA,-,-,0,1,0,0,0,0,0,0,0,-,-,34.394798278808594,-118.56500244140624,LOS ANGELES,SANTA CLARITA,-118.56508636474608,34.39474868774414
8806283,2019,2019-02-28,1942,2019-01-20,1825,39222,1531,7,5,7,1942,0,0,0,O,0,15A38,WHITSETT AV,ALBERS ST,10,NA,N,A,-,N,NA,NA,NA,NA,NA,NA,NA,NA,NA,Y,4,0,1,2,A,-,09,21801,A,N,D,B,B,A,H,-,C,D,0,Y,NA,NA,NA,Y,NA,A,01,0,0,1,0,1,0,0,0,0,-,-,NA,NA,LOS ANGELES,LOS ANGELES,-118.40525817871094,34.17033004760742
8806284,2019,2019-03-11,1942,2019-01-19,1500,37952,0182,6,5,7,1942,0,0,0,A,0,1A61,S OLIVE ST,11TH ST,100,S,N,A,-,N,NA,NA,NA,NA,NA,NA,NA,NA,NA,N,4,0,1,2,A,-,11,21956,A,N,G,B,E,A,H,-,A,D,0,Y,NA,NA,NA,Y,NA,N,60,0,0,1,0,1,0,0,0,0,-,-,NA,NA,LOS ANGELES,LOS ANGELES,-118.26109313964844,34.04063415527344
8806285,2019,2019-03-05,1928,2019-02-18,0327,403,524,1,5,5,1928,0,0,0,NA,0,502,VAN NESS AV,IMPERIAL HWY,0,NA,Y,A,G,N,NA,NA,NA,NA,NA,NA,NA,NA,NA,Y,2,0,1,1,A,-,08,22107,NA,N,F,I,A,A,H,-,C,A,0,NA,NA,NA,NA,Y,NA,A,01,1,0,0,0,0,0,0,0,0,-,-,33.93090057373047,-118.31700134277344,LOS ANGELES,HAWTHORNE,-118.31777954101564,33.9310188293457
8806287,2019,2019-02-28,1942,2019-01-27,1715,39473,1523,7,5,7,1942,0,0,0,O,0,15A33,VICTORY BL,WHITSETT AV,0,NA,Y,A,-,N,NA,NA,NA,NA,NA,NA,NA,NA,NA,Y,4,0,1,2,A,-,09,21801,A,N,A,C,A,A,H,-,B,A,0,NA,NA,NA,NA,Y,NA,A,01,0,0,1,0,0,0,0,0,0,-,-,NA,NA,LOS ANGELES,LOS ANGELES,-118.40525817871094,34.18667984008789
8806288,2019,2019-03-11,1942,2019-01-16,1845,41629,0139,3,5,7,1942,0,0,0,A,0,1A29,SAN PEDRO ST,4TH ST,42,S,N,C,-,N,NA,NA,NA,NA,NA,NA,NA,NA,NA,N,3,0,1,2,A,-,11,21954,A,N,G,B,D,B,H,-,C,D,0,Y,NA,NA,NA,Y,NA,N,60,0,1,0,0,1,0,0,0,0,-,-,NA,NA,LOS ANGELES,LOS ANGELES,-118.24304962158205,34.04574203491211
8806289,2019,2019-03-05,1928,2019-02-09,1343,406,513,6,5,5,1928,0,0,0,NA,0,504,HAWTHORNE BL,132ND ST,50,N,N,B,-,N,NA,NA,NA,NA,NA,NA,NA,NA,NA,N,4,0,1,2,A,-,03,22350,NA,M,G,B,D,A,H,-,A,D,0,Y,NA,NA,NA,Y,NA,A,01,0,0,1,0,1,0,0,0,0,-,-,33.91299819946289,-118.35199737548828,LOS ANGELES,HAWTHORNE,-118.35270690917967,33.91318893432617
8806291,2019,2019-02-28,1942,2019-01-26,1155,40165,1591,6,5,7,1942,0,0,0,O,0,15A85,VENTURA BL,VENTURA PL,20,E,N,A,-,N,NA,NA,NA,NA,NA,NA,NA,NA,NA,N,4,0,1,2,A,-,03,22350,NA,N,C,C,A,A,H,-,A,D,0,NA,NA,NA,NA,Y,NA,A,01,0,0,1,0,0,0,0,0,0,-,-,NA,NA,LOS ANGELES,LOS ANGELES,-118.39278411865234,34.14362335205078
8806292,2019,2019-03-11,1942,2019-01-24,1410,41576,0165,4,5,7,1942,0,0,0,A,0,1G21,7TH ST,MAIN ST,156,W,N,A,-,N,NA,NA,NA,NA,NA,NA,NA,NA,NA,N,3,0,1,2,A,-,09,21801,A,N,H,G,A,A,H,-,A,D,0,NA,Y,NA,NA,Y,NA,A,01,0,1,0,0,0,0,1,0,0,-,-,NA,NA,LOS ANGELES,LOS ANGELES,-118.25179290771484,34.044189453125
8806293,2019,2019-08-30,1900,2019-02-07,0925,434049,0531,4,5,5,1959,0,0,0,NA,0,53T1AM,VALLEY BL,DELTA AV,502,E,N,A,-,N,NA,NA,NA,NA,NA,NA,NA,NA,NA,N,1,1,0,2,A,-,11,21954,A,N,G,B,D,A,H,-,A,D,0,Y,NA,NA,NA,Y,NA,N,60,0,0,0,1,0,0,0,0,0,-,-,34.080299377441406,-118.0846710205078,LOS ANGELES,ROSEMEAD,-118.08472442626952,34.08041763305664
8806295,2019,2019-02-28,1942,2019-01-25,1135,37686,1591,5,5,7,1942,0,0,0,O,0,15A85,COLDWATER CANYON AV,HALKIRK ST,50,S,N,A,-,N,NA,NA,NA,NA,NA,NA,NA,NA,NA,Y,3,0,2,3,A,-,04,21703,NA,N,C,C,A,A,H,-,A,D,0,NA,NA,NA,NA,Y,NA,A,01,0,1,1,0,0,0,0,0,0,-,-,NA,NA,LOS ANGELES,LOS ANGELES,-118.41368865966795,34.1418342590332
8806296,2019,2019-03-11,1942,2019-01-17,1410,42040,0161,4,5,7,1942,0,0,0,A,0,1A61,S FIGUEROA ST,7TH ST,250,S,N,A,-,N,NA,NA,NA,NA,NA,NA,NA,NA,NA,N,4,0,1,2,A,-,04,21703,NA,N,C,C,A,B,H,-,A,A,0,NA,NA,NA,NA,Y,NA,A,01,0,0,1,0,0,0,0,0,0,-,-,NA,NA,LOS ANGELES,LOS ANGELES,-118.26039123535156,34.048866271972656
8806297,2019,2019-03-05,1900,2019-02-15,0810,526292,0561,5,5,3,1968,0,0,0,NA,0,55T1AM,HAVENPARK AV,REMER ST,361,S,N,A,-,N,NA,NA,NA,NA,NA,NA,NA,NA,NA,N,4,0,2,2,A,-,21,22106,NA,N,D,C,A,A,H,-,A,D,0,NA,NA,NA,NA,Y,NA,A,01,0,0,2,0,0,0,0,0,0,-,-,34.047000885009766,-118.0469970703125,LOS ANGELES,SOUTH EL MONTE,-118.04801177978516,34.047218322753906
8806299,2019,2019-03-19,1942,2019-01-26,1205,33458,1521,6,5,7,1942,0,0,0,O,0,15A21,FULTON AV,SHERMAN WY,180,S,N,A,-,N,NA,NA,NA,NA,NA,NA,NA,NA,NA,N,4,0,1,2,A,-,-,NA,NA,N,G,B,F,A,H,-,A,D,0,Y,NA,NA,NA,Y,NA,-,-,0,0,1,0,1,0,0,0,0,-,-,NA,NA,LOS ANGELES,LOS ANGELES,-118.42253875732422,34.200706481933594
8806300,2019,2019-03-11,1953,2019-01-24,1817,4575,1953,4,5,6,1953,0,0,0,NA,0,0'3,COLORADO BL,MICHIGAN AV,0,NA,Y,A,-,N,NA,NA,NA,NA,NA,NA,NA,NA,NA,Y,4,0,1,3,A,-,08,22107,NA,N,B,C,A,A,H,-,C,A,0,NA,NA,NA,NA,Y,NA,A,01,0,0,1,0,0,0,0,0,0,-,-,NA,NA,LOS ANGELES,PASADENA,-118.12600708007813,34.14596176147461
8806301,2019,2019-02-28,1925,2019-01-28,1828,22598,274,1,5,6,1925,0,0,0,NA,0,001,SAN FERNANDO RD,LOS FELIZ RD,0,NA,Y,A,-,N,NA,NA,NA,NA,NA,NA,NA,NA,NA,Y,4,0,1,2,A,-,12,21453,A,N,D,C,A,A,H,-,C,A,0,NA,NA,NA,NA,Y,NA,A,07,0,0,1,0,0,0,0,0,0,-,-,NA,NA,LOS ANGELES,GLENDALE,-118.25923919677734,34.12833023071289
8806303,2019,2019-02-28,1942,2019-01-31,1130,41514,1524,4,5,7,1942,0,0,0,O,0,15A33,LAUREL CANYON BL,VICTORY BL,200,S,N,C,-,N,NA,NA,NA,NA,NA,NA,NA,NA,NA,N,3,0,2,3,A,-,21,22106,NA,N,D,C,A,B,H,-,A,D,0,NA,NA,NA,NA,Y,NA,A,08,0,1,1,0,0,0,0,0,0,-,-,NA,NA,LOS ANGELES,LOS ANGELES,-118.39652252197266,34.18613052368164
8806307,2019,2019-02-28,1942,2019-01-29,1940,40388,1963,2,5,7,1942,0,0,0,NA,0,19A75,VAN NUYS BL,WOODMAN AV,435,E,N,B,-,N,NA,NA,NA,NA,NA,NA,NA,NA,NA,N,3,0,2,2,A,-,09,21804,A,N,D,C,A,A,H,-,C,A,0,NA,NA,NA,NA,Y,NA,A,01,0,1,1,0,0,0,0,0,0,-,-,NA,NA,LOS ANGELES,LOS ANGELES,-118.44710540771484,34.24787139892578
8806308,2019,2019-03-11,1953,2019-01-14,2227,2039,1953,1,5,6,1953,0,0,0,NA,0,004,COLORADO BL,DAISY AV,0,W,N,B,-,N,NA,NA,NA,NA,NA,NA,NA,NA,NA,Y,4,0,1,1,A,-,03,22350,NA,N,A,-,A,B,H,-,D,D,0,NA,NA,NA,NA,Y,NA,A,01,0,0,1,0,0,0,0,0,0,-,-,NA,NA,LOS ANGELES,PASADENA,-118.09300231933594,34.14616012573242
8806319,2019,2019-02-28,1900,2019-01-28,0530,541248,2117,1,5,5,1943,0,0,0,NA,0,212T4,CARLIN AV,CASTLEGATE AV,0,NA,Y,A,-,N,NA,NA,NA,NA,NA,NA,NA,NA,NA,N,3,0,1,2,D,-,00,NA,NA,N,D,C,A,A,H,-,C,A,0,NA,NA,NA,NA,Y,NA,-,-,0,1,0,0,0,0,0,0,0,-,-,NA,NA,LOS ANGELES,LYNWOOD,-118.19465637207033,33.91114044189453
8806324,2019,2019-03-04,1942,2019-01-29,1815,NA,1791,2,5,7,1942,0,0,0,Q,0,19A61,PARTHENIA ST,DELCO AV,60,W,N,A,-,N,NA,NA,NA,NA,NA,NA,NA,NA,NA,N,4,0,2,3,A,-,03,22350,NA,N,C,C,A,A,H,-,C,D,0,NA,NA,NA,NA,Y,NA,-,NA,0,0,2,0,0,0,0,0,0,-,-,NA,NA,LOS ANGELES,LOS ANGELES,-118.57872772216795,34.22821044921875
8806328,2019,2019-03-04,1942,2019-01-26,1645,39082,1715,6,5,7,1942,0,0,0,Q,0,DEN,RINALDI ST,ZELZAH AV,0,NA,Y,A,-,N,NA,NA,NA,NA,NA,NA,NA,NA,NA,Y,4,0,1,2,A,-,09,21801,A,N,D,C,A,A,H,-,A,A,0,NA,NA,NA,NA,Y,NA,A,01,0,0,1,0,0,0,0,0,0,-,-,NA,NA,LOS ANGELES,LOS ANGELES,-118.52394104003906,34.279380798339844
8806332,2019,2019-03-04,1942,2019-01-28,1920,38183,1764,1,5,7,1942,0,0,0,Q,0,17A81,NORDHOFF PL,NORDHOFF ST,0,NA,Y,A,-,N,NA,NA,NA,NA,NA,NA,NA,NA,NA,Y,3,0,2,2,A,-,09,21801,A,N,D,C,A,A,H,-,C,A,0,NA,NA,NA,NA,Y,NA,A,01,0,1,1,0,0,0,0,0,0,-,-,NA,NA,LOS ANGELES,LOS ANGELES,-118.5623016357422,34.23548126220703
8806336,2019,2019-03-04,1942,2019-01-28,0945,40574,1729,1,5,7,1942,0,0,0,Q,0,17A35,RINALDI ST,BALBOA BL,0,NA,Y,A,-,N,NA,NA,NA,NA,NA,NA,NA,NA,NA,Y,4,0,1,2,A,-,09,21801,A,N,D,C,A,A,H,-,A,A,0,NA,NA,NA,NA,Y,Y,A,01,0,0,1,0,0,0,0,0,0,-,-,NA,NA,LOS ANGELES,LOS ANGELES,-118.50212097167967,34.279300689697266
8806340,2019,2019-03-04,1942,2019-01-26,1720,42866,1791,6,5,7,1942,0,0,0,Q,0,21X62,MASON AV,ROSCOE BL,0,NA,Y,A,-,N,NA,NA,NA,NA,NA,NA,NA,NA,NA,N,4,0,3,2,A,-,04,21703,NA,N,C,C,A,A,H,-,C,A,0,NA,NA,Y,NA,Y,NA,C,02,0,0,3,0,0,0,0,0,1,-,-,NA,NA,LOS ANGELES,LOS ANGELES,-118.57978057861328,34.220088958740234
8806343,2019,2019-03-05,1942,2019-01-29,0843,27260,1797,2,5,7,1942,0,0,0,Q,0,17A95,WOODLEY AV,PARTHENIA ST,0,NA,Y,A,-,N,NA,NA,NA,NA,NA,NA,NA,NA,NA,Y,4,0,2,2,A,-,12,21453,A,N,D,-,A,A,H,-,A,-,0,NA,NA,NA,NA,Y,NA,A,01,0,0,2,0,0,0,0,0,0,-,-,NA,NA,LOS ANGELES,LOS ANGELES,-118.4851531982422,34.22837829589844
8806344,2019,2019-03-04,1942,2019-01-29,2240,39578,1713,2,5,7,1942,0,0,0,Q,0,17XL78,RINALDI ST,RESEDA BL,0,NA,Y,A,-,N,NA,NA,NA,NA,NA,NA,NA,NA,NA,Y,4,0,1,2,A,-,09,21801,A,N,D,C,A,A,H,-,C,A,0,NA,NA,NA,NA,Y,NA,-,NA,0,0,1,0,0,0,0,0,0,-,-,NA,NA,LOS ANGELES,LOS ANGELES,-118.5364227294922,34.276031494140625
8806347,2019,2019-03-05,1942,2019-01-30,1240,33294,1755,3,5,7,1942,0,0,0,Q,0,17A35,LASSEN ST,ZELZAH AV,0,NA,Y,A,-,N,NA,NA,NA,NA,NA,NA,NA,NA,NA,Y,4,0,1,3,A,-,12,21453,A,N,D,C,A,A,H,-,A,A,0,NA,NA,NA,NA,Y,NA,A,01,0,0,1,0,0,0,0,0,0,-,-,NA,NA,LOS ANGELES,LOS ANGELES,-118.52332305908205,34.250389099121094
8806348,2019,2019-03-04,1942,2019-01-31,0635,42460,1791,4,5,7,1942,0,0,0,Q,0,17A81,DE SOTO AV,PARTHENIA ST,0,NA,Y,B,-,N,NA,NA,NA,NA,NA,NA,NA,NA,NA,Y,4,0,1,2,A,-,09,21801,NA,N,D,C,A,A,H,-,A,A,0,NA,NA,NA,NA,Y,NA,A,01,0,0,1,0,0,0,0,0,0,-,-,NA,NA,LOS ANGELES,LOS ANGELES,-118.58853149414064,34.22821044921875
8806351,2019,2019-03-05,1942,2019-01-21,1205,37162,1764,1,5,7,1942,0,0,0,Q,0,17A81,NORDHOFF ST,NORDHOFF WY,0,NA,Y,A,-,N,NA,NA,NA,NA,NA,NA,NA,NA,NA,Y,4,0,1,2,A,-,09,21801,A,N,A,C,A,A,H,-,A,A,0,NA,NA,NA,NA,Y,NA,A,01,0,0,1,0,0,0,0,0,0,-,-,NA,NA,LOS ANGELES,LOS ANGELES,-118.56228637695313,34.23194885253906
8806352,2019,2019-03-04,1942,2019-01-30,1640,35391,1727,3,5,7,1942,0,0,0,Q,0,35M29,CHATSWORTH ST,CREBS AV,0,NA,Y,A,-,N,NA,NA,NA,NA,NA,NA,NA,NA,NA,Y,4,0,2,2,A,-,09,21801,A,N,A,C,A,A,H,-,A,A,0,NA,NA,NA,NA,Y,NA,-,NA,0,0,2,0,0,0,0,0,0,-,-,NA,NA,LOS ANGELES,LOS ANGELES,-118.54122924804688,34.264530181884766
8806355,2019,2019-03-05,1942,2019-01-15,1110,40937,1728,2,5,7,1942,0,0,0,Q,0,17A35,RESEDA BL,TRUBUNE ST,38,S,N,B,-,N,NA,NA,NA,NA,NA,NA,NA,NA,NA,Y,4,0,1,1,A,-,03,22350,NA,N,E,I,A,B,H,-,A,D,0,NA,NA,NA,NA,Y,NA,A,01,0,0,1,0,0,0,0,0,0,-,-,NA,NA,LOS ANGELES,LOS ANGELES,-118.5361099243164,34.26716613769531
8806356,2019,2019-03-04,1942,2019-01-23,0840,42121,1745,3,5,7,1942,0,0,0,Q,0,17X91,NORDHOFF ST,BALBOA BL,10,E,N,A,-,N,NA,NA,NA,NA,NA,NA,NA,NA,NA,N,4,0,1,3,A,-,04,21703,NA,N,C,C,A,A,H,-,A,A,0,NA,NA,NA,NA,Y,NA,-,NA,0,0,1,0,0,0,0,0,0,-,-,NA,NA,LOS ANGELES,LOS ANGELES,-118.50247955322266,34.235721588134766
8806359,2019,2019-03-05,1942,2019-01-21,1025,38326,1783,1,5,7,1942,0,0,0,Q,0,17A67,TAMPA AV,NORDHOFF ST,180,N,N,A,-,N,NA,NA,NA,NA,NA,NA,NA,NA,NA,Y,4,0,2,2,A,-,09,21804,A,N,D,C,A,A,H,-,A,D,0,NA,NA,NA,NA,Y,NA,A,01,0,0,2,0,0,0,0,0,0,-,-,NA,NA,LOS ANGELES,LOS ANGELES,-118.55355834960938,34.23595428466797
8806360,2019,2019-03-04,1942,2019-01-20,0635,30452,1795,7,5,7,1942,0,0,0,Q,0,17A95,ROSCOE BL,AMESTOY AV,300,W,N,A,-,N,NA,NA,NA,NA,NA,NA,NA,NA,NA,Y,3,0,2,2,A,-,08,22107,NA,N,C,E,A,A,H,-,C,D,0,NA,NA,NA,NA,Y,NA,A,01,0,2,0,0,0,0,0,0,0,-,-,NA,NA,LOS ANGELES,LOS ANGELES,-118.50650024414064,34.22132110595703
8806363,2019,2019-03-05,1942,2019-01-23,0807,42106,1712,3,5,7,1942,0,0,0,Q,0,17A935,WILBUR AV,RINALDI ST,0,NA,Y,A,-,N,NA,NA,NA,NA,NA,NA,NA,NA,NA,N,4,0,2,2,A,-,09,21801,A,N,D,C,A,A,H,-,A,A,0,NA,NA,NA,NA,Y,NA,A,01,0,0,2,0,0,0,0,0,0,-,-,NA,NA,LOS ANGELES,LOS ANGELES,-118.54725646972656,34.27547836303711
8806364,2019,2019-03-04,1942,2019-01-30,0530,38763,1024,3,5,7,1942,0,0,0,J,0,10A21,SHERMAN WAY,CREBS AV,0,NA,Y,A,-,N,NA,NA,NA,NA,NA,NA,NA,NA,NA,N,3,0,1,2,A,-,09,21804,A,N,B,G,A,A,H,-,C,D,0,NA,Y,NA,NA,Y,Y,L,04,0,1,0,0,0,0,1,0,0,-,-,NA,NA,LOS ANGELES,LOS ANGELES,-118.5436782836914,34.201171875
8806367,2019,2019-03-05,1942,2019-01-23,1710,43519,1797,3,5,7,1942,0,0,0,Q,0,17A48,NAPA ST,VALJEAN,0,NA,Y,A,-,N,NA,NA,NA,NA,NA,NA,NA,NA,NA,NA,4,0,2,2,A,-,09,21802,A,N,A,C,A,A,H,-,B,D,0,NA,NA,NA,NA,Y,NA,A,01,0,0,2,0,0,0,0,0,0,-,-,NA,NA,LOS ANGELES,LOS ANGELES,-118.4873275756836,34.22658920288086
8806368,2019,2019-03-04,1942,2019-01-30,0824,40341,1028,3,5,7,1942,0,0,0,J,0,10A83,HAYNES,BALBOA,0,NA,Y,B,-,N,NA,NA,NA,NA,NA,NA,NA,NA,NA,N,3,0,1,2,A,-,11,21954,A,N,G,B,D,A,H,-,A,D,0,Y,NA,NA,NA,Y,NA,N,60,0,1,0,0,1,0,0,0,0,-,-,NA,NA,LOS ANGELES,LOS ANGELES,-118.50110626220705,34.18931198120117
8806371,2019,2019-03-05,1942,2019-01-22,1840,33612,1727,2,5,7,1942,0,0,0,Q,0,17X66,TAMPA AV,CHATSWORTH ST,0,NA,Y,A,-,N,NA,NA,NA,NA,NA,NA,NA,NA,NA,Y,4,0,1,2,A,-,09,21801,A,N,D,C,A,A,H,-,C,A,0,NA,NA,NA,NA,Y,NA,A,01,0,0,1,0,0,0,0,0,0,-,-,NA,NA,LOS ANGELES,LOS ANGELES,-118.55528259277344,34.266258239746094
8806372,2019,2019-03-04,1942,2019-01-31,1915,38763,1025,4,5,7,1942,0,0,0,J,0,10A21,VANOWEN ST,DARBY AV,125,NA,N,A,-,N,NA,NA,NA,NA,NA,NA,NA,NA,NA,Y,4,0,1,2,A,-,03,22350,NA,N,C,C,A,A,H,-,C,D,0,NA,NA,NA,NA,Y,Y,A,01,0,0,1,0,0,0,0,0,0,-,-,NA,NA,LOS ANGELES,LOS ANGELES,-118.53353118896484,34.19384002685547
8806375,2019,2019-03-05,1942,2019-01-18,2205,36946,1755,5,5,7,1942,0,0,0,Q,0,17X54,ZELZAH AV,LASSEN ST,150,N,N,A,-,N,NA,NA,NA,NA,NA,NA,NA,NA,NA,Y,3,0,1,3,A,-,03,22350,NA,N,B,C,A,A,H,-,C,D,0,NA,NA,NA,NA,Y,NA,A,07,0,1,0,0,0,0,0,0,0,-,-,NA,NA,LOS ANGELES,LOS ANGELES,-118.52332305908205,34.25080108642578
8806376,2019,2019-03-04,1942,2019-01-30,1605,39410,1024,3,5,7,1942,0,0,0,J,0,10A21,RESEDA BL,BASSETT AV,120,N,N,A,-,N,NA,NA,NA,NA,NA,NA,NA,NA,NA,Y,3,0,3,2,A,-,09,21804,A,N,D,C,A,A,H,-,A,A,0,NA,NA,NA,NA,Y,NA,A,01,0,2,1,0,0,0,0,0,0,-,-,NA,NA,LOS ANGELES,LOS ANGELES,-118.53604125976564,34.19601058959961
8806379,2019,2019-03-18,1942,2019-01-22,1900,36542,1756,2,5,7,1942,0,0,0,Q,0,17A35,DEVONSHIRE ST,WHITE OAK AV,50,E,N,A,-,N,NA,NA,NA,NA,NA,NA,NA,NA,NA,Y,3,0,1,2,A,-,03,22350,NA,N,C,C,A,A,H,-,C,A,0,NA,NA,NA,NA,Y,NA,A,01,0,1,0,0,0,0,0,0,0,-,-,NA,NA,LOS ANGELES,LOS ANGELES,-118.51962280273438,34.25762939453125
8806380,2019,2019-03-05,1942,2019-01-30,0810,36389,1001,3,5,7,1942,0,0,0,J,0,NA,INGOMAR ST,BOTHWELL AVE,0,NA,Y,B,-,N,NA,NA,NA,NA,NA,NA,NA,NA,NA,N,3,0,2,2,A,-,09,21802,A,N,D,C,A,A,H,-,A,A,0,NA,NA,NA,NA,Y,NA,A,07,0,1,1,0,0,0,0,0,0,-,-,NA,NA,LOS ANGELES,LOS ANGELES,-118.5612335205078,34.21202850341797
8806383,2019,2019-03-05,1942,2019-01-19,0630,30452,1794,6,5,7,1942,0,0,0,Q,0,17A67,LINDLEY AV,PARTHENIA ST,0,NA,Y,A,-,N,NA,NA,NA,NA,NA,NA,NA,NA,NA,Y,4,0,5,2,A,-,12,21453,A,N,D,C,A,A,H,-,B,A,0,NA,NA,NA,NA,Y,NA,A,07,0,0,5,0,0,0,0,0,0,-,-,NA,NA,LOS ANGELES,LOS ANGELES,-118.52735137939452,34.228668212890625