CASE_ID,ACCIDENT_YEAR,PROC_DATE,JURIS,COLLISION_DATE,COLLISION_TIME,OFFICER_ID,REPORTING_DISTRICT,DAY_OF_WEEK,CHP_SHIFT,POPULATION,CNTY_CITY_LOC,SPECIAL_COND,BEAT_TYPE,CHP_BEAT_TYPE,CITY_DIVISION_LAPD,CHP_BEAT_CLASS,BEAT_NUMBER,PRIMARY_RD,SECONDARY_RD,DISTANCE,DIRECTION,INTERSECTION,WEATHER_1,WEATHER_2,STATE_HWY_IND,CALTRANS_COUNTY,CALTRANS_DISTRICT,STATE_ROUTE,ROUTE_SUFFIX,POSTMILE_PREFIX,POSTMILE,LOCATION_TYPE,RAMP_INTERSECTION,SIDE_OF_HWY,TOW_AWAY,COLLISION_SEVERITY,NUMBER_KILLED,NUMBER_INJURED,PARTY_COUNT,PRIMARY_COLL_FACTOR,PCF_CODE_OF_VIOL,PCF_VIOL_CATEGORY,PCF_VIOLATION,PCF_VIOL_SUBSECTION,HIT_AND_RUN,TYPE_OF_COLLISION,MVIW,PED_ACTION,ROAD_SURFACE,ROAD_COND_1,ROAD_COND_2,LIGHTING,CONTROL_DEVICE,CHP_ROAD_TYPE,PEDESTRIAN_ACCIDENT,BICYCLE_ACCIDENT,MOTORCYCLE_ACCIDENT,TRUCK_ACCIDENT,NOT_PRIVATE_PROPERTY,ALCOHOL_INVOLVED,STWD_VEHTYPE_AT_FAULT,CHP_VEHTYPE_AT_FAULT,COUNT_SEVERE_INJ,COUNT_VISIBLE_INJ,COUNT_COMPLAINT_PAIN,COUNT_PED_KILLED,COUNT_PED_INJURED,COUNT_BICYCLIST_KILLED,COUNT_BICYCLIST_INJURED,COUNT_MC_KILLED,COUNT_MC_INJURED,PRIMARY_RAMP,SECONDARY_RAMP,LATITUDE,LONGITUDE,COUNTY,CITY,POINT_X,POINT_Y
8806510,2019,2019-03-06,1925,2019-02-10,1048,2015,232,7,5,6,1925,0,0,0,NA,0,004,DORAN ST,ISABEL ST,15,N,N,C,-,N,NA,NA,NA,NA,NA,NA,NA,NA,NA,Y,4,0,1,2,A,-,-,NA,NA,N,D,C,A,B,H,-,A,A,0,NA,NA,NA,NA,Y,Y,A,01,0,0,1,0,0,0,0,0,0,-,-,NA,NA,LOS ANGELES,GLENDALE,-118.24912261962892,34.15470886230469
8806511,2019,2019-03-06,1941,2019-02-08,2050,6237,NA,5,5,7,1941,0,0,0,NA,0,NA,PICO AV,9TH ST,65,E,N,A,-,N,NA,NA,NA,NA,NA,NA,NA,NA,NA,N,4,0,1,2,A,-,03,22350,NA,N,C,C,A,A,H,-,C,A,0,NA,NA,NA,NA,Y,NA,D,NA,0,0,1,0,0,0,0,0,0,-,-,NA,NA,LOS ANGELES,LONG BEACH,-118.2082061767578,33.77674102783203
8806513,2019,2019-03-04,1942,2019-01-24,1825,36962,1566,4,5,7,1942,0,0,0,O,0,15A68,MOORPARK ST,VINELAND AV,0,NA,Y,A,-,N,NA,NA,NA,NA,NA,NA,NA,NA,NA,N,4,0,1,2,A,-,12,21453,A,N,D,G,A,A,H,-,C,A,0,NA,Y,NA,NA,Y,NA,L,04,0,0,1,0,0,0,1,0,0,-,-,NA,NA,LOS ANGELES,LOS ANGELES,-118.37032318115234,34.150360107421875
8806514,2019,2019-03-06,1925,2019-02-09,0716,24582,217,6,5,6,1925,0,0,0,NA,0,002,CALIFORNIA AV,CONCORD ST,46,E,N,B,-,N,NA,NA,NA,NA,NA,NA,NA,NA,NA,N,3,0,1,2,A,-,10,21950,A,N,G,B,D,A,H,-,A,D,0,Y,NA,NA,NA,Y,NA,A,01,0,1,0,0,1,0,0,0,0,-,-,NA,NA,LOS ANGELES,GLENDALE,-118.27098846435548,34.14997863769531
8806515,2019,2019-03-06,1941,2019-02-01,1558,5617,NA,5,5,7,1941,0,0,0,NA,0,NA,MARKET ST,CHERRY AV,173,E,N,A,-,N,NA,NA,NA,NA,NA,NA,NA,NA,NA,Y,4,0,1,2,A,-,09,21801,A,N,D,C,A,A,-,-,A,A,0,NA,NA,NA,NA,Y,NA,A,NA,0,0,1,0,0,0,0,0,0,-,-,NA,NA,LOS ANGELES,LONG BEACH,-118.1671905517578,33.85438919067383
8806516,2019,2019-03-05,1941,2019-02-02,0030,11021,NA,6,5,7,1941,0,0,0,NA,0,NA,MAINE AV,4TH ST,0,NA,Y,A,-,N,NA,NA,NA,NA,NA,NA,NA,NA,NA,N,4,0,1,2,A,-,03,22350,NA,M,G,B,F,B,H,-,C,D,0,Y,NA,NA,NA,Y,NA,A,NA,0,0,1,0,1,0,0,0,0,-,-,NA,NA,LOS ANGELES,LONG BEACH,-118.20059967041016,33.77172088623047
8806517,2019,2019-03-04,1942,2019-01-20,1245,42051,1517,7,5,7,1942,0,0,0,O,0,15A27,ELMER AV,VANOWEN ST,0,NA,Y,A,-,N,NA,NA,NA,NA,NA,NA,NA,NA,NA,Y,3,0,1,2,A,-,09,21802,A,N,D,C,A,A,H,-,A,A,0,NA,NA,NA,NA,Y,NA,A,01,0,1,0,0,0,0,0,0,0,-,-,NA,NA,LOS ANGELES,LOS ANGELES,-118.37687683105467,34.19395065307617
8806518,2019,2019-03-06,1925,2019-02-11,1142,2224,158,1,5,6,1925,0,0,0,NA,0,004,VERDUGO RD,GLENOAKS BL,217,S,N,A,-,N,NA,NA,NA,NA,NA,NA,NA,NA,NA,Y,4,0,1,3,A,-,09,21804,A,N,D,C,A,A,H,-,A,D,0,NA,NA,NA,NA,Y,NA,A,01,0,0,1,0,0,0,0,0,0,-,-,NA,NA,LOS ANGELES,GLENDALE,-118.2371826171875,34.15715026855469
8806519,2019,2019-03-06,1941,2019-02-05,1423,5617,NA,2,5,7,1941,0,0,0,NA,0,NA,PACIFIC AV,SPRING ST,0,NA,Y,A,-,N,NA,NA,NA,NA,NA,NA,NA,NA,NA,Y,4,0,1,2,A,-,09,21801,A,N,A,C,A,A,H,-,A,A,0,NA,NA,NA,NA,Y,NA,A,NA,0,0,1,0,0,0,0,0,0,-,-,NA,NA,LOS ANGELES,LONG BEACH,-118.19371032714844,33.811649322509766
8806520,2019,2019-03-13,1941,2019-02-08,1740,10997,NA,5,5,7,1941,0,0,0,NA,0,NA,8TH ST,TERMINO AV,0,NA,Y,A,-,N,NA,NA,NA,NA,NA,NA,NA,NA,NA,N,3,0,1,2,A,-,12,22450,A,N,G,B,-,A,H,-,C,D,0,Y,NA,NA,NA,Y,NA,A,NA,0,1,0,0,1,0,0,0,0,-,-,NA,NA,LOS ANGELES,LONG BEACH,-118.14592742919922,33.777130126953125
8806521,2019,2019-03-04,1942,2019-01-29,1420,30830,1524,2,5,7,1942,0,0,0,O,0,15A33,LAUREL CANYON BL,VICTORY BL,0,NA,Y,A,-,N,NA,NA,NA,NA,NA,NA,NA,NA,NA,Y,3,0,2,2,A,-,09,21801,A,N,D,C,A,A,H,-,A,A,0,NA,NA,NA,NA,Y,NA,A,01,0,1,1,0,0,0,0,0,0,-,-,NA,NA,LOS ANGELES,LOS ANGELES,-118.3965072631836,34.18667984008789
8806522,2019,2019-03-06,1925,2019-02-12,1113,19167,239,2,5,6,1925,0,0,0,NA,0,003,BROADWAY,VERDUGO RD,465,W,N,A,-,N,NA,NA,NA,NA,NA,NA,NA,NA,NA,Y,4,0,2,3,A,-,21,22106,NA,N,D,C,A,A,H,-,A,D,0,NA,NA,NA,NA,Y,NA,A,08,0,0,2,0,0,0,0,0,0,-,-,NA,NA,LOS ANGELES,GLENDALE,-118.2365951538086,34.14616012573242
8806523,2019,2019-03-06,1941,2019-02-14,1429,11239,NA,4,5,7,1941,0,0,0,NA,0,NA,LONG BEACH BL,BROADWAY AV,0,NA,Y,B,-,N,NA,NA,NA,NA,NA,NA,NA,NA,NA,Y,2,0,1,2,D,-,00,NA,NA,N,D,C,A,B,H,-,A,A,0,NA,NA,NA,NA,Y,NA,-,-,1,0,0,0,0,0,0,0,0,-,-,NA,NA,LOS ANGELES,LONG BEACH,-118.18948364257813,33.769309997558594
8806524,2019,2019-03-05,1941,2019-02-10,1930,6117,NA,7,5,7,1941,0,0,0,NA,0,NA,ATLANTIC AV,52ND ST,0,NA,Y,A,-,N,NA,NA,NA,NA,NA,NA,NA,NA,NA,N,4,0,1,2,A,-,12,21453,A,N,B,-,A,A,H,-,C,A,0,NA,NA,NA,NA,Y,NA,A,NA,0,0,1,0,0,0,0,0,0,-,-,NA,NA,LOS ANGELES,LONG BEACH,-118.18496704101564,33.85049057006836
8806525,2019,2019-03-04,1942,2019-01-28,2055,42296,1532,1,5,7,1942,0,0,0,O,0,15A33,LAUREL CANYON BL,BURBANK BL,0,NA,Y,A,-,N,NA,NA,NA,NA,NA,NA,NA,NA,NA,N,4,0,4,2,A,-,09,21801,A,N,A,C,A,A,H,-,C,A,0,NA,NA,NA,NA,Y,NA,A,08,0,0,4,0,0,0,0,0,0,-,-,NA,NA,LOS ANGELES,LOS ANGELES,-118.3965072631836,34.1721305847168
8806526,2019,2019-03-06,1925,2019-02-14,1025,22249,223,4,5,6,1925,0,0,0,NA,0,004,MILFORD ST,BRAND BL,0,NA,Y,B,C,N,NA,NA,NA,NA,NA,NA,NA,NA,NA,N,4,0,1,2,A,-,10,21950,A,N,G,B,B,B,H,-,A,A,0,Y,NA,NA,NA,Y,NA,A,08,0,0,1,0,1,0,0,0,0,-,-,NA,NA,LOS ANGELES,GLENDALE,-118.25511169433594,34.152950286865234
8806527,2019,2019-03-06,1941,2019-02-15,1623,11274,NA,5,5,7,1941,0,0,0,NA,0,NA,CHERRY AV,55TH ST,0,NA,Y,B,-,N,NA,NA,NA,NA,NA,NA,NA,NA,NA,Y,4,0,3,2,A,-,08,22107,NA,N,D,C,A,A,H,-,A,D,0,NA,NA,NA,NA,Y,NA,A,NA,0,0,3,0,0,0,0,0,0,-,-,NA,NA,LOS ANGELES,LONG BEACH,-118.16845703125,33.85602951049805
8806528,2019,2019-03-05,1941,2019-02-10,0140,10909,NA,7,5,7,1941,0,0,0,NA,0,NA,10TH ST,JUNIPERO AVE,10,W,N,B,-,N,NA,NA,NA,NA,NA,NA,NA,NA,NA,Y,4,0,1,4,A,-,09,21453,B,F,C,E,A,B,H,-,C,A,0,NA,NA,NA,NA,Y,NA,-,-,0,0,1,0,0,0,0,0,0,-,-,NA,NA,LOS ANGELES,LONG BEACH,-118.16336059570313,33.7789421081543
8806529,2019,2019-03-15,1942,2019-01-28,2245,40388,1524,1,5,7,1942,0,0,0,O,0,15A33,LAUREL CANYON BL,VICTORY BL,0,NA,Y,A,-,N,NA,NA,NA,NA,NA,NA,NA,NA,NA,Y,3,0,3,2,A,-,12,21453,A,N,D,C,A,A,H,-,C,A,0,NA,NA,NA,NA,Y,NA,-,-,0,1,2,0,0,0,0,0,0,-,-,NA,NA,LOS ANGELES,LOS ANGELES,-118.3965072631836,34.18667984008789
8806530,2019,2019-03-06,1925,2019-02-13,0906,21057,196,3,5,6,1925,0,0,0,NA,0,001,SAN FERNANDO RD,SONORA AV,280,W,N,B,-,N,NA,NA,NA,NA,NA,NA,NA,NA,NA,N,4,0,1,2,A,-,03,22350,NA,N,C,C,A,A,H,-,A,A,0,NA,NA,NA,NA,Y,NA,A,01,0,0,1,0,0,0,0,0,0,-,-,NA,NA,LOS ANGELES,GLENDALE,-118.28899383544922,34.16646957397461
8806531,2019,2019-03-06,1900,2019-02-08,0736,520781,2221,5,5,3,1994,0,0,0,NA,0,222T2,TRAIL CREEK DR,HARTGLEN PL,0,NA,Y,A,-,N,NA,NA,NA,NA,NA,NA,NA,NA,NA,N,4,0,1,2,A,-,10,21950,A,N,G,B,B,A,H,-,A,D,0,Y,NA,NA,NA,Y,NA,A,01,0,0,1,0,1,0,0,0,0,-,-,34.152000427246094,-118.77660369873048,LOS ANGELES,AGOURA HILLS,-118.77664947509766,34.152591705322266
8806532,2019,2019-03-05,1941,2019-02-08,2038,10850,NA,5,5,7,1941,0,0,0,NA,0,NA,WARDLOW RD,ATLANTIC AV,0,NA,Y,A,-,N,NA,NA,NA,NA,NA,NA,NA,NA,NA,Y,4,0,3,3,A,-,03,22350,NA,N,C,C,A,A,H,-,C,A,0,NA,NA,NA,NA,Y,NA,A,NA,0,0,3,0,0,0,0,0,0,-,-,NA,NA,LOS ANGELES,LONG BEACH,-118.18502044677734,33.81890869140625
8806533,2019,2019-03-04,1942,2019-01-25,1840,43255,1535,5,5,7,1942,0,0,0,O,0,15A38,LANKERSHIM BL,COLLINS ST,60,S,N,A,-,N,NA,NA,NA,NA,NA,NA,NA,NA,NA,Y,3,0,1,2,A,-,08,22107,NA,N,D,C,A,A,H,-,B,D,0,NA,NA,NA,NA,Y,NA,A,01,0,1,0,0,0,0,0,0,0,-,-,NA,NA,LOS ANGELES,LOS ANGELES,-118.38001251220705,34.17382049560547
8806534,2019,2019-03-06,1925,2019-02-14,0951,19167,208,4,5,6,1925,0,0,0,NA,0,001,SONORA AV,VICTORY BL,12,N,N,B,C,N,NA,NA,NA,NA,NA,NA,NA,NA,NA,Y,4,0,1,2,A,-,03,22350,NA,N,C,C,A,B,H,-,A,A,0,NA,NA,NA,NA,Y,NA,A,01,0,0,1,0,0,0,0,0,0,-,-,NA,NA,LOS ANGELES,GLENDALE,-118.29663848876952,34.158592224121094
8806535,2019,2019-03-06,1900,2019-02-08,1945,526282,2261,5,5,2,1993,0,0,0,NA,0,226,LINDERO CANYON RD,AGOURA RD,1056,N,N,B,-,N,NA,NA,NA,NA,NA,NA,NA,NA,NA,Y,4,0,1,3,A,-,03,22350,NA,N,C,C,A,A,H,-,C,A,0,NA,NA,NA,NA,Y,NA,A,01,0,0,1,0,0,0,0,0,0,-,-,34.0880012512207,-118.48200225830078,LOS ANGELES,WESTLAKE VILLAGE,-118.80435943603516,34.14864730834961
8806536,2019,2019-03-05,1941,2019-02-12,2333,11101,NA,2,5,7,1941,0,0,0,NA,0,NA,GLADYS AV,GLADYS AV 1330,60,E,N,A,-,N,NA,NA,NA,NA,NA,NA,NA,NA,NA,Y,4,0,1,1,D,-,00,NA,NA,N,E,I,A,A,E,-,C,D,0,NA,NA,NA,NA,Y,Y,-,-,0,0,1,0,0,0,0,0,0,-,-,NA,NA,LOS ANGELES,LONG BEACH,NA,NA
8806537,2019,2019-03-04,1942,2019-01-24,0850,38687,1539,4,5,7,1942,0,0,0,O,0,15A39,WHITNALL HWY,CAHUENGA BL,3,W,N,A,-,N,NA,NA,NA,NA,NA,NA,NA,NA,NA,N,4,0,1,2,A,-,04,21703,NA,N,C,C,A,A,H,-,A,D,0,NA,NA,NA,NA,Y,NA,A,01,0,0,1,0,0,0,0,0,0,-,-,NA,NA,LOS ANGELES,LOS ANGELES,-118.36157989501952,34.1761474609375
8806538,2019,2019-03-06,1925,2019-02-14,1133,21057,172,4,5,6,1925,0,0,0,NA,0,001,GLENOAKS BL,PACIFIC AV,0,NA,Y,C,-,N,NA,NA,NA,NA,NA,NA,NA,NA,NA,Y,4,0,2,2,A,-,09,21453,C,N,D,C,A,B,H,-,A,A,0,NA,NA,NA,NA,Y,NA,A,01,0,0,2,0,0,0,0,0,0,-,-,NA,NA,LOS ANGELES,GLENDALE,-118.26422119140624,34.159881591796875
8806539,2019,2019-03-06,1900,2019-02-09,1153,614591,2262,6,5,2,1993,0,0,0,NA,0,225AD,LA TIENDA RD,VIA ROCAS,1586,W,N,A,-,N,NA,NA,NA,NA,NA,NA,NA,NA,NA,Y,4,0,1,2,A,-,08,22107,NA,N,B,C,A,A,H,-,A,D,0,NA,NA,NA,NA,Y,NA,A,01,0,0,1,0,0,0,0,0,0,-,-,34.152000427246094,-118.81400299072266,LOS ANGELES,WESTLAKE VILLAGE,-118.8122100830078,34.15196990966797
8806540,2019,2019-03-05,1941,2019-02-14,1854,11274,NA,4,5,7,1941,0,0,0,NA,0,NA,SOUTH ST,LOCUST AV,0,NA,Y,A,-,N,NA,NA,NA,NA,NA,NA,NA,NA,NA,N,4,0,1,2,A,-,11,21954,A,N,H,B,D,A,H,-,C,D,0,Y,NA,NA,NA,Y,NA,N,NA,0,0,1,0,1,0,0,0,0,-,-,NA,NA,LOS ANGELES,LONG BEACH,-118.18988037109376,33.86006164550781
8806541,2019,2019-03-04,1942,2019-01-22,0906,27260,2139,2,5,7,1942,0,0,0,NA,0,21A29,SATICOY ST,WINNETKA AV,0,NA,Y,A,-,N,NA,NA,NA,NA,NA,NA,NA,NA,NA,N,4,0,2,3,A,-,09,21801,A,N,D,C,A,A,H,-,A,A,0,NA,NA,NA,NA,Y,NA,A,01,0,0,2,0,0,0,0,0,0,-,-,NA,NA,LOS ANGELES,LOS ANGELES,-118.5709991455078,34.208370208740234
8806542,2019,2019-03-06,1925,2019-02-13,1831,24286,NA,3,5,6,1925,0,0,0,NA,0,NA,SAN FERNANDO RD,ELM AV,0,NA,Y,C,-,N,NA,NA,NA,NA,NA,NA,NA,NA,NA,Y,3,0,2,4,A,-,03,22350,NA,N,C,C,A,B,H,-,C,D,0,NA,NA,NA,NA,Y,NA,A,01,0,1,1,0,0,0,0,0,0,-,-,NA,NA,LOS ANGELES,GLENDALE,-118.29795074462892,34.17298889160156
8806544,2019,2019-03-05,1941,2019-02-14,1922,11244,NA,4,5,7,1941,0,0,0,NA,0,NA,DEL AMO BL,LOCUST AV,0,NA,Y,A,-,N,NA,NA,NA,NA,NA,NA,NA,NA,NA,N,4,0,1,2,D,-,00,NA,NA,N,D,C,A,A,H,-,C,A,0,NA,NA,NA,NA,Y,NA,-,-,0,0,1,0,0,0,0,0,0,-,-,NA,NA,LOS ANGELES,LONG BEACH,-118.18978118896484,33.8465690612793
8806545,2019,2019-03-04,1942,2019-01-25,1235,41316,1521,5,5,7,1942,0,0,0,O,0,15A21,VANOWEN ST,ATOLL AV,100,E,N,A,-,N,NA,NA,NA,NA,NA,NA,NA,NA,NA,N,4,0,2,2,A,-,08,22100,NA,N,D,C,A,A,H,-,A,D,0,NA,NA,NA,NA,Y,NA,A,07,0,0,2,0,0,0,0,0,0,-,-,NA,NA,LOS ANGELES,LOS ANGELES,-118.42075347900392,34.193939208984375
8806546,2019,2019-03-06,1925,2019-02-17,1115,21334,261,7,5,6,1925,0,0,0,NA,0,002,BRAND BL,BROADWAY,0,NA,Y,C,-,N,NA,NA,NA,NA,NA,NA,NA,NA,NA,Y,4,0,1,2,A,-,12,21453,A,N,D,D,A,B,H,-,A,A,0,NA,NA,NA,NA,Y,NA,A,01,0,0,1,0,0,0,0,0,0,-,-,NA,NA,LOS ANGELES,GLENDALE,-118.25508880615234,34.1462516784668
8806548,2019,2019-05-22,1941,2019-02-14,2029,11266,NA,4,5,7,1941,0,0,0,NA,0,NA,ATLANTIC AV,RT 91,0,NA,Y,A,-,Y,LA,7,91,-,R,12.024,R,4,W,N,4,0,1,2,A,-,12,21453,A,N,D,C,A,A,H,-,C,A,0,NA,NA,NA,NA,Y,NA,-,-,0,0,1,0,0,0,0,0,0,-,-,NA,NA,LOS ANGELES,LONG BEACH,-118.18736267089844,33.876827239990234
8806549,2019,2019-03-04,1942,2019-01-21,0800,42400,1526,1,5,7,1942,0,0,0,O,0,15A3,LANKERSHIM BL,SYLVAN ST,0,NA,Y,A,-,N,NA,NA,NA,NA,NA,NA,NA,NA,NA,Y,4,0,1,2,A,-,09,21802,NA,N,D,C,A,A,H,-,A,A,0,NA,NA,NA,NA,Y,NA,A,01,0,0,1,0,0,0,0,0,0,-,-,NA,NA,LOS ANGELES,LOS ANGELES,-118.3867416381836,34.184940338134766
8806550,2019,2019-03-06,1925,2019-02-16,1056,24822,272,6,5,6,1925,0,0,0,NA,0,002,S CENTRAL AV,W CHEVY CHASE DR,10,S,N,A,-,N,NA,NA,NA,NA,NA,NA,NA,NA,NA,Y,4,0,2,4,A,-,03,22350,NA,N,C,C,A,A,H,-,A,A,0,NA,NA,NA,NA,Y,NA,A,01,0,0,2,0,0,0,0,0,0,-,-,NA,NA,LOS ANGELES,GLENDALE,-118.25782775878906,34.13348388671875
8806552,2019,2019-03-05,1941,2019-02-15,0937,5737,NA,5,5,7,1941,0,0,0,NA,0,NA,2ND ST,SHOPKEEPER RD,0,NA,Y,A,-,N,NA,NA,NA,NA,NA,NA,NA,NA,NA,Y,4,0,1,2,A,-,12,21453,A,N,D,C,A,A,H,-,A,A,0,NA,NA,NA,NA,Y,NA,A,NA,0,0,1,0,0,0,0,0,0,-,-,NA,NA,LOS ANGELES,LONG BEACH,-118.10839080810548,33.7588996887207
8806553,2019,2019-03-04,1942,2019-01-30,1740,39569,1581,3,5,7,1942,0,0,0,O,0,15A44,MOORPARK ST,BELLAIRE AV,0,NA,Y,B,-,N,NA,NA,NA,NA,NA,NA,NA,NA,NA,Y,4,0,2,2,A,-,03,22350,NA,N,C,C,A,A,H,-,C,D,0,NA,NA,NA,NA,Y,NA,A,01,0,0,2,0,0,0,0,0,0,-,-,NA,NA,LOS ANGELES,LOS ANGELES,-118.40943908691406,34.15037155151367
8806554,2019,2019-03-06,1900,2019-02-01,1845,476226,2627,5,5,6,1950,0,0,0,NA,0,263T1,25TH ST WEST,AVENUE M,0,NA,Y,A,-,N,NA,NA,NA,NA,NA,NA,NA,NA,NA,Y,4,0,1,1,A,-,01,23152,A,N,E,I,A,A,H,-,C,A,0,NA,NA,NA,NA,Y,Y,A,01,0,0,1,0,0,0,0,0,0,-,-,34.38399887084961,-118.0530014038086,LOS ANGELES,PALMDALE,-118.17433166503906,34.64577102661133
8806557,2019,2019-03-15,1942,2019-01-30,1500,36962,1523,3,5,7,1942,0,0,0,O,0,15X36,VICTORY BL,BABCOCK AV,0,NA,Y,A,-,N,NA,NA,NA,NA,NA,NA,NA,NA,NA,Y,4,0,2,3,A,-,09,21804,A,N,D,C,A,A,H,-,A,D,0,NA,NA,NA,NA,Y,NA,-,NA,0,0,2,0,0,0,0,0,0,-,-,NA,NA,LOS ANGELES,LOS ANGELES,-118.40633392333984,34.186859130859375
8806558,2019,2019-03-06,1900,2019-02-05,1704,601485,2621,2,5,6,1950,0,0,0,NA,0,262T1,SIERRA HWY,AVENUE M,70,S,N,D,-,N,NA,NA,NA,NA,NA,NA,NA,NA,NA,Y,4,0,1,2,A,-,03,22350,NA,N,C,C,A,B,H,-,D,D,0,NA,NA,NA,NA,Y,NA,A,01,0,0,1,0,0,0,0,0,0,-,-,34.64500045776367,-118.1281967163086,LOS ANGELES,PALMDALE,-118.12822723388672,34.645668029785156
8806561,2019,2019-02-28,1942,2019-02-12,0830,39624,2033,2,5,7,1942,0,0,0,NA,0,20TL59,S WESTERN AV,8TH ST,3,W,N,A,-,N,NA,NA,NA,NA,NA,NA,NA,NA,NA,N,3,0,1,2,A,-,10,21950,A,F,G,B,B,B,H,-,A,A,0,Y,NA,NA,NA,Y,NA,-,99,0,1,0,0,1,0,0,0,0,-,-,NA,NA,LOS ANGELES,LOS ANGELES,-118.30908966064452,34.05802917480469
8806565,2019,2019-02-28,1942,2019-02-13,1345,39655,2023,3,5,7,1942,0,0,0,NA,0,20A13,S ARDMORE AV,W 3RD ST,0,NA,Y,B,C,N,NA,NA,NA,NA,NA,NA,NA,NA,NA,Y,3,0,2,2,A,-,09,21802,A,N,D,C,A,B,H,-,A,A,0,NA,NA,NA,NA,Y,NA,A,07,0,1,1,0,0,0,0,0,0,-,-,NA,NA,LOS ANGELES,LOS ANGELES,-118.30164337158205,34.06901168823242
8806569,2019,2019-02-28,1942,2019-02-10,1506,43259,2027,7,5,7,1942,0,0,0,NA,0,20A13,WILSHIRE BL,NEW HAMPSHIRE AV,0,NA,Y,C,-,N,NA,NA,NA,NA,NA,NA,NA,NA,NA,Y,4,0,1,2,A,-,12,21453,NA,N,B,C,A,B,H,-,A,A,0,NA,NA,NA,NA,Y,NA,A,07,0,0,1,0,0,0,0,0,0,-,-,NA,NA,LOS ANGELES,LOS ANGELES,-118.29290008544922,34.061790466308594
8806573,2019,2019-02-28,1942,2019-02-14,1115,38262,2027,4,5,7,1942,0,0,0,NA,0,20A45,6TH ST,CATALINA ST,0,NA,Y,C,-,N,NA,NA,NA,NA,NA,NA,NA,NA,NA,Y,4,0,3,2,A,-,09,21800,A,N,D,C,A,B,H,-,A,B,0,NA,NA,NA,NA,Y,NA,-,-,0,0,3,0,0,0,0,0,0,-,-,NA,NA,LOS ANGELES,LOS ANGELES,-118.29537200927734,34.0636100769043
8806577,2019,2019-02-28,1942,2019-02-07,1845,43405,2074,4,5,7,1942,0,0,0,NA,0,20A34,VENICE BL,HARVARD BL,0,NA,Y,A,-,N,NA,NA,NA,NA,NA,NA,NA,NA,NA,N,4,0,1,2,A,-,05,21650,NA,N,A,G,A,A,H,-,C,A,0,NA,Y,NA,NA,Y,NA,L,04,0,0,1,0,0,0,1,0,0,-,-,NA,NA,LOS ANGELES,LOS ANGELES,-118.30433654785156,34.04359817504883
8806581,2019,2019-02-28,1942,2019-02-07,2155,41856,2063,4,5,7,1942,0,0,0,NA,0,20A53,WESTERN AV,12TH ST,23,N,N,A,-,N,NA,NA,NA,NA,NA,NA,NA,NA,NA,Y,3,0,1,2,A,-,09,21802,A,N,D,C,A,A,H,-,C,D,0,NA,NA,Y,NA,Y,NA,A,01,0,1,0,0,0,0,0,0,1,-,-,NA,NA,LOS ANGELES,LOS ANGELES,-118.3090591430664,34.049072265625
8806585,2019,2019-02-28,1942,2019-02-09,2115,38815,2011,6,5,7,1942,0,0,0,NA,0,20A1,SAINT ANDREWS PL,BEVERLY PL,0,NA,Y,A,-,N,NA,NA,NA,NA,NA,NA,NA,NA,NA,Y,4,0,1,2,A,-,09,21802,A,N,D,C,A,A,H,-,C,A,0,NA,NA,NA,NA,Y,NA,A,01,0,0,1,0,0,0,0,0,0,-,-,NA,NA,LOS ANGELES,LOS ANGELES,-118.31137847900392,34.076229095458984
8806589,2019,2019-02-28,1942,2019-02-16,0100,43309,2091,6,5,7,1942,0,0,0,NA,0,20A71,ARLINGTON AV,21ST,20,S,N,B,-,N,NA,NA,NA,NA,NA,NA,NA,NA,NA,Y,2,0,3,2,A,-,01,23152,A,F,A,C,A,B,H,-,C,B,0,NA,NA,NA,NA,Y,Y,A,01,1,0,2,0,0,0,0,0,0,-,-,NA,NA,LOS ANGELES,LOS ANGELES,-118.31771087646484,34.03804397583008
8806593,2019,2019-02-28,1942,2019-02-12,0640,39624,2097,2,5,7,1942,0,0,0,NA,0,20TL59,S VERMONT AV,WASHINGTON BL,52,N,N,A,-,N,NA,NA,NA,NA,NA,NA,NA,NA,NA,N,3,0,1,1,A,-,03,22350,NA,N,H,I,A,A,H,-,A,A,0,NA,NA,Y,NA,Y,NA,C,02,0,1,0,0,0,0,0,0,1,-,-,NA,NA,LOS ANGELES,LOS ANGELES,-118.29157257080078,34.04015350341797
8806597,2019,2019-02-28,1942,2019-02-12,1800,43432,PACIF,2,5,7,1942,0,0,0,NA,0,14A28,MILITARY AV,AYRES AV,30,N,N,A,B,N,NA,NA,NA,NA,NA,NA,NA,NA,NA,N,2,0,1,2,A,-,11,21954,A,F,G,B,D,A,H,-,D,D,0,Y,NA,NA,NA,Y,NA,-,99,1,0,0,0,1,0,0,0,0,-,-,NA,NA,LOS ANGELES,LOS ANGELES,-118.432373046875,34.037376403808594
8806601,2019,2019-10-29,1942,2019-02-07,1903,42451,1446,4,5,7,1942,0,0,0,N,0,14A49,CENTINELA AV,MATTESON AV,38,S,N,A,-,N,NA,NA,NA,NA,NA,NA,NA,NA,NA,N,1,1,0,2,A,-,11,21954,A,F,G,B,D,A,H,-,C,D,0,Y,NA,NA,NA,Y,NA,N,60,0,0,0,1,0,0,0,0,0,-,-,NA,NA,LOS ANGELES,LOS ANGELES,-118.43231201171876,34.002071380615234
8806605,2019,2019-02-28,1942,2019-02-05,0530,42059,1487,2,5,7,1942,0,0,0,N,0,14A1,SEPULVEDA EASTWAY,WESTCHESTER PKWY,0,NA,Y,B,-,N,NA,NA,NA,NA,NA,NA,NA,NA,NA,N,3,0,1,2,A,-,10,21950,A,N,G,B,B,B,H,-,C,A,0,Y,NA,NA,NA,Y,NA,A,07,0,1,0,0,1,0,0,0,0,-,-,NA,NA,LOS ANGELES,LOS ANGELES,-118.39473724365234,33.95460891723633