CASE_ID,ACCIDENT_YEAR,PROC_DATE,JURIS,COLLISION_DATE,COLLISION_TIME,OFFICER_ID,REPORTING_DISTRICT,DAY_OF_WEEK,CHP_SHIFT,POPULATION,CNTY_CITY_LOC,SPECIAL_COND,BEAT_TYPE,CHP_BEAT_TYPE,CITY_DIVISION_LAPD,CHP_BEAT_CLASS,BEAT_NUMBER,PRIMARY_RD,SECONDARY_RD,DISTANCE,DIRECTION,INTERSECTION,WEATHER_1,WEATHER_2,STATE_HWY_IND,CALTRANS_COUNTY,CALTRANS_DISTRICT,STATE_ROUTE,ROUTE_SUFFIX,POSTMILE_PREFIX,POSTMILE,LOCATION_TYPE,RAMP_INTERSECTION,SIDE_OF_HWY,TOW_AWAY,COLLISION_SEVERITY,NUMBER_KILLED,NUMBER_INJURED,PARTY_COUNT,PRIMARY_COLL_FACTOR,PCF_CODE_OF_VIOL,PCF_VIOL_CATEGORY,PCF_VIOLATION,PCF_VIOL_SUBSECTION,HIT_AND_RUN,TYPE_OF_COLLISION,MVIW,PED_ACTION,ROAD_SURFACE,ROAD_COND_1,ROAD_COND_2,LIGHTING,CONTROL_DEVICE,CHP_ROAD_TYPE,PEDESTRIAN_ACCIDENT,BICYCLE_ACCIDENT,MOTORCYCLE_ACCIDENT,TRUCK_ACCIDENT,NOT_PRIVATE_PROPERTY,ALCOHOL_INVOLVED,STWD_VEHTYPE_AT_FAULT,CHP_VEHTYPE_AT_FAULT,COUNT_SEVERE_INJ,COUNT_VISIBLE_INJ,COUNT_COMPLAINT_PAIN,COUNT_PED_KILLED,COUNT_PED_INJURED,COUNT_BICYCLIST_KILLED,COUNT_BICYCLIST_INJURED,COUNT_MC_KILLED,COUNT_MC_INJURED,PRIMARY_RAMP,SECONDARY_RAMP,LATITUDE,LONGITUDE,COUNTY,CITY,POINT_X,POINT_Y
8808349,2019,2021-05-20,1942,2019-06-16,0050,32774,NA,7,5,7,1942,0,0,0,NA,0,NA,DE GARMO AV,TYLER ST,156,S,N,A,-,N,NA,NA,NA,NA,NA,NA,NA,NA,NA,N,1,1,0,2,A,-,03,22350,NA,F,C,G,A,A,H,-,C,D,0,NA,Y,NA,NA,Y,Y,-,99,0,0,0,0,0,1,0,0,0,-,-,NA,NA,LOS ANGELES,LOS ANGELES,-118.4542999267578,34.30867385864258
8808350,2019,2019-07-02,1942,2019-06-17,0530,41514,1544,1,5,7,1942,0,0,0,O,0,15A43,MAGNOLIA BL,WILKINSON AV,0,NA,Y,B,-,N,NA,NA,NA,NA,NA,NA,NA,NA,NA,N,1,1,0,2,A,-,10,21950,A,F,G,B,B,A,H,-,B,A,0,Y,NA,NA,NA,Y,NA,-,99,0,0,0,1,0,0,0,0,0,-,-,NA,NA,LOS ANGELES,LOS ANGELES,-118.40418243408205,34.164878845214844
8808354,2019,2019-07-03,1942,2019-06-14,1000,35945,0819,5,5,7,1942,0,0,0,H,0,8A29,S BEVERLY GLEN BL,BAINBRIDGE AV,390,S,N,B,-,N,NA,NA,NA,NA,NA,NA,NA,NA,NA,Y,1,1,0,3,A,-,08,22107,NA,N,G,B,E,A,H,-,A,A,0,Y,NA,NA,NA,Y,NA,A,01,0,0,0,1,0,0,0,0,0,-,-,NA,NA,LOS ANGELES,LOS ANGELES,-118.43375396728516,34.07908248901367
8808355,2018,2019-07-02,1942,2018-05-06,2010,40325,0202,7,5,7,1942,0,0,0,B,0,2A1,VERMONT AV,LOCKWOOD AV,0,NA,Y,A,-,N,NA,NA,NA,NA,NA,NA,NA,NA,NA,N,1,1,0,2,A,-,12,21453,A,N,G,B,B,A,H,-,C,A,0,Y,NA,NA,NA,Y,NA,-,-,0,0,0,1,0,0,0,0,0,-,-,NA,NA,LOS ANGELES,LOS ANGELES,-118.29174041748048,34.08871841430664
8808360,2019,2021-05-20,1924,2019-05-04,2201,80431,17,6,5,5,1924,0,0,0,NA,0,8T3,ROSECRANS AV,WESTERN AV,611,E,N,A,B,N,NA,NA,NA,NA,NA,NA,NA,NA,NA,Y,1,1,0,2,A,-,11,21954,A,N,G,B,E,A,H,-,C,D,0,Y,NA,NA,NA,Y,Y,N,60,0,0,0,1,0,0,0,0,0,-,-,33.901920318603516,-118.30915069580078,LOS ANGELES,GARDENA,-118.30712127685548,33.90193176269531
8808361,2019,2020-01-07,1955,2019-05-07,1624,41871,35,2,5,6,1955,0,0,0,NA,0,002,WHITE AV,MCKINLEY AV,2536,N,N,A,-,N,NA,NA,NA,NA,NA,NA,NA,NA,NA,Y,1,1,2,2,A,-,01,23152,F,N,A,C,A,A,H,-,A,A,0,NA,NA,NA,NA,Y,Y,A,07,1,0,1,0,0,0,0,0,0,-,-,NA,NA,LOS ANGELES,POMONA,-117.76236724853516,34.084510803222656
8808376,2019,2019-07-17,1942,2019-06-12,1625,40315,1494,3,5,7,1942,0,0,0,N,0,8T26,IMPERIAL HWY,PERSHING DR,101,E,N,B,-,N,NA,NA,NA,NA,NA,NA,NA,NA,NA,Y,1,1,2,1,A,-,03,22350,NA,N,E,I,A,A,H,-,A,D,0,NA,NA,NA,NA,Y,NA,A,01,2,0,0,0,0,0,0,0,0,-,-,NA,NA,LOS ANGELES,LOS ANGELES,-118.42897033691406,33.9310188293457
8808377,2019,2021-05-20,1942,2019-06-18,2150,33504,1641,2,5,7,1942,0,0,0,P,0,16A23,LAUREL CANYON BL,GAGER ST,145,S,N,A,-,N,NA,NA,NA,NA,NA,NA,NA,NA,NA,Y,1,1,0,2,A,-,11,21954,A,N,G,B,D,A,H,-,D,D,0,Y,NA,NA,NA,Y,Y,N,60,0,0,0,1,0,0,0,0,0,-,-,NA,NA,LOS ANGELES,LOS ANGELES,-118.42784881591795,34.25476837158203
8808384,2019,2019-07-24,1942,2019-07-12,1240,38326,1617,5,5,7,1942,0,0,0,P,0,16A35,FOOTHILL BL,QUILL AV,59,E,N,A,-,N,NA,NA,NA,NA,NA,NA,NA,NA,NA,N,1,1,0,2,A,-,08,22107,NA,N,E,I,F,A,H,-,A,D,0,Y,NA,NA,NA,Y,NA,A,01,0,0,0,1,0,0,0,0,0,-,-,NA,NA,LOS ANGELES,LOS ANGELES,-118.31663513183594,34.25968933105469
8808385,2019,2019-07-24,1900,2019-07-14,2138,517840,2623,7,5,6,1950,0,0,0,NA,0,264T1,AVENUE O,110TH ST EAST,0,NA,Y,A,-,N,NA,NA,NA,NA,NA,NA,NA,NA,NA,Y,1,1,1,2,A,-,01,23153,A,F,D,C,A,A,H,-,C,A,0,NA,NA,NA,NA,Y,Y,A,07,1,0,0,0,0,0,0,0,0,-,-,34.61669921875,-117.93402099609376,LOS ANGELES,PALMDALE,-117.93402862548828,34.61669158935547
8808392,2019,2019-07-24,1962,2019-06-22,0641,151,1962,6,5,4,1962,0,0,0,NA,0,003,DEL MAR AV,HELLMAN AV,747,N,N,A,-,N,NA,NA,NA,NA,NA,NA,NA,NA,NA,N,1,1,0,2,D,-,00,NA,NA,F,G,B,E,A,H,-,D,D,0,Y,NA,NA,NA,Y,NA,-,-,0,0,0,1,0,0,0,0,0,-,-,34.069889068603516,-118.0995635986328,LOS ANGELES,SAN GABRIEL,-118.09953308105467,34.07157897949219
8808402,2019,2021-05-20,1976,2019-06-28,2318,449,NA,5,5,5,1976,0,0,0,NA,0,002,WHITTIER BL,PENN ST,289,W,N,A,-,Y,LA,7,72,-,-,4.91,H,-,N,Y,1,1,0,2,A,-,11,21954,A,N,G,B,D,A,H,-,D,D,0,Y,NA,NA,NA,Y,Y,N,60,0,0,0,1,0,0,0,0,0,-,-,NA,NA,LOS ANGELES,WHITTIER,-118.0473861694336,33.97627258300781
8808403,2019,2021-05-20,1976,2019-07-17,2022,482,NA,3,5,5,1976,0,0,0,NA,0,002,WHITTIER BL,MAR VISTA ST,126,N,N,A,-,Y,LA,7,72,-,-,4.72,H,-,S,Y,1,1,0,1,A,-,08,22107,NA,N,E,I,A,A,H,-,C,D,0,NA,NA,NA,NA,Y,NA,A,07,0,0,0,0,0,0,0,0,0,-,-,NA,NA,LOS ANGELES,WHITTIER,-118.04564666748048,33.973697662353516
8808404,2019,2021-05-20,1942,2019-07-19,0220,41978,0782,5,5,7,1942,0,0,0,G,0,20T59,VENICE BL,CADILLAC AV,156,E,N,A,-,N,NA,NA,NA,NA,NA,NA,NA,NA,NA,N,1,1,0,2,A,-,11,21954,A,F,G,B,E,A,H,-,C,D,0,Y,NA,NA,NA,Y,Y,N,60,0,0,0,1,0,0,0,0,0,-,-,NA,NA,LOS ANGELES,LOS ANGELES,-118.3737564086914,34.037681579589844
8808409,2019,2021-05-20,1900,2019-07-18,0622,475298,2810,4,5,5,1915,0,0,0,NA,0,282T1,CENTRAL AV,139TH ST,0,NA,Y,B,-,N,NA,NA,NA,NA,NA,NA,NA,NA,NA,Y,1,1,0,2,A,-,08,22107,NA,N,E,I,A,A,H,-,A,A,0,NA,NA,NA,NA,Y,NA,A,01,0,0,0,0,0,0,0,0,0,-,-,NA,NA,LOS ANGELES,COMPTON,-118.2545166015625,33.90581130981445
8808410,2019,2021-05-25,1942,2019-03-26,1500,42051,1519,2,5,7,1942,0,0,0,O,0,15A27,VINELAND AV,VICTORY BL,0,NA,Y,A,-,N,NA,NA,NA,NA,NA,NA,NA,NA,NA,Y,1,1,2,4,A,-,01,23152,F,N,A,C,F,A,H,-,A,A,0,Y,NA,NA,NA,Y,Y,A,01,0,0,2,1,0,0,0,0,0,-,-,NA,NA,LOS ANGELES,LOS ANGELES,-118.37030792236328,34.18669128417969
8808415,2019,2019-08-09,1942,2019-07-16,1750,42618,0711,2,5,7,1942,0,0,0,G,0,7A1,N CRESCENT HEIGHTS BL,ROSEWOOD AV,0,NA,Y,A,-,N,NA,NA,NA,NA,NA,NA,NA,NA,NA,Y,1,1,0,2,A,-,09,21801,A,N,D,C,A,A,H,-,A,A,0,NA,NA,Y,NA,Y,NA,A,01,0,0,0,0,0,0,0,1,0,-,-,NA,NA,LOS ANGELES,LOS ANGELES,-118.36589050292967,34.08013153076172
8808423,2019,2019-08-16,1955,2019-03-03,1857,40348,93,7,5,6,1955,0,0,0,NA,0,004,MISSION BL,SAN ANTONIO AV,260,W,N,A,-,N,NA,NA,NA,NA,NA,NA,NA,NA,NA,Y,1,1,0,2,A,-,11,21954,A,N,G,B,D,A,H,-,C,D,0,Y,NA,NA,NA,Y,NA,N,60,0,0,0,1,0,0,0,0,0,-,-,NA,NA,LOS ANGELES,POMONA,-117.73780822753906,34.05541229248047
8808424,2019,2019-08-16,1955,2019-06-23,1303,42150,POMON,7,5,6,1955,0,0,0,NA,0,001,TEMPLE AV,UNIVERSITY AV,0,NA,Y,A,-,N,NA,NA,NA,NA,NA,NA,NA,NA,NA,Y,1,1,0,1,D,-,00,NA,NA,N,E,I,A,A,H,-,A,A,0,NA,NA,NA,NA,Y,NA,-,-,0,0,0,0,0,0,0,0,0,-,-,NA,NA,LOS ANGELES,POMONA,-117.82067108154295,34.050559997558594
8808425,2019,2019-08-20,1976,2019-07-28,0056,479,NA,7,5,5,1976,0,0,0,NA,0,004,E WHITTIER BL,LINDESMITH AV,302,W,N,A,-,Y,LA,7,72,-,-,0.37,H,-,N,Y,1,1,0,1,A,-,03,22350,NA,N,E,I,A,A,H,-,C,D,0,NA,NA,NA,NA,Y,NA,A,01,0,0,0,0,0,0,0,0,0,-,-,NA,NA,LOS ANGELES,WHITTIER,-117.98275756835938,33.94036865234375
8808427,2019,2019-08-16,1942,2019-08-06,2155,32774,1956,2,5,7,1942,0,0,0,NA,0,19A43,WOODMAN AV,N MAYALL ST,405,N,N,A,-,N,NA,NA,NA,NA,NA,NA,NA,NA,NA,Y,1,1,1,2,A,-,03,22350,NA,N,D,E,A,A,H,-,C,D,0,NA,NA,NA,NA,Y,NA,A,01,0,1,0,0,0,0,0,0,0,-,-,NA,NA,LOS ANGELES,LOS ANGELES,-118.45427703857422,34.254859924316406
8808436,2019,2021-05-28,1941,2019-06-25,2353,11339,NA,2,5,7,1941,0,0,0,NA,0,NA,PACIFIC AV,BURNETT ST,0,NA,Y,A,-,N,NA,NA,NA,NA,NA,NA,NA,NA,NA,N,1,1,1,3,A,-,10,21950,A,F,G,B,B,A,H,-,C,D,0,Y,NA,NA,NA,Y,Y,A,NA,1,0,0,1,1,0,0,0,0,-,-,NA,NA,LOS ANGELES,LONG BEACH,-118.19377136230467,33.800750732421875
8808437,2019,2021-05-28,1900,2019-07-12,0607,532457,1323,5,5,5,1935,0,0,0,NA,0,132T1,CARSON ST,CLUBHOUSE DR,0,NA,Y,F,-,N,NA,NA,NA,NA,NA,NA,NA,NA,NA,Y,1,1,1,2,D,-,00,NA,NA,N,D,C,A,A,H,-,B,A,0,NA,NA,Y,NA,Y,NA,-,-,0,0,1,0,0,0,0,1,0,-,-,33.83245849609375,-118.15505981445313,LOS ANGELES,LAKEWOOD,-118.15509033203124,33.83246994018555
8808440,2019,2020-02-11,1900,2019-07-24,0730,640951,0660,3,5,6,1985,0,0,0,NA,0,62T1,RAILROAD AV,OAKRIDGE DR,248,N,N,A,-,N,NA,NA,NA,NA,NA,NA,NA,NA,NA,Y,2,0,1,1,C,-,18,NA,NA,N,E,I,A,A,H,-,A,D,0,NA,NA,NA,NA,Y,NA,-,-,1,0,0,0,0,0,0,0,0,-,-,34.40129852294922,-118.5386962890625,LOS ANGELES,SANTA CLARITA,-118.53876495361328,34.40119171142578
8808441,2019,2021-05-28,1942,2019-07-08,0110,39508,0158,1,5,7,1942,0,0,0,A,0,1A29,6TH ST,GLADYS AV,40,W,N,A,-,N,NA,NA,NA,NA,NA,NA,NA,NA,NA,N,1,1,0,2,A,-,11,21954,A,N,A,B,E,A,H,-,C,A,0,Y,NA,NA,NA,Y,NA,A,01,0,0,0,1,0,0,0,0,0,-,-,NA,NA,LOS ANGELES,LOS ANGELES,-118.24219512939452,34.040374755859375
8808448,2019,2021-05-28,1942,2019-07-12,0455,42282,0585,5,5,7,1942,0,0,0,E,0,5A85,HAMILTON AV,S CABRILLO AV,15,E,N,B,-,N,NA,NA,NA,NA,NA,NA,NA,NA,NA,Y,1,1,0,1,C,-,18,NA,NA,N,E,I,A,A,H,-,B,D,0,NA,NA,NA,NA,Y,NA,-,-,0,0,0,0,0,0,0,0,0,-,-,NA,NA,LOS ANGELES,LOS ANGELES,-118.29461669921876,33.720943450927734
8808449,2019,2021-05-28,1942,2019-07-18,0315,42069,1846,4,5,7,1942,0,0,0,R,0,25T25,IMPERIAL HWY,CENTRAL AV,277,W,N,A,-,N,NA,NA,NA,NA,NA,NA,NA,NA,NA,Y,1,1,0,1,A,-,03,22350,NA,N,F,I,A,A,H,-,C,D,0,NA,NA,NA,NA,Y,Y,A,07,0,0,0,0,0,0,0,0,0,-,-,NA,NA,LOS ANGELES,LOS ANGELES,-118.25514221191406,33.92945861816406
8808450,2019,2021-05-28,1942,2019-07-20,2055,41933,1841,6,5,7,1942,0,0,0,R,0,18A97,W IMPERIAL HWY,S VERMONT AV,342,E,N,A,-,N,NA,NA,NA,NA,NA,NA,NA,NA,NA,N,1,1,0,2,A,-,11,21954,A,N,G,B,D,A,H,-,C,D,0,Y,NA,NA,NA,Y,Y,N,60,0,0,0,1,0,0,0,0,0,-,-,NA,NA,LOS ANGELES,LOS ANGELES,-118.2904815673828,33.93098068237305
8808452,2018,2020-05-26,1900,2018-08-17,2138,526486,0974,5,5,4,1979,0,0,0,NA,0,93T3,SANTA MONICA BL,OGDEN DR,70,E,N,A,-,N,NA,NA,NA,NA,NA,NA,NA,NA,NA,Y,1,1,1,4,A,-,08,22107,NA,N,C,C,A,A,H,-,C,A,0,NA,NA,Y,NA,Y,Y,A,01,0,1,0,0,0,0,0,1,1,-,-,34.090721130371094,-118.35900115966795,LOS ANGELES,WEST HOLLYWOOD,-118.35929107666016,34.090824127197266
8808455,2018,2019-08-30,1900,2018-12-02,0614,611033,NA,7,5,4,1917,0,0,0,NA,0,26T,ATLANTIC AV,FLORENCE AV,0,NA,Y,A,-,N,NA,NA,NA,NA,NA,NA,NA,NA,NA,N,1,1,0,2,A,-,08,22107,NA,F,G,B,B,A,H,-,C,A,0,Y,NA,NA,NA,Y,NA,-,NA,0,0,0,1,0,0,0,0,0,-,-,NA,NA,LOS ANGELES,CUDAHY,-118.18804931640624,33.970298767089844
8808462,2019,2019-08-30,1942,2019-02-22,1912,42224,NEWTO,5,5,7,1942,0,0,0,NA,0,13X94,COMPTON AV,46TH ST,0,NA,Y,A,-,N,NA,NA,NA,NA,NA,NA,NA,NA,NA,N,1,1,0,2,A,-,10,21950,A,N,A,B,B,A,H,-,C,A,0,Y,NA,NA,NA,Y,NA,A,07,0,0,0,1,0,0,0,0,0,-,-,NA,NA,LOS ANGELES,LOS ANGELES,-118.24778747558594,34.00204086303711
8808468,2019,2019-08-30,1900,2019-04-29,2138,534575,0243,1,5,3,1914,0,0,0,NA,0,26T,WASHINGTON BL,ARROWMILL AV,0,NA,Y,A,-,N,NA,NA,NA,NA,NA,NA,NA,NA,NA,Y,1,2,1,2,A,-,03,22350,NA,N,D,C,A,A,H,-,D,A,0,NA,NA,NA,NA,Y,Y,A,01,1,0,0,0,0,0,0,0,0,-,-,NA,NA,LOS ANGELES,COMMERCE,-118.17942810058594,34.006961822509766
8808469,2019,2021-05-20,1900,2019-05-01,0610,507510,0243,3,5,3,1914,0,0,0,NA,0,27T1,WASHINGTON BL,INDIANA ST,287,W,N,B,-,N,NA,NA,NA,NA,NA,NA,NA,NA,NA,Y,1,1,0,2,A,-,05,21651,B,N,D,C,A,A,H,-,A,D,0,NA,NA,NA,Y,Y,NA,A,01,0,0,0,0,0,0,0,0,0,-,-,NA,NA,LOS ANGELES,COMMERCE,-118.19212341308594,34.0112419128418
8808471,2019,2021-05-25,1900,2019-06-16,0137,534575,0262,7,5,4,1917,0,0,0,NA,0,26T,CLARA ST,S CLARA ST,43,W,N,A,-,N,NA,NA,NA,NA,NA,NA,NA,NA,NA,N,1,1,0,2,A,-,11,21955,NA,F,A,B,D,A,H,-,C,A,0,Y,NA,NA,NA,Y,NA,N,60,0,0,0,1,0,0,0,0,0,-,-,NA,NA,LOS ANGELES,CUDAHY,-118.1987762451172,33.96678161621094
8808472,2019,2021-05-28,1900,2019-08-04,0205,516509,2917,7,5,4,1974,0,0,0,NA,0,291K2,AMAR RD,BRAES RIVER RD,137,E,N,A,-,N,NA,NA,NA,NA,NA,NA,NA,NA,NA,Y,1,1,0,1,A,-,08,22107,NA,N,E,I,A,A,H,-,C,A,0,NA,NA,NA,NA,Y,Y,D,22,0,0,0,0,0,0,0,0,0,-,-,NA,NA,LOS ANGELES,WALNUT,-117.87901306152344,34.0348014831543
8808474,2019,2021-05-28,1900,2019-08-14,1201,551435,1120,3,5,6,1992,0,0,0,NA,0,111T1,AVENUE H,30TH ST WEST,0,NA,Y,A,-,N,NA,NA,NA,NA,NA,NA,NA,NA,NA,Y,1,4,0,2,A,-,12,21453,A,N,D,C,A,A,H,-,A,A,0,NA,NA,NA,NA,Y,NA,A,01,0,0,0,0,0,0,0,0,0,-,-,NA,NA,LOS ANGELES,LANCASTER,-118.18374633789064,34.718719482421875
8808476,2019,2019-09-05,1941,2019-08-18,0240,6308,NA,7,5,7,1941,0,0,0,NA,0,NA,PACIFIC COAST HWY,GRAND AV,128,E,N,B,-,Y,LA,7,1,-,-,3.86,H,-,N,Y,1,1,2,2,A,-,01,23152,NA,N,D,C,A,A,H,-,C,D,0,NA,NA,NA,NA,Y,Y,A,NA,0,2,0,0,0,0,0,0,0,-,-,NA,NA,LOS ANGELES,LONG BEACH,-118.1477279663086,33.78990936279297
8808479,2019,2021-05-20,1900,2019-08-13,2002,625546,1366,2,5,5,1952,0,0,0,NA,0,136,ORANGE AV,MYRRH ST,8,N,N,A,-,N,NA,NA,NA,NA,NA,NA,NA,NA,NA,N,1,1,0,2,A,-,10,21950,A,F,G,B,B,A,H,-,C,D,0,Y,NA,NA,NA,Y,Y,A,01,0,0,0,1,0,0,0,0,0,-,-,33.89282989501953,-118.17754364013672,LOS ANGELES,PARAMOUNT,-118.177490234375,33.89275360107422
8808489,2019,2021-05-20,1900,2019-07-21,1030,517840,2603,7,5,6,1950,0,0,0,NA,0,264T1,PEARBLOSSOM HWY,40TH ST EAST,112,W,N,A,-,N,NA,NA,NA,NA,NA,NA,NA,NA,NA,Y,1,1,2,6,A,-,03,22350,NA,N,C,C,A,A,H,-,A,A,0,NA,NA,Y,NA,Y,Y,A,01,2,0,0,0,0,0,0,1,2,-,-,34.54267120361328,-118.05908203125,LOS ANGELES,PALMDALE,-118.05886840820313,34.54273986816406
8808490,2019,2021-05-28,1900,2019-07-28,2047,610425,2821,7,5,5,1915,0,0,0,NA,0,283T1,ALAMEDA ST,MEALY ST,135,N,N,A,-,N,NA,NA,NA,NA,NA,NA,NA,NA,NA,N,1,1,0,2,A,-,11,21956,A,N,G,B,E,A,H,-,C,D,0,Y,NA,NA,NA,Y,NA,N,60,0,0,0,1,0,0,0,0,0,-,-,NA,NA,LOS ANGELES,COMPTON,-118.22195434570313,33.90591812133789
8808491,2019,2019-09-10,1900,2019-08-09,1635,612439,0640,5,5,6,1985,0,0,0,NA,0,62T1,BOUQUET CANYON RD,WELLSTON DR,0,NA,Y,A,-,N,NA,NA,NA,NA,NA,NA,NA,NA,NA,Y,1,1,0,1,A,-,08,22107,NA,N,E,I,A,A,H,-,A,A,0,NA,NA,NA,NA,Y,NA,B,08,0,0,0,0,0,0,0,0,0,-,-,34.44763946533203,-118.50244140625,LOS ANGELES,SANTA CLARITA,-118.50198364257813,34.44770050048828
8808492,2019,2019-09-10,1942,2019-08-27,2310,32372,1916,2,5,7,1942,0,0,0,NA,0,19A7,HUBBARD ST,BORDEN AV,133,E,N,A,-,N,NA,NA,NA,NA,NA,NA,NA,NA,NA,N,1,1,0,3,A,-,11,21954,A,N,G,B,D,A,H,-,C,A,0,Y,NA,NA,NA,Y,NA,N,60,0,0,0,1,0,0,0,0,0,-,-,NA,NA,LOS ANGELES,LOS ANGELES,-118.43595123291016,34.302406311035156
8808495,2019,2020-02-05,1942,2019-08-29,0552,37966,0858,4,5,7,1942,0,0,0,H,0,8A95,W PICO BL,S CREST DR,26,E,N,A,-,N,NA,NA,NA,NA,NA,NA,NA,NA,NA,Y,1,1,0,1,A,-,03,22350,NA,N,E,I,A,A,H,-,C,D,0,NA,NA,NA,NA,Y,NA,A,01,0,0,0,0,0,0,0,0,0,-,-,NA,NA,LOS ANGELES,LOS ANGELES,-118.3877410888672,34.055259704589844
8808505,2019,2021-05-28,1900,2019-08-07,2300,629491,1320,3,5,5,1935,0,0,0,NA,0,132A,PARAMOUNT BL,CANDLEWOOD ST,46,N,N,A,-,N,NA,NA,NA,NA,NA,NA,NA,NA,NA,Y,1,1,0,2,D,-,00,NA,NA,N,G,B,D,A,H,-,C,A,0,Y,NA,NA,NA,Y,Y,-,-,0,0,0,1,0,0,0,0,0,-,-,33.854000091552734,-118.15979766845705,LOS ANGELES,LAKEWOOD,-118.15985870361328,33.853946685791016
8808512,2019,2021-05-28,1900,2019-07-18,0440,622429,2610,4,5,6,1950,0,0,0,NA,0,262T1,PALMDALE BL,SIERRA HWY,0,NA,Y,A,-,Y,LA,7,138,-,-,44.424,I,5,W,N,1,1,0,2,A,-,11,21954,A,N,G,B,D,A,H,-,C,A,0,Y,NA,NA,NA,Y,Y,N,60,0,0,0,1,0,0,0,0,0,-,-,34.5796012878418,-118.11599731445313,LOS ANGELES,PALMDALE,-118.11655426025392,34.57951354980469
8808514,2019,2021-05-28,1900,2019-07-24,2220,601485,2612,3,5,6,1950,0,0,0,NA,0,262T1,RANCHO VISTA BL,AVENUE 0-8,0,NA,Y,A,-,N,NA,NA,NA,NA,NA,NA,NA,NA,NA,Y,1,1,0,2,A,-,11,21954,A,N,G,B,D,A,H,-,C,A,0,Y,NA,NA,NA,Y,NA,N,60,0,0,0,1,0,0,0,0,0,-,-,34.607601165771484,-118.19210052490234,LOS ANGELES,PALMDALE,-118.1922,34.607729
8808517,2019,2019-09-17,1900,2019-08-08,0520,621409,2814,4,5,5,1915,0,0,0,NA,0,282T1,WILLOWBROOK AV,DOUGLAS ST,0,NA,Y,A,-,N,NA,NA,NA,NA,NA,NA,NA,NA,NA,Y,1,1,0,3,A,-,09,21802,A,N,A,C,A,A,H,-,C,A,0,NA,NA,Y,NA,Y,NA,A,01,0,0,0,0,0,0,0,1,0,-,-,NA,NA,LOS ANGELES,COMPTON,-118.2260284423828,33.90547180175781
8808518,2019,2019-09-19,1920,2019-08-28,2007,13022,NA,3,5,6,1920,0,0,0,NA,0,001,IMPERIAL HWY,BARLIN AV,13,E,N,A,-,N,NA,NA,NA,NA,NA,NA,NA,NA,NA,Y,1,1,1,3,A,-,12,21453,A,N,G,B,B,A,H,-,C,A,0,Y,NA,NA,NA,Y,NA,A,01,1,0,0,1,1,0,0,0,0,-,-,NA,NA,LOS ANGELES,DOWNEY,-118.1409149169922,33.918209075927734
8808523,2019,2020-06-24,1976,2019-08-19,0212,384,NA,1,5,5,1976,0,0,0,NA,0,003,WHITTIER BL,BOYAR AV,9,E,N,B,-,Y,LA,7,72,-,-,2.99,H,-,N,Y,1,1,0,1,A,-,08,22107,NA,N,E,I,A,A,H,-,C,D,0,NA,NA,Y,NA,Y,NA,C,02,0,0,0,0,0,0,0,1,0,-,-,NA,NA,LOS ANGELES,WHITTIER,-118.0231475830078,33.95774459838867
8808524,2019,2021-05-28,1942,2019-08-02,2050,39360,1844,5,5,7,1942,0,0,0,R,0,25T23,AVALON BL,LANZIT AV,20,S,N,A,-,N,NA,NA,NA,NA,NA,NA,NA,NA,NA,N,1,1,0,2,A,-,11,21954,A,F,G,B,D,A,H,-,C,A,0,Y,NA,NA,NA,Y,NA,N,60,0,0,0,1,0,0,0,0,0,-,-,NA,NA,LOS ANGELES,LOS ANGELES,-118.26519775390624,33.932456970214844
8808525,2019,2019-09-18,1942,2019-08-04,2150,32142,1881,7,5,7,1942,0,0,0,R,0,18A44,ALONDRA,ORCHARD AV,59,W,N,A,-,N,NA,NA,NA,NA,NA,NA,NA,NA,NA,N,1,1,0,3,A,-,07,21658,A,F,B,C,E,A,H,-,C,D,0,Y,NA,NA,NA,Y,NA,-,99,0,0,0,1,0,0,0,0,0,-,-,NA,NA,LOS ANGELES,LOS ANGELES,-118.28840637207033,33.88531494140625
8808563,2019,2019-12-11,1942,2019-08-10,1320,43348,492,6,5,7,1942,0,0,0,NA,0,4A78,DE LA TORRE WY,UNION PACIFIC AV,0,NA,N,A,-,N,NA,NA,NA,NA,NA,NA,NA,NA,NA,N,4,0,1,2,D,-,00,NA,NA,N,A,-,A,A,H,-,A,D,0,NA,NA,NA,NA,Y,NA,-,-,0,0,1,0,0,0,0,0,0,-,-,NA,NA,LOS ANGELES,LOS ANGELES,-118.20584869384766,34.01655197143555
8808583,2019,2019-12-11,1942,2019-09-14,2200,43887,2027,6,5,7,1942,0,0,0,NA,0,20A45,N ALEXANDREA AV,6TH ST,40,S,N,A,-,N,NA,NA,NA,NA,NA,NA,NA,NA,NA,N,4,0,1,2,A,-,11,21954,A,F,G,B,D,A,H,-,C,D,0,Y,NA,NA,NA,Y,NA,N,60,0,0,1,0,1,0,0,0,0,-,-,NA,NA,LOS ANGELES,LOS ANGELES,-118.29792785644533,34.063499450683594
8808587,2019,2019-12-11,1942,2019-09-11,1635,38236,0765,3,5,7,1942,0,0,0,G,0,7A32,SAN VICENTE BL,TREMAINE AV,0,NA,Y,A,-,N,NA,NA,NA,NA,NA,NA,NA,NA,NA,Y,3,0,4,2,A,-,09,21802,A,N,D,C,A,A,H,-,A,A,0,NA,NA,NA,NA,Y,NA,A,01,0,1,3,0,0,0,0,0,0,-,-,NA,NA,LOS ANGELES,LOS ANGELES,-118.34073638916016,34.048851013183594