CASE_ID,ACCIDENT_YEAR,PROC_DATE,JURIS,COLLISION_DATE,COLLISION_TIME,OFFICER_ID,REPORTING_DISTRICT,DAY_OF_WEEK,CHP_SHIFT,POPULATION,CNTY_CITY_LOC,SPECIAL_COND,BEAT_TYPE,CHP_BEAT_TYPE,CITY_DIVISION_LAPD,CHP_BEAT_CLASS,BEAT_NUMBER,PRIMARY_RD,SECONDARY_RD,DISTANCE,DIRECTION,INTERSECTION,WEATHER_1,WEATHER_2,STATE_HWY_IND,CALTRANS_COUNTY,CALTRANS_DISTRICT,STATE_ROUTE,ROUTE_SUFFIX,POSTMILE_PREFIX,POSTMILE,LOCATION_TYPE,RAMP_INTERSECTION,SIDE_OF_HWY,TOW_AWAY,COLLISION_SEVERITY,NUMBER_KILLED,NUMBER_INJURED,PARTY_COUNT,PRIMARY_COLL_FACTOR,PCF_CODE_OF_VIOL,PCF_VIOL_CATEGORY,PCF_VIOLATION,PCF_VIOL_SUBSECTION,HIT_AND_RUN,TYPE_OF_COLLISION,MVIW,PED_ACTION,ROAD_SURFACE,ROAD_COND_1,ROAD_COND_2,LIGHTING,CONTROL_DEVICE,CHP_ROAD_TYPE,PEDESTRIAN_ACCIDENT,BICYCLE_ACCIDENT,MOTORCYCLE_ACCIDENT,TRUCK_ACCIDENT,NOT_PRIVATE_PROPERTY,ALCOHOL_INVOLVED,STWD_VEHTYPE_AT_FAULT,CHP_VEHTYPE_AT_FAULT,COUNT_SEVERE_INJ,COUNT_VISIBLE_INJ,COUNT_COMPLAINT_PAIN,COUNT_PED_KILLED,COUNT_PED_INJURED,COUNT_BICYCLIST_KILLED,COUNT_BICYCLIST_INJURED,COUNT_MC_KILLED,COUNT_MC_INJURED,PRIMARY_RAMP,SECONDARY_RAMP,LATITUDE,LONGITUDE,COUNTY,CITY,POINT_X,POINT_Y
8815281,2019,2019-04-12,1942,2019-02-07,0950,42324,1782,4,5,7,1942,0,0,0,Q,0,17A81,TAMPA AV,BUSINESS CENTER DR,0,NA,Y,A,-,N,NA,NA,NA,NA,NA,NA,NA,NA,NA,Y,4,0,1,2,A,-,09,21801,A,N,D,C,A,A,H,-,A,D,0,NA,NA,NA,NA,Y,NA,A,01,0,0,1,0,0,0,0,0,0,-,-,NA,NA,LOS ANGELES,LOS ANGELES,-118.55355072021484,34.230960845947266
8815282,2019,2019-08-22,1942,2019-02-09,1750,38582,1721,6,5,7,1942,0,0,0,Q,0,17A48,TOPANGA CANYON BL,RT 118,0,NA,Y,A,-,Y,LA,7,27,-,-,20.01,H,-,S,Y,4,0,1,4,A,-,03,22350,NA,N,C,C,A,A,H,-,C,D,0,NA,NA,NA,NA,Y,NA,A,01,0,0,1,0,0,0,0,0,0,-,-,NA,NA,LOS ANGELES,LOS ANGELES,-118.60497283935548,34.277000427246094
8815284,2019,2019-03-21,1942,2019-02-12,2055,41210,0833,2,5,7,1942,0,0,0,H,0,14T47,WILSHIRE BL,GLENDON AV,0,NA,Y,A,-,N,NA,NA,NA,NA,NA,NA,NA,NA,NA,Y,3,0,4,3,A,-,01,23152,A,N,D,C,A,A,H,-,C,A,0,NA,NA,NA,NA,Y,Y,A,01,0,2,2,0,0,0,0,0,0,-,-,NA,NA,LOS ANGELES,LOS ANGELES,-118.44252777099608,34.05915832519531
8815285,2019,2019-03-21,1942,2019-02-06,0240,35592,1759,3,5,7,1942,0,0,0,Q,0,17A49W,LASSEN ST,MONTGOMERY AV,120,E,N,A,-,N,NA,NA,NA,NA,NA,NA,NA,NA,NA,N,3,0,1,2,A,-,08,22107,NA,N,C,E,A,A,H,-,C,D,0,NA,NA,NA,NA,Y,NA,A,01,0,1,0,0,0,0,0,0,0,-,-,NA,NA,LOS ANGELES,LOS ANGELES,-118.48133087158205,34.250118255615234
8815286,2019,2019-03-21,1942,2019-02-10,1050,43193,1781,7,5,7,1942,0,0,0,Q,0,17A67,CORBIN AV,RINALDI ST,500,S,N,B,C,N,NA,NA,NA,NA,NA,NA,NA,NA,NA,Y,3,0,2,2,A,-,09,21804,A,N,A,C,A,B,H,-,A,D,0,NA,NA,NA,NA,Y,NA,A,01,0,1,1,0,0,0,0,0,0,-,-,NA,NA,LOS ANGELES,LOS ANGELES,-118.56211853027344,34.27348709106445
8815288,2019,2019-03-21,1942,2019-02-07,1750,38028,0897,4,5,7,1942,0,0,0,H,0,8A52,NATIONA BL,BAGLEY AV,0,NA,Y,A,-,N,NA,NA,NA,NA,NA,NA,NA,NA,NA,N,3,0,1,2,A,-,10,21950,NA,N,G,B,B,A,H,-,C,A,0,Y,NA,NA,NA,Y,NA,A,01,0,1,0,0,1,0,0,0,0,-,-,NA,NA,LOS ANGELES,LOS ANGELES,-118.3959732055664,34.0313606262207
8815289,2019,2019-03-21,1942,2019-02-06,0815,39956,1753,3,5,7,1942,0,0,0,Q,0,NA,DEVONSHIRE ST,MASON AV,0,NA,Y,A,-,N,NA,NA,NA,NA,NA,NA,NA,NA,NA,N,3,0,2,2,A,-,09,21801,A,N,D,C,A,A,H,-,A,A,0,NA,NA,NA,NA,Y,NA,A,01,0,1,1,0,0,0,0,0,0,-,-,NA,NA,LOS ANGELES,LOS ANGELES,-118.57984161376952,34.257259368896484
8815290,2019,2019-03-21,1942,2019-02-12,0800,40028,1785,2,5,7,1942,0,0,0,Q,0,17AB1,GRESHAM ST,RESEDA BL,115,W,N,A,-,N,NA,NA,NA,NA,NA,NA,NA,NA,NA,N,3,0,1,2,A,-,09,21804,A,N,C,G,A,A,H,-,A,D,0,NA,NA,NA,NA,Y,NA,-,NA,0,1,0,0,0,0,0,0,0,-,-,NA,NA,LOS ANGELES,LOS ANGELES,-118.53646850585938,34.23076248168945
8815292,2019,2019-03-21,1942,2019-02-07,1020,39624,0784,4,5,7,1942,0,0,0,G,0,7A73,S LA BREA AV,21ST ST,26,N,N,A,-,N,NA,NA,NA,NA,NA,NA,NA,NA,NA,Y,4,0,1,2,A,-,07,21658,A,F,B,C,A,A,H,-,A,A,0,NA,NA,NA,NA,Y,NA,-,99,0,0,1,0,0,0,0,0,0,-,-,NA,NA,LOS ANGELES,LOS ANGELES,-118.34842681884766,34.038536071777344
8815293,2019,2019-03-21,1942,2019-02-08,1230,38947,1716,5,5,7,1942,0,0,0,Q,0,17A35,BALBOA BL,MIDWOOD DR,0,NA,Y,A,-,N,NA,NA,NA,NA,NA,NA,NA,NA,NA,Y,4,0,1,2,A,-,03,22350,NA,N,C,C,A,A,H,-,A,A,0,NA,NA,NA,NA,Y,NA,A,07,0,0,1,0,0,0,0,0,0,-,-,NA,NA,LOS ANGELES,LOS ANGELES,-118.50205993652344,34.287330627441406
8815294,2019,2019-03-21,1942,2019-02-21,1400,38947,1728,4,5,7,1942,0,0,0,Q,0,17A35,RESEDA BL,CELTIC ST,200,N,N,B,-,N,NA,NA,NA,NA,NA,NA,NA,NA,NA,N,4,0,3,3,A,-,04,21703,NA,N,C,C,A,B,H,-,A,D,0,NA,NA,NA,NA,Y,NA,A,01,0,0,3,0,0,0,0,0,0,-,-,NA,NA,LOS ANGELES,LOS ANGELES,-118.5361099243164,34.26927947998047
8815296,2019,2019-03-21,1942,2019-02-09,1114,34959,0719,6,5,7,1942,0,0,0,G,0,7A17,ROSSMORE AV,CLINTON ST,60,S,N,C,-,N,NA,NA,NA,NA,NA,NA,NA,NA,NA,N,4,0,2,2,A,-,03,22350,NA,F,C,C,A,B,H,-,A,D,0,NA,NA,NA,NA,Y,NA,-,99,0,0,2,0,0,0,0,0,0,-,-,NA,NA,LOS ANGELES,LOS ANGELES,-118.32718658447266,34.081485748291016
8815297,2019,2019-03-21,1942,2019-02-08,1500,38947,1775,5,5,7,1942,0,0,0,Q,0,17A95,PLUMMER ST,ENCINO AV,0,NA,Y,A,-,N,NA,NA,NA,NA,NA,NA,NA,NA,NA,Y,3,0,4,2,A,-,09,21802,A,N,A,C,A,A,H,-,A,D,0,NA,NA,NA,NA,Y,NA,A,01,0,3,1,0,0,0,0,0,0,-,-,NA,NA,LOS ANGELES,LOS ANGELES,-118.51558685302734,34.243080139160156
8815298,2019,2019-03-21,1942,2019-02-21,0800,40141,1752,4,5,7,1942,0,0,0,Q,0,17A23,LASSEN ST,CANOGA AV,125,E,N,A,-,N,NA,NA,NA,NA,NA,NA,NA,NA,NA,Y,4,0,1,3,A,-,07,21658,A,N,B,D,A,A,H,-,A,D,0,NA,NA,NA,NA,Y,NA,A,01,0,0,1,0,0,0,0,0,0,-,-,NA,NA,LOS ANGELES,LOS ANGELES,-118.59690856933594,34.2499885559082
8815300,2019,2019-03-21,1942,2019-02-13,1840,42273,0763,3,5,7,1942,0,0,0,G,0,7A63,FAIRFAX AV,PICO BL,25,N,N,C,-,N,NA,NA,NA,NA,NA,NA,NA,NA,NA,N,4,0,2,2,A,-,03,22350,NA,F,C,C,A,B,H,-,C,A,0,NA,NA,NA,NA,Y,NA,-,99,0,0,2,0,0,0,0,0,0,-,-,NA,NA,LOS ANGELES,LOS ANGELES,-118.3666534423828,34.05156707763672
8815301,2019,2019-03-21,1942,2019-02-01,1820,42051,1737,5,5,7,1942,0,0,0,Q,0,17A35,BALBOA BL,SAN FERNANDO MISSION BL,460,N,N,A,-,N,NA,NA,NA,NA,NA,NA,NA,NA,NA,Y,3,0,2,2,A,-,09,21801,A,N,A,C,A,A,H,-,C,D,0,NA,NA,NA,NA,Y,NA,A,01,0,1,1,0,0,0,0,0,0,-,-,NA,NA,LOS ANGELES,LOS ANGELES,-118.50218200683594,34.273311614990234
8815302,2019,2019-05-07,1942,2019-02-21,2045,42818,1781,4,5,7,1942,0,0,0,Q,0,17A81,DE SOTO AV,OSBORNE ST,0,NA,Y,A,-,N,NA,NA,NA,NA,NA,NA,NA,NA,NA,Y,4,0,2,2,A,-,09,21802,A,N,B,C,A,A,H,-,C,A,0,NA,NA,NA,NA,Y,NA,A,01,0,0,2,0,0,0,0,0,0,-,-,NA,NA,LOS ANGELES,LOS ANGELES,-118.58856201171876,34.23305130004883
8815304,2019,2019-03-21,1941,2019-02-17,2206,10877,NA,7,5,7,1941,0,0,0,NA,0,NA,ANAHEIM ST,BELMONT AV,0,NA,Y,A,-,N,NA,NA,NA,NA,NA,NA,NA,NA,NA,Y,4,0,1,2,A,-,09,21801,A,N,D,C,A,A,H,-,C,D,0,NA,NA,NA,NA,Y,NA,A,NA,0,0,1,0,0,0,0,0,0,-,-,NA,NA,LOS ANGELES,LONG BEACH,-118.14483642578124,33.78260040283203
8815305,2019,2019-03-21,1942,2019-02-01,1710,40165,1785,5,5,7,1942,0,0,0,Q,0,17A67,DARBY AV,NORDHOFF ST,0,NA,Y,A,-,N,NA,NA,NA,NA,NA,NA,NA,NA,NA,N,4,0,2,3,A,-,09,21802,A,N,D,C,A,A,H,-,C,A,0,NA,NA,NA,NA,Y,NA,A,01,0,0,2,0,0,0,0,0,0,-,-,NA,NA,LOS ANGELES,LOS ANGELES,-118.53379058837892,34.235450744628906
8815306,2019,2019-03-21,1942,2019-02-14,0820,27792,0914,4,5,7,1942,0,0,0,I,0,9A23,KESTER AV,HART ST,0,NA,Y,C,-,N,NA,NA,NA,NA,NA,NA,NA,NA,NA,N,4,0,1,2,A,-,09,21801,A,N,D,C,A,B,G,-,A,A,0,NA,NA,NA,NA,Y,NA,A,01,0,0,1,0,0,0,0,0,0,-,-,NA,NA,LOS ANGELES,LOS ANGELES,-118.45745849609376,34.19752883911133
8815308,2019,2019-04-11,1941,2019-02-17,2200,11137,NA,7,5,7,1941,0,0,0,NA,0,NA,WILLOW ST,BALTIC AV,0,NA,Y,A,-,N,NA,NA,NA,NA,NA,NA,NA,NA,NA,Y,2,0,3,2,A,-,09,21800,A,N,D,C,A,A,H,-,C,D,0,NA,NA,NA,NA,Y,NA,A,NA,1,0,2,0,0,0,0,0,0,-,-,NA,NA,LOS ANGELES,LONG BEACH,-118.21328735351564,33.80438995361328
8815309,2019,2019-04-12,1942,2019-02-01,2225,43564,1751,5,5,7,1942,0,0,0,Q,0,17A23,TOPANGA CANYON BL,LASSEN ST,0,NA,Y,B,-,N,NA,NA,NA,NA,NA,NA,NA,NA,NA,N,4,0,1,2,A,-,10,21950,A,N,G,B,B,B,H,-,C,A,0,Y,NA,NA,NA,Y,NA,A,01,0,0,1,0,1,0,0,0,0,-,-,NA,NA,LOS ANGELES,LOS ANGELES,-118.60604095458984,34.249969482421875
8815310,2019,2019-03-21,1942,2019-02-16,2300,43653,1727,6,5,7,1942,0,0,0,Q,0,17A35,TAMPA AV,RINALDI,1000,S,N,A,-,N,NA,NA,NA,NA,NA,NA,NA,NA,NA,Y,4,0,1,2,A,-,09,21801,A,N,A,C,A,A,H,-,C,A,0,NA,NA,NA,NA,Y,NA,A,01,0,0,1,0,0,0,0,0,0,-,-,NA,NA,LOS ANGELES,LOS ANGELES,-118.55609893798828,34.27204132080078
8815312,2019,2019-03-21,1941,2019-02-08,1659,11140,NA,5,5,7,1941,0,0,0,NA,0,NA,55TH ST EAST,POLE #DC1100,0,NA,Y,A,-,N,NA,NA,NA,NA,NA,NA,NA,NA,NA,N,3,0,1,2,A,-,08,22107,NA,N,B,C,A,A,H,-,A,D,0,NA,NA,NA,NA,Y,NA,D,NA,0,1,0,0,0,0,0,0,0,-,-,NA,NA,LOS ANGELES,LONG BEACH,NA,NA
8815313,2019,2019-03-21,1942,2019-02-02,2030,42821,1792,6,5,7,1942,0,0,0,Q,0,17A81,PARTHENIA ST,CORBIN AV,0,NA,Y,C,-,N,NA,NA,NA,NA,NA,NA,NA,NA,NA,Y,3,0,3,2,A,-,08,22107,NA,N,A,C,A,B,H,-,C,A,0,NA,NA,NA,NA,Y,NA,A,01,0,1,2,0,0,0,0,0,0,-,-,NA,NA,LOS ANGELES,LOS ANGELES,-118.56228637695313,34.22822952270508
8815314,2019,2019-04-12,1942,2019-02-14,2205,42296,0938,4,5,7,1942,0,0,0,I,0,9A37,OXNARD ST,FULTON AV,0,NA,Y,A,-,N,NA,NA,NA,NA,NA,NA,NA,NA,NA,Y,4,0,2,2,A,-,12,21453,A,N,A,C,A,A,H,-,C,A,0,NA,NA,NA,NA,Y,NA,-,-,0,0,2,0,0,0,0,0,0,-,-,NA,NA,LOS ANGELES,LOS ANGELES,-118.42250823974608,34.17940139770508
8815316,2019,2019-03-21,1941,2019-02-19,1534,5870,NA,2,5,7,1941,0,0,0,NA,0,NA,LOS COYOTES DIAGONAL,FERRO ST,0,NA,Y,A,-,N,NA,NA,NA,NA,NA,NA,NA,NA,NA,Y,3,0,1,2,A,-,09,21802,A,N,D,C,A,A,H,-,A,A,0,NA,NA,NA,NA,Y,NA,D,NA,0,1,0,0,0,0,0,0,0,-,-,NA,NA,LOS ANGELES,LONG BEACH,-118.135986328125,33.79499816894531
8815317,2019,2019-04-12,1942,2019-02-02,1850,43357,1754,6,5,7,1942,0,0,0,Q,0,17A49,DEVONSHIRE BL,RESEDA BL,100,W,N,A,-,N,NA,NA,NA,NA,NA,NA,NA,NA,NA,N,4,0,1,2,A,-,09,21804,NA,N,D,C,A,B,H,-,C,A,0,NA,NA,NA,NA,Y,NA,A,01,0,0,1,0,0,0,0,0,0,-,-,NA,NA,LOS ANGELES,LOS ANGELES,-118.5364227294922,34.257259368896484
8815318,2019,2019-03-21,1942,2019-02-19,1942,33504,0926,2,5,7,1942,0,0,0,I,0,9A19,VANOWEN ST,LENNOX AV,0,NA,Y,A,-,N,NA,NA,NA,NA,NA,NA,NA,NA,NA,N,4,0,1,2,A,-,09,21801,A,N,D,C,A,A,H,-,C,A,0,NA,NA,NA,NA,Y,NA,A,01,0,0,1,0,0,0,0,0,0,-,-,NA,NA,LOS ANGELES,LOS ANGELES,-118.44545745849608,34.193939208984375
8815320,2019,2019-04-11,1941,2019-02-13,1145,5969,NA,3,5,7,1941,0,0,0,NA,0,NA,7TH ST,NEWPORT,0,NA,Y,B,C,N,NA,NA,NA,NA,NA,NA,NA,NA,NA,Y,4,0,1,2,A,-,-,NA,NA,N,D,C,A,B,H,-,A,A,0,NA,NA,NA,NA,Y,NA,-,-,0,0,1,0,0,0,0,0,0,-,-,NA,NA,LOS ANGELES,LONG BEACH,-118.15135192871094,33.77534103393555
8815321,2019,2019-03-21,1942,2019-02-03,2025,43235,1745,7,5,7,1942,0,0,0,Q,0,17A23,CHATSWORTH ST,LINDLEY AV,400,W,N,C,-,N,NA,NA,NA,NA,NA,NA,NA,NA,NA,N,4,0,1,2,A,-,08,22107,NA,N,B,C,A,B,H,-,C,D,0,NA,NA,NA,NA,Y,NA,A,01,0,0,1,0,0,0,0,0,0,-,-,NA,NA,LOS ANGELES,LOS ANGELES,-118.528564453125,34.2645263671875
8815322,2019,2019-03-21,1942,2019-02-14,0800,31931,0985,4,5,7,1942,0,0,0,I,0,9A89,VAN NUYS BL,HORTENSE ST,0,NA,Y,C,-,N,NA,NA,NA,NA,NA,NA,NA,NA,NA,Y,4,0,2,2,A,-,09,21801,A,N,D,C,A,B,H,-,A,A,0,NA,NA,NA,NA,Y,NA,A,01,0,0,2,0,0,0,0,0,0,-,-,NA,NA,LOS ANGELES,LOS ANGELES,-118.44869995117188,34.15475845336914
8815325,2019,2019-03-21,1942,2019-02-04,1900,40857,1767,1,5,7,1942,0,0,0,Q,0,17A99,RESEDA BL,VINCENNES ST,275,S,N,C,-,N,NA,NA,NA,NA,NA,NA,NA,NA,NA,Y,4,0,1,3,A,-,04,21703,NA,N,C,C,A,B,H,-,C,A,0,NA,NA,NA,NA,Y,NA,A,01,0,0,1,0,0,0,0,0,0,-,-,NA,NA,LOS ANGELES,LOS ANGELES,-118.53607940673828,34.24018478393555
8815326,2019,2019-03-21,1942,2019-02-16,0650,30452,0932,6,5,7,1942,0,0,0,I,0,9A23,KESTER AV,VICTORY BL,0,NA,Y,A,-,N,NA,NA,NA,NA,NA,NA,NA,NA,NA,Y,4,0,2,2,A,-,09,21801,A,N,D,C,A,B,H,-,A,A,0,NA,NA,NA,NA,Y,NA,A,07,0,0,2,0,0,0,0,0,0,-,-,NA,NA,LOS ANGELES,LOS ANGELES,-118.45745086669922,34.18666076660156
8815329,2019,2019-03-21,1942,2019-02-05,1340,33294,1794,2,5,7,1942,0,0,0,Q,0,17A67,ROSCOE BL,RESEDA BL,0,NA,Y,A,-,N,NA,NA,NA,NA,NA,NA,NA,NA,NA,N,4,0,1,2,A,-,10,21950,A,N,G,B,B,A,H,-,A,A,0,Y,NA,NA,NA,Y,NA,A,01,0,0,1,0,1,0,0,0,0,-,-,NA,NA,LOS ANGELES,LOS ANGELES,-118.53607940673828,34.22074890136719
8815330,2019,2019-03-21,1942,2019-02-13,1530,40165,0943,3,5,7,1942,0,0,0,I,0,9A41,OXNARD ST,TYRONE AV,0,NA,Y,A,-,N,NA,NA,NA,NA,NA,NA,NA,NA,NA,Y,4,0,2,3,A,-,09,21802,A,N,D,C,A,A,H,-,A,A,0,NA,NA,NA,NA,Y,NA,A,01,0,0,2,0,0,0,0,0,0,-,-,NA,NA,LOS ANGELES,LOS ANGELES,-118.44435119628906,34.17940139770508
8815333,2019,2019-03-21,1942,2019-02-04,0710,40141,1764,1,5,7,1942,0,0,0,Q,0,17A81,NORDHOFF WY,SHIRLEY AV,650,E,N,B,C,N,NA,NA,NA,NA,NA,NA,NA,NA,NA,N,4,0,1,2,A,-,08,22107,NA,N,B,C,A,B,H,-,A,D,0,NA,NA,NA,NA,Y,NA,A,01,0,0,1,0,0,0,0,0,0,-,-,NA,NA,LOS ANGELES,LOS ANGELES,-118.55577087402344,34.23554229736328
8815334,2019,2019-03-21,1942,2019-02-20,1400,43436,0989,3,5,7,1942,0,0,0,I,0,9A89,MOORPARK ST,WOODMAN AV,0,NA,Y,B,-,N,NA,NA,NA,NA,NA,NA,NA,NA,NA,Y,4,0,1,2,A,-,09,21801,A,N,D,C,A,A,H,-,A,A,0,NA,NA,NA,NA,Y,NA,A,08,0,0,1,0,0,0,0,0,0,-,-,NA,NA,LOS ANGELES,LOS ANGELES,-118.43122863769533,34.150360107421875
8815337,2019,2019-03-21,1942,2019-02-14,1250,36678,1785,4,5,7,1942,0,0,0,Q,0,17A67,RESEDA BL,DEARBORN ST,0,NA,Y,B,-,N,NA,NA,NA,NA,NA,NA,NA,NA,NA,Y,4,0,3,2,A,-,12,21453,A,N,D,C,A,B,H,-,A,A,0,NA,NA,NA,NA,Y,NA,A,07,0,0,3,0,0,0,0,0,0,-,-,NA,NA,LOS ANGELES,LOS ANGELES,-118.53607940673828,34.237308502197266
8815338,2019,2019-03-21,1942,2019-02-22,1625,40165,1551,5,5,7,1942,0,0,0,O,0,15A43,WHITSETT AV,RIVERSIDE DR,0,NA,Y,A,-,N,NA,NA,NA,NA,NA,NA,NA,NA,NA,Y,3,0,2,2,A,-,09,21801,A,N,D,C,A,A,H,-,A,A,0,NA,NA,NA,NA,Y,NA,A,01,0,1,1,0,0,0,0,0,0,-,-,NA,NA,LOS ANGELES,LOS ANGELES,-118.40525817871094,34.15761184692383
8815340,2019,2019-03-21,1920,2019-02-13,1813,13118,1920,3,5,6,1920,0,0,0,NA,0,006,IMPERIAL HWY,BROOKSHIRE AV,0,NA,Y,A,-,N,NA,NA,NA,NA,NA,NA,NA,NA,NA,Y,3,0,3,2,A,-,09,21801,A,N,D,C,A,B,H,-,C,A,0,NA,NA,NA,NA,Y,NA,A,01,0,1,2,0,0,0,0,0,0,-,-,NA,NA,LOS ANGELES,DOWNEY,-118.14385986328124,33.91984939575195
8815341,2019,2019-03-21,1942,2019-02-20,1545,38399,1781,3,5,7,1942,0,0,0,Q,0,19T74,DE SOTO AV,S NORDHOFF ST,422,NA,N,B,-,N,NA,NA,NA,NA,NA,NA,NA,NA,NA,Y,2,0,1,2,A,-,09,21804,A,N,D,C,A,A,H,-,A,D,0,NA,NA,Y,NA,Y,NA,A,08,1,0,0,0,0,0,0,0,1,-,-,NA,NA,LOS ANGELES,LOS ANGELES,-118.58854675292967,34.23548126220703
8815342,2019,2019-03-21,1942,2019-02-13,1440,42671,NA,3,5,7,1942,0,0,0,NA,0,9A5,BURBANK BL,NOBLE,0,NA,Y,A,-,N,NA,NA,NA,NA,NA,NA,NA,NA,NA,Y,4,0,1,2,A,-,09,21801,A,N,B,C,A,B,H,-,A,A,0,NA,NA,NA,NA,Y,NA,-,NA,0,0,1,0,0,0,0,0,0,-,-,NA,NA,LOS ANGELES,LOS ANGELES,-118.46183776855467,34.17211151123047
8815343,2019,2019-03-21,1942,2019-02-14,1045,40398,1749,4,5,7,1942,0,0,0,Q,0,17A49,HASKELL AV,SAN JOSE ST,0,NA,Y,C,-,N,NA,NA,NA,NA,NA,NA,NA,NA,NA,N,4,0,1,2,A,-,09,21802,A,N,D,C,A,B,H,-,A,A,0,NA,NA,NA,NA,Y,NA,A,07,0,0,1,0,0,0,0,0,0,-,-,NA,NA,LOS ANGELES,LOS ANGELES,-118.47608184814452,34.26097869873047
8815344,2019,2019-03-21,1920,2019-02-13,0737,12609,1920,3,5,6,1920,0,0,0,NA,0,001,BELLFLOWER BL,IMPERIAL HWY,305,S,N,A,-,N,NA,NA,NA,NA,NA,NA,NA,NA,NA,N,4,0,1,2,A,-,08,22107,NA,N,B,C,A,A,H,-,A,A,0,NA,NA,NA,NA,Y,NA,A,01,0,0,1,0,0,0,0,0,0,-,-,NA,NA,LOS ANGELES,DOWNEY,-118.12540435791016,33.916194915771484
8815345,2019,2019-03-21,1942,2019-02-20,1905,42818,1792,3,5,7,1942,0,0,0,Q,0,17A,ROSCOE BL,TAMPA AV,0,NA,Y,C,-,N,NA,NA,NA,NA,NA,NA,NA,NA,NA,N,4,0,2,2,A,-,09,21801,A,N,D,C,A,B,H,-,C,A,0,NA,NA,NA,NA,Y,NA,A,01,0,0,2,0,0,0,0,0,0,-,-,NA,NA,LOS ANGELES,LOS ANGELES,-118.5535125732422,34.220481872558594
8815346,2019,2019-03-21,1942,2019-02-12,0650,40634,0914,2,5,7,1942,0,0,0,I,0,9A23,SHERMAN WY,SHERMAN CI,0,NA,Y,A,-,N,NA,NA,NA,NA,NA,NA,NA,NA,NA,Y,4,0,1,2,A,-,12,21453,A,N,D,C,A,A,H,-,A,A,0,NA,NA,Y,NA,Y,NA,C,02,0,0,1,0,0,0,0,0,1,-,-,NA,NA,LOS ANGELES,LOS ANGELES,-118.45089721679688,34.20117950439453
8815347,2019,2019-03-21,1942,2019-02-11,0755,31931,1791,1,5,7,1942,0,0,0,Q,0,17A81,PARTHENIA ST,DE SOTO AV,0,NA,Y,A,-,N,NA,NA,NA,NA,NA,NA,NA,NA,NA,Y,3,0,3,2,A,-,09,21801,A,N,A,C,A,-,H,-,A,A,0,NA,NA,NA,NA,Y,NA,A,08,0,1,2,0,0,0,0,0,0,-,-,NA,NA,LOS ANGELES,LOS ANGELES,-118.58853149414064,34.22821044921875
8815350,2019,2019-04-12,1942,2019-02-15,1315,41514,0929,5,5,7,1942,0,0,0,I,0,9A19,VICTORY BL,ETHEL AV,0,NA,Y,A,-,N,NA,NA,NA,NA,NA,NA,NA,NA,NA,N,3,0,2,2,A,-,12,21453,A,N,D,C,A,A,H,-,A,A,0,NA,NA,NA,NA,Y,NA,-,-,0,1,1,0,0,0,0,0,0,-,-,NA,NA,LOS ANGELES,LOS ANGELES,-118.41813659667967,34.18667984008789
8815351,2019,2019-03-21,1942,2019-02-11,1300,34420,1798,1,5,7,1942,0,0,0,Q,0,17A95,GLORIA AV,SUNBURST ST,0,NA,Y,A,-,N,NA,NA,NA,NA,NA,NA,NA,NA,NA,N,3,0,1,2,A,-,06,21755,A,N,B,G,A,A,H,-,A,D,0,NA,Y,NA,NA,Y,NA,L,04,0,1,0,0,0,0,1,0,0,-,-,NA,NA,LOS ANGELES,LOS ANGELES,-118.48072814941406,34.2345085144043
8815354,2019,2019-03-21,1942,2019-02-15,1545,37686,0926,5,5,7,1942,0,0,0,I,0,9A19,VAN NUYS BL,KITTRIDGE ST,100,N,N,B,C,N,NA,NA,NA,NA,NA,NA,NA,NA,NA,Y,4,0,1,2,A,-,03,22350,NA,N,C,C,A,B,H,-,A,D,0,NA,NA,NA,NA,Y,NA,A,01,0,0,1,0,0,0,0,0,0,-,-,NA,NA,LOS ANGELES,LOS ANGELES,-118.44873046875,34.19093322753906
8815355,2019,2019-03-21,1942,2019-02-08,1815,38817,1715,5,5,7,1942,0,0,0,Q,0,17A49,TROSA ST,NEON WY,10,E,N,A,-,N,NA,NA,NA,NA,NA,NA,NA,NA,NA,N,3,0,1,2,A,-,10,21950,A,N,G,B,B,A,H,-,C,A,0,Y,NA,NA,NA,Y,NA,A,07,0,1,0,0,1,0,0,0,0,-,-,NA,NA,LOS ANGELES,LOS ANGELES,-118.51688385009766,34.30057144165039
8815358,2019,2019-03-21,1942,2019-02-13,1800,42285,NA,3,5,7,1942,0,0,0,NA,0,NA,SHERMAN WAY,KESTER AV,480,E,N,C,-,N,NA,NA,NA,NA,NA,NA,NA,NA,NA,Y,4,0,3,3,A,-,04,21703,NA,N,C,C,A,B,-,-,C,D,0,NA,NA,NA,NA,Y,NA,A,01,0,0,3,0,0,0,0,0,0,-,-,NA,NA,LOS ANGELES,LOS ANGELES,-118.45587921142578,34.201141357421875
8815359,2019,2019-05-07,1942,2019-02-11,1830,43630,1767,1,5,7,1942,0,0,0,Q,0,17A67,WILBUR,PLUMMER,0,NA,Y,A,-,N,NA,NA,NA,NA,NA,NA,NA,NA,NA,Y,3,0,3,2,A,-,09,21801,A,N,A,C,A,A,H,-,C,A,0,NA,NA,NA,NA,Y,Y,A,01,0,1,2,0,0,0,0,0,0,-,-,NA,NA,LOS ANGELES,LOS ANGELES,-118.54483032226564,34.24272918701172
8815367,2018,2019-03-11,1941,2018-11-13,0830,5546,NA,2,5,7,1941,0,0,0,NA,0,NA,EUCLID AV,7TH ST,0,NA,Y,B,-,N,NA,NA,NA,NA,NA,NA,NA,NA,NA,N,4,0,1,2,D,-,00,NA,NA,F,G,-,-,A,A,-,A,-,0,Y,NA,NA,NA,Y,NA,-,-,0,0,1,0,1,0,0,0,0,-,-,NA,NA,LOS ANGELES,LONG BEACH,-118.14917755126952,33.77534103393555