CASE_ID,ACCIDENT_YEAR,PROC_DATE,JURIS,COLLISION_DATE,COLLISION_TIME,OFFICER_ID,REPORTING_DISTRICT,DAY_OF_WEEK,CHP_SHIFT,POPULATION,CNTY_CITY_LOC,SPECIAL_COND,BEAT_TYPE,CHP_BEAT_TYPE,CITY_DIVISION_LAPD,CHP_BEAT_CLASS,BEAT_NUMBER,PRIMARY_RD,SECONDARY_RD,DISTANCE,DIRECTION,INTERSECTION,WEATHER_1,WEATHER_2,STATE_HWY_IND,CALTRANS_COUNTY,CALTRANS_DISTRICT,STATE_ROUTE,ROUTE_SUFFIX,POSTMILE_PREFIX,POSTMILE,LOCATION_TYPE,RAMP_INTERSECTION,SIDE_OF_HWY,TOW_AWAY,COLLISION_SEVERITY,NUMBER_KILLED,NUMBER_INJURED,PARTY_COUNT,PRIMARY_COLL_FACTOR,PCF_CODE_OF_VIOL,PCF_VIOL_CATEGORY,PCF_VIOLATION,PCF_VIOL_SUBSECTION,HIT_AND_RUN,TYPE_OF_COLLISION,MVIW,PED_ACTION,ROAD_SURFACE,ROAD_COND_1,ROAD_COND_2,LIGHTING,CONTROL_DEVICE,CHP_ROAD_TYPE,PEDESTRIAN_ACCIDENT,BICYCLE_ACCIDENT,MOTORCYCLE_ACCIDENT,TRUCK_ACCIDENT,NOT_PRIVATE_PROPERTY,ALCOHOL_INVOLVED,STWD_VEHTYPE_AT_FAULT,CHP_VEHTYPE_AT_FAULT,COUNT_SEVERE_INJ,COUNT_VISIBLE_INJ,COUNT_COMPLAINT_PAIN,COUNT_PED_KILLED,COUNT_PED_INJURED,COUNT_BICYCLIST_KILLED,COUNT_BICYCLIST_INJURED,COUNT_MC_KILLED,COUNT_MC_INJURED,PRIMARY_RAMP,SECONDARY_RAMP,LATITUDE,LONGITUDE,COUNTY,CITY,POINT_X,POINT_Y
8816074,2019,2019-03-26,1942,2019-02-15,1445,41158,2177,5,5,7,1942,0,0,0,NA,0,21A97,BURBANK BL,OWENSMOUTH AV,0,NA,Y,C,-,N,NA,NA,NA,NA,NA,NA,NA,NA,NA,Y,4,0,3,3,A,-,12,21453,A,N,-,C,A,B,H,-,A,A,0,NA,NA,NA,NA,Y,NA,A,01,0,0,3,0,0,0,0,0,0,-,-,NA,NA,LOS ANGELES,LOS ANGELES,-118.60186004638672,34.173179626464844
8816075,2019,2019-03-20,1942,2019-02-03,2135,38996,1656,7,5,7,1942,0,0,0,P,0,16A35,WOODWARD AV,FOOTHILL BL,40,N,N,B,C,N,NA,NA,NA,NA,NA,NA,NA,NA,NA,N,4,0,1,2,A,-,08,22107,NA,N,D,E,A,B,H,-,D,D,0,NA,NA,NA,NA,Y,NA,A,01,0,0,1,0,0,0,0,0,0,-,-,NA,NA,LOS ANGELES,LOS ANGELES,-118.30705261230467,34.25975799560547
8816076,2019,2019-03-20,1942,2019-02-13,2010,42565,1622,3,5,7,1942,0,0,0,P,0,16A1,SAN FERNANDO RD,PAXTON ST,552,W,N,C,-,N,NA,NA,NA,NA,NA,NA,NA,NA,NA,Y,4,0,2,2,A,-,09,21801,A,N,D,C,A,B,H,-,C,A,0,NA,NA,NA,NA,Y,NA,A,01,0,0,2,0,0,0,0,0,0,-,-,NA,NA,LOS ANGELES,LOS ANGELES,-118.4291763305664,34.271480560302734
8816077,2019,2019-03-22,1942,2019-02-24,1555,42438,0989,7,5,7,1942,0,0,0,I,0,9X6,VENTURA BL,STERN AV,0,NA,Y,A,-,N,NA,NA,NA,NA,NA,NA,NA,NA,NA,Y,3,0,5,2,A,-,01,23152,A,N,A,C,A,A,H,-,A,A,0,NA,NA,NA,NA,Y,NA,A,01,0,1,4,0,0,0,0,0,0,-,-,NA,NA,LOS ANGELES,LOS ANGELES,-118.43553161621094,34.14873123168945
8816078,2019,2019-03-26,1942,2019-02-20,0950,40937,2177,3,5,7,1942,0,0,0,NA,0,21A97,CANOGA AV,CALIFA ST,0,NA,Y,B,-,N,NA,NA,NA,NA,NA,NA,NA,NA,NA,Y,4,0,1,2,A,-,09,21801,A,N,D,C,A,A,H,-,A,A,0,NA,NA,NA,NA,Y,NA,A,01,0,0,1,0,0,0,0,0,0,-,-,NA,NA,LOS ANGELES,LOS ANGELES,-118.59751892089844,34.177249908447266
8816079,2019,2019-03-20,1942,2019-02-01,1445,41065,1643,5,5,7,1942,0,0,0,P,0,16A23,SAN FERNANDO RD,VAN NUYS BL,630,S,N,A,-,N,NA,NA,NA,NA,NA,NA,NA,NA,NA,Y,3,0,2,2,A,-,08,22107,NA,N,D,C,A,A,H,-,A,D,0,NA,NA,NA,NA,Y,NA,A,01,0,1,1,0,0,0,0,0,0,-,-,NA,NA,LOS ANGELES,LOS ANGELES,-118.42073059082033,34.26480484008789
8816080,2019,2019-03-20,1942,2019-02-19,1900,42309,1023,2,5,7,1942,0,0,0,J,0,10A21,SHERMAN WY,TAMPA AV,15,N,N,B,-,N,NA,NA,NA,NA,NA,NA,NA,NA,NA,N,4,0,1,2,A,-,10,21950,A,N,G,B,B,A,H,-,C,A,0,Y,NA,NA,NA,Y,NA,A,01,0,0,1,0,1,0,0,0,0,-,-,NA,NA,LOS ANGELES,LOS ANGELES,-118.553466796875,34.2011604309082
8816083,2019,2019-03-19,1942,2019-02-17,1650,35391,1993,7,5,7,1942,0,0,0,NA,0,19TL76,SEPULVEDA BL,LANARK ST,0,NA,Y,A,-,N,NA,NA,NA,NA,NA,NA,NA,NA,NA,Y,4,0,1,2,A,-,08,22107,NA,N,D,C,A,A,H,-,A,A,0,NA,NA,NA,NA,Y,NA,A,01,0,0,1,0,0,0,0,0,0,-,-,NA,NA,LOS ANGELES,LOS ANGELES,-118.46642303466795,34.21805191040039
8816084,2019,2019-03-20,1942,2019-02-05,1930,32199,1972,2,5,7,1942,0,0,0,NA,0,17L90,SEPULVEDA BL,NORDHOFF ST,200,S,N,A,-,N,NA,NA,NA,NA,NA,NA,NA,NA,NA,N,4,0,1,2,B,-,22,NA,NA,F,B,C,A,A,H,-,C,D,0,NA,NA,NA,NA,Y,NA,-,99,0,0,1,0,0,0,0,0,0,-,-,NA,NA,LOS ANGELES,LOS ANGELES,-118.46772003173828,34.234981536865234
8816087,2019,2019-03-18,1942,2019-02-18,1645,39752,1924,1,5,7,1942,0,0,0,NA,0,19A93,SAN FERNANDO RD,PADDOCK ST,75,N,N,A,-,N,NA,NA,NA,NA,NA,NA,NA,NA,NA,N,4,0,2,2,A,-,09,21804,A,N,D,C,A,A,H,-,A,D,0,NA,NA,NA,NA,Y,NA,A,07,0,0,2,0,0,0,0,0,0,-,-,NA,NA,LOS ANGELES,LOS ANGELES,-118.45815277099608,34.298370361328125
8816088,2019,2019-03-20,1942,2019-02-22,2015,41274,1797,5,5,7,1942,0,0,0,Q,0,17A95,WOODLEY AV,NORDHOFF ST,0,NA,Y,A,-,N,NA,NA,NA,NA,NA,NA,NA,NA,NA,N,4,0,2,2,A,-,12,21453,A,F,D,C,A,A,H,-,C,A,0,NA,NA,NA,NA,Y,NA,-,99,0,0,2,0,0,0,0,0,0,-,-,NA,NA,LOS ANGELES,LOS ANGELES,-118.48506927490234,34.23564147949219
8816091,2019,2019-03-18,1942,2019-02-17,0030,42251,1985,7,5,7,1942,0,0,0,NA,0,19A85,VAN NUYS BL,RAYEN ST,20,S,N,B,-,N,NA,NA,NA,NA,NA,NA,NA,NA,NA,N,4,0,1,2,A,-,11,21954,A,N,G,B,D,A,H,-,C,A,0,Y,NA,NA,NA,Y,NA,N,60,0,0,1,0,1,0,0,0,0,-,-,NA,NA,LOS ANGELES,LOS ANGELES,-118.45024871826172,34.231685638427734
8816092,2019,2019-03-21,1942,2019-02-20,1345,30947,0926,3,5,7,1942,0,0,0,I,0,9A79,VANOWEN ST,WOODMAN,100,E,N,B,-,N,NA,NA,NA,NA,NA,NA,NA,NA,NA,N,4,0,1,2,A,-,07,21658,A,F,B,C,A,A,H,-,A,D,0,NA,NA,NA,NA,Y,NA,-,99,0,0,1,0,0,0,0,0,0,-,-,NA,NA,LOS ANGELES,LOS ANGELES,-118.43093872070313,34.193939208984375
8816095,2019,2019-03-19,1942,2019-02-11,1930,42890,1999,1,5,7,1942,0,0,0,NA,0,19X84,WOODMAN AV,SATICOY ST,300,S,N,A,-,N,NA,NA,NA,NA,NA,NA,NA,NA,NA,N,4,0,3,2,A,-,03,22350,NA,N,C,C,A,A,H,-,C,A,0,NA,NA,NA,NA,Y,NA,A,01,0,0,3,0,0,0,0,0,0,-,-,NA,NA,LOS ANGELES,LOS ANGELES,-118.43122863769533,34.20888900756836
8816096,2019,2019-03-20,1942,2019-02-08,1620,41146,1962,5,5,7,1942,0,0,0,NA,0,19A75,PLUMMER ST,NOBLE AV,328,E,N,A,-,N,NA,NA,NA,NA,NA,NA,NA,NA,NA,Y,2,0,1,3,A,-,01,23152,A,N,B,C,A,A,H,-,A,D,0,NA,NA,NA,NA,Y,Y,A,07,1,0,0,0,0,0,0,0,0,-,-,NA,NA,LOS ANGELES,LOS ANGELES,-118.45987701416016,34.24272155761719
8816099,2019,2019-03-18,1942,2019-02-17,0725,40574,1698,7,5,7,1942,0,0,0,P,0,16A81,SAN FERNANDO RD,ARVILLA ST,110,N,N,A,-,N,NA,NA,NA,NA,NA,NA,NA,NA,NA,Y,4,0,1,2,A,-,03,22350,NA,N,-,C,A,-,H,-,A,A,0,NA,NA,NA,NA,Y,NA,A,01,0,0,1,0,0,0,0,0,0,-,-,NA,NA,LOS ANGELES,LOS ANGELES,-118.356689453125,34.211219787597656
8816100,2019,2019-03-20,1942,2019-02-17,1850,41090,1942,7,5,7,1942,0,0,0,NA,0,19X4,CHATSWORTH ST,LEMONA AV,0,NA,Y,B,-,N,NA,NA,NA,NA,NA,NA,NA,NA,NA,N,3,0,1,2,D,-,00,NA,NA,F,G,G,A,A,H,-,C,D,0,NA,Y,NA,NA,Y,NA,-,-,0,1,0,0,0,0,1,0,0,-,-,NA,NA,LOS ANGELES,LOS ANGELES,-118.45860290527344,34.26448059082031
8816103,2019,2019-03-18,1942,2019-02-20,2040,37613,1987,3,5,7,1942,0,0,0,NA,0,19A75,VENTURA CANYON AV,ROSCOE BL,7,S,N,C,-,N,NA,NA,NA,NA,NA,NA,NA,NA,NA,N,3,0,1,3,A,-,10,21950,A,N,G,B,B,B,H,-,C,A,0,Y,NA,NA,NA,Y,NA,A,01,0,1,0,0,1,0,0,0,0,-,-,NA,NA,LOS ANGELES,LOS ANGELES,-118.42881011962892,34.221649169921875
8816104,2019,2019-03-21,1942,2019-02-22,1330,36733,0989,5,5,7,1942,0,0,0,I,0,9A89,MOORPARK ST,MATILIJA AV,70,E,N,A,-,N,NA,NA,NA,NA,NA,NA,NA,NA,NA,N,4,0,1,2,A,-,03,22350,NA,F,C,C,A,A,H,-,A,D,0,NA,NA,NA,NA,Y,NA,-,99,0,0,1,0,0,0,0,0,0,-,-,NA,NA,LOS ANGELES,LOS ANGELES,-118.433837890625,34.15034866333008
8816107,2019,2019-03-18,1942,2019-02-19,1450,38017,1987,2,5,7,1942,0,0,0,NA,0,19A75,OSBORNE ST,WOODMAN AV,0,NA,Y,A,-,N,NA,NA,NA,NA,NA,NA,NA,NA,NA,N,4,0,1,2,A,-,09,21453,C,N,G,B,B,A,H,-,A,A,0,Y,NA,NA,NA,Y,NA,A,07,0,0,1,0,1,0,0,0,0,-,-,NA,NA,LOS ANGELES,LOS ANGELES,-118.43865966796876,34.23292922973633
8816108,2019,2019-03-20,1942,2019-02-20,0300,42735,1684,3,5,7,1942,0,0,0,P,0,16A81,ROSCOE BL,LANKERSHIM,200,W,N,A,-,N,NA,NA,NA,NA,NA,NA,NA,NA,NA,Y,3,0,1,2,A,-,03,22350,NA,F,C,E,A,A,H,-,C,A,0,NA,NA,NA,NA,Y,Y,A,01,0,1,0,0,0,0,0,0,0,-,-,NA,NA,LOS ANGELES,LOS ANGELES,NA,NA
8816111,2019,2019-03-18,1942,2019-02-07,0930,33700,2196,4,5,7,1942,0,0,0,NA,0,21A97,CANOGA AV,DUMETZ RD,0,NA,Y,A,-,N,NA,NA,NA,NA,NA,NA,NA,NA,NA,N,4,0,1,2,A,-,09,21802,A,N,D,C,A,A,H,-,A,A,0,NA,NA,NA,NA,Y,NA,A,01,0,0,1,0,0,0,0,0,0,-,-,NA,NA,LOS ANGELES,LOS ANGELES,-118.5962371826172,34.15753173828125
8816112,2019,2019-03-20,1942,2019-02-12,1245,34420,1994,2,5,7,1942,0,0,0,NA,0,19A93,WILLARD ST,BRIMFIELD AV,111,E,N,A,-,N,NA,NA,NA,NA,NA,NA,NA,NA,NA,Y,2,0,2,3,A,-,03,22350,NA,N,B,E,A,A,H,-,A,D,0,NA,NA,NA,NA,Y,NA,A,01,1,1,0,0,0,0,0,0,0,-,-,NA,NA,LOS ANGELES,LOS ANGELES,-118.45806121826172,34.218589782714844
8816115,2019,2019-04-12,1942,2019-02-08,1340,40028,2161,5,5,7,1942,0,0,0,NA,0,21A5,VALLEY CIRCLE BL,HATTERAS ST,40,N,N,A,-,N,NA,NA,NA,NA,NA,NA,NA,NA,NA,Y,3,0,3,2,A,-,08,22103,NA,N,B,C,A,A,H,-,A,D,0,NA,NA,NA,NA,Y,NA,A,01,0,1,2,0,0,0,0,0,0,-,-,NA,NA,LOS ANGELES,LOS ANGELES,-118.64834594726564,34.174198150634766
8816116,2019,2019-03-20,1942,2019-02-05,1450,33294,1989,2,5,7,1942,0,0,0,NA,0,19A79,SHELDON ST,ROSCOE BL,50,N,N,B,-,N,NA,NA,NA,NA,NA,NA,NA,NA,NA,Y,4,0,1,1,A,-,08,22107,NA,N,E,I,A,B,H,-,A,A,0,NA,NA,NA,NA,Y,NA,A,01,0,0,1,0,0,0,0,0,0,-,-,NA,NA,LOS ANGELES,LOS ANGELES,-118.41441345214844,34.22181701660156
8816119,2019,2019-03-18,1942,2019-02-18,2000,43376,1994,1,5,7,1942,0,0,0,NA,0,19A93,ROSCOE BL,CEDROS AV,50,W,N,A,-,N,NA,NA,NA,NA,NA,NA,NA,NA,NA,Y,4,0,6,2,A,-,09,21802,A,N,D,C,A,A,H,-,C,D,0,NA,NA,NA,NA,Y,NA,A,07,0,0,6,0,0,0,0,0,0,-,-,NA,NA,LOS ANGELES,LOS ANGELES,-118.45374298095705,34.221500396728516
8816120,2019,2019-03-20,1942,2019-02-07,0950,43563,1959,4,5,7,1942,0,0,0,NA,0,19A79,VAN NUYS BL,BARTEE,100,E,N,A,-,N,NA,NA,NA,NA,NA,NA,NA,NA,NA,Y,3,0,1,3,A,-,07,21658,A,N,F,E,A,A,H,-,A,D,0,NA,NA,NA,NA,Y,NA,A,01,0,1,0,0,0,0,0,0,0,-,-,NA,NA,LOS ANGELES,LOS ANGELES,-118.43680572509766,34.2553596496582
8816123,2019,2019-08-22,1942,2019-02-06,1415,43557,1989,3,5,7,1942,0,0,0,NA,0,19A85,ROSCOE BL,RT 170,15,S,N,A,-,Y,LA,7,170,-,R,19.93,R,4,S,Y,4,0,1,2,A,-,12,21453,A,N,D,C,A,A,H,-,A,A,0,NA,NA,NA,NA,Y,NA,D,22,0,0,1,0,0,0,0,0,0,-,SF,NA,NA,LOS ANGELES,LOS ANGELES,-118.41103363037108,34.22453689575195
8816124,2019,2019-03-20,1942,2019-02-07,1245,42051,1906,4,5,7,1942,0,0,0,NA,0,19A7,POLK ST,FENTON AV,0,NA,Y,A,-,N,NA,NA,NA,NA,NA,NA,NA,NA,NA,Y,3,0,2,3,A,-,12,22450,A,N,D,C,A,A,H,-,A,A,0,NA,NA,NA,NA,Y,NA,A,01,0,1,1,0,0,0,0,0,0,-,-,NA,NA,LOS ANGELES,LOS ANGELES,-118.4348373413086,34.32086181640625
8816127,2019,2019-03-18,1942,2019-02-08,1630,38534,2177,5,5,7,1942,0,0,0,NA,0,21X28,CALIFA AV,CANOGA AV,18,W,N,A,-,N,NA,NA,NA,NA,NA,NA,NA,NA,NA,Y,4,0,1,2,B,-,22,NA,NA,N,C,C,A,A,-,-,A,D,0,NA,NA,NA,NA,Y,NA,-,-,0,0,1,0,0,0,0,0,0,-,-,NA,NA,LOS ANGELES,LOS ANGELES,-118.59757995605467,34.177249908447266
8816128,2019,2019-03-20,1942,2019-02-10,1350,39281,1951,7,5,7,1942,0,0,0,NA,0,19A43,CHATSWORTH ST,SEPULVEDA BL,45,E,N,C,-,N,NA,NA,NA,NA,NA,NA,NA,NA,NA,N,4,0,1,2,A,-,09,21804,A,N,D,C,A,B,H,-,A,A,0,NA,NA,NA,NA,Y,NA,A,01,0,0,1,0,0,0,0,0,0,-,-,NA,NA,LOS ANGELES,LOS ANGELES,-118.46725463867188,34.26456069946289
8816131,2019,2019-03-19,1942,2019-02-19,0810,37680,RD213,2,5,7,1942,0,0,0,NA,0,0LA,SATICOY ST,W DEERING AV,6,E,N,A,-,N,NA,NA,NA,NA,NA,NA,NA,NA,NA,N,4,0,2,2,A,-,09,21802,A,N,D,C,A,A,-,-,A,A,0,NA,NA,NA,NA,Y,NA,A,01,0,0,2,0,0,0,0,0,0,-,-,NA,NA,LOS ANGELES,LOS ANGELES,-118.59664154052734,34.208309173583984
8816132,2019,2019-06-18,1942,2019-02-14,1455,41316,1944,4,5,7,1942,0,0,0,NA,0,19A43,CHATSWORTH DR,RT 5,0,NA,Y,B,-,Y,LA,7,5,-,-,39.796,R,4,N,Y,4,0,1,2,A,-,12,21453,A,N,D,C,A,B,H,-,A,A,0,NA,NA,NA,NA,Y,NA,-,-,0,0,1,0,0,0,0,0,0,-,NF,NA,NA,LOS ANGELES,LOS ANGELES,-118.44821166992188,34.271549224853516
8816135,2019,2019-03-18,1942,2019-02-11,1045,38326,2133,1,5,7,1942,0,0,0,NA,0,21A1,FALLBROOK AV,SHERMAN WY,0,NA,Y,A,-,N,NA,NA,NA,NA,NA,NA,NA,NA,NA,N,4,0,1,2,A,-,09,21801,A,N,D,C,A,A,H,-,A,A,0,NA,NA,NA,NA,Y,NA,A,07,0,0,1,0,0,0,0,0,0,-,-,NA,NA,LOS ANGELES,LOS ANGELES,-118.62342071533205,34.20098876953125
8816136,2019,2019-03-20,1942,2019-02-23,1600,39473,1961,6,5,7,1942,0,0,0,NA,0,19A61,PLUMMER ST,ORION AV,15,W,N,A,-,N,NA,NA,NA,NA,NA,NA,NA,NA,NA,Y,3,0,2,3,A,-,09,21802,A,N,D,C,A,A,H,-,A,A,0,NA,NA,NA,NA,Y,NA,A,07,0,2,0,0,0,0,0,0,0,-,-,NA,NA,LOS ANGELES,LOS ANGELES,-118.4719696044922,34.2428092956543
8816139,2019,2019-03-18,1942,2019-02-07,0750,38351,2136,4,5,7,1942,0,0,0,NA,0,21A43,TOPANGA CANYON BL,COHASSET ST,25,S,N,A,-,N,NA,NA,NA,NA,NA,NA,NA,NA,NA,Y,4,0,1,2,A,-,09,21802,A,N,D,C,A,A,H,-,A,D,0,NA,NA,NA,NA,Y,NA,A,01,0,0,1,0,0,0,0,0,0,-,-,NA,NA,LOS ANGELES,LOS ANGELES,-118.60595703125,34.206390380859375
8816140,2019,2019-03-20,1942,2019-02-23,1430,35391,1952,6,5,7,1942,0,0,0,NA,0,35M29,DEVONSHIRE ST,SEPULVEDA BL,275,E,N,A,-,N,NA,NA,NA,NA,NA,NA,NA,NA,NA,Y,3,0,3,2,A,-,08,22107,NA,N,F,C,A,A,H,-,A,D,0,NA,NA,NA,NA,Y,NA,A,07,0,2,1,0,0,0,0,0,0,-,-,NA,NA,LOS ANGELES,LOS ANGELES,-118.46656036376952,34.257301330566406
8816143,2019,2019-03-18,1942,2019-02-08,1800,41713,2138,5,5,7,1942,0,0,0,NA,0,10X18,SATICOY ST,OSO ST,0,NA,Y,A,-,N,NA,NA,NA,NA,NA,NA,NA,NA,NA,Y,4,0,3,2,A,-,12,21453,A,N,-,C,A,A,H,-,C,A,0,NA,NA,NA,NA,Y,NA,A,01,0,0,3,0,0,0,0,0,0,-,-,NA,NA,LOS ANGELES,LOS ANGELES,-118.57537841796876,34.208351135253906
8816144,2019,2019-03-20,1942,2019-02-21,1314,39016,1963,4,5,7,1942,0,0,0,NA,0,19A93W,WOODMAN AV,VAN NUYS BL,100,N,N,B,G,N,NA,NA,NA,NA,NA,NA,NA,NA,NA,N,4,0,1,2,A,-,09,21801,NA,N,D,-,A,A,H,-,A,D,0,NA,NA,NA,NA,Y,NA,A,01,0,0,1,0,0,0,0,0,0,-,-,NA,NA,LOS ANGELES,LOS ANGELES,-118.44833374023438,34.24732208251953
8816147,2019,2019-03-18,1942,2019-02-09,0720,38857,2133,6,5,7,1942,0,0,0,NA,0,21A1,SHERMAN WY,FALLBROOK AV,0,NA,Y,B,-,N,NA,NA,NA,NA,NA,NA,NA,NA,NA,Y,4,0,1,2,A,-,09,21801,A,N,A,C,A,A,H,-,A,A,0,NA,NA,NA,NA,Y,NA,A,01,0,0,1,0,0,0,0,0,0,-,-,NA,NA,LOS ANGELES,LOS ANGELES,-118.62342071533205,34.20098876953125
8816148,2019,2019-03-20,1942,2019-02-20,0715,40398,1987,3,5,7,1942,0,0,0,NA,0,19A75,WOODMAN AV,COMMUNITY ST,125,N,N,A,-,N,NA,NA,NA,NA,NA,NA,NA,NA,NA,N,4,0,1,2,A,-,07,21658,A,N,B,C,A,A,H,-,A,D,0,NA,NA,Y,NA,Y,NA,C,02,0,0,1,0,0,0,0,0,0,-,-,NA,NA,LOS ANGELES,LOS ANGELES,-118.4327392578125,34.2231330871582
8816151,2019,2019-03-18,1942,2019-02-09,1020,30452,2139,6,5,7,1942,0,0,0,NA,0,21A29,SATICOY ST,OAKDALE AV,400,E,N,B,-,N,NA,NA,NA,NA,NA,NA,NA,NA,NA,Y,4,0,3,2,A,-,04,21703,NA,N,C,C,A,B,H,-,A,D,0,NA,NA,NA,NA,Y,NA,A,01,0,0,3,0,0,0,0,0,0,-,-,NA,NA,LOS ANGELES,LOS ANGELES,-118.56536102294922,34.20832824707031
8816152,2019,2019-03-20,1942,2019-02-21,0900,30452,1966,4,5,7,1942,0,0,0,NA,0,19A75,VAN NUYS BL,PLUMMER ST,0,NA,Y,B,-,N,NA,NA,NA,NA,NA,NA,NA,NA,NA,Y,4,0,4,3,A,-,09,21801,A,N,D,C,A,A,H,-,A,A,0,NA,NA,NA,NA,Y,NA,A,01,0,0,4,0,0,0,0,0,0,-,-,NA,NA,LOS ANGELES,LOS ANGELES,-118.45023345947266,34.242679595947266
8816155,2019,2019-03-18,1942,2019-02-13,1000,40634,2187,3,5,7,1942,0,0,0,NA,0,21A97,DE SOTO AV,VENTURA BL,0,NA,Y,C,-,N,NA,NA,NA,NA,NA,NA,NA,NA,NA,Y,4,0,1,2,A,-,12,21453,A,N,D,C,A,B,H,-,A,A,0,NA,NA,NA,NA,Y,NA,A,01,0,0,1,0,0,0,0,0,0,-,-,NA,NA,LOS ANGELES,LOS ANGELES,-118.58824920654295,34.16640090942383
8816156,2019,2019-03-20,1942,2019-02-23,0745,40141,1979,6,5,7,1942,0,0,0,NA,0,19A79,ARLETA AV,BRANFORD ST,0,NA,Y,A,-,N,NA,NA,NA,NA,NA,NA,NA,NA,NA,Y,3,0,2,3,A,-,12,21453,A,N,D,C,A,A,H,-,A,A,0,NA,NA,NA,NA,Y,Y,A,01,0,2,0,0,0,0,0,0,0,-,-,NA,NA,LOS ANGELES,LOS ANGELES,-118.41979217529295,34.23612976074219
8816159,2019,2019-03-18,1942,2019-02-13,1005,31931,2103,3,5,7,1942,0,0,0,NA,0,21A1,TOPANGA CANYON BL,CHASE ST,125,N,N,C,-,N,NA,NA,NA,NA,NA,NA,NA,NA,NA,Y,4,0,1,2,A,-,07,21658,A,N,B,C,A,B,H,-,A,D,0,NA,NA,NA,NA,Y,NA,A,07,0,0,1,0,0,0,0,0,0,-,-,NA,NA,LOS ANGELES,LOS ANGELES,-118.6060791015625,34.22458267211914
8816160,2019,2019-03-20,1942,2019-02-23,2350,38183,1944,6,5,7,1942,0,0,0,NA,0,19A43,CHATSWORTH DR,LAUREL CANYON BL,15,W,N,A,-,N,NA,NA,NA,NA,NA,NA,NA,NA,NA,N,3,0,1,1,A,-,03,22350,NA,N,H,I,A,A,H,-,C,A,0,NA,NA,NA,NA,Y,Y,A,01,0,1,0,0,0,0,0,0,0,-,-,NA,NA,LOS ANGELES,LOS ANGELES,-118.44838714599608,34.27399444580078
8816165,2019,2019-03-07,1956,2019-02-23,2125,1344,53,6,5,5,1956,0,0,0,NA,0,004,ARTESIA BL,MACKAY LN,32,E,N,A,-,N,NA,NA,NA,NA,NA,NA,NA,NA,NA,Y,4,0,2,2,A,-,01,23152,A,N,C,C,A,A,H,-,C,A,0,NA,NA,NA,NA,Y,NA,A,01,0,0,2,0,0,0,0,0,0,-,-,NA,NA,LOS ANGELES,REDONDO BEACH,-118.3684539794922,33.87289810180664
8816184,2019,2019-03-20,1942,2019-02-05,2000,43017,1942,2,5,7,1942,0,0,0,NA,0,1993,ROSCOE BL,NOBLE AV,380,N,N,A,-,N,NA,NA,NA,NA,NA,NA,NA,NA,NA,Y,3,0,1,3,A,-,22,23123,A,N,C,C,A,A,H,-,C,D,0,NA,NA,NA,NA,Y,NA,A,01,0,1,0,0,0,0,0,0,0,-,-,NA,NA,LOS ANGELES,LOS ANGELES,-118.46185302734376,34.221458435058594
8816220,2019,2019-03-20,1942,2019-02-11,0704,36238,0158,1,5,7,1942,0,0,0,A,0,1A29,S CENTRAL AV,EAST 4TH ST,0,NA,Y,A,-,N,NA,NA,NA,NA,NA,NA,NA,NA,NA,Y,4,0,2,2,A,-,12,21453,A,N,D,C,A,A,H,-,A,A,0,NA,NA,NA,NA,Y,NA,A,01,0,0,2,0,0,0,0,0,0,-,-,NA,NA,LOS ANGELES,LOS ANGELES,-118.23970794677734,34.043800354003906
8816253,2019,2019-03-13,1942,2019-01-28,1610,33648,1441,1,5,7,1942,0,0,0,N,0,14A11,SOUTH VENICE BL,WASHINGTON WY,30,W,N,A,-,N,NA,NA,NA,NA,NA,NA,NA,NA,NA,N,4,0,2,2,A,-,08,22107,NA,N,B,C,A,A,H,-,A,D,0,NA,NA,NA,NA,Y,NA,D,22,0,0,2,0,0,0,0,0,0,-,-,NA,NA,LOS ANGELES,LOS ANGELES,-118.46482849121094,33.987548828125
8816257,2019,2019-03-12,1942,2019-01-11,0700,36553,1425,5,5,7,1942,0,0,0,N,0,14A25,NATIONAL BL,BARRINGTON AV,0,NA,Y,B,-,N,NA,NA,NA,NA,NA,NA,NA,NA,NA,Y,4,0,1,2,A,-,12,21453,A,N,D,C,A,A,H,-,A,A,0,NA,NA,NA,NA,Y,NA,D,22,0,0,1,0,0,0,0,0,0,-,-,NA,NA,LOS ANGELES,LOS ANGELES,-118.43865203857422,34.02265930175781
8816273,2019,2019-03-15,1942,2019-01-24,1645,43517,1498,4,5,7,1942,0,0,0,N,0,14A58,AVIATION BL,111TH ST,0,NA,Y,A,-,N,NA,NA,NA,NA,NA,NA,NA,NA,NA,Y,3,0,1,2,A,-,09,21801,A,N,D,C,A,A,H,-,A,A,0,NA,NA,NA,NA,Y,NA,I,09,0,1,0,0,0,0,0,0,0,-,-,NA,NA,LOS ANGELES,LOS ANGELES,-118.37893676757813,33.934539794921875
8816573,2018,2019-03-29,1942,2018-09-21,1900,42943,1213,5,5,7,1942,0,0,0,L,0,12A31,DENKER AV,53RD ST,40,N,N,A,-,N,NA,NA,NA,NA,NA,NA,NA,NA,NA,N,4,0,1,2,A,-,03,22350,NA,F,B,G,A,A,H,-,B,D,0,NA,Y,NA,NA,Y,NA,-,99,0,0,1,0,0,0,1,0,0,-,-,NA,NA,LOS ANGELES,LOS ANGELES,-118.3045654296875,33.9942512512207