CASE_ID,ACCIDENT_YEAR,PROC_DATE,JURIS,COLLISION_DATE,COLLISION_TIME,OFFICER_ID,REPORTING_DISTRICT,DAY_OF_WEEK,CHP_SHIFT,POPULATION,CNTY_CITY_LOC,SPECIAL_COND,BEAT_TYPE,CHP_BEAT_TYPE,CITY_DIVISION_LAPD,CHP_BEAT_CLASS,BEAT_NUMBER,PRIMARY_RD,SECONDARY_RD,DISTANCE,DIRECTION,INTERSECTION,WEATHER_1,WEATHER_2,STATE_HWY_IND,CALTRANS_COUNTY,CALTRANS_DISTRICT,STATE_ROUTE,ROUTE_SUFFIX,POSTMILE_PREFIX,POSTMILE,LOCATION_TYPE,RAMP_INTERSECTION,SIDE_OF_HWY,TOW_AWAY,COLLISION_SEVERITY,NUMBER_KILLED,NUMBER_INJURED,PARTY_COUNT,PRIMARY_COLL_FACTOR,PCF_CODE_OF_VIOL,PCF_VIOL_CATEGORY,PCF_VIOLATION,PCF_VIOL_SUBSECTION,HIT_AND_RUN,TYPE_OF_COLLISION,MVIW,PED_ACTION,ROAD_SURFACE,ROAD_COND_1,ROAD_COND_2,LIGHTING,CONTROL_DEVICE,CHP_ROAD_TYPE,PEDESTRIAN_ACCIDENT,BICYCLE_ACCIDENT,MOTORCYCLE_ACCIDENT,TRUCK_ACCIDENT,NOT_PRIVATE_PROPERTY,ALCOHOL_INVOLVED,STWD_VEHTYPE_AT_FAULT,CHP_VEHTYPE_AT_FAULT,COUNT_SEVERE_INJ,COUNT_VISIBLE_INJ,COUNT_COMPLAINT_PAIN,COUNT_PED_KILLED,COUNT_PED_INJURED,COUNT_BICYCLIST_KILLED,COUNT_BICYCLIST_INJURED,COUNT_MC_KILLED,COUNT_MC_INJURED,PRIMARY_RAMP,SECONDARY_RAMP,LATITUDE,LONGITUDE,COUNTY,CITY,POINT_X,POINT_Y
8818954,2019,2019-03-27,1931,2019-02-27,1910,5308,1931,3,5,5,1931,0,0,0,NA,0,001,PACIFIC BL,GAGE AV,308,N,N,A,-,N,NA,NA,NA,NA,NA,NA,NA,NA,NA,N,4,0,1,2,A,-,03,22350,NA,N,G,B,F,A,D,-,C,D,0,Y,NA,Y,NA,Y,NA,C,02,0,0,1,0,1,0,0,0,0,-,-,NA,NA,LOS ANGELES,HUNTINGTON PARK,-118.22519683837892,33.98248291015625
8818958,2019,2019-03-27,1931,2019-02-27,1138,5258,1931,3,5,5,1931,0,0,0,NA,0,002,FISHBURN AV,RANDOLPH ST,36,N,N,A,-,N,NA,NA,NA,NA,NA,NA,NA,NA,NA,N,4,0,1,2,A,-,03,22350,NA,M,C,C,A,A,H,-,A,D,0,NA,NA,NA,NA,Y,NA,A,01,0,0,1,0,0,0,0,0,0,-,-,NA,NA,LOS ANGELES,HUNTINGTON PARK,-118.1908721923828,33.98221969604492
8818996,2019,2019-07-23,1929,2019-03-10,2148,182,NA,7,5,3,1929,0,0,0,NA,0,NA,AVIATION BL,PACIFIC COAST HWY,15,E,N,A,-,Y,LA,7,1,-,-,21.181,I,6,N,N,4,0,1,2,A,-,03,22350,NA,N,C,C,A,A,H,-,C,A,0,NA,NA,NA,NA,Y,NA,A,01,0,0,1,0,0,0,0,0,0,-,-,NA,NA,LOS ANGELES,HERMOSA BEACH,-118.39234161376952,33.86261749267578
8819008,2019,2019-04-04,1942,2019-03-19,2300,41844,0555,2,5,7,1942,0,0,0,E,0,5A55,N PACIFIC AV,FRONT ST,80,N,N,A,-,N,NA,NA,NA,NA,NA,NA,NA,NA,NA,Y,2,0,3,1,A,-,03,22350,NA,N,E,I,A,A,H,-,C,D,0,NA,NA,NA,NA,Y,NA,A,01,1,1,1,0,0,0,0,0,0,-,-,NA,NA,LOS ANGELES,LOS ANGELES,-118.28736877441406,33.75127029418945
8819012,2019,2019-04-04,1931,2019-03-14,0729,5649,1931,4,5,5,1931,0,0,0,NA,0,003,SANTA FE AV,ZOE AV,382,S,N,A,-,N,NA,NA,NA,NA,NA,NA,NA,NA,NA,Y,2,0,1,4,A,-,08,22107,NA,N,C,D,A,A,H,-,A,D,0,NA,NA,NA,NA,Y,NA,A,07,1,0,0,0,0,0,0,0,0,-,-,NA,NA,LOS ANGELES,HUNTINGTON PARK,-118.23030090332033,33.97846221923828
8819016,2019,2019-04-04,1931,2019-03-07,1700,5318,1931,4,5,5,1931,0,0,0,NA,0,002,MAYWOOD AV,60TH ST,0,NA,Y,A,-,N,NA,NA,NA,NA,NA,NA,NA,NA,NA,Y,3,0,1,2,A,-,08,22107,NA,F,D,C,A,A,H,-,A,D,0,NA,NA,NA,NA,Y,NA,A,01,0,1,0,0,0,0,0,0,0,-,-,NA,NA,LOS ANGELES,HUNTINGTON PARK,-118.20262908935548,33.98701095581055
8819028,2019,2019-04-04,1931,2019-03-14,0745,5315,1931,4,5,5,1931,0,0,0,NA,0,003,SATURN AV,MALABAR ST,0,NA,Y,A,-,N,NA,NA,NA,NA,NA,NA,NA,NA,NA,N,4,0,2,3,A,-,12,22450,A,N,G,B,B,A,D,H,A,D,0,Y,NA,NA,NA,Y,NA,A,01,0,0,2,0,2,0,0,0,0,-,-,NA,NA,LOS ANGELES,HUNTINGTON PARK,-118.22776794433594,33.97690963745117
8819032,2019,2019-04-04,1931,2019-03-16,0347,5325,1931,6,5,5,1931,0,0,0,NA,0,003,FLORENCE AV,SANTA FE AV,0,NA,Y,A,-,N,NA,NA,NA,NA,NA,NA,NA,NA,NA,Y,4,0,2,2,A,-,12,21453,A,F,D,C,A,A,H,-,B,A,0,NA,NA,NA,NA,Y,NA,A,01,0,0,2,0,0,0,0,0,0,-,-,NA,NA,LOS ANGELES,HUNTINGTON PARK,-118.23029327392578,33.9747314453125
8819036,2019,2019-04-04,1900,2019-03-08,2200,532991,1419,5,5,1,1932,0,0,0,NA,0,141T1,GLAND AV,VALLEY BL,27,S,N,A,-,N,NA,NA,NA,NA,NA,NA,NA,NA,NA,Y,3,0,1,2,A,-,21,22106,NA,N,C,C,A,A,H,-,C,A,0,NA,NA,NA,NA,Y,NA,A,01,0,1,0,0,0,0,0,0,0,-,-,34.0272102355957,-117.8354034423828,LOS ANGELES,INDUSTRY,-117.8354263305664,34.02720260620117
8819040,2019,2019-04-04,1900,2019-03-04,1050,529380,1419,1,5,1,1932,0,0,0,NA,0,141T3,LEMON AV,VALLEY BL,302,S,N,A,-,N,NA,NA,NA,NA,NA,NA,NA,NA,NA,N,4,0,1,2,A,-,04,21703,NA,N,C,C,A,A,H,-,A,D,0,NA,NA,NA,NA,Y,NA,A,01,0,0,1,0,0,0,0,0,0,-,-,NA,NA,LOS ANGELES,INDUSTRY,-117.85828399658205,34.00911331176758
8819045,2019,2019-04-08,1900,2019-03-04,0745,600205,0541,1,5,3,1921,0,0,0,NA,0,58T1AM,HUNTINGTON DR,COTTER ST,10,N,N,A,-,N,NA,NA,NA,NA,NA,NA,NA,NA,NA,N,4,0,1,2,A,-,09,21804,A,N,B,C,A,A,H,-,A,D,0,NA,NA,NA,NA,Y,NA,A,01,0,0,1,0,0,0,0,0,0,-,-,34.138999938964844,-117.97299957275392,LOS ANGELES,DUARTE,-117.97328948974608,34.13970947265625
8819065,2019,2019-05-31,1900,2019-03-20,1045,443065,0560,3,5,3,1968,0,0,0,NA,0,55T1AM,RT 164,FERN ST,159,N,N,C,-,Y,LA,7,164,-,-,4.59,H,-,N,Y,3,0,2,2,A,-,04,21703,NA,N,C,C,A,B,H,-,A,D,0,NA,NA,NA,NA,Y,NA,D,22,0,2,0,0,0,0,0,0,0,-,-,34.058998107910156,-118.06400299072266,LOS ANGELES,SOUTH EL MONTE,-118.06423950195313,34.05964660644531
8819080,2019,2019-03-29,1900,2019-03-01,1205,606669,1622,5,5,5,1977,0,0,0,NA,0,1G4T,ALAMEDA ST,EL PRESIDIO ST,0,NA,Y,B,-,N,NA,NA,NA,NA,NA,NA,NA,NA,NA,Y,4,0,1,2,A,-,09,21802,A,N,D,C,A,A,H,-,A,A,0,NA,NA,NA,NA,Y,NA,A,01,0,0,1,0,0,0,0,0,0,-,-,33.84254837036133,-118.2217025756836,LOS ANGELES,CARSON,-118.22189331054688,33.84257888793945
8819203,2019,2019-03-21,1942,2019-01-18,1055,35817,1445,5,5,7,1942,0,0,0,N,0,14A11,VENICE BL,WADE ST,0,NA,Y,A,-,N,NA,NA,NA,NA,NA,NA,NA,NA,NA,Y,3,0,1,3,A,-,04,21703,NA,N,C,C,A,A,H,-,A,A,0,NA,NA,NA,NA,Y,NA,A,01,0,1,0,0,0,0,0,0,0,-,-,NA,NA,LOS ANGELES,LOS ANGELES,-118.43808746337892,34.00151062011719
8819223,2019,2019-03-06,1900,2019-02-10,1100,438060,0977,7,5,4,1979,0,0,0,NA,0,92T1,SANTA MONICA BL,HANCOCK AV,96,E,-,C,-,N,NA,NA,NA,NA,NA,NA,NA,NA,NA,N,4,0,2,2,A,-,04,21703,NA,N,C,C,A,B,H,-,A,A,0,NA,NA,NA,NA,Y,NA,A,07,0,0,2,0,0,0,0,0,0,-,-,34.08692932128906,-118.38117980957033,LOS ANGELES,WEST HOLLYWOOD,-118.38121795654295,34.08687973022461
8819234,2019,2019-03-21,1900,2019-02-24,1830,532124,577,7,5,4,1971,0,0,0,NA,0,52TAPM,ROSEMEAD BL,LAS TUNAS DR,8,S,N,A,-,N,NA,NA,NA,NA,NA,NA,NA,NA,NA,Y,4,0,1,2,A,-,09,21801,A,N,D,C,A,A,H,-,C,D,0,NA,NA,NA,NA,Y,NA,A,01,0,0,1,0,0,0,0,0,0,-,-,34.10350036621094,-118.07362365722656,LOS ANGELES,TEMPLE CITY,-118.07364654541016,34.10365676879883
8819239,2019,2019-03-06,1942,2019-02-07,1420,39200,1025,4,5,7,1942,0,0,0,J,0,10E1,SHERMAN WY,ETIWANDA AV,0,NA,-,A,-,N,NA,NA,NA,NA,NA,NA,NA,NA,NA,Y,4,0,1,2,A,-,09,21801,A,N,D,C,A,A,H,-,A,A,0,NA,NA,NA,NA,Y,NA,-,-,0,0,1,0,0,0,0,0,0,-,-,NA,NA,LOS ANGELES,LOS ANGELES,-118.53167724609376,34.20117950439453
8819243,2019,2019-03-21,1942,2019-02-09,2135,33504,0931,6,5,7,1942,0,0,0,I,0,9A23,RT 405,VICTORY BL,0,NA,Y,B,-,Y,LA,7,405,-,-,41.662,R,1,S,N,4,0,1,2,A,-,21,22106,NA,N,C,C,A,A,H,-,C,A,0,NA,NA,NA,NA,Y,NA,D,22,0,0,1,0,0,0,0,0,0,SF,-,NA,NA,LOS ANGELES,LOS ANGELES,-118.474365234375,34.190792083740234
8819247,2019,2019-03-21,1942,2019-02-10,1430,35481,0989,7,5,7,1942,0,0,0,I,0,9A89,WOODMAN AV,RIVERSIDE DR,565,S,N,C,-,Y,LA,7,101,-,-,15.29,R,4,N,Y,4,0,1,2,A,-,12,21453,A,N,D,C,A,B,H,-,A,A,0,NA,NA,NA,NA,Y,NA,A,07,0,0,1,0,0,0,0,0,0,-,-,NA,NA,LOS ANGELES,LOS ANGELES,-118.438232421875,34.15575408935547
8819257,2019,2019-05-22,1942,2019-02-19,1615,36544,1919,2,5,7,1942,0,0,0,NA,0,19A93,PAXTON ST,FOOTHILL BL,300,E,N,A,-,Y,LA,7,210,-,R,5.915,R,4,E,Y,3,0,1,2,D,-,00,NA,NA,N,A,C,A,A,H,-,A,D,0,NA,NA,NA,NA,Y,NA,-,-,0,1,0,0,0,0,0,0,0,-,-,NA,NA,LOS ANGELES,LOS ANGELES,-118.40823364257813,34.2885627746582
8819261,2019,2019-03-21,1942,2019-02-11,1410,42051,2104,1,5,7,1942,0,0,0,NA,0,21A5,TOPANGA CANYON BL,NORDHOFF ST,70,S,N,A,-,Y,LA,7,27,-,-,17,H,-,N,N,4,0,1,3,A,-,03,22350,NA,N,C,C,A,A,H,-,A,D,0,NA,NA,NA,NA,Y,NA,A,07,0,0,1,0,0,0,0,0,0,-,-,NA,NA,LOS ANGELES,LOS ANGELES,-118.6048583984375,34.2353630065918
8819265,2019,2019-03-21,1942,2019-02-21,2225,42818,2156,4,5,7,1942,0,0,0,NA,0,21A57,TOPANGA CANYON BL,VICTORY BL,0,NA,Y,A,-,Y,LA,7,27,-,-,13.551,I,5,N,Y,3,0,1,2,C,-,18,NA,NA,N,B,C,A,A,H,-,C,A,0,NA,NA,NA,NA,Y,NA,-,-,0,1,0,0,0,0,0,0,0,-,-,NA,NA,LOS ANGELES,LOS ANGELES,-118.60581970214844,34.1866569519043
8819269,2019,2019-03-07,1942,2019-02-05,1545,39025,1619,2,5,7,1942,0,0,0,P,0,16A59,BIG TUJUNGA CANYON RD,BIG TUJUNGA CANYON RD 11950,0,NA,N,B,-,N,NA,NA,NA,NA,NA,NA,NA,NA,NA,Y,4,0,1,1,A,-,03,22350,NA,N,H,I,A,A,B,-,A,D,0,NA,NA,Y,NA,Y,NA,C,02,0,0,1,0,0,0,0,0,1,-,-,NA,NA,LOS ANGELES,LOS ANGELES,-118.294459,34.281677
8819271,2019,2019-03-06,1942,2019-02-19,2010,42251,1918,2,5,7,1942,0,0,0,NA,0,19A7,HUBBARD ST,FOOTHILL BL,52,E,N,B,-,N,NA,NA,NA,NA,NA,NA,NA,NA,NA,N,4,0,2,3,A,-,08,22107,NA,N,B,C,A,A,H,-,C,D,0,NA,NA,NA,NA,Y,NA,A,01,0,0,2,0,0,0,0,0,0,-,-,NA,NA,LOS ANGELES,LOS ANGELES,-118.43016815185548,34.30755615234375
8819273,2019,2019-03-08,1942,2019-02-19,1815,42564,1009,2,5,7,1942,0,0,0,J,0,10X18,ROSCOE BL,HAYVENHURST AV,10,W,N,A,-,N,NA,NA,NA,NA,NA,NA,NA,NA,NA,N,4,0,1,2,A,-,10,21950,A,N,G,B,B,A,H,-,C,A,0,Y,NA,NA,NA,Y,NA,A,01,0,0,1,0,1,0,0,0,0,-,-,NA,NA,LOS ANGELES,LOS ANGELES,-118.4921417236328,34.22129821777344
8819275,2019,2019-03-21,1942,2019-02-21,2230,41274,2156,4,5,7,1942,0,0,0,NA,0,21A57,TOPANGA CANYON BL,ERWIN ST,30,S,N,A,-,Y,LA,7,27,-,-,13.26,H,-,N,Y,4,0,2,2,C,-,18,NA,NA,N,A,C,A,A,H,-,C,A,0,NA,NA,NA,NA,Y,NA,-,-,0,0,2,0,0,0,0,0,0,-,-,NA,NA,LOS ANGELES,LOS ANGELES,-118.60581207275392,34.182518005371094
8819278,2019,2019-03-06,1920,2019-01-06,1808,13547,NA,7,5,6,1920,0,0,0,NA,0,NA,LAKEWOOD BL,TELEGRAPH RD,50,S,N,B,-,N,NA,NA,NA,NA,NA,NA,NA,NA,NA,N,4,0,8,5,A,-,03,22350,NA,N,C,C,A,A,H,-,C,A,0,NA,NA,NA,NA,Y,NA,A,01,0,0,8,0,0,0,0,0,0,-,-,NA,NA,LOS ANGELES,DOWNEY,-118.11021423339844,33.960914611816406
8819282,2019,2019-03-19,1900,2019-01-28,1800,617845,1337,1,5,5,1908,0,0,0,NA,0,133T1,WOODRUFF AV,TRABUCO ST,83,N,N,A,-,N,NA,NA,NA,NA,NA,NA,NA,NA,NA,Y,4,0,1,3,A,-,03,22350,NA,N,C,C,A,A,H,-,C,D,0,NA,NA,NA,NA,Y,NA,J,48,0,0,1,0,0,0,0,0,0,-,-,NA,NA,LOS ANGELES,BELLFLOWER,-118.11736297607422,33.88758850097656
8819294,2019,2019-03-20,1909,2019-02-15,1627,563,1909,5,5,4,1909,0,0,0,NA,0,SOUTH,EASTERN AV,FRY ST,255,S,N,C,-,N,NA,NA,NA,NA,NA,NA,NA,NA,NA,N,4,0,1,2,A,-,04,21703,NA,N,C,C,A,B,H,-,A,D,0,NA,NA,NA,NA,Y,NA,J,48,0,0,1,0,0,0,0,0,0,-,-,NA,NA,LOS ANGELES,BELL GARDENS,-118.1649169921875,33.966094970703125
8819298,2019,2019-03-20,1942,2019-02-07,1900,41629,1162,4,5,7,1942,0,0,0,K,0,11A51,VERMONT AV,SUNSET BL,150,S,N,A,-,N,NA,NA,NA,NA,NA,NA,NA,NA,NA,N,4,0,1,2,A,-,04,21703,NA,N,C,C,A,A,H,-,C,D,0,NA,NA,NA,NA,Y,NA,J,48,0,0,1,0,0,0,0,0,0,-,-,NA,NA,LOS ANGELES,LOS ANGELES,-118.2917709350586,34.097740173339844
8819302,2019,2019-03-19,1900,2019-02-06,2325,601485,2611,3,5,6,1950,0,0,0,NA,0,262T1,5TH ST EAST,AVENUE R,0,NA,Y,A,-,N,NA,NA,NA,NA,NA,NA,NA,NA,NA,Y,4,0,2,2,A,-,09,21806,A,N,D,C,A,A,H,-,C,A,0,NA,NA,NA,NA,Y,NA,A,01,0,0,2,0,0,0,0,0,0,-,-,34.572601318359375,-118.12049865722656,LOS ANGELES,PALMDALE,-118.12050628662108,34.57257080078125
8819306,2019,2019-03-20,1900,2019-02-17,0235,606079,2608,7,5,6,1950,0,0,0,NA,0,262T1,AVENUE S,37TH ST EAST,0,NA,Y,B,-,N,NA,NA,NA,NA,NA,NA,NA,NA,NA,Y,3,0,2,2,B,-,22,NA,NA,N,D,C,A,A,H,-,C,A,0,NA,NA,NA,NA,Y,NA,J,48,0,1,1,0,0,0,0,0,0,-,-,NA,NA,LOS ANGELES,PALMDALE,-118.06260681152344,34.55812072753906
8819314,2019,2019-03-20,1942,2019-02-13,0930,38282,0853,3,5,7,1942,0,0,0,H,0,8A53,SANTA MONICA BL,BELOIT AV,0,NA,Y,C,-,N,NA,NA,NA,NA,NA,NA,NA,NA,NA,Y,4,0,1,2,A,-,08,22100,A,N,D,C,A,B,H,-,A,A,0,NA,NA,NA,NA,Y,NA,J,48,0,0,1,0,0,0,0,0,0,-,-,NA,NA,LOS ANGELES,LOS ANGELES,-118.44722747802734,34.04679870605469
8819318,2019,2019-08-22,1941,2019-02-21,1818,10066,NA,4,5,7,1941,0,0,0,NA,0,NA,PACIFIC COAST HWY,ANAHEIM ST,1123,S,N,A,-,Y,LA,7,1,-,-,2.54,H,-,N,Y,4,0,1,4,A,-,03,22350,NA,N,C,C,A,A,H,-,C,A,0,NA,NA,NA,NA,Y,NA,A,NA,0,0,1,0,0,0,0,0,0,-,-,NA,NA,LOS ANGELES,LONG BEACH,-118.12972259521484,33.780574798583984
8819320,2019,2019-04-16,1931,2019-01-30,0746,5701,1931,3,5,5,1931,0,0,0,NA,0,001,SLAUSON AV,MALABAR ST,15,S,N,A,-,N,NA,NA,NA,NA,NA,NA,NA,NA,NA,N,3,0,1,2,D,-,00,NA,NA,N,G,B,A,A,-,-,A,A,0,NA,Y,NA,NA,Y,NA,-,-,0,1,0,0,0,0,1,0,0,-,-,NA,NA,LOS ANGELES,HUNTINGTON PARK,-118.22781372070313,33.98920822143555
8819322,2019,2019-03-20,1900,2019-02-16,1523,625459,1328,6,5,5,1935,0,0,0,NA,0,136T1,DEL AMO BL,NORWALK BL,0,NA,Y,A,-,N,NA,NA,NA,NA,NA,NA,NA,NA,NA,Y,4,0,3,3,B,-,22,NA,NA,N,D,C,A,A,H,-,A,A,0,NA,NA,NA,NA,Y,NA,J,48,0,0,3,0,0,0,0,0,0,-,-,NA,NA,LOS ANGELES,LAKEWOOD,-118.07212066650392,33.84614944458008
8819324,2019,2019-05-22,1942,2019-02-21,1830,42822,0515,4,5,7,1942,0,0,0,E,0,5A18,AVALON BL,PACIFIC COAST HWY,50,N,N,A,-,Y,LA,7,1,-,-,10.532,I,6,N,N,4,0,1,2,A,-,04,21703,NA,N,C,C,A,A,H,-,C,A,0,NA,NA,NA,NA,Y,NA,A,01,0,0,1,0,0,0,0,0,0,-,-,NA,NA,LOS ANGELES,LOS ANGELES,-118.26335144042967,33.79121017456055
8819349,2019,2019-03-20,1962,2019-01-19,1007,281,NA,6,5,4,1962,0,0,0,NA,0,013,S RAMONA ST,MAIN ST,28,S,N,A,-,N,NA,NA,NA,NA,NA,NA,NA,NA,NA,Y,4,0,1,2,A,-,03,22350,NA,N,C,C,A,A,H,-,A,A,0,NA,NA,NA,NA,Y,NA,J,48,0,0,1,0,0,0,0,0,0,-,-,NA,NA,LOS ANGELES,SAN GABRIEL,-118.10783386230467,34.09547424316406
8819357,2019,2019-03-20,1900,2019-01-26,1757,625459,1334,6,5,5,1908,0,0,0,NA,0,136T1,CLARK AV,HARVARD ST,0,NA,Y,A,-,N,NA,NA,NA,NA,NA,NA,NA,NA,NA,Y,4,0,2,3,D,-,00,NA,NA,N,D,C,A,A,H,-,C,A,0,NA,NA,NA,NA,Y,NA,-,-,0,0,2,0,0,0,0,0,0,-,-,33.511749267578125,-118.82330322265624,LOS ANGELES,BELLFLOWER,-118.13397979736328,33.888179779052734
8819392,2019,2019-03-21,1900,2019-01-26,1915,602259,0451,6,5,6,1949,0,0,0,NA,0,43T1,FIRESTONE BL,RT 605,30,W,N,A,-,Y,LA,7,605,-,R,8.579,R,4,S,Y,4,0,1,2,A,-,01,23152,A,N,C,C,A,A,H,-,C,A,0,NA,NA,NA,NA,Y,Y,A,01,0,0,1,0,0,0,0,0,0,-,SF,NA,NA,LOS ANGELES,NORWALK,-118.1035614013672,33.92742919921875
8819397,2019,2019-05-22,1941,2019-02-14,2251,11275,NA,4,5,7,1941,0,0,0,NA,0,002,PACIFIC COAST HWY,POLE #KC1288,34,E,N,A,-,Y,LA,7,1,-,-,7.15,H,-,S,Y,2,0,2,2,A,-,17,22109,NA,N,C,C,A,A,H,-,C,A,0,NA,NA,NA,NA,Y,NA,D,NA,1,0,1,0,0,0,0,0,0,-,-,NA,NA,LOS ANGELES,LONG BEACH,-118.20533752441406,33.790157318115234
8819450,2019,2019-03-21,1942,2019-02-09,1020,26347,1751,6,5,7,1942,0,0,0,Q,0,17A23,TOPANGA CANYON BL,LASSEN ST,250,N,N,B,-,Y,LA,7,27,-,-,18.18,H,-,S,Y,4,0,1,2,A,-,04,21703,NA,N,C,C,A,A,H,-,A,D,0,NA,NA,NA,NA,Y,NA,A,01,0,0,1,0,0,0,0,0,0,-,-,NA,NA,LOS ANGELES,LOS ANGELES,-118.60614013671876,34.250667572021484
8819466,2018,2019-03-21,1942,2018-12-20,1735,43005,1864,4,5,7,1942,0,0,0,R,0,18A44,MAIN ST,IMPERIAL HWY,0,NA,N,A,-,N,NA,NA,NA,NA,NA,NA,NA,NA,NA,N,4,0,2,2,A,-,03,22350,NA,F,C,C,A,A,H,-,C,A,0,NA,NA,NA,NA,Y,Y,-,99,0,0,2,0,0,0,0,0,0,-,-,NA,NA,LOS ANGELES,LOS ANGELES,-118.4159698486328,33.931461334228516
8819471,2018,2019-03-11,1933,2018-12-15,1901,1005,25,6,5,6,1933,0,0,0,NA,0,002,CENTURY BL,MYRTLE AV,435,W,N,A,-,N,NA,NA,NA,NA,NA,NA,NA,NA,NA,N,4,0,1,2,A,-,03,22350,NA,N,C,C,A,A,H,-,C,D,0,NA,NA,NA,NA,Y,NA,D,22,0,0,1,0,0,0,0,0,0,-,-,33.94548034667969,-118.34915924072266,LOS ANGELES,INGLEWOOD,-118.35062408447266,33.9454460144043
8819510,2018,2019-03-11,1933,2018-10-20,1505,925,1,6,5,6,1933,0,0,0,NA,0,001,LA CIENEGA BL,HILL ST,0,NA,Y,A,-,N,NA,NA,NA,NA,NA,NA,NA,NA,NA,Y,4,0,1,2,A,-,09,21801,A,N,D,C,A,A,H,-,A,A,0,NA,NA,NA,NA,Y,NA,A,01,0,0,1,0,0,0,0,0,0,-,-,33.97309112548828,-118.37001800537108,LOS ANGELES,INGLEWOOD,-118.37017822265624,33.97303009033203
8819513,2019,2019-05-22,1942,2019-01-24,1205,40235,0861,4,5,7,1942,0,0,0,H,0,8A1,PACIFIC COAST HWY,PORTO MARINA WY,800,N,N,A,-,Y,LA,7,1,-,R,39.79,H,-,S,Y,3,0,2,2,A,-,21,22106,NA,N,D,C,A,A,H,-,A,D,0,NA,NA,NA,NA,Y,NA,A,01,0,2,0,0,0,0,0,0,0,-,-,NA,NA,LOS ANGELES,LOS ANGELES,-118.56307983398438,34.04098129272461
8819516,2019,2019-05-07,1942,2019-02-15,1550,43399,861,5,5,7,1942,0,0,0,NA,0,8A12,PACIFIC COAST HWY,SUNSET BL,50,S,N,C,-,Y,LA,7,1,-,-,39.31,H,-,N,N,4,0,1,2,A,-,03,22350,NA,F,C,C,A,B,H,-,B,A,0,NA,NA,NA,NA,Y,NA,-,99,0,0,1,0,0,0,0,0,0,-,-,NA,NA,LOS ANGELES,LOS ANGELES,-118.5553970336914,34.038570404052734
8819521,2019,2019-05-22,1941,2019-01-20,2023,10952,NA,7,5,7,1941,0,0,0,NA,0,NA,EAST 2ND ST,PACIFIC COAST HWY,0,NA,Y,A,-,Y,LA,7,1,-,-,0.591,I,5,S,N,4,0,1,2,A,-,10,21950,NA,N,G,B,B,A,H,-,C,A,0,Y,NA,NA,NA,Y,NA,A,NA,0,0,1,0,1,0,0,0,0,-,-,NA,NA,LOS ANGELES,LONG BEACH,-118.111328125,33.75809860229492
8819525,2019,2019-04-16,1900,2019-01-10,2045,532783,1321,4,5,5,1935,0,0,0,NA,0,132W2,CANDLEWOOD ST,LAKEWOOD BL,0,NA,Y,A,-,N,NA,NA,NA,NA,NA,NA,NA,NA,NA,Y,4,0,2,2,A,-,09,21801,A,N,D,C,A,A,H,-,C,A,0,NA,NA,NA,NA,Y,NA,A,07,0,0,2,0,0,0,0,0,0,-,-,NA,NA,LOS ANGELES,LAKEWOOD,-118.14257049560548,33.85382843017578
8819526,2019,2019-05-22,1942,2019-02-26,1805,41766,0516,2,5,7,1942,0,0,0,E,0,18A36W,MARINE AV,PCH,10,N,N,B,-,Y,LA,7,1,-,-,10.607,I,5,N,N,3,0,1,2,A,-,14,21201,D,N,D,G,A,A,H,-,D,-,0,NA,Y,NA,NA,Y,NA,L,04,0,1,0,0,0,0,1,0,0,-,-,NA,NA,LOS ANGELES,LOS ANGELES,-118.26463317871094,33.791141510009766
8819529,2019,2019-04-16,1900,2019-01-25,1900,626678,1333,5,5,5,1908,0,0,0,NA,0,133T2,RT 19,ARTESIA BL,0,NA,Y,A,-,N,NA,NA,NA,NA,NA,NA,NA,NA,NA,N,3,0,1,2,A,-,11,21456,B,N,G,B,B,-,H,-,A,A,0,Y,NA,NA,NA,Y,NA,N,60,0,1,0,0,1,0,0,0,0,-,-,NA,NA,LOS ANGELES,BELLFLOWER,-118.14259,33.8747
8819530,2019,2019-04-16,1942,2019-02-23,0635,38594,1846,6,5,7,1942,0,0,0,R,0,18A35,IMPERIAL HWY,SUCCESS AV,5,W,N,A,-,N,NA,NA,NA,NA,NA,NA,NA,NA,NA,Y,3,0,1,5,A,-,09,21801,NA,F,D,C,A,A,H,-,B,A,0,NA,NA,NA,NA,Y,NA,A,01,0,1,0,0,0,0,0,0,0,-,-,NA,NA,LOS ANGELES,LOS ANGELES,-118.24933624267578,33.92947006225586
8819533,2019,2019-04-16,1900,2019-01-20,2300,618166,1364,7,5,5,1952,0,0,0,NA,0,136B,RT 19,CENTURY BL,70,S,N,A,-,N,NA,NA,NA,NA,NA,NA,NA,NA,NA,NA,4,0,1,2,A,-,08,22107,NA,M,D,G,A,A,-,-,C,-,0,NA,Y,NA,NA,Y,NA,A,01,0,0,1,0,0,0,1,0,0,-,-,NA,NA,LOS ANGELES,PARAMOUNT,-118.14295196533205,33.902137756347656
8819534,2019,2019-03-11,1900,2019-01-15,1459,626678,1335,2,5,5,1908,0,0,0,NA,0,133T2,RT 19,ROSE ST,170,N,N,A,-,N,NA,NA,NA,NA,NA,NA,NA,NA,NA,Y,4,0,1,2,A,-,01,23152,A,N,C,C,A,B,H,-,A,D,0,NA,NA,NA,NA,Y,Y,A,01,0,0,1,0,0,0,0,0,0,-,-,NA,NA,LOS ANGELES,BELLFLOWER,-118.1425552368164,33.87004470825195