CASE_ID,ACCIDENT_YEAR,PROC_DATE,JURIS,COLLISION_DATE,COLLISION_TIME,OFFICER_ID,REPORTING_DISTRICT,DAY_OF_WEEK,CHP_SHIFT,POPULATION,CNTY_CITY_LOC,SPECIAL_COND,BEAT_TYPE,CHP_BEAT_TYPE,CITY_DIVISION_LAPD,CHP_BEAT_CLASS,BEAT_NUMBER,PRIMARY_RD,SECONDARY_RD,DISTANCE,DIRECTION,INTERSECTION,WEATHER_1,WEATHER_2,STATE_HWY_IND,CALTRANS_COUNTY,CALTRANS_DISTRICT,STATE_ROUTE,ROUTE_SUFFIX,POSTMILE_PREFIX,POSTMILE,LOCATION_TYPE,RAMP_INTERSECTION,SIDE_OF_HWY,TOW_AWAY,COLLISION_SEVERITY,NUMBER_KILLED,NUMBER_INJURED,PARTY_COUNT,PRIMARY_COLL_FACTOR,PCF_CODE_OF_VIOL,PCF_VIOL_CATEGORY,PCF_VIOLATION,PCF_VIOL_SUBSECTION,HIT_AND_RUN,TYPE_OF_COLLISION,MVIW,PED_ACTION,ROAD_SURFACE,ROAD_COND_1,ROAD_COND_2,LIGHTING,CONTROL_DEVICE,CHP_ROAD_TYPE,PEDESTRIAN_ACCIDENT,BICYCLE_ACCIDENT,MOTORCYCLE_ACCIDENT,TRUCK_ACCIDENT,NOT_PRIVATE_PROPERTY,ALCOHOL_INVOLVED,STWD_VEHTYPE_AT_FAULT,CHP_VEHTYPE_AT_FAULT,COUNT_SEVERE_INJ,COUNT_VISIBLE_INJ,COUNT_COMPLAINT_PAIN,COUNT_PED_KILLED,COUNT_PED_INJURED,COUNT_BICYCLIST_KILLED,COUNT_BICYCLIST_INJURED,COUNT_MC_KILLED,COUNT_MC_INJURED,PRIMARY_RAMP,SECONDARY_RAMP,LATITUDE,LONGITUDE,COUNTY,CITY,POINT_X,POINT_Y
8823292,2019,2019-04-03,1925,2019-03-06,0932,20089,108,3,5,6,1925,0,0,0,NA,0,005,FOOTHILL BL,BOSTON AV,0,NA,Y,C,-,N,NA,NA,NA,NA,NA,NA,NA,NA,NA,Y,4,0,1,4,A,-,09,21800,D,N,D,C,A,B,H,-,A,B,0,NA,NA,NA,NA,Y,NA,A,08,0,0,1,0,0,0,0,0,0,-,-,NA,NA,LOS ANGELES,GLENDALE,-118.26175689697266,34.23768997192383
8823303,2019,2019-03-28,1942,2019-02-25,1820,42007,233,1,5,7,1942,0,0,0,NA,0,12A45,SLAUSON AV,VAN NESS AV,10,W,N,A,-,N,NA,NA,NA,NA,NA,NA,NA,NA,NA,N,4,0,1,2,A,-,04,21703,NA,F,C,C,A,A,H,-,C,A,0,NA,NA,NA,NA,Y,NA,-,99,0,0,1,0,0,0,0,0,0,-,-,NA,NA,LOS ANGELES,LOS ANGELES,-118.31763458251952,33.98910903930664
8823304,2019,2019-04-08,1925,2019-02-26,1413,24810,5,2,5,6,1925,0,0,0,NA,0,146,N VERDUGO RD,EL RITO AV,150,N,N,A,-,N,NA,NA,NA,NA,NA,NA,NA,NA,NA,N,4,0,1,2,A,-,09,21801,A,N,D,C,A,A,H,-,A,D,0,NA,NA,NA,NA,Y,NA,D,22,0,0,1,0,0,0,0,0,0,-,-,NA,NA,LOS ANGELES,GLENDALE,-118.22607421875,34.18347930908203
8823307,2019,2019-04-03,1942,2019-03-02,2025,43364,1258,6,5,7,1942,0,0,0,L,0,12A83,E 76TH PL,MAIN ST,0,NA,Y,C,-,N,NA,NA,NA,NA,NA,NA,NA,NA,NA,Y,3,0,1,2,A,-,09,21802,A,N,A,C,A,B,H,-,C,D,0,NA,NA,NA,NA,Y,NA,D,22,0,1,0,0,0,0,0,0,0,-,-,NA,NA,LOS ANGELES,LOS ANGELES,-118.27391815185548,33.970458984375
8823315,2019,2019-04-03,1942,2019-03-08,0735,34370,0376,5,5,7,1942,0,0,0,C,0,25M211,DENKER AV,39TH ST,3,N,N,A,-,N,NA,NA,NA,NA,NA,NA,NA,NA,NA,Y,4,0,1,2,A,-,09,21802,A,F,D,C,A,A,H,-,A,A,0,NA,NA,NA,NA,Y,NA,D,22,0,0,1,0,0,0,0,0,0,-,-,NA,NA,LOS ANGELES,LOS ANGELES,-118.30452728271484,34.01555633544922
8823319,2019,2019-04-03,1942,2019-03-13,1525,37724,0511,3,5,7,1942,0,0,0,E,0,5A11,S WESTERN AV,254TH ST,60,S,N,A,-,N,NA,NA,NA,NA,NA,NA,NA,NA,NA,Y,3,0,2,2,A,-,03,22350,NA,N,C,C,A,A,H,-,A,D,0,NA,NA,NA,NA,Y,NA,A,07,0,1,1,0,0,0,0,0,0,-,-,NA,NA,LOS ANGELES,LOS ANGELES,-118.3076629638672,33.793643951416016
8823335,2019,2019-04-24,1942,2019-03-07,1135,38642,0525,4,5,7,1942,0,0,0,E,0,5A18,PACIFIC COAST HWY,EUBANK AV,0,NA,Y,A,C,N,NA,NA,NA,NA,NA,NA,NA,NA,NA,N,4,0,2,2,A,-,08,22100,A,N,-,C,A,A,H,-,A,A,0,NA,NA,NA,NA,Y,NA,-,NA,0,0,2,0,0,0,0,0,0,-,-,NA,NA,LOS ANGELES,LOS ANGELES,-118.25626373291016,33.79159164428711
8823337,2019,2019-04-02,1922,2019-02-11,1158,689,NA,1,5,6,1922,0,0,0,NA,0,003,MERCED AV,GARVEY AV,0,NA,Y,A,-,N,NA,NA,NA,NA,NA,NA,NA,NA,NA,N,3,0,1,2,A,-,10,21950,A,N,G,B,B,A,H,-,A,A,0,Y,NA,NA,NA,Y,NA,I,11,0,1,0,0,1,0,0,0,0,-,-,34.062808990478516,-118.0513916015625,LOS ANGELES,EL MONTE,-118.05136871337892,34.062740325927734
8823344,2019,2019-04-03,1942,2019-03-09,1445,37724,1231,6,5,7,1942,0,0,0,L,0,12A31,SLAUSON AV,ALSACE AV,120,W,N,A,-,N,NA,NA,NA,NA,NA,NA,NA,NA,NA,N,4,0,1,2,A,-,08,22102,NA,N,H,A,A,A,H,-,A,A,0,NA,Y,NA,NA,Y,NA,D,22,0,0,1,0,0,0,1,0,0,-,-,NA,NA,LOS ANGELES,LOS ANGELES,-118.34847259521484,33.98890686035156
8823348,2019,2019-03-29,1963,2019-01-26,1819,00333,104,6,5,3,1963,0,0,0,NA,0,ONE,HUNTINGTON DR,PASQUALITO DR,215,W,N,A,-,N,NA,NA,NA,NA,NA,NA,NA,NA,NA,N,4,0,1,2,A,-,03,22350,NA,N,C,C,A,A,H,-,C,D,0,NA,NA,NA,NA,Y,NA,I,11,0,0,1,0,0,0,0,0,0,-,-,NA,NA,LOS ANGELES,SAN MARINO,-118.13294982910156,34.108089447021484
8823351,2019,2019-04-03,1942,2019-03-09,1835,42589,1822,6,5,7,1942,0,0,0,R,0,18X36,CENTURY BL,SPRING ST,0,NA,Y,A,-,N,NA,NA,NA,NA,NA,NA,NA,NA,NA,N,2,0,1,2,A,-,03,22350,NA,N,D,C,A,A,H,-,C,D,0,NA,NA,Y,NA,Y,NA,C,03,1,0,0,0,0,0,0,0,1,-,-,NA,NA,LOS ANGELES,LOS ANGELES,-118.27622222900392,33.945560455322266
8823352,2019,2019-03-29,1963,2019-01-02,1626,00348,127,3,5,3,1963,0,0,0,NA,0,TWO,HUNTINGTON DR,WEST DR,0,NA,Y,A,-,N,NA,NA,NA,NA,NA,NA,NA,NA,NA,Y,4,0,3,2,A,-,03,22350,NA,N,C,C,A,A,H,-,A,A,0,NA,NA,NA,Y,Y,NA,F,55,0,0,3,0,0,0,0,0,0,-,-,NA,NA,LOS ANGELES,SAN MARINO,-118.11228942871094,34.11948013305664
8823366,2019,2019-03-25,1967,2019-03-10,0100,137,NA,7,5,2,1967,0,0,0,NA,0,SOUTH,ORANGE AV,WILLOW,34,S,N,A,-,N,NA,NA,NA,NA,NA,NA,NA,NA,NA,Y,3,0,1,2,A,-,01,23153,A,N,C,C,A,A,H,-,C,A,0,NA,NA,NA,NA,Y,Y,A,01,0,1,0,0,0,0,0,0,0,-,-,NA,NA,LOS ANGELES,SIGNAL HILL,-118.17633056640624,33.80430603027344
8823368,2019,2019-03-21,1928,2019-02-20,1645,341,501,3,5,5,1928,0,0,0,NA,0,501,EL SEGUNDO BL,RAMONA AV,0,NA,Y,B,C,N,NA,NA,NA,NA,NA,NA,NA,NA,NA,Y,3,0,1,2,A,-,09,21801,A,N,D,C,A,B,H,-,A,A,0,NA,NA,Y,NA,Y,NA,A,07,0,1,0,0,0,0,0,0,1,-,-,NA,NA,LOS ANGELES,HAWTHORNE,-118.3572235107422,33.916419982910156
8823374,2019,2019-03-25,1928,2019-03-10,1415,410,517,7,5,5,1928,0,0,0,NA,0,503,EL SEGUNDO BL,CRENSHAW BL,0,NA,Y,A,-,N,NA,NA,NA,NA,NA,NA,NA,NA,NA,N,4,0,1,2,A,-,03,22350,NA,N,C,C,A,A,H,-,A,A,0,NA,NA,NA,NA,Y,NA,A,01,0,0,1,0,0,0,0,0,0,-,-,33.91638946533203,-118.32650756835938,LOS ANGELES,HAWTHORNE,-118.32659912109376,33.916439056396484
8823375,2019,2019-03-25,1902,2019-03-09,2332,783,12,6,5,5,1902,0,0,0,NA,0,003,HUNTINGTON DR,MORLAN PL,0,NA,Y,A,-,N,NA,NA,NA,NA,NA,NA,NA,NA,NA,Y,4,0,4,2,A,-,08,22100,B,N,D,C,A,A,H,-,C,A,0,NA,NA,NA,NA,Y,NA,-,NA,0,0,4,0,0,0,0,0,0,-,-,NA,NA,LOS ANGELES,ARCADIA,-118.033447265625,34.13999938964844
8823378,2019,2019-03-25,1928,2019-03-06,1748,409,525,3,5,5,1928,0,0,0,NA,0,502,HAWTHORNE BL,116TH ST,0,NA,Y,C,-,N,NA,NA,NA,NA,NA,NA,NA,NA,NA,N,4,0,1,2,A,-,09,21802,A,N,D,C,A,B,H,-,C,A,0,NA,NA,NA,NA,Y,NA,A,01,0,0,1,0,0,0,0,0,0,-,-,33.92921829223633,-118.35254669189452,LOS ANGELES,HAWTHORNE,-118.35272216796876,33.92913055419922
8823379,2019,2019-03-25,1902,2019-03-09,1837,756,21,6,5,5,1902,0,0,0,NA,0,004,SUNSET BL,OKOBOJI DR,110,S,N,A,-,N,NA,NA,NA,NA,NA,NA,NA,NA,NA,Y,3,0,1,3,A,-,08,22107,NA,N,B,E,A,A,H,-,C,D,0,NA,NA,NA,NA,Y,NA,A,01,0,1,0,0,0,0,0,0,0,-,-,NA,NA,LOS ANGELES,ARCADIA,-118.06497192382813,34.12921142578125
8823382,2019,2019-03-25,1928,2019-03-05,0558,411,501,2,5,5,1928,0,0,0,NA,0,501,INGLEWOOD AV,123RD ST,110,N,N,B,-,N,NA,NA,NA,NA,NA,NA,NA,NA,NA,Y,4,0,1,3,A,-,07,21658,A,M,C,E,A,A,H,-,B,D,0,NA,NA,NA,NA,Y,NA,A,01,0,0,1,0,0,0,0,0,0,-,-,NA,NA,LOS ANGELES,HAWTHORNE,-118.36129760742188,33.921730041503906
8823386,2019,2019-03-25,1928,2019-03-07,0951,324,504,4,5,5,1928,0,0,0,NA,0,502,120TH ST,OXFORD AV,0,NA,Y,A,-,N,NA,NA,NA,NA,NA,NA,NA,NA,NA,Y,4,0,1,2,A,-,09,21802,A,N,D,C,A,A,H,-,A,A,0,NA,NA,NA,NA,Y,NA,A,01,0,0,1,0,0,0,0,0,0,-,-,33.923648834228516,-118.34615325927734,LOS ANGELES,HAWTHORNE,-118.34609985351564,33.92367935180664
8823390,2019,2019-03-25,1928,2019-03-01,1914,412,501,5,5,5,1928,0,0,0,NA,0,501,HAWTHORNE BL,126TH ST,0,NA,Y,A,-,N,NA,NA,NA,NA,NA,NA,NA,NA,NA,Y,4,0,1,2,A,-,12,21453,A,N,D,C,A,A,H,-,C,A,0,NA,NA,NA,NA,Y,NA,A,01,0,0,1,0,0,0,0,0,0,-,-,33.91825866699219,-118.35256958007813,LOS ANGELES,HAWTHORNE,-118.35270690917967,33.9182014465332
8823396,2019,2019-03-21,1924,2019-02-07,0828,80434,G35,4,5,5,1924,0,0,0,NA,0,0G4,REDONDO BEACH BL,BERENDO AV,0,NA,Y,A,-,N,NA,NA,NA,NA,NA,NA,NA,NA,NA,Y,3,0,2,2,A,-,09,21801,A,N,A,C,A,A,H,-,A,A,0,NA,NA,NA,NA,Y,NA,A,07,0,1,1,0,0,0,0,0,0,-,-,33.9010009765625,-118.29299926757813,LOS ANGELES,GARDENA,-118.2939224243164,33.89242935180664
8823400,2019,2019-03-21,1924,2019-02-01,1820,80453,G38,5,5,5,1924,0,0,0,NA,0,8T4,WESTERN AV,169TH PL,187,S,N,B,C,N,NA,NA,NA,NA,NA,NA,NA,NA,NA,N,3,0,1,2,A,-,09,21804,A,F,H,G,A,B,H,-,B,D,0,NA,Y,NA,NA,Y,NA,A,01,0,1,0,0,0,0,1,0,0,-,-,33.87699890136719,-118.30899810791016,LOS ANGELES,GARDENA,-118.30917358398438,33.876895904541016
8823404,2019,2019-03-21,1924,2019-02-06,2231,80431,45,3,5,5,1924,0,0,0,NA,0,8T3,NORMANDIE AV,182ND ST,0,NA,Y,A,-,N,NA,NA,NA,NA,NA,NA,NA,NA,NA,Y,4,0,3,2,A,-,01,23152,A,N,D,C,A,A,H,-,C,A,0,NA,NA,NA,NA,Y,Y,A,01,0,0,3,0,0,0,0,0,0,-,-,33.8650016784668,-118.29900360107422,LOS ANGELES,GARDENA,-118.29923248291016,33.86587142944336
8823408,2019,2019-03-21,1924,2019-02-12,0556,80431,44,2,5,5,1924,0,0,0,NA,0,8T3,ARTESIA BL,WESTERN AV,525,E,N,A,-,N,NA,NA,NA,NA,NA,NA,NA,NA,NA,N,4,0,1,2,A,-,03,22350,NA,N,C,C,A,A,H,-,C,A,0,NA,NA,NA,NA,Y,NA,A,01,0,0,1,0,0,0,0,0,0,-,-,33.87200164794922,-118.3090362548828,LOS ANGELES,GARDENA,-118.30743408203124,33.87281036376953
8823412,2019,2019-03-21,1924,2019-02-15,0526,80453,G9,5,5,5,1924,0,0,0,NA,0,8T4,135TH ST,NORMANDIE AV,10,E,N,B,C,N,NA,NA,NA,NA,NA,NA,NA,NA,NA,N,2,0,1,2,D,-,00,NA,NA,N,G,B,B,B,H,-,C,A,0,Y,NA,NA,NA,Y,NA,-,-,1,0,0,0,1,0,0,0,0,-,-,33.909000396728516,-118.30030059814452,LOS ANGELES,GARDENA,-118.30036926269533,33.9091796875
8823414,2019,2019-03-25,1967,2019-03-01,1746,141,NA,5,5,2,1967,0,0,0,NA,0,NORTH,WILLOW,TOWN CENTER,0,NA,Y,A,-,N,NA,NA,NA,NA,NA,NA,NA,NA,NA,N,3,0,1,2,A,-,09,21801,A,N,D,C,A,A,H,-,C,A,0,NA,NA,Y,NA,Y,NA,A,01,0,1,0,0,0,0,0,0,0,-,-,NA,NA,LOS ANGELES,SIGNAL HILL,NA,NA
8823416,2019,2019-03-21,1924,2019-02-15,1945,80453,G39,5,5,5,1924,0,0,0,NA,0,8T4,158TH ST,BRIGHTON AV,52,E,N,B,C,N,NA,NA,NA,NA,NA,NA,NA,NA,NA,Y,2,0,1,2,A,-,11,21954,A,N,G,B,D,B,H,-,C,D,0,Y,NA,NA,NA,Y,Y,N,60,1,0,0,0,1,0,0,0,0,-,-,33.887001037597656,-118.30069732666016,LOS ANGELES,GARDENA,-118.30065155029295,33.887413024902344
8823418,2019,2019-03-25,1967,2019-03-07,1151,128,NA,4,5,2,1967,0,0,0,NA,0,SOUTH,ORANGE AV,25TH ST,16,N,N,A,-,N,NA,NA,NA,NA,NA,NA,NA,NA,NA,N,4,0,1,2,A,-,03,22350,NA,N,C,C,A,A,H,-,A,D,0,NA,NA,NA,NA,Y,NA,A,01,0,0,1,0,0,0,0,0,0,-,-,NA,NA,LOS ANGELES,SIGNAL HILL,-118.17633819580078,33.802635192871094
8823423,2019,2019-03-21,1900,2019-03-06,1225,281409,2915,3,5,4,1974,0,0,0,NA,0,291K2D,GRAND AV,LA PUENTE RD,540,N,N,B,C,N,NA,NA,NA,NA,NA,NA,NA,NA,NA,Y,4,0,1,3,A,-,03,22350,NA,N,C,C,A,B,H,-,A,-,0,NA,NA,NA,NA,Y,NA,A,01,0,0,1,0,0,0,0,0,0,-,-,NA,NA,LOS ANGELES,WALNUT,-117.83802032470705,34.03123092651367
8823431,2019,2019-03-21,1900,2019-03-04,1655,443554,2912,1,5,4,1974,0,0,0,NA,0,291K2,TEMPLE AV,BONITA AV,507,W,N,A,-,N,NA,NA,NA,NA,NA,NA,NA,NA,NA,Y,4,0,1,2,A,-,09,21804,A,N,D,C,A,A,H,-,A,D,0,NA,NA,NA,NA,Y,NA,A,01,0,0,1,0,0,0,0,0,0,-,-,34.04595947265625,-117.84178924560548,LOS ANGELES,WALNUT,-117.84169769287108,34.046043395996094
8823435,2019,2020-01-21,1900,2019-03-05,1805,520671,2928,2,5,5,1990,0,0,0,NA,0,292T1,LEMON AV,RT 60,0,NA,Y,C,-,Y,LA,7,60,-,R,22.233,R,4,E,Y,3,0,1,2,A,-,12,21453,A,N,D,C,A,B,H,-,C,A,0,NA,NA,NA,NA,Y,NA,A,07,0,1,0,0,0,0,0,0,0,-,EF,33.99863052368164,-117.85488128662108,LOS ANGELES,DIAMOND BAR,-117.8576431274414,33.99824142456055
8823441,2019,2019-03-25,1906,2019-02-27,2008,2896,NA,3,5,5,1906,0,0,0,NA,0,003,RAMONA BL,BOGART AV,0,NA,Y,C,-,N,NA,NA,NA,NA,NA,NA,NA,NA,NA,N,3,0,1,2,A,-,12,21453,A,N,D,C,A,B,H,-,C,A,0,NA,NA,NA,NA,Y,NA,A,07,0,1,0,0,0,0,0,0,0,-,-,NA,NA,LOS ANGELES,BALDWIN PARK,-117.95768737792967,34.087371826171875
8823443,2019,2019-03-19,1942,2019-02-20,2055,39939,0152,3,5,7,1942,0,0,0,A,0,1XL6,5TH ST,FLOWER ST,0,NA,Y,C,-,N,NA,NA,NA,NA,NA,NA,NA,NA,NA,N,4,0,1,2,A,-,10,21950,A,F,G,B,B,B,H,-,C,A,0,Y,NA,NA,NA,Y,NA,-,99,0,0,1,0,1,0,0,0,0,-,-,NA,NA,LOS ANGELES,LOS ANGELES,-118.25611114501952,34.051631927490234
8823445,2019,2019-03-25,1906,2019-02-28,0742,4431,NA,4,5,5,1906,0,0,0,NA,0,NA,FRANCISQUITO AV,ATHOL ST,0,NA,Y,B,-,N,NA,NA,NA,NA,NA,NA,NA,NA,NA,Y,3,0,2,2,A,-,09,21801,NA,N,D,C,A,B,H,-,A,D,0,NA,NA,NA,NA,Y,NA,A,01,0,1,1,0,0,0,0,0,0,-,-,NA,NA,LOS ANGELES,BALDWIN PARK,-117.98692321777344,34.077980041503906
8823447,2019,2019-03-27,1942,2019-02-28,2120,39876,0171,4,5,7,1942,0,0,0,A,0,24T31,FIGUEROA ST,9TH ST,336,S,N,A,-,N,NA,NA,NA,NA,NA,NA,NA,NA,NA,N,4,0,1,2,A,-,21,22106,NA,N,C,C,A,A,H,-,C,D,0,NA,NA,NA,NA,Y,NA,-,-,0,0,1,0,0,0,0,0,0,-,-,NA,NA,LOS ANGELES,LOS ANGELES,-118.26348876953124,34.04549789428711
8823451,2019,2019-03-20,1942,2019-02-22,1325,42430,0119,5,5,7,1942,0,0,0,A,0,1A1,N ALAMEDA ST,LOS ANGELES ST,12,N,N,A,-,N,NA,NA,NA,NA,NA,NA,NA,NA,NA,N,4,0,1,2,A,-,09,21804,A,N,G,B,A,A,H,-,A,A,0,NA,Y,NA,NA,Y,NA,L,04,0,0,1,0,0,0,1,0,0,-,-,NA,NA,LOS ANGELES,LOS ANGELES,-118.2375030517578,34.05617141723633
8823455,2019,2019-03-19,1942,2019-02-16,0220,42369,0139,6,5,7,1942,0,0,0,A,0,1A41,2ND ST,VIGNES ST,0,NA,Y,A,-,N,NA,NA,NA,NA,NA,NA,NA,NA,NA,N,4,0,1,2,A,-,03,22350,NA,N,C,C,A,B,H,-,C,D,0,NA,NA,NA,NA,Y,NA,A,01,0,0,1,0,0,0,0,0,0,-,-,NA,NA,LOS ANGELES,LOS ANGELES,-118.2339324951172,34.04716110229492
8823457,2019,2019-03-25,1941,2019-02-27,1508,5825,NA,3,5,7,1941,0,0,0,NA,0,NA,PALO VERDE,S RENDINA ST,250,S,N,B,-,N,NA,NA,NA,NA,NA,NA,NA,NA,NA,Y,3,0,2,2,A,-,08,22100,B,N,D,C,A,A,H,-,A,D,0,NA,NA,NA,NA,Y,NA,A,NA,0,1,1,0,0,0,0,0,0,-,-,NA,NA,LOS ANGELES,LONG BEACH,-118.10797882080078,33.78604507446289
8823459,2019,2019-03-27,1942,2019-02-14,0640,39428,0471,4,5,7,1942,0,0,0,D,0,4A15,MYERS ST,7TH ST,3,N,N,C,-,N,NA,NA,NA,NA,NA,NA,NA,NA,NA,N,4,0,1,2,A,-,10,21950,A,F,G,B,B,B,H,-,A,D,0,Y,NA,NA,NA,Y,NA,-,99,0,0,1,0,1,0,0,0,0,-,-,NA,NA,LOS ANGELES,LOS ANGELES,-118.2252197265625,34.03472900390625
8823461,2019,2019-03-25,1941,2019-02-19,1830,10937,NA,2,5,7,1941,0,0,0,NA,0,NA,WILLOW AV,ATLANTIC ST,0,NA,Y,C,-,N,NA,NA,NA,NA,NA,NA,NA,NA,NA,N,4,0,1,2,A,-,03,22350,NA,N,-,C,A,B,H,-,C,A,0,NA,NA,NA,NA,Y,NA,A,NA,0,0,1,0,0,0,0,0,0,-,-,NA,NA,LOS ANGELES,LONG BEACH,-118.18502807617188,33.804481506347656
8823463,2019,2019-03-27,1942,2019-02-13,1350,43068,0445,3,5,7,1942,0,0,0,D,0,4A78,KINGSTON,MARENGO ST,42,S,N,A,-,N,NA,NA,NA,NA,NA,NA,NA,NA,NA,N,4,0,1,2,A,-,09,21804,A,F,G,B,F,A,H,-,A,A,0,Y,NA,NA,NA,Y,NA,-,99,0,0,1,0,1,0,0,0,0,-,-,NA,NA,LOS ANGELES,LOS ANGELES,-118.20935821533205,34.057350158691406
8823467,2019,2019-03-20,1942,2019-02-04,1300,37695,0138,1,5,7,1942,0,0,0,A,0,1FB12,3RD ST,LOS ANGELES ST,0,NA,Y,C,-,N,NA,NA,NA,NA,NA,NA,NA,NA,NA,N,3,0,3,2,A,-,03,22350,NA,N,C,C,A,B,H,-,A,D,0,NA,NA,NA,NA,Y,NA,A,01,0,1,2,0,0,0,0,0,0,-,-,NA,NA,LOS ANGELES,LOS ANGELES,-118.24474334716795,34.04851150512695
8823471,2019,2019-03-20,1942,2019-02-13,2135,33130,1307,3,5,7,1942,0,0,0,M,0,13A9,EAST 7TH ST,CROCKER ST,78,W,N,C,-,N,NA,NA,NA,NA,NA,NA,NA,NA,NA,N,2,0,1,2,A,-,11,21955,NA,F,G,B,D,B,H,-,C,D,0,Y,NA,NA,NA,Y,NA,N,60,1,0,0,0,1,0,0,0,0,-,-,NA,NA,LOS ANGELES,LOS ANGELES,-118.24612426757813,34.04024887084961
8823475,2019,2019-03-19,1942,2019-02-11,1040,40008,0479,1,5,7,1942,0,0,0,D,0,4A97,PRADO ST,EAST 7TH ST,0,NA,Y,A,-,N,NA,NA,NA,NA,NA,NA,NA,NA,NA,N,4,0,1,2,A,-,09,21802,A,N,C,C,A,A,H,-,A,B,0,NA,NA,NA,NA,Y,NA,A,01,0,0,1,0,0,0,0,0,0,-,-,NA,NA,LOS ANGELES,LOS ANGELES,-118.19284057617188,34.02111053466797
8823479,2019,2019-03-19,1942,2019-02-10,0001,39062,1346,7,5,7,1942,0,0,0,M,0,13A27,E VERNON AV,COMPTON AV,0,NA,Y,B,-,N,NA,NA,NA,NA,NA,NA,NA,NA,NA,Y,3,0,2,2,A,-,01,23152,A,N,C,C,A,B,H,-,C,D,0,NA,NA,NA,NA,Y,Y,A,07,0,1,1,0,0,0,0,0,0,-,-,NA,NA,LOS ANGELES,LOS ANGELES,-118.24774169921876,34.00389862060547
8823487,2019,2019-03-19,1942,2019-02-13,2115,35291,0412,3,5,7,1942,0,0,0,D,0,4A3,E AVENUE 26,PASADENA AV,147,N,N,C,-,N,NA,NA,NA,NA,NA,NA,NA,NA,NA,N,4,0,1,2,A,-,01,23152,A,N,D,C,A,B,H,-,C,D,0,NA,NA,NA,NA,Y,Y,A,01,0,0,1,0,0,0,0,0,0,-,-,NA,NA,LOS ANGELES,LOS ANGELES,-118.21571350097656,34.076499938964844
8823491,2019,2019-03-27,1942,2019-02-10,1230,31152,0477,7,5,7,1942,0,0,0,D,0,4A71,WHITTIER BL,SOTO ST,120,E,N,B,-,N,NA,NA,NA,NA,NA,NA,NA,NA,NA,N,3,0,1,2,A,-,09,21804,A,F,H,A,A,A,H,-,A,D,0,NA,NA,Y,NA,Y,NA,-,-,0,1,0,0,0,0,0,0,1,-,-,NA,NA,LOS ANGELES,LOS ANGELES,-118.2153549194336,34.034210205078125
8823493,2019,2019-03-25,1906,2019-02-19,1354,4431,NA,2,5,5,1906,0,0,0,NA,0,NA,VINELAND AV,BADILLO ST,14,S,N,C,-,N,NA,NA,NA,NA,NA,NA,NA,NA,NA,N,4,0,1,2,A,-,03,22350,NA,N,C,C,A,B,H,-,A,A,0,NA,NA,NA,NA,Y,NA,A,08,0,0,1,0,0,0,0,0,0,-,-,NA,NA,LOS ANGELES,BALDWIN PARK,-117.95233917236328,34.08732223510742
8823495,2019,2019-03-19,1942,2019-02-14,1030,37505,0404,4,5,7,1942,0,0,0,D,0,4A3,MONTEREY RD,VIA MARISOL,0,NA,Y,C,-,N,NA,NA,NA,NA,NA,NA,NA,NA,NA,N,4,0,1,2,A,-,10,21950,A,N,B,B,B,B,H,-,A,B,0,Y,NA,NA,NA,Y,NA,A,01,0,0,1,0,1,0,0,0,0,-,-,NA,NA,LOS ANGELES,LOS ANGELES,-118.19017791748048,34.093650817871094
8823497,2019,2019-03-22,1925,2019-02-28,0252,22783,118,4,5,6,1925,0,0,0,NA,0,005,HONOLULU AV,NEW YORK AV,424,W,N,B,C,N,NA,NA,NA,NA,NA,NA,NA,NA,NA,Y,3,0,1,2,A,-,08,22107,NA,N,A,E,A,B,H,-,C,-,0,NA,NA,NA,NA,Y,NA,A,01,0,1,0,0,0,0,0,0,0,-,-,NA,NA,LOS ANGELES,GLENDALE,-118.25424194335938,34.223915100097656
8823499,2019,2019-03-19,1942,2019-02-18,1715,34426,0462,1,5,7,1942,0,0,0,D,0,4A71,BOYLE AV,HOLLENBECK DR,90,N,N,A,-,N,NA,NA,NA,NA,NA,NA,NA,NA,NA,Y,4,0,1,1,A,-,03,22350,NA,N,E,-,A,A,H,-,A,D,0,NA,NA,NA,NA,Y,NA,A,07,0,0,1,0,0,0,0,0,0,-,-,NA,NA,LOS ANGELES,LOS ANGELES,-118.21949005126952,34.03805923461914
8823501,2019,2019-03-22,1925,2019-02-26,0858,21057,150,2,5,6,1925,0,0,0,NA,0,004,VERDUGO RD,CIVIC AUDITORIUM,260,S,N,A,-,N,NA,NA,NA,NA,NA,NA,NA,NA,NA,Y,3,0,1,3,A,-,07,21658,A,M,F,-,A,A,H,-,A,D,0,NA,NA,NA,NA,Y,NA,-,99,0,1,0,0,0,0,0,0,0,-,-,NA,NA,LOS ANGELES,GLENDALE,-118.23135375976564,34.1660041809082
8823503,2019,2019-03-19,1942,2019-02-26,0900,37437,0192,2,5,7,1942,0,0,0,A,0,31MQ43,FIGUEROA ST,WASHINGTON BL,200,N,N,A,-,N,NA,NA,NA,NA,NA,NA,NA,NA,NA,N,4,0,1,2,A,-,07,21658,A,N,B,C,A,A,H,-,A,D,0,NA,NA,NA,NA,Y,NA,A,01,0,0,1,0,0,0,0,0,0,-,-,NA,NA,LOS ANGELES,LOS ANGELES,-118.27174377441406,34.03487014770508