CASE_ID,ACCIDENT_YEAR,PROC_DATE,JURIS,COLLISION_DATE,COLLISION_TIME,OFFICER_ID,REPORTING_DISTRICT,DAY_OF_WEEK,CHP_SHIFT,POPULATION,CNTY_CITY_LOC,SPECIAL_COND,BEAT_TYPE,CHP_BEAT_TYPE,CITY_DIVISION_LAPD,CHP_BEAT_CLASS,BEAT_NUMBER,PRIMARY_RD,SECONDARY_RD,DISTANCE,DIRECTION,INTERSECTION,WEATHER_1,WEATHER_2,STATE_HWY_IND,CALTRANS_COUNTY,CALTRANS_DISTRICT,STATE_ROUTE,ROUTE_SUFFIX,POSTMILE_PREFIX,POSTMILE,LOCATION_TYPE,RAMP_INTERSECTION,SIDE_OF_HWY,TOW_AWAY,COLLISION_SEVERITY,NUMBER_KILLED,NUMBER_INJURED,PARTY_COUNT,PRIMARY_COLL_FACTOR,PCF_CODE_OF_VIOL,PCF_VIOL_CATEGORY,PCF_VIOLATION,PCF_VIOL_SUBSECTION,HIT_AND_RUN,TYPE_OF_COLLISION,MVIW,PED_ACTION,ROAD_SURFACE,ROAD_COND_1,ROAD_COND_2,LIGHTING,CONTROL_DEVICE,CHP_ROAD_TYPE,PEDESTRIAN_ACCIDENT,BICYCLE_ACCIDENT,MOTORCYCLE_ACCIDENT,TRUCK_ACCIDENT,NOT_PRIVATE_PROPERTY,ALCOHOL_INVOLVED,STWD_VEHTYPE_AT_FAULT,CHP_VEHTYPE_AT_FAULT,COUNT_SEVERE_INJ,COUNT_VISIBLE_INJ,COUNT_COMPLAINT_PAIN,COUNT_PED_KILLED,COUNT_PED_INJURED,COUNT_BICYCLIST_KILLED,COUNT_BICYCLIST_INJURED,COUNT_MC_KILLED,COUNT_MC_INJURED,PRIMARY_RAMP,SECONDARY_RAMP,LATITUDE,LONGITUDE,COUNTY,CITY,POINT_X,POINT_Y
8823505,2019,2019-03-22,1925,2019-02-28,1231,22249,265,4,5,6,1925,0,0,0,NA,0,003,COLORADO BL,BRAND BL,16,E,N,A,-,N,NA,NA,NA,NA,NA,NA,NA,NA,NA,N,4,0,1,2,A,-,10,21950,A,N,G,B,B,A,H,-,A,A,0,Y,NA,NA,NA,Y,NA,A,07,0,0,1,0,1,0,0,0,0,-,-,NA,NA,LOS ANGELES,GLENDALE,-118.25505065917967,34.14255905151367
8823507,2019,2019-04-11,1942,2019-02-25,1705,40099,0162,1,5,7,1942,0,0,0,A,0,1A61,W 7TH ST,FLOWER ST,15,W,N,A,-,N,NA,NA,NA,NA,NA,NA,NA,NA,NA,N,4,0,1,2,A,-,09,21801,A,N,H,G,A,A,H,-,A,A,0,NA,Y,NA,NA,Y,NA,A,01,0,0,1,0,0,0,1,0,0,-,-,NA,NA,LOS ANGELES,LOS ANGELES,-118.25881958007813,34.0487174987793
8823509,2019,2019-03-22,1925,2019-02-26,1041,19167,222,2,5,6,1925,0,0,0,NA,0,002,CENTRAL AV,LEXINGTON DR,0,NA,Y,B,-,N,NA,NA,NA,NA,NA,NA,NA,NA,NA,Y,4,0,2,2,A,-,12,21453,A,N,D,C,A,A,H,-,A,A,0,NA,NA,NA,NA,Y,NA,A,08,0,0,2,0,0,0,0,0,0,-,-,NA,NA,LOS ANGELES,GLENDALE,-118.25791168212892,34.15169906616211
8823511,2019,2019-03-19,1942,2019-02-19,0918,42932,0101,2,5,7,1942,0,0,0,A,0,1A1,SUNSET BL,WHITE KNOLL DR,10,E,N,A,-,N,NA,NA,NA,NA,NA,NA,NA,NA,NA,N,4,0,1,3,A,-,09,21801,A,N,D,C,A,A,H,-,A,D,0,NA,NA,NA,NA,Y,NA,A,01,0,0,1,0,0,0,0,0,0,-,-,NA,NA,LOS ANGELES,LOS ANGELES,-118.2497329711914,34.06681442260742
8823513,2019,2019-03-22,1925,2019-02-25,1257,14676,279,1,5,6,1925,0,0,0,NA,0,NA,GLENDALE AV,CHEVY CHASE,40,S,N,A,-,N,NA,NA,NA,NA,NA,NA,NA,NA,NA,N,4,0,1,2,A,-,03,22350,NA,N,C,C,A,A,H,-,A,A,0,NA,NA,NA,NA,Y,NA,A,07,0,0,1,0,0,0,0,0,0,-,-,NA,NA,LOS ANGELES,GLENDALE,-118.25200653076172,34.1334114074707
8823515,2019,2019-03-19,1942,2019-02-22,0710,42876,0139,5,5,7,1942,0,0,0,A,0,1A29,3RD ST,ALAMEDA ST,8,S,N,A,-,N,NA,NA,NA,NA,NA,NA,NA,NA,NA,N,2,0,1,2,A,-,10,21950,A,N,G,-,B,A,H,-,A,D,0,Y,NA,NA,NA,Y,NA,A,01,1,0,0,0,1,0,0,0,0,-,-,NA,NA,LOS ANGELES,LOS ANGELES,-118.23806762695313,34.0455322265625
8823519,2019,2019-03-19,1942,2019-02-19,0730,38050,0192,2,5,7,1942,0,0,0,A,0,1A61,S HILL ST,W VENICE BL,0,NA,Y,A,-,N,NA,NA,NA,NA,NA,NA,NA,NA,NA,Y,3,0,1,2,A,-,12,21453,A,F,D,C,A,A,H,-,A,D,0,NA,NA,NA,NA,Y,NA,A,08,0,1,0,0,0,0,0,0,0,-,-,NA,NA,LOS ANGELES,LOS ANGELES,-118.26455688476564,34.03472137451172
8823524,2019,2019-03-19,1942,2019-02-25,1710,33950,1303,1,5,7,1942,0,0,0,M,0,13A13,E 9TH PL,SAN PEDRO ST,5,E,N,A,-,N,NA,NA,NA,NA,NA,NA,NA,NA,NA,N,3,0,1,2,A,-,05,21650,1,N,H,G,A,A,H,-,A,A,0,NA,Y,NA,NA,Y,NA,L,04,0,1,0,0,0,0,1,0,0,-,-,NA,NA,LOS ANGELES,LOS ANGELES,-118.25103759765624,34.03664016723633
8823528,2019,2019-03-19,1942,2019-02-13,1240,32973,0122,3,5,7,1942,0,0,0,A,0,1A1,W TEMPLE ST,DEWAP RD,0,NA,Y,B,-,N,NA,NA,NA,NA,NA,NA,NA,NA,NA,N,4,0,2,2,A,-,09,21801,A,N,D,C,A,A,H,-,A,A,0,NA,NA,NA,NA,Y,NA,A,01,0,0,2,0,0,0,0,0,0,-,-,NA,NA,LOS ANGELES,LOS ANGELES,-118.24835968017578,34.05976104736328
8823532,2019,2019-03-19,1942,2019-02-23,0835,31713,1353,6,5,7,1942,0,0,0,M,0,13A43,AVALON BL,43RD ST,100,S,N,A,-,N,NA,NA,NA,NA,NA,NA,NA,NA,NA,N,4,0,1,2,A,-,03,22350,NA,N,C,C,A,A,H,-,A,D,0,NA,NA,NA,NA,Y,NA,A,07,0,0,1,0,0,0,0,0,0,-,-,NA,NA,LOS ANGELES,LOS ANGELES,-118.26526641845705,34.00540542602539
8823536,2019,2019-03-19,1942,2019-02-24,1630,34458,1383,7,5,7,1942,0,0,0,M,0,13A85,S SAN PEDRO ST,E 59TH PL,0,NA,Y,A,-,N,NA,NA,NA,NA,NA,NA,NA,NA,NA,N,3,0,1,2,A,-,06,21760,B,N,H,G,A,A,H,-,A,D,0,NA,Y,NA,NA,Y,NA,A,07,0,1,0,0,0,0,1,0,0,-,-,NA,NA,LOS ANGELES,LOS ANGELES,-118.26959228515624,33.986061096191406
8823540,2019,2019-03-19,1942,2019-02-06,0750,32973,1303,3,5,7,1942,0,0,0,M,0,13A13,E OLYMPIC BL,S CENTRAL AV,0,NA,Y,A,-,N,NA,NA,NA,NA,NA,NA,NA,NA,NA,N,3,0,1,2,A,-,09,21801,A,N,D,G,A,A,H,-,A,A,0,NA,Y,NA,NA,Y,NA,A,07,0,1,0,0,0,0,1,0,0,-,-,NA,NA,LOS ANGELES,LOS ANGELES,-118.2441635131836,34.032039642333984
8823543,2019,2019-03-19,1941,2019-02-27,2010,11244,NA,3,5,7,1941,0,0,0,NA,0,NA,PACIFIC AV,14TH ST,190,N,N,A,-,N,NA,NA,NA,NA,NA,NA,NA,NA,NA,Y,4,0,1,2,A,-,08,22107,NA,N,D,C,A,A,H,-,C,D,0,NA,NA,NA,NA,Y,NA,A,NA,0,0,1,0,0,0,0,0,0,-,-,NA,NA,LOS ANGELES,LONG BEACH,-118.1937255859375,33.78444290161133
8823544,2019,2019-03-19,1942,2019-02-18,1750,34458,1309,1,5,7,1942,0,0,0,M,0,13A9,S SANTA FE AV,PORTER ST,4,N,N,A,-,N,NA,NA,NA,NA,NA,NA,NA,NA,NA,N,4,0,1,2,A,-,08,22100,A,F,B,C,A,A,H,-,C,D,0,NA,NA,NA,NA,Y,NA,-,99,0,0,1,0,0,0,0,0,0,-,-,NA,NA,LOS ANGELES,LOS ANGELES,-118.22992706298828,34.026649475097656
8823548,2019,2019-03-19,1942,2019-02-25,1920,33130,0135,1,5,7,1942,0,0,0,A,0,1A35,4TH ST,SPRING ST,10,W,N,A,-,N,NA,NA,NA,NA,NA,NA,NA,NA,NA,N,3,0,1,2,A,-,09,21804,A,N,D,G,A,A,H,-,C,D,0,NA,Y,NA,NA,Y,NA,A,01,0,1,0,0,0,0,1,0,0,-,-,NA,NA,LOS ANGELES,LOS ANGELES,-118.2483367919922,34.04885482788086
8823556,2019,2019-05-21,1941,2019-02-22,2209,10842,NA,5,5,7,1941,0,0,0,NA,0,NA,ATLANTIC AV,RT 405,0,NA,Y,A,-,Y,LA,7,405,-,-,6.172,R,4,S,Y,4,0,3,2,-,-,-,NA,NA,N,A,C,A,A,H,-,C,A,0,NA,NA,NA,NA,Y,NA,-,-,0,0,3,0,0,0,0,0,0,-,SF,NA,NA,LOS ANGELES,LONG BEACH,-118.18660736083984,33.815792083740234
8823572,2019,2019-03-19,1942,2019-02-11,1645,33950,0478,1,5,7,1942,0,0,0,D,0,4A97,WHITTIER BL,DACOTAH ST,0,NA,Y,A,-,N,NA,NA,NA,NA,NA,NA,NA,NA,NA,Y,4,0,3,4,A,-,03,22350,NA,F,C,C,A,A,H,-,C,D,0,NA,NA,NA,NA,Y,NA,-,99,0,0,3,0,0,0,0,0,0,-,-,NA,NA,LOS ANGELES,LOS ANGELES,-118.2064971923828,34.03025817871094
8823576,2019,2019-03-19,1942,2019-02-07,0620,47505,0497,4,5,7,1942,0,0,0,D,0,4A97,S SOTO ST,EAST WASHINGTON BL,0,NA,Y,A,-,N,NA,NA,NA,NA,NA,NA,NA,NA,NA,Y,4,0,1,2,D,-,00,NA,NA,N,D,C,A,A,H,-,A,B,0,NA,NA,NA,NA,Y,NA,-,-,0,0,1,0,0,0,0,0,0,-,-,NA,NA,LOS ANGELES,LOS ANGELES,-118.22004699707033,34.01728820800781
8823580,2019,2019-03-19,1942,2019-02-14,1520,40099,0422,4,5,7,1942,0,0,0,D,0,4A15,N BROADWAY,EASTLAKE AV,2,E,N,A,-,N,NA,NA,NA,NA,NA,NA,NA,NA,NA,N,4,0,2,3,A,-,09,21804,A,N,B,C,A,A,H,-,A,D,0,NA,NA,NA,NA,Y,NA,A,01,0,0,2,0,0,0,0,0,0,-,-,NA,NA,LOS ANGELES,LOS ANGELES,-118.20783233642578,34.07374954223633
8823584,2019,2019-03-19,1941,2019-02-27,2122,6066,NA,3,5,7,1941,0,0,0,NA,0,NA,ANAHEIM ST,OBISPO AV,0,NA,Y,A,-,N,NA,NA,NA,NA,NA,NA,NA,NA,NA,Y,4,0,1,2,A,-,09,21801,A,N,B,C,A,A,H,-,C,A,0,NA,NA,NA,NA,Y,NA,A,NA,0,0,1,0,0,0,0,0,0,-,-,NA,NA,LOS ANGELES,LONG BEACH,-118.1545867919922,33.78260040283203
8823588,2019,2019-03-19,1941,2019-02-28,1341,5615,NA,4,5,7,1941,0,0,0,NA,0,NA,CLARK AV,HARVEY WY,0,NA,Y,A,-,N,NA,NA,NA,NA,NA,NA,NA,NA,NA,Y,4,0,2,2,A,-,12,21453,A,N,D,C,A,A,H,-,A,A,0,NA,NA,NA,NA,Y,NA,A,NA,0,0,2,0,0,0,0,0,0,-,-,NA,NA,LOS ANGELES,LONG BEACH,-118.13385009765624,33.83612060546875
8823591,2019,2019-03-19,1942,2019-02-27,1645,33294,1776,3,5,7,1942,0,0,0,Q,0,17A95,LASSEN ST,MONOGRAM AV,6,W,N,B,-,N,NA,NA,NA,NA,NA,NA,NA,NA,NA,Y,3,0,1,2,A,-,07,21658,A,F,H,A,A,A,H,-,A,A,0,NA,NA,NA,NA,Y,NA,-,99,0,1,0,0,0,0,0,0,0,-,-,NA,NA,LOS ANGELES,LOS ANGELES,-118.4921417236328,34.25019073486328
8823592,2019,2019-04-04,1941,2019-02-22,2312,10559,NA,5,5,7,1941,0,0,0,NA,0,NA,DEL AMO BL,OREGON,1122,W,N,A,-,N,NA,NA,NA,NA,NA,NA,NA,NA,NA,N,3,0,1,2,A,-,00,20001,NA,F,B,G,A,A,H,-,C,D,0,NA,Y,NA,NA,Y,NA,A,NA,0,1,0,0,0,0,1,0,0,-,-,NA,NA,LOS ANGELES,LONG BEACH,-118.20394134521484,33.8466911315918
8823596,2019,2019-05-23,1941,2019-02-21,2300,11239,NA,4,5,7,1941,0,0,0,NA,0,NA,ATLANTIC AV,RT 1,0,NA,Y,A,-,Y,LA,7,1,-,-,6.021,I,5,N,N,4,0,1,2,A,-,00,16025,A,N,D,J,A,A,H,-,C,A,0,NA,NA,Y,NA,Y,NA,A,NA,0,0,1,0,0,0,0,0,1,-,-,NA,NA,LOS ANGELES,LONG BEACH,-118.18518829345705,33.7899169921875
8823600,2019,2019-03-19,1941,2019-02-23,1438,5695,NA,6,5,7,1941,0,0,0,NA,0,NA,PALO VERDE AV,SPRING ST,0,NA,Y,A,-,N,NA,NA,NA,NA,NA,NA,NA,NA,NA,Y,3,0,1,2,A,-,09,21801,A,N,A,C,A,A,H,-,A,A,0,NA,NA,NA,NA,Y,NA,A,NA,0,1,0,0,0,0,0,0,0,-,-,NA,NA,LOS ANGELES,LONG BEACH,-118.1078872680664,33.810550689697266
8823607,2019,2019-04-02,1900,2019-02-09,1820,546255,0631,6,5,6,1985,0,0,0,NA,0,61A,SOLEDAD CANYON RD,MISS GRACE DR,15,W,N,A,-,N,NA,NA,NA,NA,NA,NA,NA,NA,NA,Y,4,0,2,2,A,-,09,21801,A,N,D,C,A,A,H,-,C,D,0,NA,NA,NA,NA,Y,NA,A,07,0,0,2,0,0,0,0,0,0,-,-,34.42396926879883,-118.43234252929688,LOS ANGELES,SANTA CLARITA,-118.43253326416016,34.423912048339844
8823620,2019,2019-03-22,1900,2019-03-12,0720,281409,2911,2,5,4,1974,0,0,0,NA,0,291K2D,GRAND AV,AMAR RD,468,N,N,A,-,N,NA,NA,NA,NA,NA,NA,NA,NA,NA,Y,3,0,2,2,A,-,09,21801,A,N,B,C,A,A,H,-,A,D,0,NA,NA,NA,NA,Y,NA,D,22,0,2,0,0,0,0,0,0,0,-,-,NA,NA,LOS ANGELES,WALNUT,-117.8486328125,34.04411315917969
8823638,2019,2019-04-03,1906,2019-03-04,0859,1791,1906,1,5,5,1906,0,0,0,NA,0,003,MERCED AV,VINELAND AV,0,NA,Y,A,-,N,NA,NA,NA,NA,NA,NA,NA,NA,NA,Y,4,0,1,2,D,-,00,NA,NA,N,D,C,A,A,H,-,A,A,0,NA,NA,NA,NA,Y,NA,-,-,0,0,1,0,0,0,0,0,0,-,-,NA,NA,LOS ANGELES,BALDWIN PARK,-117.96505737304688,34.07527160644531
8823639,2019,2019-04-02,1900,2019-02-25,1640,614034,0642,1,5,6,1985,0,0,0,NA,0,64T1,MCBEAN PKWY,BRIDGEPORT LN,200,N,N,A,-,N,NA,NA,NA,NA,NA,NA,NA,NA,NA,N,4,0,1,2,A,-,04,21703,NA,N,C,C,A,A,H,-,A,D,0,NA,NA,NA,NA,Y,NA,A,07,0,0,1,0,0,0,0,0,0,-,-,34.42776870727539,-118.56053924560548,LOS ANGELES,SANTA CLARITA,-118.56064605712892,34.42783737182617
8823642,2019,2019-04-24,1906,2019-03-05,0720,1791,1906,2,5,5,1906,0,0,0,NA,0,002,COMMERCE DR,RIVERGRADE RD,25,E,N,A,-,N,NA,NA,NA,NA,NA,NA,NA,NA,NA,Y,4,0,1,2,A,-,08,22107,NA,N,B,C,A,A,H,-,A,A,0,NA,NA,NA,NA,Y,NA,A,01,0,0,1,0,0,0,0,0,0,-,-,NA,NA,LOS ANGELES,BALDWIN PARK,-117.98143005371094,34.10109329223633
8823643,2019,2019-04-02,1900,2019-02-25,1640,437456,0637,1,5,6,1985,0,0,0,NA,0,61T1,VIA PRINCESSA,JASON DR,0,NA,Y,A,-,N,NA,NA,NA,NA,NA,NA,NA,NA,NA,Y,4,0,1,2,D,-,00,NA,NA,N,B,C,A,A,H,-,A,A,0,NA,NA,Y,NA,Y,NA,-,-,0,0,1,0,0,0,0,0,1,-,-,34.40314865112305,-118.45664215087892,LOS ANGELES,SANTA CLARITA,-118.45648956298828,34.40317153930664
8823648,2019,2019-03-27,1924,2019-01-14,2241,80431,8,1,5,5,1924,0,0,0,NA,0,8T3,135TH ST,WESTERN AV,253,E,N,A,-,N,NA,NA,NA,NA,NA,NA,NA,NA,NA,Y,4,0,1,2,A,-,09,21804,A,N,B,C,A,B,H,-,D,D,0,NA,NA,NA,Y,Y,Y,F,21,0,0,1,0,0,0,0,0,0,-,-,33.90911865234375,-118.30911254882813,LOS ANGELES,GARDENA,-118.30828857421876,33.9091796875
8823651,2019,2019-04-02,1900,2019-02-11,1640,459717,0611,1,5,6,1985,0,0,0,NA,0,61T1,SOLEDAD CANYON RD,LANGSIDE AV,22,E,N,A,-,N,NA,NA,NA,NA,NA,NA,NA,NA,NA,Y,4,0,1,2,A,-,21,22106,NA,N,C,C,A,A,H,-,A,A,0,NA,NA,NA,NA,Y,NA,D,22,0,0,1,0,0,0,0,0,0,-,-,34.420650482177734,-118.48458862304688,LOS ANGELES,SANTA CLARITA,-118.48464965820313,34.42052459716797
8823656,2019,2019-03-25,1924,2019-01-18,1506,80289,32,5,5,5,1924,0,0,0,NA,0,8L4D,WESTERN AV,154TH PL,0,NA,Y,A,-,N,NA,NA,NA,NA,NA,NA,NA,NA,NA,Y,3,0,2,2,A,-,09,21801,A,N,A,C,A,A,H,-,A,D,0,NA,NA,NA,NA,Y,NA,D,22,0,2,0,0,0,0,0,0,0,-,-,33.89104080200195,-118.3091278076172,LOS ANGELES,GARDENA,-118.30915069580078,33.89099884033203
8823660,2019,2019-03-25,1924,2019-01-19,1154,80382,G2,6,5,5,1924,0,0,0,NA,0,8METRO,WESTERN AV,EL SEGUNDO BL,8,S,N,A,-,N,NA,NA,NA,NA,NA,NA,NA,NA,NA,Y,4,0,1,1,A,-,03,22350,NA,N,E,I,A,A,H,-,A,A,0,NA,NA,NA,NA,Y,NA,D,22,0,0,1,0,0,0,0,0,0,-,-,33.916439056396484,-118.30908966064452,LOS ANGELES,GARDENA,-118.30908203125,33.91641616821289
8823670,2019,2019-04-19,1906,2019-03-01,1907,4410,NA,5,5,5,1906,0,0,0,NA,0,003,PACIFIC AV,VINELAND AV,12,W,N,A,-,N,NA,NA,NA,NA,NA,NA,NA,NA,NA,Y,4,0,1,4,A,-,12,21453,A,N,D,C,A,A,H,-,C,A,0,NA,NA,NA,NA,Y,NA,A,01,0,0,1,0,0,0,0,0,0,-,-,NA,NA,LOS ANGELES,BALDWIN PARK,-117.95713806152344,34.08278274536133
8823693,2019,2019-03-27,1900,2019-03-05,1655,546256,0530,2,5,5,1959,0,0,0,NA,0,53T1PM,MISSION DR,WALNUT GROVE AV,0,NA,Y,A,-,N,NA,NA,NA,NA,NA,NA,NA,NA,NA,Y,3,0,2,2,A,-,09,21801,A,N,D,C,A,A,H,-,A,A,0,NA,NA,NA,NA,Y,NA,A,01,0,2,0,0,0,0,0,0,0,-,-,34.08774185180664,-118.0821533203125,LOS ANGELES,ROSEMEAD,-118.08213043212892,34.08776092529297
8823695,2019,2019-03-20,1941,2019-02-27,1803,10764,NA,3,5,7,1941,0,0,0,NA,0,NA,ANAHEIM ST,GAVIOTA AV,0,NA,Y,A,-,N,NA,NA,NA,NA,NA,NA,NA,NA,NA,Y,4,0,1,2,D,-,00,NA,NA,N,G,B,B,A,H,-,C,B,0,Y,NA,NA,NA,Y,NA,-,-,0,0,1,0,1,0,0,0,0,-,-,NA,NA,LOS ANGELES,LONG BEACH,-118.17095184326172,33.78261184692383
8823703,2019,2019-03-20,1975,2019-02-23,1353,442,CITRU,6,5,6,1975,0,0,0,NA,0,004,STUART AV,LARK ELLEN AV,201,E,N,A,-,N,NA,NA,NA,NA,NA,NA,NA,NA,NA,Y,3,0,1,1,A,-,01,23152,A,N,A,I,A,A,H,-,A,D,0,NA,NA,NA,NA,Y,Y,-,NA,0,1,0,0,0,0,0,0,0,-,-,NA,NA,LOS ANGELES,WEST COVINA,-117.9160385131836,34.06840896606445
8823707,2019,2019-03-20,1942,2019-02-22,1530,34426,1343,5,5,7,1942,0,0,0,M,0,13A43,40TH PL,PALOMA ST,20,W,N,A,-,N,NA,NA,NA,NA,NA,NA,NA,NA,NA,N,4,0,1,2,A,-,03,22350,NA,N,D,E,A,A,H,-,A,D,0,NA,NA,NA,NA,Y,NA,A,01,0,0,1,0,0,0,0,0,0,-,-,NA,NA,LOS ANGELES,LOS ANGELES,-118.26207733154295,34.01017379760742
8823709,2019,2019-04-09,1900,2019-03-01,1255,434049,0532,5,5,5,1959,0,0,0,NA,0,53T1AM,GARVEY AV,KELBURN AV,0,NA,Y,B,-,N,NA,NA,NA,NA,NA,NA,NA,NA,NA,N,3,0,1,2,A,-,12,21453,A,N,D,C,A,A,H,-,A,A,0,NA,NA,NA,NA,Y,NA,-,-,0,1,0,0,0,0,0,0,0,-,-,34.062599182128906,-118.09465026855467,LOS ANGELES,ROSEMEAD,-118.09465789794922,34.06264114379883
8823711,2019,2019-03-28,1941,2019-02-27,1805,10847,NA,3,5,7,1941,0,0,0,NA,0,NA,REDONDO AV,HILL ST,0,NA,Y,A,-,N,NA,NA,NA,NA,NA,NA,NA,NA,NA,Y,4,0,1,2,-,-,-,NA,NA,N,B,C,A,A,H,-,C,A,0,NA,NA,NA,NA,Y,NA,-,-,0,0,1,0,0,0,0,0,0,-,-,NA,NA,LOS ANGELES,LONG BEACH,-118.1513900756836,33.797119140625
8823731,2019,2019-05-14,1900,2019-02-08,1805,615165,0633,5,5,6,1985,0,0,0,NA,0,63T1,SIERRA HWY,SOLEDAD CANYON RD,737,S,N,A,-,N,NA,NA,NA,NA,NA,NA,NA,NA,NA,Y,4,0,1,2,A,-,09,21804,A,N,D,C,A,A,H,-,C,D,0,NA,NA,NA,NA,Y,NA,D,22,0,0,1,0,0,0,0,0,0,-,-,34.414398193359375,-118.45680236816406,LOS ANGELES,SANTA CLARITA,-118.45686340332033,34.414485931396484
8823745,2019,2019-03-22,1942,2019-03-06,1415,36733,1916,3,5,7,1942,0,0,0,NA,0,19A7,HUBBARD ST,BORDEN AV,0,NA,Y,C,-,N,NA,NA,NA,NA,NA,NA,NA,NA,NA,Y,4,0,1,2,A,-,05,21650,NA,F,B,C,A,B,H,-,A,A,0,NA,NA,NA,NA,Y,NA,-,99,0,0,1,0,0,0,0,0,0,-,-,NA,NA,LOS ANGELES,LOS ANGELES,-118.43624877929688,34.30213928222656
8823749,2019,2019-03-25,1942,2019-03-02,1015,33886,1981,6,5,7,1942,0,0,0,NA,0,19A61,SEPULVEDA BL,ROSCOE BL,800,S,N,C,-,N,NA,NA,NA,NA,NA,NA,NA,NA,NA,Y,4,0,1,6,A,-,03,22350,NA,N,B,C,A,B,H,-,A,D,0,NA,NA,NA,NA,Y,NA,A,01,0,0,1,0,0,0,0,0,0,-,-,NA,NA,LOS ANGELES,LOS ANGELES,-118.4670639038086,34.21929168701172
8823753,2019,2019-03-22,1942,2019-03-01,1855,38183,1901,5,5,7,1942,0,0,0,NA,0,19A1,FOOTHILL BL,SIERRA HWY,2545,S,N,A,-,N,NA,NA,NA,NA,NA,NA,NA,NA,NA,N,4,0,2,3,A,-,03,22350,NA,N,C,C,A,A,H,-,C,D,0,NA,NA,NA,NA,Y,NA,A,01,0,0,2,0,0,0,0,0,0,-,-,NA,NA,LOS ANGELES,LOS ANGELES,-118.50231170654295,34.327693939208984
8823757,2019,2019-03-22,1942,2019-03-02,1036,27260,1981,6,5,7,1942,0,0,0,NA,0,19A61,ORION AV,RODCOE BL,0,NA,Y,C,-,N,NA,NA,NA,NA,NA,NA,NA,NA,NA,N,4,0,1,3,A,-,12,21453,A,N,D,C,A,B,H,-,A,A,0,NA,NA,NA,NA,Y,NA,A,01,0,0,1,0,0,0,0,0,0,-,-,NA,NA,LOS ANGELES,LOS ANGELES,-118.47209,34.22138
8823802,2019,2019-04-15,1942,2019-02-23,1110,41090,LAPD,6,5,7,1942,0,0,0,NA,0,MISSIO,VAN NUYS BL,VESPER AV,0,NA,Y,A,-,N,NA,NA,NA,NA,NA,NA,NA,NA,NA,Y,4,0,1,2,A,-,-,NA,NA,N,-,C,A,A,H,-,A,-,0,NA,NA,NA,NA,Y,NA,-,NA,0,0,1,0,0,0,0,0,0,-,-,NA,NA,LOS ANGELES,LOS ANGELES,-118.45025634765624,34.244598388671875
8823805,2019,2019-03-26,1942,2019-01-17,1820,33130,1307,4,5,7,1942,0,0,0,M,0,13A9,EAST 7TH ST,S ALAMEDA ST,0,NA,Y,A,-,N,NA,NA,NA,NA,NA,NA,NA,NA,NA,N,3,0,1,2,A,-,11,21955,NA,F,G,B,D,A,H,-,B,D,0,Y,NA,NA,NA,Y,Y,N,60,0,1,0,0,1,0,0,0,0,-,-,NA,NA,LOS ANGELES,LOS ANGELES,-118.23863983154295,34.03504943847656
8823810,2019,2019-03-21,1942,2019-02-24,0310,41984,1979,7,5,7,1942,0,0,0,NA,0,19X5,SHARP AV,WENTWORTH ST,500,N,N,A,-,N,NA,NA,NA,NA,NA,NA,NA,NA,NA,N,3,0,3,3,A,-,03,22350,NA,N,C,-,A,A,H,-,C,D,0,NA,NA,NA,NA,Y,Y,A,01,0,3,0,0,0,0,0,0,0,-,-,NA,NA,LOS ANGELES,LOS ANGELES,-118.41448974609376,34.23655700683594
8823814,2019,2019-03-21,1942,2019-02-27,0920,39217,2175,3,5,7,1942,0,0,0,NA,0,21A73,VENTURA BL,SHOUP AV,60,W,N,A,-,N,NA,NA,NA,NA,NA,NA,NA,NA,NA,Y,4,0,1,2,A,-,07,21658,A,N,B,C,A,A,H,-,A,D,0,NA,NA,NA,NA,Y,NA,A,07,0,0,1,0,0,0,0,0,0,-,-,NA,NA,LOS ANGELES,LOS ANGELES,-118.61466979980467,34.16873550415039
8823818,2019,2019-07-11,1942,2019-02-24,1230,35391,1958,7,5,7,1942,0,0,0,NA,0,35M29,VAN NUYS BL,WOODMAN AV,0,NA,Y,A,-,N,NA,NA,NA,NA,NA,NA,NA,NA,NA,Y,4,0,1,2,A,-,09,21801,A,N,D,C,A,-,A,H,A,A,0,NA,NA,NA,NA,Y,NA,A,01,0,0,1,0,0,0,0,0,0,-,-,NA,NA,LOS ANGELES,LOS ANGELES,-118.44818115234376,34.2470817565918
8823822,2019,2019-03-21,1942,2019-02-26,0900,39217,1944,2,5,7,1942,0,0,0,NA,0,19A43,FOX ST,LAUREL CANYON BL,0,NA,Y,A,-,N,NA,NA,NA,NA,NA,NA,NA,NA,NA,Y,4,0,1,2,A,-,12,21453,A,N,D,-,A,A,H,-,A,A,0,NA,NA,NA,NA,Y,NA,A,07,0,0,1,0,0,0,0,0,0,-,-,NA,NA,LOS ANGELES,LOS ANGELES,-118.44589996337892,34.271751403808594
8823826,2019,2019-03-21,1942,2019-02-26,1820,33294,1934,2,5,7,1942,0,0,0,NA,0,19A43,N SEPULVEDA BL,SAN FERNANDO MISSION BL,0,NA,Y,A,-,N,NA,NA,NA,NA,NA,NA,NA,NA,NA,N,2,0,1,2,A,-,10,21950,A,N,G,B,B,A,H,-,C,A,0,Y,NA,NA,NA,Y,NA,A,01,1,0,0,0,1,0,0,0,0,-,-,NA,NA,LOS ANGELES,LOS ANGELES,-118.46745300292967,34.27212142944336