CASE_ID,ACCIDENT_YEAR,PROC_DATE,JURIS,COLLISION_DATE,COLLISION_TIME,OFFICER_ID,REPORTING_DISTRICT,DAY_OF_WEEK,CHP_SHIFT,POPULATION,CNTY_CITY_LOC,SPECIAL_COND,BEAT_TYPE,CHP_BEAT_TYPE,CITY_DIVISION_LAPD,CHP_BEAT_CLASS,BEAT_NUMBER,PRIMARY_RD,SECONDARY_RD,DISTANCE,DIRECTION,INTERSECTION,WEATHER_1,WEATHER_2,STATE_HWY_IND,CALTRANS_COUNTY,CALTRANS_DISTRICT,STATE_ROUTE,ROUTE_SUFFIX,POSTMILE_PREFIX,POSTMILE,LOCATION_TYPE,RAMP_INTERSECTION,SIDE_OF_HWY,TOW_AWAY,COLLISION_SEVERITY,NUMBER_KILLED,NUMBER_INJURED,PARTY_COUNT,PRIMARY_COLL_FACTOR,PCF_CODE_OF_VIOL,PCF_VIOL_CATEGORY,PCF_VIOLATION,PCF_VIOL_SUBSECTION,HIT_AND_RUN,TYPE_OF_COLLISION,MVIW,PED_ACTION,ROAD_SURFACE,ROAD_COND_1,ROAD_COND_2,LIGHTING,CONTROL_DEVICE,CHP_ROAD_TYPE,PEDESTRIAN_ACCIDENT,BICYCLE_ACCIDENT,MOTORCYCLE_ACCIDENT,TRUCK_ACCIDENT,NOT_PRIVATE_PROPERTY,ALCOHOL_INVOLVED,STWD_VEHTYPE_AT_FAULT,CHP_VEHTYPE_AT_FAULT,COUNT_SEVERE_INJ,COUNT_VISIBLE_INJ,COUNT_COMPLAINT_PAIN,COUNT_PED_KILLED,COUNT_PED_INJURED,COUNT_BICYCLIST_KILLED,COUNT_BICYCLIST_INJURED,COUNT_MC_KILLED,COUNT_MC_INJURED,PRIMARY_RAMP,SECONDARY_RAMP,LATITUDE,LONGITUDE,COUNTY,CITY,POINT_X,POINT_Y
8824124,2019,2019-03-21,1900,2019-03-01,1148,610418,1121,5,5,6,1992,0,0,0,NA,0,111T1,AVENUE H,FOXTAIL ST,3,E,N,A,-,N,NA,NA,NA,NA,NA,NA,NA,NA,NA,Y,4,0,1,1,A,-,03,22350,NA,N,E,I,A,A,H,-,A,D,0,NA,NA,NA,NA,Y,NA,A,01,0,0,1,0,0,0,0,0,0,-,-,NA,NA,LOS ANGELES,LANCASTER,-118.14687347412108,34.718509674072266
8824127,2019,2019-03-20,1973,2019-01-29,1140,606,1973,2,5,1,1973,0,0,0,NA,0,0A3,DISTRICT BL,LOMA VISTA AV,0,NA,Y,A,-,N,NA,NA,NA,NA,NA,NA,NA,NA,NA,Y,3,0,2,2,A,-,12,21453,A,N,D,C,A,A,H,-,A,A,0,NA,NA,NA,NA,Y,NA,-,NA,0,1,1,0,0,0,0,0,0,-,-,NA,NA,LOS ANGELES,VERNON,-118.19740295410156,33.99967956542969
8824128,2019,2019-03-21,1900,2019-03-07,1702,610418,1138,4,5,6,1992,0,0,0,NA,0,112T1,70TH ST EAST,AVENUE J,0,NA,Y,A,-,N,NA,NA,NA,NA,NA,NA,NA,NA,NA,Y,3,0,4,2,A,-,09,21802,A,N,D,C,A,A,H,-,A,A,0,NA,NA,NA,NA,Y,NA,A,07,0,2,2,0,0,0,0,0,0,-,-,NA,NA,LOS ANGELES,LANCASTER,-118.0054168701172,34.689998626708984
8824131,2019,2019-03-20,1973,2019-01-22,0550,555,1973,2,5,1,1973,0,0,0,NA,0,003,BANDINI BL,SUNOL DR,104,W,N,A,-,N,NA,NA,NA,NA,NA,NA,NA,NA,NA,N,4,0,1,5,A,-,08,22102,NA,F,C,E,A,A,H,-,C,A,0,NA,NA,NA,NA,Y,NA,-,NA,0,0,1,0,0,0,0,0,0,-,-,NA,NA,LOS ANGELES,VERNON,-118.1840591430664,34.00129699707031
8824132,2019,2019-03-21,1900,2019-03-01,1238,550490,1137,5,5,6,1992,0,0,0,NA,0,111T2,CHALLENGER WY,AVENUE K-8,0,NA,Y,B,G,N,NA,NA,NA,NA,NA,NA,NA,NA,NA,Y,3,0,4,2,A,-,09,21802,A,N,D,D,A,A,H,-,A,A,0,NA,NA,NA,NA,Y,NA,A,01,0,1,3,0,0,0,0,0,0,-,-,NA,NA,LOS ANGELES,LANCASTER,NA,NA
8824135,2019,2019-03-20,1973,2019-01-20,0505,555,1973,7,5,1,1973,0,0,0,NA,0,002,FRUITLAND AV,SOTO ST,585,E,N,A,-,N,NA,NA,NA,NA,NA,NA,NA,NA,NA,Y,3,0,2,1,A,-,07,21658,A,N,E,I,A,A,H,-,C,D,0,NA,NA,NA,NA,Y,NA,-,NA,0,2,0,0,0,0,0,0,0,-,-,NA,NA,LOS ANGELES,VERNON,-118.2175750732422,33.99644470214844
8824139,2019,2019-03-20,1973,2019-01-16,1401,574,1973,3,5,1,1973,0,0,0,NA,0,001,SANTA FE AV,55TH ST,0,NA,Y,C,-,N,NA,NA,NA,NA,NA,NA,NA,NA,NA,N,4,0,3,2,A,-,12,21453,A,N,D,C,A,B,H,-,A,A,0,NA,NA,NA,NA,Y,NA,-,NA,0,0,3,0,0,0,0,0,0,-,-,NA,NA,LOS ANGELES,VERNON,-118.23030853271484,33.9929313659668
8824143,2019,2019-03-20,1973,2019-01-08,2030,567,1973,2,5,1,1973,0,0,0,NA,0,001,SANTA FE AV,PACIFIC BL,46,N,N,A,-,N,NA,NA,NA,NA,NA,NA,NA,NA,NA,Y,4,0,1,2,A,-,07,21658,A,N,A,C,A,A,H,-,C,A,0,NA,NA,NA,NA,Y,NA,-,NA,0,0,1,0,0,0,0,0,0,-,-,NA,NA,LOS ANGELES,VERNON,-118.23023223876952,34.00407791137695
8824147,2019,2019-03-20,1973,2019-01-06,1706,634,1973,7,5,1,1973,0,0,0,NA,0,003,ATLANTIC BL,BANDINI BL,1456,S,N,A,-,N,NA,NA,NA,NA,NA,NA,NA,NA,NA,N,4,0,1,2,A,-,08,22107,NA,F,B,C,A,A,H,-,B,D,0,NA,NA,NA,NA,Y,NA,-,NA,0,0,1,0,0,0,0,0,0,-,-,NA,NA,LOS ANGELES,VERNON,-118.17967224121094,33.99645233154297
8824151,2019,2019-03-28,1973,2019-01-05,1857,639,1973,6,5,1,1973,0,0,0,NA,0,003,ATLANTIC BL,BANDINI BL,878,S,N,C,-,N,NA,NA,NA,NA,NA,NA,NA,NA,NA,N,3,0,1,2,A,-,11,21956,A,N,G,B,D,B,H,-,C,D,0,Y,NA,NA,NA,Y,NA,-,-,0,1,0,0,1,0,0,0,0,-,-,NA,NA,LOS ANGELES,VERNON,-118.17798614501952,33.99718475341797
8824152,2019,2019-03-21,1902,2019-03-09,2055,756,19,6,5,5,1902,0,0,0,NA,0,004,CAMPUS DR,SANTA ANITA AV,18,W,N,A,-,N,NA,NA,NA,NA,NA,NA,NA,NA,NA,Y,4,0,1,2,A,-,12,21453,A,N,-,C,A,-,H,-,C,A,0,NA,NA,NA,NA,Y,NA,A,01,0,0,1,0,0,0,0,0,0,-,-,NA,NA,LOS ANGELES,ARCADIA,-118.03141021728516,34.13081741333008
8824155,2019,2019-03-20,1973,2019-01-05,1314,645,1973,6,5,1,1973,0,0,0,NA,0,002,DISTRICT BL,DOWNEY RD,27,W,N,B,-,N,NA,NA,NA,NA,NA,NA,NA,NA,NA,N,4,0,2,2,A,-,03,22350,NA,N,C,C,A,A,H,-,A,A,0,NA,NA,NA,NA,Y,NA,A,01,0,0,2,0,0,0,0,0,0,-,-,NA,NA,LOS ANGELES,VERNON,-118.20475006103516,34.00048828125
8824156,2019,2019-03-21,1902,2019-03-05,1612,711,32,2,5,5,1902,0,0,0,NA,0,005,3RD AV,LIVE OAK AV,5,S,N,A,-,N,NA,NA,NA,NA,NA,NA,NA,NA,NA,N,3,0,1,2,A,-,05,21202,A,N,D,G,A,A,H,-,A,A,0,NA,Y,NA,NA,Y,NA,L,04,0,1,0,0,0,0,1,0,0,-,-,NA,NA,LOS ANGELES,ARCADIA,-118.02304840087892,34.10848617553711
8824159,2019,2019-03-20,1973,2019-01-05,0507,623,1973,6,5,1,1973,0,0,0,NA,0,0A1,SANTA FE AV,49TH ST,0,NA,Y,A,-,N,NA,NA,NA,NA,NA,NA,NA,NA,NA,N,3,0,1,2,A,-,11,21956,A,N,G,B,E,A,H,-,C,D,0,Y,NA,NA,NA,Y,Y,N,60,0,1,0,0,1,0,0,0,0,-,-,NA,NA,LOS ANGELES,VERNON,-118.23027801513672,33.999080657958984
8824160,2019,2019-03-21,1902,2019-03-02,2217,706,35,6,5,5,1902,0,0,0,NA,0,005,BALDWIN AV,LAS TUNAS DR,0,NA,Y,B,-,N,NA,NA,NA,NA,NA,NA,NA,NA,NA,Y,3,0,4,3,A,-,12,21453,A,N,D,C,A,B,H,-,C,A,0,NA,NA,NA,NA,Y,NA,A,01,0,2,2,0,0,0,0,0,0,-,-,NA,NA,LOS ANGELES,ARCADIA,-118.05230712890624,34.10771942138672
8824174,2019,2019-04-03,1953,2019-03-11,1528,4817,1953,1,5,6,1953,0,0,0,NA,0,003,VILLA ST,WILSON AV,100,W,N,B,-,N,NA,NA,NA,NA,NA,NA,NA,NA,NA,Y,3,0,1,3,A,-,08,22107,NA,F,D,E,A,A,H,-,A,D,0,NA,NA,NA,NA,Y,NA,D,22,0,1,0,0,0,0,0,0,0,-,-,NA,NA,LOS ANGELES,PASADENA,-118.12850189208984,34.15431213378906
8824178,2019,2019-04-12,1953,2019-02-17,2108,7231,1953,7,5,6,1953,0,0,0,NA,0,003,ORANGE GROVE BL,ORANGE GROVE BL 1617,0,NA,Y,B,-,N,NA,NA,NA,NA,NA,NA,NA,NA,NA,N,3,0,2,2,A,-,03,22350,NA,F,C,C,A,B,H,-,C,D,0,NA,NA,NA,NA,Y,NA,D,22,0,1,1,0,0,0,0,0,0,-,-,NA,NA,LOS ANGELES,PASADENA,-118.116994,34.157854
8824179,2019,2019-04-02,1942,2019-02-28,0700,35046,1269,4,5,7,1942,0,0,0,L,0,125A45,MANCHESTER AV,TOWNE AV,0,NA,Y,A,-,N,NA,NA,NA,NA,NA,NA,NA,NA,NA,N,4,0,1,2,A,-,09,21801,A,N,D,C,A,A,H,-,A,D,0,NA,NA,NA,NA,Y,NA,D,22,0,0,1,0,0,0,0,0,0,-,-,NA,NA,LOS ANGELES,LOS ANGELES,-118.26731872558594,33.960121154785156
8824182,2019,2019-04-15,1953,2019-02-19,1043,3809,PASAD,2,5,6,1953,0,0,0,NA,0,002,LAKE AV,ORANGE GROVE BL,55,N,N,A,-,N,NA,NA,NA,NA,NA,NA,NA,NA,NA,N,4,0,3,1,A,-,08,22107,NA,N,E,I,A,A,H,-,A,D,0,NA,NA,NA,NA,Y,NA,I,20,0,0,3,0,0,0,0,0,0,-,-,NA,NA,LOS ANGELES,PASADENA,-118.13245391845705,34.157920837402344
8824187,2019,2019-04-03,1942,2019-03-01,1525,41933,1249,5,5,7,1942,0,0,0,L,0,25T22,W GAGE AV,FIGUEROA ST,485,W,N,B,-,N,NA,NA,NA,NA,NA,NA,NA,NA,NA,N,2,0,1,2,A,-,11,21955,NA,N,G,B,D,A,H,-,A,D,0,Y,NA,NA,NA,Y,NA,N,60,1,0,0,0,1,0,0,0,0,-,-,NA,NA,LOS ANGELES,LOS ANGELES,-118.28426361083984,33.98237228393555
8824191,2019,2019-04-02,1942,2019-02-13,1445,41849,1203,3,5,7,1942,0,0,0,L,0,12A3,WESTERN AV,51ST ST,0,NA,Y,A,-,N,NA,NA,NA,NA,NA,NA,NA,NA,NA,Y,4,0,1,4,A,-,05,21651,B,F,B,C,A,A,H,-,A,A,0,NA,NA,NA,NA,Y,NA,D,22,0,0,1,0,0,0,0,0,0,-,-,NA,NA,LOS ANGELES,LOS ANGELES,-118.30895233154295,33.99692153930664
8824195,2019,2019-04-03,1942,2019-03-04,1330,41973,1235,1,5,7,1942,0,0,0,L,0,25TL24,SLAUSON AV,E NORMANDIE AV,232,E,N,A,-,N,NA,NA,NA,NA,NA,NA,NA,NA,NA,N,4,0,1,2,A,-,03,22350,NA,N,C,C,A,A,H,-,A,D,0,NA,NA,NA,NA,Y,NA,D,22,0,0,1,0,0,0,0,0,0,-,-,NA,NA,LOS ANGELES,LOS ANGELES,-118.29942321777344,33.989139556884766
8824199,2019,2019-04-04,1942,2019-02-26,1815,42094,0361,2,5,7,1942,0,0,0,C,0,3A74,RODEO RD,LA BREA AV,0,NA,Y,A,-,N,NA,NA,NA,NA,NA,NA,NA,NA,NA,N,4,0,1,2,A,-,12,21453,A,F,D,C,A,A,H,-,C,A,0,NA,NA,NA,NA,Y,NA,-,99,0,0,1,0,0,0,0,0,0,-,-,NA,NA,LOS ANGELES,LOS ANGELES,-118.35561370849608,34.02153015136719
8824211,2019,2019-04-02,1953,2019-02-04,1259,4817,1953,1,5,6,1953,0,0,0,NA,0,005,PASADENA AV,COLORADO BL,0,NA,Y,B,-,N,NA,NA,NA,NA,NA,NA,NA,NA,NA,Y,3,0,3,2,A,-,12,21453,A,N,D,C,A,B,H,-,A,A,0,NA,NA,NA,NA,Y,NA,D,23,0,1,2,0,0,0,0,0,0,-,-,NA,NA,LOS ANGELES,PASADENA,-118.15415954589844,34.145748138427734
8824223,2019,2019-04-19,1953,2019-02-27,1554,NA,1953,3,5,6,1953,0,0,0,NA,0,002,LOS ROBLES AV,MOUNTAIN ST,0,NA,Y,B,-,N,NA,NA,NA,NA,NA,NA,NA,NA,NA,N,4,0,1,2,A,-,08,22107,NA,N,C,E,A,A,H,-,A,A,0,NA,NA,NA,NA,Y,NA,A,01,0,0,1,0,0,0,0,0,0,-,-,NA,NA,LOS ANGELES,PASADENA,-118.14157104492188,34.161521911621094
8824231,2019,2019-04-11,1953,2019-02-12,1408,8091,PASAD,2,5,6,1953,0,0,0,NA,0,003,CALIFORNIA BL,CATALINA AV,100,E,N,A,-,N,NA,NA,NA,NA,NA,NA,NA,NA,NA,Y,4,0,2,3,A,-,03,22350,NA,N,C,C,A,A,H,-,A,D,0,NA,NA,NA,NA,Y,NA,A,07,0,0,2,0,0,0,0,0,0,-,-,NA,NA,LOS ANGELES,PASADENA,-118.1290283203125,34.135921478271484
8824252,2019,2019-03-26,1942,2019-03-01,1345,42940,399,5,5,7,1942,0,0,0,NA,0,3XL94,FLOWER ST,VERNON AV,100,S,N,A,-,N,NA,NA,NA,NA,NA,NA,NA,NA,NA,N,4,0,2,3,A,-,03,22350,NA,N,C,C,A,A,H,-,A,A,0,NA,NA,NA,NA,Y,NA,A,01,0,0,2,0,0,0,0,0,0,-,-,NA,NA,LOS ANGELES,LOS ANGELES,-118.28155517578124,34.00348663330078
8824256,2019,2019-03-26,1942,2019-03-01,2135,40529,357,5,5,7,1942,0,0,0,NA,0,3A57,S VERMONT AV,36TH PL,30,S,N,A,-,N,NA,NA,NA,NA,NA,NA,NA,NA,NA,N,4,0,2,3,A,-,03,22350,NA,N,C,C,A,A,H,-,C,A,0,NA,NA,NA,NA,Y,NA,A,01,0,0,2,0,0,0,0,0,0,-,-,NA,NA,LOS ANGELES,LOS ANGELES,-118.2915496826172,34.02198791503906
8824262,2019,2019-03-21,1956,2019-03-07,1252,1183,53,4,5,5,1956,0,0,0,NA,0,004,ARTESIA BL,MACKAY LN,260,E,N,A,-,N,NA,NA,NA,NA,NA,NA,NA,NA,NA,Y,4,0,1,3,A,-,07,21658,A,N,B,C,A,A,H,-,A,D,0,NA,NA,NA,NA,Y,NA,A,01,0,0,1,0,0,0,0,0,0,-,-,NA,NA,LOS ANGELES,REDONDO BEACH,-118.36770629882813,33.87289810180664
8824317,2018,2019-03-25,1972,2018-12-31,0930,15555,NA,1,5,6,1972,0,0,0,NA,0,NA,CRENSHAW BL,CREST RD,0,NA,Y,A,-,N,NA,NA,NA,NA,NA,NA,NA,NA,NA,Y,3,0,2,2,A,-,12,21453,A,N,A,C,A,A,H,-,A,A,0,NA,NA,NA,NA,Y,NA,A,NA,0,1,1,0,0,0,0,0,0,-,-,NA,NA,LOS ANGELES,TORRANCE,-118.33685302734376,33.79021072387695
8824321,2018,2019-03-25,1972,2018-12-21,2101,19839,NA,5,5,6,1972,0,0,0,NA,0,NA,SKYPARK AV,CRENSHAW BL,50,W,N,A,-,N,NA,NA,NA,NA,NA,NA,NA,NA,NA,Y,4,0,2,1,A,-,03,22350,NA,N,E,I,A,A,H,-,C,D,0,NA,NA,NA,NA,Y,NA,A,NA,0,0,2,0,0,0,0,0,0,-,-,NA,NA,LOS ANGELES,TORRANCE,-118.32826232910156,33.801509857177734
8824322,2019,2019-03-22,1942,2019-03-03,2025,41870,1802,7,5,7,1942,0,0,0,R,0,18A1,S BROADWAY,W 87TH PL,0,NA,Y,A,-,N,NA,NA,NA,NA,NA,NA,NA,NA,NA,Y,4,0,1,2,A,-,03,22350,NA,M,C,C,A,A,H,-,C,D,0,NA,NA,NA,NA,Y,Y,-,99,0,0,1,0,0,0,0,0,0,-,-,NA,NA,LOS ANGELES,LOS ANGELES,-118.27822875976564,33.95792007446289
8824323,2019,2019-03-21,1942,2019-02-20,1700,38012,1049,3,5,7,1942,0,0,0,J,0,10X94,VICTORY BL,WOODLEY AV,0,NA,Y,C,-,N,NA,NA,NA,NA,NA,NA,NA,NA,NA,N,4,0,1,3,A,-,09,21801,A,F,D,C,A,B,H,-,A,A,0,NA,NA,NA,NA,Y,NA,-,99,0,0,1,0,0,0,0,0,0,-,-,NA,NA,LOS ANGELES,LOS ANGELES,-118.48365020751952,34.18661880493164
8824326,2019,2019-03-22,1942,2019-03-02,1930,42118,1849,6,5,7,1942,0,0,0,R,0,18A49,WILMINGTON AV,115TH ST,150,S,N,C,-,N,NA,NA,NA,NA,NA,NA,NA,NA,NA,Y,4,0,2,4,A,-,08,22102,NA,N,D,C,A,B,H,-,C,D,0,NA,NA,NA,NA,Y,NA,A,07,0,0,2,0,0,0,0,0,0,-,-,NA,NA,LOS ANGELES,LOS ANGELES,-118.23908996582033,33.9299201965332
8824327,2019,2019-03-21,1942,2019-02-27,1500,38690,1826,3,5,7,1942,0,0,0,R,0,18A17,CENTURY BL,SUCCESS AV,10,E,N,A,-,N,NA,NA,NA,NA,NA,NA,NA,NA,NA,N,3,0,4,2,A,-,03,22350,NA,N,C,C,A,A,H,-,A,A,0,NA,NA,NA,NA,Y,NA,A,01,0,1,3,0,0,0,0,0,0,-,-,NA,NA,LOS ANGELES,LOS ANGELES,-118.24911499023438,33.94560241699219
8824330,2019,2019-03-22,1942,2019-03-01,0130,43010,1871,5,5,7,1942,0,0,0,R,0,18A17,ROSECRANS AV,FIGUEROA ST,0,NA,Y,A,-,N,NA,NA,NA,NA,NA,NA,NA,NA,NA,Y,3,0,3,3,A,-,03,22350,NA,N,D,C,A,A,H,-,C,A,0,NA,NA,NA,NA,Y,NA,A,07,0,1,2,0,0,0,0,0,0,-,-,NA,NA,LOS ANGELES,LOS ANGELES,-118.28278350830078,33.90188980102539
8824331,2019,2019-03-21,1942,2019-02-21,0810,43133,0395,4,5,7,1942,0,0,0,C,0,3X95,KING BL,DENKER AV,15,W,N,A,-,N,NA,NA,NA,NA,NA,NA,NA,NA,NA,N,4,0,1,2,A,-,08,22107,NA,N,H,G,A,A,H,-,A,D,0,NA,Y,NA,NA,Y,NA,-,-,0,0,1,0,0,0,1,0,0,-,-,NA,NA,LOS ANGELES,LOS ANGELES,-118.304579,34.010846
8824334,2019,2019-03-22,1942,2019-03-09,2355,38635,0357,6,5,7,1942,0,0,0,C,0,3A63,JEFFERSON BL,NORMANDIE AV,0,NA,Y,A,-,N,NA,NA,NA,NA,NA,NA,NA,NA,NA,N,3,0,1,2,A,-,07,21658,A,F,B,C,A,A,H,-,C,A,0,NA,NA,NA,NA,Y,Y,-,99,0,1,0,0,0,0,0,0,0,-,-,NA,NA,LOS ANGELES,LOS ANGELES,-118.30023193359376,34.025508880615234
8824335,2019,2019-03-21,1942,2019-02-27,1610,41933,0395,3,5,7,1942,0,0,0,C,0,3A99,MARTIN LUTHER KING JR BL,WESTERN AV,20,E,N,A,-,N,NA,NA,NA,NA,NA,NA,NA,NA,NA,N,4,0,2,2,A,-,03,22350,NA,N,C,C,A,A,H,-,A,A,0,NA,NA,NA,NA,Y,NA,A,07,0,0,2,0,0,0,0,0,0,-,-,NA,NA,LOS ANGELES,LOS ANGELES,-118.3088607788086,34.01084899902344
8824338,2019,2019-03-22,1942,2019-03-08,1820,42595,3A99,5,5,7,1942,0,0,0,NA,0,3L90,MARTIN LUTHER KING JR BL,FIGUEROA,100,E,N,A,-,N,NA,NA,NA,NA,NA,NA,NA,NA,NA,N,4,0,1,2,A,-,04,21703,NA,F,C,C,A,A,H,-,C,D,0,NA,NA,NA,NA,Y,NA,A,01,0,0,1,0,0,0,0,0,0,-,-,NA,NA,LOS ANGELES,LOS ANGELES,-118.28240966796876,34.0111198425293
8824339,2019,2019-03-21,1942,2019-02-28,2000,42118,1239,4,5,7,1942,0,0,0,L,0,12A49,S FIGUEROA ST,W 61ST ST,0,NA,Y,A,-,N,NA,NA,NA,NA,NA,NA,NA,NA,NA,N,4,0,2,2,A,-,03,22350,NA,F,C,C,A,A,H,-,C,A,0,NA,NA,NA,NA,Y,NA,-,99,0,0,2,0,0,0,0,0,0,-,-,NA,NA,LOS ANGELES,LOS ANGELES,-118.28269958496094,33.98419189453125
8824341,2019,2019-03-26,1942,2019-03-03,1845,36504,0755,7,5,7,1942,0,0,0,G,0,7A53,W PICO BL,COCHRAN AV,250,E,N,A,-,N,NA,NA,NA,NA,NA,NA,NA,NA,NA,Y,3,0,1,2,A,-,01,23152,A,N,B,E,A,A,H,-,C,A,0,NA,NA,NA,NA,Y,Y,A,07,0,1,0,0,0,0,0,0,0,-,-,NA,NA,LOS ANGELES,LOS ANGELES,-118.35183715820313,34.04818344116211
8824342,2019,2019-03-22,1942,2019-03-05,0940,43554,0391,2,5,7,1942,0,0,0,C,0,3A99,LA BREA AV,VERONICA ST,1000,S,N,B,-,N,NA,NA,NA,NA,NA,NA,NA,NA,NA,Y,4,0,2,3,A,-,03,22350,NA,F,C,C,A,A,H,-,A,D,0,NA,NA,NA,NA,Y,NA,-,99,0,0,2,0,0,0,0,0,0,-,-,NA,NA,LOS ANGELES,LOS ANGELES,-118.35707855224608,34.01049041748047
8824343,2019,2019-03-21,1942,2019-02-28,2235,43589,1942,4,5,7,1942,0,0,0,NA,0,1239,76TH ST,GRAND AV,0,NA,N,B,-,N,NA,NA,NA,NA,NA,NA,NA,NA,NA,N,3,0,1,2,A,-,09,21801,A,F,D,G,A,A,H,-,C,D,0,NA,Y,NA,NA,Y,NA,-,99,0,1,0,0,0,0,1,0,0,-,-,NA,NA,LOS ANGELES,LOS ANGELES,-118.2802734375,33.97079086303711
8824345,2019,2019-03-26,1942,2019-03-04,0220,37511,0632,1,5,7,1942,0,0,0,F,0,6A31,W SUNSET BL,FAIRFAX AV,50,E,N,A,-,N,NA,NA,NA,NA,NA,NA,NA,NA,NA,Y,4,0,1,2,A,-,03,22350,NA,F,C,C,A,A,H,-,C,D,0,NA,NA,NA,NA,Y,NA,-,99,0,0,1,0,0,0,0,0,0,-,-,NA,NA,LOS ANGELES,LOS ANGELES,-118.36138153076172,34.09805679321289
8824346,2019,2019-03-22,1942,2019-03-08,0125,42924,LOSAN,5,5,7,1942,0,0,0,NA,0,3A15,FLOWER ST,JEFFERSON ST,0,NA,Y,B,-,N,NA,NA,NA,NA,NA,NA,NA,NA,NA,Y,4,0,2,2,A,-,12,21453,NA,N,D,C,A,A,H,-,C,A,0,NA,NA,NA,NA,Y,NA,A,01,0,0,2,0,0,0,0,0,0,-,-,NA,NA,LOS ANGELES,LOS ANGELES,-118.27873229980467,34.02138137817383
8824347,2019,2019-03-21,1942,2019-02-27,0750,39745,1211,3,5,7,1942,0,0,0,L,0,12A31,W 52ND ST,7TH AV,0,NA,Y,A,-,N,NA,NA,NA,NA,NA,NA,NA,NA,NA,Y,3,0,2,2,A,-,09,21802,A,N,D,C,A,A,H,-,A,A,0,NA,NA,NA,NA,Y,NA,A,01,0,1,1,0,0,0,0,0,0,-,-,NA,NA,LOS ANGELES,LOS ANGELES,-118.32470703125,33.994991302490234
8824349,2019,2019-03-26,1942,2019-03-03,0230,41446,0646,7,5,7,1942,0,0,0,F,0,LOSANG,HOLLYWOOD BL,CHEROKEE AV,40,W,N,B,-,N,NA,NA,NA,NA,NA,NA,NA,NA,NA,Y,4,0,1,2,A,-,03,22350,NA,F,C,C,A,B,H,-,C,D,0,NA,NA,NA,NA,Y,NA,-,99,0,0,1,0,0,0,0,0,0,-,-,NA,NA,LOS ANGELES,LOS ANGELES,-118.33515167236328,34.101566314697266
8824350,2019,2019-03-22,1942,2019-03-08,1245,37146,0334,5,5,7,1942,0,0,0,C,0,25TL41,CRENSHAW BL,ADAMS BL,0,S,N,A,-,N,NA,NA,NA,NA,NA,NA,NA,NA,NA,N,4,0,4,2,A,-,09,21804,A,F,D,C,A,A,H,-,A,D,0,NA,NA,NA,NA,Y,NA,-,99,0,0,4,0,0,0,0,0,0,-,-,NA,NA,LOS ANGELES,LOS ANGELES,-118.3350067138672,34.0325813293457
8824353,2019,2019-03-26,1942,2019-03-02,1923,43392,882,6,5,7,1942,0,0,0,NA,0,8A35,SAWTELLE BL,MISSISSIPPI AV,0,NA,Y,C,-,N,NA,NA,NA,NA,NA,NA,NA,NA,NA,N,4,0,1,2,A,-,08,22100,A,F,D,C,A,B,H,-,C,A,0,NA,NA,NA,NA,Y,NA,-,99,0,0,1,0,0,0,0,0,0,-,-,NA,NA,LOS ANGELES,LOS ANGELES,-118.44246673583984,34.039588928222656
8824354,2019,2019-03-22,1942,2019-03-10,1135,37411,397,7,5,7,1942,0,0,0,NA,0,3A57,BUDLONG AV,40TH PL,0,NA,Y,A,-,N,NA,NA,NA,NA,NA,NA,NA,NA,NA,N,4,0,1,2,A,-,12,22450,A,N,G,B,E,A,-,-,A,D,0,Y,NA,NA,NA,Y,NA,N,60,0,0,1,0,1,0,0,0,0,-,-,NA,NA,LOS ANGELES,LOS ANGELES,-118.29589080810548,34.009918212890625
8824355,2019,2019-03-21,1942,2019-02-28,0640,33599,1231,4,5,7,1942,0,0,0,L,0,12A31,64TH ST,OVERHILL DR,0,NA,N,B,-,N,NA,NA,NA,NA,NA,NA,NA,NA,NA,N,3,0,1,1,A,-,03,22350,NA,N,H,I,A,B,H,-,A,D,0,NA,Y,NA,NA,Y,NA,L,04,0,1,0,0,0,0,1,0,0,-,-,NA,NA,LOS ANGELES,LOS ANGELES,-118.35546112060548,33.98168182373047
8824357,2019,2019-03-26,1942,2019-03-02,2310,38090,2014,6,5,7,1942,0,0,0,NA,0,6T7,NORMANDIE AV,2ND ST,0,NA,Y,C,-,N,NA,NA,NA,NA,NA,NA,NA,NA,NA,Y,3,0,1,2,A,-,01,23152,A,F,D,C,A,B,H,-,A,A,0,NA,NA,NA,NA,Y,Y,A,01,0,1,0,0,0,0,0,0,0,-,-,NA,NA,LOS ANGELES,LOS ANGELES,-118.30036926269533,34.0711784362793
8824358,2019,2019-03-22,1942,2019-03-03,1245,42427,0351,7,5,7,1942,0,0,0,C,0,12X58,RODEO RD,LA BREA AV,439,E,N,A,-,N,NA,NA,NA,NA,NA,NA,NA,NA,NA,N,3,0,1,2,A,-,09,21804,NA,N,D,G,A,A,H,-,A,D,0,NA,Y,NA,NA,Y,NA,A,01,0,1,0,0,0,0,1,0,0,-,-,NA,NA,LOS ANGELES,LOS ANGELES,-118.35416412353516,34.02151870727539
8824359,2019,2019-03-21,1942,2019-02-14,1700,42546,1213,4,5,7,1942,0,0,0,L,0,12A73,54TH ST,WESTERN AV,0,NA,Y,B,G,N,NA,NA,NA,NA,NA,NA,NA,NA,NA,N,4,0,1,2,A,-,10,21950,A,N,G,B,B,A,H,-,A,A,0,Y,NA,NA,NA,Y,NA,A,01,0,0,1,0,1,0,0,0,0,-,-,NA,NA,LOS ANGELES,LOS ANGELES,-118.30893707275392,33.99325180053711