CASE_ID,ACCIDENT_YEAR,PROC_DATE,JURIS,COLLISION_DATE,COLLISION_TIME,OFFICER_ID,REPORTING_DISTRICT,DAY_OF_WEEK,CHP_SHIFT,POPULATION,CNTY_CITY_LOC,SPECIAL_COND,BEAT_TYPE,CHP_BEAT_TYPE,CITY_DIVISION_LAPD,CHP_BEAT_CLASS,BEAT_NUMBER,PRIMARY_RD,SECONDARY_RD,DISTANCE,DIRECTION,INTERSECTION,WEATHER_1,WEATHER_2,STATE_HWY_IND,CALTRANS_COUNTY,CALTRANS_DISTRICT,STATE_ROUTE,ROUTE_SUFFIX,POSTMILE_PREFIX,POSTMILE,LOCATION_TYPE,RAMP_INTERSECTION,SIDE_OF_HWY,TOW_AWAY,COLLISION_SEVERITY,NUMBER_KILLED,NUMBER_INJURED,PARTY_COUNT,PRIMARY_COLL_FACTOR,PCF_CODE_OF_VIOL,PCF_VIOL_CATEGORY,PCF_VIOLATION,PCF_VIOL_SUBSECTION,HIT_AND_RUN,TYPE_OF_COLLISION,MVIW,PED_ACTION,ROAD_SURFACE,ROAD_COND_1,ROAD_COND_2,LIGHTING,CONTROL_DEVICE,CHP_ROAD_TYPE,PEDESTRIAN_ACCIDENT,BICYCLE_ACCIDENT,MOTORCYCLE_ACCIDENT,TRUCK_ACCIDENT,NOT_PRIVATE_PROPERTY,ALCOHOL_INVOLVED,STWD_VEHTYPE_AT_FAULT,CHP_VEHTYPE_AT_FAULT,COUNT_SEVERE_INJ,COUNT_VISIBLE_INJ,COUNT_COMPLAINT_PAIN,COUNT_PED_KILLED,COUNT_PED_INJURED,COUNT_BICYCLIST_KILLED,COUNT_BICYCLIST_INJURED,COUNT_MC_KILLED,COUNT_MC_INJURED,PRIMARY_RAMP,SECONDARY_RAMP,LATITUDE,LONGITUDE,COUNTY,CITY,POINT_X,POINT_Y
8826150,2018,2019-05-23,1972,2018-11-17,1404,18450,NA,6,5,6,1972,0,0,0,NA,0,NA,HAWTHORNE BL,CARSON ST,0,NA,Y,A,-,Y,LA,7,107,-,-,1.829,I,5,N,Y,4,0,1,2,A,-,17,21451,A,N,D,C,A,A,H,-,A,A,0,NA,NA,Y,NA,Y,NA,C,NA,0,0,1,0,0,0,0,0,1,-,-,NA,NA,LOS ANGELES,TORRANCE,-118.35248565673828,33.831539154052734
8826151,2018,2019-05-23,1972,2018-12-26,1803,19767,NA,3,5,6,1972,0,0,0,NA,0,NA,HAWTHORNE BL,HALISON ST,0,NA,Y,A,-,Y,LA,7,107,-,-,3.212,I,5,N,N,4,0,1,2,D,-,00,NA,NA,N,D,C,A,A,H,-,C,A,0,NA,NA,NA,NA,Y,NA,-,-,0,0,1,0,0,0,0,0,0,-,-,NA,NA,LOS ANGELES,TORRANCE,-118.35360717773438,33.851531982421875
8826154,2018,2019-05-23,1972,2018-11-20,1044,21301,NA,2,5,6,1972,0,0,0,NA,0,NA,PACIFIC COAST HWY,ROLLING HILLS WY,10,W,N,A,-,Y,LA,7,1,-,-,14.84,H,-,S,N,4,0,1,2,A,-,12,21453,A,N,D,C,A,A,D,-,A,A,0,NA,NA,NA,NA,Y,NA,-,NA,0,0,1,0,0,0,0,0,0,-,-,NA,NA,LOS ANGELES,TORRANCE,-118.33588409423828,33.794002532958984
8826155,2018,2019-05-22,1972,2018-12-28,1507,19767,NA,5,5,6,1972,0,0,0,NA,0,NA,PACIFIC COAST HWY,AIRPORT DR,35,E,N,A,-,Y,LA,7,1,-,-,14.35,H,-,N,N,4,0,2,2,A,-,08,22100,A,N,C,C,A,A,H,-,A,D,0,NA,NA,NA,NA,Y,NA,A,NA,0,0,2,0,0,0,0,0,0,-,-,NA,NA,LOS ANGELES,TORRANCE,-118.32924652099608,33.78971862792969
8826156,2018,2019-04-02,1972,2018-12-19,1609,16610,NA,3,5,6,1972,0,0,0,NA,0,NA,CRENSHAW BL,AIRPORT DR,0,NA,Y,A,-,N,NA,NA,NA,NA,NA,NA,NA,NA,NA,Y,4,0,2,2,A,-,12,21453,A,N,D,C,A,A,H,-,A,A,0,NA,NA,NA,NA,Y,NA,A,NA,0,0,2,0,0,0,0,0,0,-,-,NA,NA,LOS ANGELES,TORRANCE,-118.33052825927734,33.7938117980957
8826158,2018,2019-05-22,1972,2018-11-21,1502,19767,NA,3,5,6,1972,0,0,0,NA,0,NA,WESTERN AV,214TH ST,0,NA,Y,A,-,Y,LA,7,213,-,-,8.198,I,5,S,Y,4,0,3,2,A,-,09,21801,A,N,D,C,A,A,H,-,A,D,0,NA,NA,NA,NA,Y,NA,A,NA,0,0,3,0,0,0,0,0,0,-,-,NA,NA,LOS ANGELES,TORRANCE,-118.30916595458984,33.83462905883789
8826160,2018,2019-05-23,1972,2018-12-31,1438,18192,NA,1,5,6,1972,0,0,0,NA,0,NA,ROLLING HILLS WY,PCH,10,N,N,A,-,Y,LA,7,1,-,-,14.84,H,-,N,N,4,0,1,2,A,-,03,22350,NA,N,C,C,A,A,H,-,A,A,0,NA,NA,NA,NA,Y,NA,A,NA,0,0,1,0,0,0,0,0,0,-,-,NA,NA,LOS ANGELES,TORRANCE,-118.33582305908205,33.794090270996094
8826162,2019,2019-04-05,1942,2019-03-18,1925,42037,1253,1,5,7,1942,0,0,0,L,0,12A51,FLORENCE AV,HARVARD AV,40,W,N,A,-,N,NA,NA,NA,NA,NA,NA,NA,NA,NA,N,4,0,1,2,A,-,17,21663,NA,F,B,B,F,A,H,-,A,D,0,Y,NA,NA,NA,Y,NA,-,99,0,0,1,0,1,0,0,0,0,-,-,NA,NA,LOS ANGELES,LOS ANGELES,-118.3069305419922,33.974571228027344
8826163,2019,2019-04-08,1942,2019-03-22,1910,41747,1258,5,5,7,1942,0,0,0,L,0,12A57,SAN PEDRO ST,FLORENCE AV,83,S,N,A,-,N,NA,NA,NA,NA,NA,NA,NA,NA,NA,N,2,0,2,3,A,-,09,21801,A,N,D,C,A,A,H,-,C,A,0,NA,NA,Y,NA,Y,NA,A,01,1,0,1,0,0,0,0,0,1,-,-,NA,NA,LOS ANGELES,LOS ANGELES,-118.26956939697266,33.97446060180664
8826166,2019,2019-04-05,1942,2019-03-24,1045,39397,1265,7,5,7,1942,0,0,0,L,0,25TL41,81ST ST,NORMANDIE AV,25,W,N,A,-,N,NA,NA,NA,NA,NA,NA,NA,NA,NA,N,4,0,1,1,A,-,03,22350,NA,N,E,I,A,A,H,-,A,D,0,NA,NA,NA,NA,Y,NA,A,01,0,0,1,0,0,0,0,0,0,-,-,NA,NA,LOS ANGELES,LOS ANGELES,-118.3003387451172,33.96548843383789
8826167,2019,2019-04-05,1942,2019-03-21,1030,35393,1241,4,5,7,1942,0,0,0,L,0,12A51,CRENSHAW BL,W 63RD ST,0,NA,Y,A,-,N,NA,NA,NA,NA,NA,NA,NA,NA,NA,N,4,0,1,2,A,-,09,21801,A,N,D,C,A,A,H,-,A,A,0,NA,NA,NA,NA,Y,NA,A,08,0,0,1,0,0,0,0,0,0,-,-,NA,NA,LOS ANGELES,LOS ANGELES,-118.33087921142578,33.9829216003418
8826169,2019,2019-04-08,1900,2019-03-12,0037,546540,2812,2,5,5,1915,0,0,0,NA,0,281T1,CENTRAL AV,ROSECRANS AV,0,NA,Y,B,-,N,NA,NA,NA,NA,NA,NA,NA,NA,NA,Y,2,0,1,1,A,-,08,22107,NA,N,A,I,A,A,H,-,C,D,0,NA,NA,NA,NA,Y,NA,A,01,1,0,0,0,0,0,0,0,0,-,-,NA,NA,LOS ANGELES,COMPTON,-118.25356292724608,33.902809143066406
8826170,2019,2019-04-08,1942,2019-03-22,1735,38926,RD 12,5,5,7,1942,0,0,0,NA,0,12XL7,FLORENCE AV,ESTRELLA AV,0,NA,Y,A,-,N,NA,NA,NA,NA,NA,NA,NA,NA,NA,N,4,0,2,2,A,-,09,21801,A,F,B,C,A,A,H,-,A,D,0,NA,NA,NA,NA,Y,NA,A,01,0,0,2,0,0,0,0,0,0,-,-,NA,NA,LOS ANGELES,LOS ANGELES,-118.2848892211914,33.97465896606445
8826171,2019,2019-04-08,1942,2019-03-16,1655,35046,1245,6,5,7,1942,0,0,0,L,0,12A45,FLORENCE AV,VERMONT AV,60,E,N,A,-,N,NA,NA,NA,NA,NA,NA,NA,NA,NA,N,4,0,1,2,A,-,03,22350,NA,N,C,-,A,A,H,-,A,D,0,NA,NA,NA,NA,Y,NA,A,01,0,0,1,0,0,0,0,0,0,-,-,NA,NA,LOS ANGELES,LOS ANGELES,-118.29154205322266,33.97462844848633
8826173,2019,2019-04-08,1900,2019-03-17,1545,610204,2830,7,5,5,1915,0,0,0,NA,0,283T1,COMPTON BL,STANFORD AV,245,E,N,A,-,N,NA,NA,NA,NA,NA,NA,NA,NA,NA,Y,4,0,1,2,A,-,12,22450,A,N,A,C,A,A,H,-,A,A,0,NA,NA,NA,NA,Y,NA,A,07,0,0,1,0,0,0,0,0,0,-,-,NA,NA,LOS ANGELES,COMPTON,-118.25959777832033,33.895381927490234
8826175,2019,2019-04-05,1942,2019-03-22,1745,41963,1251,5,5,7,1942,0,0,0,L,0,12X48,67TH ST,11TH AV,0,NA,Y,A,-,N,NA,NA,NA,NA,NA,NA,NA,NA,NA,N,3,0,1,2,A,-,03,22350,NA,F,G,G,A,A,H,-,A,D,0,NA,Y,NA,NA,Y,NA,-,99,0,1,0,0,0,0,1,0,0,-,-,NA,NA,LOS ANGELES,LOS ANGELES,-118.32939910888672,33.97813034057617
8826177,2019,2019-04-08,1900,2019-03-27,1700,610204,2841,3,5,5,1915,0,0,0,NA,0,283T1,WILLOWBROOK AV,CALDWELL ST,170,N,N,A,-,N,NA,NA,NA,NA,NA,NA,NA,NA,NA,N,4,0,1,2,A,-,09,21801,A,N,D,C,A,A,H,-,A,D,0,NA,NA,NA,NA,Y,NA,A,07,0,0,1,0,0,0,0,0,0,-,-,NA,NA,LOS ANGELES,COMPTON,-118.22357177734376,33.884796142578125
8826179,2019,2019-04-08,1942,2019-03-19,0300,35869,1213,2,5,7,1942,0,0,0,L,0,12A31,54TH ST,DENKER AV,230,W,N,A,-,N,NA,NA,NA,NA,NA,NA,NA,NA,NA,Y,4,0,1,4,A,-,05,21651,A,F,B,E,A,A,H,-,C,D,0,NA,NA,NA,NA,Y,NA,-,99,0,0,1,0,0,0,0,0,0,-,-,NA,NA,LOS ANGELES,LOS ANGELES,-118.30533599853516,33.99325180053711
8826210,2019,2019-04-04,1922,2019-01-24,1301,576,NA,4,5,6,1922,0,0,0,NA,0,NA,VALLEY BL,MOUNTAIN VIEW RD,450,W,N,A,-,N,NA,NA,NA,NA,NA,NA,NA,NA,NA,Y,3,0,1,2,A,-,09,21804,A,N,D,C,A,A,H,-,A,A,0,NA,NA,Y,NA,Y,NA,A,01,0,1,0,0,0,0,0,0,1,-,-,34.06462097167969,-118.02236175537108,LOS ANGELES,EL MONTE,-118.02195739746094,34.06460189819336
8826211,2019,2019-04-04,1922,2019-01-16,1704,602,NA,3,5,6,1922,0,0,0,NA,0,001,TYLER AV,BROCKWAY ST,0,NA,Y,B,C,N,NA,NA,NA,NA,NA,NA,NA,NA,NA,N,3,0,1,2,A,-,10,21950,A,N,G,B,B,B,H,-,B,A,0,Y,NA,NA,NA,Y,NA,A,01,0,1,0,0,1,0,0,0,0,-,-,34.068538665771484,-118.03598785400392,LOS ANGELES,EL MONTE,-118.03598785400392,34.06850051879883
8826215,2019,2019-04-08,1942,2019-03-23,1530,37010,1265,6,5,7,1942,0,0,0,L,0,3A74,NORMANDIE AV,87TH ST,0,NA,Y,A,-,N,NA,NA,NA,NA,NA,NA,NA,NA,NA,N,4,0,1,2,A,-,09,21802,A,F,B,C,A,A,H,-,A,D,0,NA,NA,NA,NA,Y,NA,-,99,0,0,1,0,0,0,0,0,0,-,-,NA,NA,LOS ANGELES,LOS ANGELES,-118.30026245117188,33.95901870727539
8826216,2019,2019-04-08,1900,2019-03-12,0755,545089,1900,2,5,5,1915,0,0,0,NA,0,282T1,ROSE AV,COMPTON BL,10,N,N,A,-,N,NA,NA,NA,NA,NA,NA,NA,NA,NA,N,4,0,1,2,D,-,00,NA,NA,N,A,B,B,A,H,-,A,D,0,Y,NA,NA,NA,Y,NA,-,-,0,0,1,0,1,0,0,0,0,-,-,NA,NA,LOS ANGELES,COMPTON,-118.21908569335938,33.896026611328125
8826219,2019,2019-04-08,1942,2019-03-23,0115,41214,1257,6,5,7,1942,0,0,0,L,0,12Z7,FIGUEROA ST,79TH ST,200,S,N,A,-,N,NA,NA,NA,NA,NA,NA,NA,NA,NA,N,3,0,1,3,A,-,03,22350,NA,N,C,C,A,A,H,-,C,A,0,NA,NA,NA,NA,Y,Y,A,01,0,1,0,0,0,0,0,0,0,-,-,NA,NA,LOS ANGELES,LOS ANGELES,-118.28272247314452,33.96729278564453
8826227,2019,2019-04-08,1942,2019-03-21,1500,41849,1269,4,5,7,1942,0,0,0,L,0,12A57,STANFORD AV,83RD ST,0,NA,Y,A,-,N,NA,NA,NA,NA,NA,NA,NA,NA,NA,Y,4,0,1,2,A,-,09,21802,A,N,D,C,A,A,H,-,A,A,0,NA,NA,NA,NA,Y,NA,A,01,0,0,1,0,0,0,0,0,0,-,-,NA,NA,LOS ANGELES,LOS ANGELES,-118.26296997070313,33.96376037597656
8826232,2019,2019-04-08,1942,2019-03-23,2040,41761,1268,6,5,7,1942,0,0,0,L,0,12A31,84TH PL,WALL ST,10,E,N,A,-,N,NA,NA,NA,NA,NA,NA,NA,NA,NA,Y,4,0,1,2,A,-,03,22350,NA,F,B,C,A,A,H,-,C,D,0,NA,NA,NA,NA,Y,NA,A,01,0,0,1,0,0,0,0,0,0,-,-,NA,NA,LOS ANGELES,LOS ANGELES,-118.27166748046876,33.96189880371094
8826261,2018,2019-05-22,1972,2018-12-22,0532,18509,NA,6,5,6,1972,0,0,0,NA,0,NA,PACIFIC COAST HWY,CRENSHAW,600,E,N,E,-,Y,LA,7,1,-,-,14.78,H,-,N,Y,4,0,2,2,A,-,09,21804,A,N,D,C,A,A,H,-,C,A,0,NA,NA,NA,NA,Y,NA,A,NA,0,0,2,0,0,0,0,0,0,-,-,NA,NA,LOS ANGELES,TORRANCE,-118.33503723144533,33.79351806640625
8826268,2019,2019-04-16,1942,2019-03-10,2350,43581,1663,7,5,7,1942,0,0,0,P,0,16A81,LAUREL CANYON BL,SHELDON ST,0,NA,Y,A,-,N,NA,NA,NA,NA,NA,NA,NA,NA,NA,N,4,0,1,2,A,-,12,21453,A,F,C,C,A,A,H,-,C,A,0,NA,NA,NA,NA,Y,NA,-,99,0,0,1,0,0,0,0,0,0,-,-,NA,NA,LOS ANGELES,LOS ANGELES,-118.40373229980467,34.23196029663086
8826272,2019,2019-08-22,1942,2019-03-16,2325,42251,1545,6,5,7,1942,0,0,0,O,0,15A43,BURBANK BL,MORELLA AV,171,E,N,B,-,Y,LA,7,170,-,R,15.902,R,4,S,Y,3,0,1,1,A,-,01,23152,A,M,E,I,A,A,H,-,C,A,0,NA,NA,NA,NA,Y,Y,A,01,0,1,0,0,0,0,0,0,0,-,-,NA,NA,LOS ANGELES,LOS ANGELES,-118.3879852294922,34.17139434814453
8826332,2019,2019-08-22,1942,2019-03-09,0715,41941,1822,6,5,7,1942,0,0,0,R,0,NA,CENTURY BL,GRAND AV,0,NA,Y,A,-,Y,LA,7,110,-,-,15.099,R,4,S,Y,4,0,1,3,A,-,12,21453,A,F,A,C,A,A,H,-,A,A,0,NA,NA,NA,NA,Y,NA,A,01,0,0,1,0,0,0,0,0,0,-,-,NA,NA,LOS ANGELES,LOS ANGELES,-118.27968597412108,33.94743347167969
8826336,2019,2019-04-16,1942,2019-03-12,0445,43688,1801,2,5,7,1942,0,0,0,R,0,18A1,IMPERIAL HWY,WILLOW BROOK,0,NA,Y,A,-,N,NA,NA,NA,NA,NA,NA,NA,NA,NA,Y,4,0,1,1,A,-,03,22350,NA,N,E,I,A,A,H,-,C,D,0,NA,NA,NA,NA,Y,NA,A,01,0,0,1,0,0,0,0,0,0,-,-,NA,NA,LOS ANGELES,LOS ANGELES,-118.23908233642578,33.929351806640625
8826339,2019,2019-05-22,1942,2019-03-04,0545,43581,1663,1,5,7,1942,0,0,0,P,0,16A77,SHELDON ST,SAN FERNANDO RD,0,NA,Y,A,-,N,NA,NA,NA,NA,NA,NA,NA,NA,NA,Y,4,0,1,2,A,-,12,21453,A,N,A,C,A,A,H,-,B,A,0,NA,NA,NA,Y,Y,NA,-,-,0,0,1,0,0,0,0,0,0,-,-,NA,NA,LOS ANGELES,LOS ANGELES,-118.39370727539064,34.23929977416992
8826343,2019,2019-08-22,1941,2019-03-07,1204,10130,NA,4,5,7,1941,0,0,0,NA,0,004,PACIFIC COAST HWY,MAGNOLIA AV,0,NA,Y,A,-,Y,LA,7,1,-,-,6.76,H,-,N,Y,3,0,2,2,A,-,03,22350,NA,N,C,C,A,A,H,-,A,D,0,NA,NA,NA,NA,Y,NA,A,NA,0,1,1,0,0,0,0,0,0,-,-,NA,NA,LOS ANGELES,LONG BEACH,-118.19790649414064,33.789920806884766
8826347,2019,2019-08-22,1942,2019-03-13,0905,40404,0516,3,5,7,1942,0,0,0,E,0,5A15,N AVALON BL,PACIFIC COAST HWY,20,N,N,A,-,Y,LA,7,1,-,-,10.532,I,6,N,Y,4,0,1,2,A,-,03,22350,NA,F,C,C,A,A,H,-,A,A,0,NA,NA,NA,NA,Y,NA,A,01,0,0,1,0,0,0,0,0,0,-,-,NA,NA,LOS ANGELES,LOS ANGELES,-118.26335144042967,33.79121017456055
8826367,2019,2019-08-26,1942,2019-03-09,0830,38687,1981,6,5,7,1942,0,0,0,NA,0,0830,ROSCOE BL,RT 405,0,NA,Y,A,-,Y,LA,7,1,-,-,43.925,R,4,N,Y,3,0,2,2,A,-,12,21453,A,N,-,C,A,-,H,-,A,A,0,NA,NA,NA,NA,Y,NA,-,-,0,1,1,0,0,0,0,0,0,-,NO,NA,NA,LOS ANGELES,LOS ANGELES,-118.63268280029295,34.03752517700195
8826371,2019,2019-08-22,1941,2019-03-12,1631,5996,NA,2,5,7,1941,0,0,0,NA,0,014,PACIFIC COAST HWY,LOS ALAMITOS CIR,0,NA,Y,A,-,Y,LA,7,1,-,-,3.47,H,-,N,N,4,0,2,2,A,-,04,21703,NA,F,C,C,A,A,H,-,A,A,0,NA,NA,NA,NA,Y,NA,A,NA,0,0,2,0,0,0,0,0,0,-,-,NA,NA,LOS ANGELES,LONG BEACH,-118.14178466796876,33.78959655761719
8826379,2019,2019-08-22,1941,2019-03-12,1506,10248,NA,2,5,7,1941,0,0,0,NA,0,005,PACIFIC COAST HWY,WALNUT AV,0,NA,Y,-,-,Y,LA,7,1,-,-,5.261,I,5,S,N,4,0,3,3,A,-,09,21801,A,N,D,C,A,A,H,-,A,A,0,NA,NA,NA,NA,Y,NA,A,NA,0,0,3,0,0,0,0,0,0,-,-,NA,NA,LOS ANGELES,LONG BEACH,-118.17191314697266,33.7898063659668
8826388,2019,2019-08-22,1967,2019-03-04,0125,137,NA,1,5,2,1967,0,0,0,NA,0,SOUTH,RT 1,LOMA AV,100,W,N,A,-,Y,LA,7,1,-,-,4.03,H,-,S,Y,4,0,1,3,A,-,01,23153,A,N,B,E,A,A,H,-,C,D,0,NA,NA,NA,NA,Y,Y,A,07,0,0,1,0,0,0,0,0,0,-,-,NA,NA,LOS ANGELES,SIGNAL HILL,-118.15064239501952,33.789798736572266
8826390,2019,2019-04-16,1926,2019-03-15,1431,0025,3,5,5,5,1926,0,0,0,NA,0,003,RT 66,ELWOOD,0,NA,Y,A,-,N,NA,NA,NA,NA,NA,NA,NA,NA,NA,N,3,0,1,2,A,-,10,21950,A,N,G,B,B,A,H,-,A,A,0,Y,NA,NA,NA,Y,NA,A,01,0,1,0,0,1,0,0,0,0,-,-,NA,NA,LOS ANGELES,GLENDORA,-117.85073089599608,34.128841400146484
8826398,2019,2019-08-22,1976,2019-03-11,1355,331,1976,1,5,5,1976,0,0,0,NA,0,004,WHITTIER BL,JORDAN RD,0,NA,Y,B,-,Y,LA,7,72,-,-,0.25,I,5,S,Y,4,0,1,2,A,-,12,21453,A,N,D,D,A,A,H,-,A,A,0,NA,NA,NA,NA,Y,NA,A,01,0,0,1,0,0,0,0,0,0,-,-,NA,NA,LOS ANGELES,WHITTIER,-117.98078918457033,33.939918518066406
8826428,2019,2019-04-05,1942,2019-02-07,1400,43282,1353,4,5,7,1942,0,0,0,M,0,13A43,43RD ST,CENTRAL AV,60,E,-,A,-,N,NA,NA,NA,NA,NA,NA,NA,NA,NA,N,4,0,1,2,A,-,08,22100,B,N,A,C,A,A,H,-,A,D,0,NA,NA,NA,NA,Y,NA,-,-,0,0,1,0,0,0,0,0,0,-,-,NA,NA,LOS ANGELES,LOS ANGELES,-118.25629425048828,34.0057373046875
8826476,2019,2019-07-23,1929,2019-03-13,1733,178,NA,3,5,3,1929,0,0,0,NA,0,003,PACIFIC COAST HWY,1ST ST,0,NA,Y,A,-,Y,LA,7,1,-,-,20.661,I,6,S,N,3,0,1,2,A,-,09,21800,A,N,D,G,A,A,H,-,A,A,0,NA,Y,NA,NA,Y,NA,L,04,0,1,0,0,0,0,1,0,0,-,-,NA,NA,LOS ANGELES,HERMOSA BEACH,-118.39043426513672,33.85505676269531
8826492,2019,2019-04-04,1942,2019-03-22,1755,42197,1218,5,5,7,1942,0,0,0,L,0,3A18,SLAUSON AV,VERMONT,0,NA,Y,A,-,N,NA,NA,NA,NA,NA,NA,NA,NA,NA,N,4,0,1,2,A,-,05,21650,1,N,B,G,A,A,-,-,A,D,0,NA,Y,NA,NA,Y,NA,L,04,0,0,1,0,0,0,1,0,0,-,-,NA,NA,LOS ANGELES,LOS ANGELES,-118.29147338867188,33.989131927490234
8826505,2019,2019-04-02,1942,2019-02-10,1300,42607,1113,7,5,7,1942,0,0,0,K,0,11A25,COLORADO BL,SIERRA VILLA,0,NA,Y,B,C,N,NA,NA,NA,NA,NA,NA,NA,NA,NA,N,4,0,2,2,A,-,08,22100,A,N,B,B,B,B,H,-,A,A,0,Y,NA,NA,NA,Y,NA,A,01,0,0,2,0,1,0,0,0,0,-,-,NA,NA,LOS ANGELES,LOS ANGELES,-118.22297668457033,34.14210891723633
8826509,2019,2019-08-22,1942,2019-02-12,1110,36238,1122,2,5,7,1942,0,0,0,K,0,11A1,LOS FELIZ BL,RIVERSIDE DR,715,E,N,A,-,Y,LA,7,5,-,-,24.524,R,4,S,N,3,0,1,2,A,-,05,21650,1,N,H,G,A,A,H,-,A,D,0,NA,Y,NA,NA,Y,NA,L,04,0,1,0,0,0,0,1,0,0,-,-,NA,NA,LOS ANGELES,LOS ANGELES,-118.27244567871094,34.12313461303711
8826512,2019,2019-04-05,1942,2019-03-19,2110,43315,319,2,5,7,1942,0,0,0,NA,0,3A15,ADAMS BL,SEVERANCE AV,0,NA,Y,A,-,N,NA,NA,NA,NA,NA,NA,NA,NA,NA,N,3,0,1,2,D,-,00,NA,NA,N,H,G,A,A,H,-,C,A,0,NA,Y,NA,NA,Y,NA,-,-,0,1,0,0,0,0,1,0,0,-,-,NA,NA,LOS ANGELES,LOS ANGELES,-118.28086853027344,34.03031921386719
8826513,2019,2019-08-22,1925,2019-02-22,2007,20871,220,5,5,6,1925,0,0,0,NA,0,001,BRAND BL,RT 134,0,NA,Y,A,-,Y,LA,7,134,-,R,7.254,R,4,W,Y,4,0,1,2,A,-,12,21453,A,N,D,C,A,A,H,-,C,A,0,NA,NA,NA,NA,Y,Y,A,01,0,0,1,0,0,0,0,0,0,-,WF,NA,NA,LOS ANGELES,GLENDALE,-118.252685546875,34.156463623046875
8826517,2019,2019-08-22,1942,2019-02-23,0500,35410,2125,6,5,7,1942,0,0,0,NA,0,21A97,TOPANGA CANYON BL,SATICOY ST,150,N,N,A,-,Y,LA,7,27,-,-,15.07,H,-,N,Y,4,0,1,2,A,-,03,22350,NA,N,C,E,A,A,H,-,C,D,0,NA,NA,NA,NA,Y,NA,A,01,0,0,1,0,0,0,0,0,0,-,-,NA,NA,LOS ANGELES,LOS ANGELES,-118.60588073730467,34.208709716796875
8826533,2019,2019-04-16,1953,2019-02-02,2232,1330,1953,6,5,6,1953,0,0,0,NA,0,005,GREEN ST,ARROYO PKWY,0,NA,Y,C,-,N,NA,NA,NA,NA,NA,NA,NA,NA,NA,Y,3,0,2,2,A,-,12,21453,A,N,D,C,A,B,H,-,C,A,0,NA,NA,NA,NA,Y,NA,A,01,0,1,1,0,0,0,0,0,0,-,-,NA,NA,LOS ANGELES,PASADENA,-118.14749908447266,34.144500732421875
8826548,2019,2019-04-08,1942,2019-02-24,1855,39409,729,7,5,7,1942,0,0,0,NA,0,7Z5,BEVERLY BL,HIGHLAND AV,0,NA,Y,A,-,N,NA,NA,NA,NA,NA,NA,NA,NA,NA,Y,4,0,1,2,A,-,08,22107,NA,N,A,C,A,A,H,-,C,-,0,NA,NA,NA,NA,Y,NA,A,01,0,0,1,0,0,0,0,0,0,-,-,NA,NA,LOS ANGELES,LOS ANGELES,-118.33865356445313,34.07619094848633
8826549,2019,2019-04-16,1900,2019-02-19,1115,507857,973,2,5,4,1979,0,0,0,NA,0,92T3,SANTA MONICA BL,GREENACRE AV,18,E,N,A,-,N,NA,NA,NA,NA,NA,NA,NA,NA,NA,Y,3,0,1,2,A,-,03,22350,NA,N,C,C,A,A,H,-,A,D,0,NA,NA,NA,NA,Y,NA,A,07,0,1,0,0,0,0,0,0,0,-,-,34.09080123901367,-118.34902191162108,LOS ANGELES,WEST HOLLYWOOD,-118.34902954101564,34.09074020385742
8826553,2019,2019-04-16,1900,2019-02-14,0218,526486,974,4,5,4,1979,0,0,0,NA,0,93T3,SANTA MONICA BL,OGDEN DR,30,E,N,C,-,N,NA,NA,NA,NA,NA,NA,NA,NA,NA,Y,4,0,2,2,A,-,05,21651,A,F,A,C,A,B,H,-,C,D,0,NA,NA,NA,NA,Y,NA,A,07,0,0,2,0,0,0,0,0,0,-,-,34.090511322021484,-118.35894775390624,LOS ANGELES,WEST HOLLYWOOD,-118.3594207763672,34.0908317565918
8826557,2019,2019-04-16,1900,2019-02-13,2007,619888,975,3,5,4,1979,0,0,0,NA,0,093,SANTA MONICA BL,HAYWORTH AV,50,E,N,C,-,N,NA,NA,NA,NA,NA,NA,NA,NA,NA,N,3,0,1,2,A,-,06,21951,NA,M,G,B,B,B,H,-,C,A,0,Y,NA,NA,NA,Y,NA,A,01,0,1,0,0,1,0,0,0,0,-,-,34.09075927734375,-118.36316680908205,LOS ANGELES,WEST HOLLYWOOD,-118.36282348632813,34.0908203125
8826584,2019,2019-05-09,1900,2019-01-04,1540,625498,1334,5,5,5,1908,0,0,0,NA,0,133,LAKEWOOD BL,CEDAR ST,0,NA,Y,A,-,N,NA,NA,NA,NA,NA,NA,NA,NA,NA,Y,4,0,2,2,A,-,09,21801,A,N,A,C,A,A,H,-,-,D,0,NA,NA,NA,NA,Y,NA,A,07,0,0,2,0,0,0,0,0,0,-,-,NA,NA,LOS ANGELES,BELLFLOWER,-118.14257049560548,33.871089935302734
8826596,2019,2019-05-09,1900,2019-03-19,1449,532124,0522,2,5,4,1971,0,0,0,NA,0,52T1PM,RT 164,BROADWAY,390,N,N,A,-,N,NA,NA,NA,NA,NA,NA,NA,NA,NA,N,4,0,1,3,A,-,04,21703,NA,N,C,C,A,A,H,-,A,D,0,NA,NA,NA,NA,Y,NA,A,01,0,0,1,0,0,0,0,0,0,-,-,34.099029541015625,-118.07344818115234,LOS ANGELES,TEMPLE CITY,-118.07359313964844,34.100074768066406