CASE_ID,ACCIDENT_YEAR,PROC_DATE,JURIS,COLLISION_DATE,COLLISION_TIME,OFFICER_ID,REPORTING_DISTRICT,DAY_OF_WEEK,CHP_SHIFT,POPULATION,CNTY_CITY_LOC,SPECIAL_COND,BEAT_TYPE,CHP_BEAT_TYPE,CITY_DIVISION_LAPD,CHP_BEAT_CLASS,BEAT_NUMBER,PRIMARY_RD,SECONDARY_RD,DISTANCE,DIRECTION,INTERSECTION,WEATHER_1,WEATHER_2,STATE_HWY_IND,CALTRANS_COUNTY,CALTRANS_DISTRICT,STATE_ROUTE,ROUTE_SUFFIX,POSTMILE_PREFIX,POSTMILE,LOCATION_TYPE,RAMP_INTERSECTION,SIDE_OF_HWY,TOW_AWAY,COLLISION_SEVERITY,NUMBER_KILLED,NUMBER_INJURED,PARTY_COUNT,PRIMARY_COLL_FACTOR,PCF_CODE_OF_VIOL,PCF_VIOL_CATEGORY,PCF_VIOLATION,PCF_VIOL_SUBSECTION,HIT_AND_RUN,TYPE_OF_COLLISION,MVIW,PED_ACTION,ROAD_SURFACE,ROAD_COND_1,ROAD_COND_2,LIGHTING,CONTROL_DEVICE,CHP_ROAD_TYPE,PEDESTRIAN_ACCIDENT,BICYCLE_ACCIDENT,MOTORCYCLE_ACCIDENT,TRUCK_ACCIDENT,NOT_PRIVATE_PROPERTY,ALCOHOL_INVOLVED,STWD_VEHTYPE_AT_FAULT,CHP_VEHTYPE_AT_FAULT,COUNT_SEVERE_INJ,COUNT_VISIBLE_INJ,COUNT_COMPLAINT_PAIN,COUNT_PED_KILLED,COUNT_PED_INJURED,COUNT_BICYCLIST_KILLED,COUNT_BICYCLIST_INJURED,COUNT_MC_KILLED,COUNT_MC_INJURED,PRIMARY_RAMP,SECONDARY_RAMP,LATITUDE,LONGITUDE,COUNTY,CITY,POINT_X,POINT_Y
8829988,2019,2019-03-29,1942,2019-03-07,0906,27260,1612,4,5,7,1942,0,0,0,P,0,16A11,EUSTALE ST,GLENOAKS BL,0,NA,Y,A,-,N,NA,NA,NA,NA,NA,NA,NA,NA,NA,N,4,0,1,2,A,-,12,21453,A,N,G,B,B,A,H,-,A,A,0,Y,NA,NA,NA,Y,NA,N,60,0,0,1,0,1,0,0,0,0,-,-,NA,NA,LOS ANGELES,LOS ANGELES,-118.41955,34.28112
8829989,2019,2019-03-29,1942,2019-03-05,1855,41240,1018,2,5,7,1942,0,0,0,J,0,10X94,SHERMAN WY,WOODLEY AV,0,NA,N,C,-,N,NA,NA,NA,NA,NA,NA,NA,NA,NA,Y,4,0,2,2,A,-,09,21801,A,N,A,C,A,B,H,-,C,A,0,NA,NA,NA,NA,Y,NA,-,NA,0,0,2,0,0,0,0,0,0,-,-,NA,NA,LOS ANGELES,LOS ANGELES,-118.48368072509766,34.201171875
8829990,2019,2019-03-29,1942,2019-03-06,1945,37613,1764,3,5,7,1942,0,0,0,Q,0,17A81,CORBIN AV,NORDHOFF ST,0,NA,Y,C,-,N,NA,NA,NA,NA,NA,NA,NA,NA,NA,Y,3,0,3,3,A,-,09,21801,A,N,D,C,A,B,H,-,C,A,0,NA,NA,NA,NA,Y,NA,A,01,0,1,2,0,0,0,0,0,0,-,-,NA,NA,LOS ANGELES,LOS ANGELES,-118.5623016357422,34.23548126220703
8829991,2019,2019-03-29,1942,2019-03-08,1325,37686,1004,5,5,7,1942,0,0,0,J,0,10A3,ROSCOE BL,ETIWANDA AV,0,NA,Y,A,-,N,NA,NA,NA,NA,NA,NA,NA,NA,NA,N,4,0,2,2,A,-,09,21801,A,N,D,C,A,A,H,-,A,A,0,NA,NA,NA,NA,Y,NA,A,01,0,0,2,0,0,0,0,0,0,-,-,NA,NA,LOS ANGELES,LOS ANGELES,-118.53173828125,34.22077941894531
8829992,2019,2019-03-29,1942,2019-03-11,2150,40065,1622,1,5,7,1942,0,0,0,P,0,16A11,SAN FERNANDO RD,DESMOND ST,88,S,N,A,-,N,NA,NA,NA,NA,NA,NA,NA,NA,NA,Y,3,0,1,2,A,-,09,21801,A,N,D,C,A,A,H,-,C,D,0,NA,NA,NA,NA,Y,NA,A,07,0,1,0,0,0,0,0,0,0,-,-,NA,NA,LOS ANGELES,LOS ANGELES,-118.43074798583984,34.27425765991211
8829993,2019,2019-04-15,1942,2019-03-06,1400,42796,1041,3,5,7,1942,0,0,0,J,0,10X23,OXNARD ST,WILBUR,30,W,N,C,-,N,NA,NA,NA,NA,NA,NA,NA,NA,NA,Y,4,0,1,2,A,-,03,22350,NA,N,C,C,A,B,H,-,A,A,0,NA,NA,NA,NA,Y,NA,A,01,0,0,1,0,0,0,0,0,0,-,-,NA,NA,LOS ANGELES,LOS ANGELES,-118.54481506347656,34.1801643371582
8829994,2019,2019-03-29,1942,2019-03-06,1640,36733,1792,3,5,7,1942,0,0,0,Q,0,17A81,PENFIELD AV,COMMUNITY ST,0,NA,Y,C,-,N,NA,NA,NA,NA,NA,NA,NA,NA,NA,N,4,0,1,2,A,-,12,22450,A,N,D,C,A,B,H,-,A,A,0,NA,NA,NA,NA,Y,NA,A,07,0,0,1,0,0,0,0,0,0,-,-,NA,NA,LOS ANGELES,LOS ANGELES,-118.56886291503906,34.22214889526367
8829995,2019,2019-03-29,1942,2019-03-08,1410,40165,1001,5,5,7,1942,0,0,0,J,0,10A3,SHIRLEY AV,ROSCOE BL,0,NA,Y,A,-,N,NA,NA,NA,NA,NA,NA,NA,NA,NA,Y,4,0,1,3,A,-,09,21802,A,N,D,C,A,A,H,-,A,A,0,NA,NA,NA,NA,Y,NA,A,01,0,0,1,0,0,0,0,0,0,-,-,NA,NA,LOS ANGELES,LOS ANGELES,-118.55789184570313,34.220420837402344
8829996,2019,2019-03-29,1942,2019-03-16,0940,42460,1651,6,5,7,1942,0,0,0,P,0,16A23,LAUREL CANYON BL,OSBORNE ST,500,S,N,A,-,N,NA,NA,NA,NA,NA,NA,NA,NA,NA,Y,3,0,2,2,A,-,09,21804,A,N,D,C,A,A,H,-,A,D,0,NA,NA,NA,NA,Y,NA,A,07,0,1,1,0,0,0,0,0,0,-,-,NA,NA,LOS ANGELES,LOS ANGELES,-118.41844940185548,34.245853424072266
8829997,2019,2019-03-29,1942,2019-03-20,1800,37353,1637,3,5,7,1942,0,0,0,P,0,16A35,ELDORA AV,WENTWORTH ST,147,S,N,B,-,N,NA,NA,NA,NA,NA,NA,NA,NA,NA,Y,4,0,1,6,A,-,03,22350,NA,F,B,E,A,A,H,-,A,D,0,NA,NA,NA,NA,Y,NA,A,01,0,0,1,0,0,0,0,0,0,-,-,NA,NA,LOS ANGELES,LOS ANGELES,-118.31486511230467,34.266578674316406
8829998,2019,2019-03-29,1942,2019-03-06,1300,36733,1764,3,5,7,1942,0,0,0,Q,0,17A81,TAMPA AV,NORDHOFF ST,200,N,N,C,-,N,NA,NA,NA,NA,NA,NA,NA,NA,NA,N,4,0,1,2,D,-,00,NA,NA,N,B,C,A,B,H,-,A,D,0,NA,NA,NA,NA,Y,NA,-,-,0,0,1,0,0,0,0,0,0,-,-,NA,NA,LOS ANGELES,LOS ANGELES,-118.55355834960938,34.23600769042969
8829999,2019,2019-03-29,1942,2019-03-08,1506,38947,1009,5,5,7,1942,0,0,0,J,0,10A39,ROSCOE BL,HASKELL AV,0,NA,Y,A,-,N,NA,NA,NA,NA,NA,NA,NA,NA,NA,N,4,0,1,2,A,-,09,21801,A,N,A,C,A,A,H,-,A,A,0,NA,NA,NA,NA,Y,NA,A,07,0,0,1,0,0,0,0,0,0,-,-,NA,NA,LOS ANGELES,LOS ANGELES,-118.47646331787108,34.221351623535156
8830000,2019,2019-03-29,1942,2019-03-12,1830,43569,1645,2,5,7,1942,0,0,0,P,0,16A89,OSBORNE ST,OSBORNE PL,50,W,N,A,-,N,NA,NA,NA,NA,NA,NA,NA,NA,NA,Y,3,0,3,2,A,-,09,21802,A,N,D,C,A,A,-,-,A,D,0,NA,NA,NA,NA,Y,Y,-,-,0,1,2,0,0,0,0,0,0,-,-,NA,NA,LOS ANGELES,LOS ANGELES,-118.40387725830078,34.258323669433594
8830003,2019,2019-03-27,1942,2019-03-07,1440,38947,0932,4,5,7,1942,0,0,0,I,0,9A23,KESTER AV,VICTORY BL,0,NA,Y,A,-,N,NA,NA,NA,NA,NA,NA,NA,NA,NA,Y,4,0,2,2,A,-,09,21801,A,N,A,C,A,A,H,-,A,A,0,NA,NA,NA,NA,Y,NA,A,01,0,0,2,0,0,0,0,0,0,-,-,NA,NA,LOS ANGELES,LOS ANGELES,-118.45745086669922,34.18666076660156
8830004,2019,2019-03-29,1942,2019-03-11,1035,40398,1049,1,5,7,1942,0,0,0,J,0,10A17,VICTORY BL,WOODLEY AV,55,W,N,A,-,N,NA,NA,NA,NA,NA,NA,NA,NA,NA,N,4,0,4,3,A,-,03,22350,NA,N,C,C,A,A,H,-,A,A,0,NA,NA,NA,NA,Y,NA,A,01,0,0,4,0,0,0,0,0,0,-,-,NA,NA,LOS ANGELES,LOS ANGELES,-118.48383331298828,34.18661880493164
8830007,2019,2019-03-27,1942,2019-03-07,0955,32268,0948,4,5,7,1942,0,0,0,I,0,9A37,CHANDLER BL,FULTON AV,0,NA,Y,A,-,N,NA,NA,NA,NA,NA,NA,NA,NA,NA,Y,4,0,2,2,A,-,09,21801,A,N,D,C,A,A,H,-,A,A,0,NA,NA,NA,NA,Y,NA,A,01,0,0,2,0,0,0,0,0,0,-,-,NA,NA,LOS ANGELES,LOS ANGELES,-118.42249298095705,34.16856002807617
8830008,2019,2019-04-03,1942,2019-03-06,1015,34482,0985,3,5,7,1942,0,0,0,I,0,9A89,BEVERLY GLEN BL,GREENLEAF ST,0,NA,Y,C,-,N,NA,NA,NA,NA,NA,NA,NA,NA,NA,Y,3,0,2,2,A,-,09,21802,A,N,D,C,A,B,H,-,A,A,0,NA,NA,NA,NA,Y,NA,A,01,0,1,1,0,0,0,0,0,0,-,-,NA,NA,LOS ANGELES,LOS ANGELES,-118.44654846191406,34.14772033691406
8830011,2019,2019-03-27,1942,2019-03-05,0750,43061,NA,2,5,7,1942,0,0,0,NA,0,0923,VANOWEN ST,NOBLE AV,0,NA,Y,A,-,N,NA,NA,NA,NA,NA,NA,NA,NA,NA,Y,4,0,1,2,A,-,-,NA,NA,N,D,C,A,A,H,-,A,A,0,NA,NA,NA,NA,Y,NA,A,01,0,0,1,0,0,0,0,0,0,-,-,NA,NA,LOS ANGELES,LOS ANGELES,-118.46183776855467,34.193931579589844
8830012,2019,2019-03-29,1942,2019-03-12,1915,38620,1047,2,5,7,1942,0,0,0,J,0,10A47,BURBANK BL,ENCINO AV,0,NA,Y,-,-,N,NA,NA,NA,NA,NA,NA,NA,NA,NA,N,4,0,1,2,A,-,09,21801,A,N,D,C,A,A,H,-,B,A,0,NA,NA,NA,NA,Y,NA,-,-,0,0,1,0,0,0,0,0,0,-,-,NA,NA,LOS ANGELES,LOS ANGELES,-118.51419067382813,34.17226028442383
8830015,2019,2019-03-28,1942,2019-03-05,2320,42829,943,2,5,7,1942,0,0,0,NA,0,9A41,HAZELTINE AV,OXNARD,300,N,N,C,-,N,NA,NA,NA,NA,NA,NA,NA,NA,NA,Y,3,0,1,4,A,-,03,22350,NA,N,B,C,A,B,H,-,D,D,0,NA,NA,NA,NA,Y,NA,A,01,0,1,0,0,0,0,0,0,0,-,-,NA,NA,LOS ANGELES,LOS ANGELES,-118.43997192382813,34.18022155761719
8830016,2019,2019-04-15,1942,2019-03-13,1030,39552,1017,3,5,7,1942,0,0,0,J,0,10A17,LOUISE AV,SATICOY ST,0,NA,Y,A,-,N,NA,NA,NA,NA,NA,NA,NA,NA,NA,N,4,0,1,2,A,-,09,21801,A,N,D,-,A,A,H,-,A,A,0,NA,NA,NA,NA,Y,NA,A,01,0,0,1,0,0,0,0,0,0,-,-,NA,NA,LOS ANGELES,LOS ANGELES,-118.50984191894533,34.20840835571289
8830019,2019,2019-04-15,1942,2019-03-01,1245,42285,0905,5,5,7,1942,0,0,0,I,0,9X14,SATICOY ST,VAN NUYS BL,331,W,N,B,-,N,NA,NA,NA,NA,NA,NA,NA,NA,NA,Y,4,0,3,2,A,-,09,21804,A,N,D,C,A,A,-,-,A,D,0,NA,NA,NA,NA,Y,NA,A,01,0,0,3,0,0,0,0,0,0,-,-,NA,NA,LOS ANGELES,LOS ANGELES,-118.44987487792967,34.208465576171875
8830020,2019,2019-03-29,1942,2019-03-13,1835,41758,1033,3,5,7,1942,0,0,0,J,0,10X88,VICTORY BL,WILBER AV,75,E,N,A,-,N,NA,NA,NA,NA,NA,NA,NA,NA,NA,Y,3,0,1,3,A,-,03,22350,NA,N,F,E,A,A,H,-,B,A,0,NA,NA,NA,NA,Y,NA,A,07,0,1,0,0,0,0,0,0,0,-,-,NA,NA,LOS ANGELES,LOS ANGELES,-118.54449462890624,34.186580657958984
8830023,2019,2019-03-27,1942,2019-03-10,0930,40937,0971,7,5,7,1942,0,0,0,I,0,9A63,N SEPULVEDA BL,LA MAIDA ST,0,NA,Y,A,-,N,NA,NA,NA,NA,NA,NA,NA,NA,NA,Y,4,0,1,2,A,-,09,21801,A,N,D,C,A,A,H,-,A,D,0,NA,NA,NA,NA,Y,NA,A,07,0,0,1,0,0,0,0,0,0,-,-,NA,NA,LOS ANGELES,LOS ANGELES,-118.46614837646484,34.15848159790039
8830024,2019,2019-03-29,1942,2019-03-15,1900,38349,1037,5,5,7,1942,0,0,0,J,0,10A17,VICTORY BL,LOUISE AV,30,W,N,A,-,N,NA,NA,NA,NA,NA,NA,NA,NA,NA,N,4,0,1,2,A,-,03,22350,NA,N,-,D,A,-,H,-,C,A,0,NA,NA,NA,NA,Y,NA,A,01,0,0,1,0,0,0,0,0,0,-,-,NA,NA,LOS ANGELES,LOS ANGELES,-118.51016235351564,34.18682098388672
8830027,2019,2019-03-28,1942,2019-03-01,1925,38613,0914,5,5,7,1942,0,0,0,I,0,9A23,SHERMAN WY,SHERMAN CIR,0,NA,Y,A,-,N,NA,NA,NA,NA,NA,NA,NA,NA,NA,Y,3,0,1,2,A,-,09,21801,A,N,D,C,A,A,H,-,C,A,0,NA,NA,Y,NA,Y,NA,A,01,0,1,0,0,0,0,0,0,1,-,-,NA,NA,LOS ANGELES,LOS ANGELES,-118.45089721679688,34.20117950439453
8830028,2019,2019-03-29,1942,2019-03-08,1030,40141,1027,5,5,7,1942,0,0,0,J,0,10A17,BALBOA BL,HARTLAND ST,25,S,N,A,-,N,NA,NA,NA,NA,NA,NA,NA,NA,NA,N,4,0,1,2,A,-,08,22107,NA,N,D,C,A,A,H,-,A,D,0,NA,NA,NA,NA,Y,NA,A,01,0,0,1,0,0,0,0,0,0,-,-,NA,NA,LOS ANGELES,LOS ANGELES,-118.50135803222656,34.194881439208984
8830030,2019,2019-03-28,1942,2019-03-09,1725,42561,1007,6,5,7,1942,0,0,0,J,0,10X88,ROSCOE BL,AMESTOY AV,0,NA,Y,A,-,N,NA,NA,NA,NA,NA,NA,NA,NA,NA,N,3,0,4,2,A,-,12,21453,A,N,B,C,A,A,H,-,B,A,0,NA,NA,NA,NA,Y,NA,A,01,0,2,2,0,0,0,0,0,0,-,-,NA,NA,LOS ANGELES,LOS ANGELES,-118.50552368164064,34.22142028808594
8830031,2019,2019-03-28,1942,2019-03-12,1235,38947,091,2,5,7,1942,0,0,0,I,0,9A19,SHERMAN  WY,HAZELTINE AV,0,NA,Y,A,-,N,NA,NA,NA,NA,NA,NA,NA,NA,NA,Y,3,0,2,2,A,-,09,21801,A,N,A,C,A,A,H,-,A,A,0,NA,NA,NA,NA,Y,NA,A,01,0,1,1,0,0,0,0,0,0,-,-,NA,NA,LOS ANGELES,LOS ANGELES,-118.43997192382813,34.20122146606445
8830032,2019,2019-03-29,1942,2019-03-17,0900,33886,1099,7,5,7,1942,0,0,0,J,0,35M45,N SEPULVEDA BL,VALLEY MEADOW RD,150,N,N,A,-,N,NA,NA,NA,NA,NA,NA,NA,NA,NA,Y,3,0,1,1,A,-,03,22350,NA,N,H,J,A,A,H,-,A,D,0,NA,NA,Y,NA,Y,NA,C,02,0,1,0,0,0,0,0,0,1,-,-,NA,NA,LOS ANGELES,LOS ANGELES,-118.47908020019533,34.138328552246094
8830036,2019,2019-03-29,1942,2019-03-13,0745,32268,0905,3,5,7,1942,0,0,0,I,0,9A5,VALERIO ST,VISTA DEL MONTE AV,102,E,N,A,-,N,NA,NA,NA,NA,NA,NA,NA,NA,NA,N,4,0,2,2,A,-,03,22350,NA,N,C,C,A,A,H,-,A,D,0,NA,NA,NA,NA,Y,NA,A,01,0,0,2,0,0,0,0,0,0,-,-,NA,NA,LOS ANGELES,LOS ANGELES,-118.44972229003906,34.20481872558594
8830040,2019,2019-04-03,1942,2019-03-08,1430,41497,0963,5,5,7,1942,0,0,0,I,0,9A63,MAGNOLIA BL,VAN NUYS BL,55,E,N,A,-,N,NA,NA,NA,NA,NA,NA,NA,NA,NA,N,4,0,2,4,A,-,03,22350,NA,N,C,C,A,A,H,-,A,D,0,NA,NA,NA,NA,Y,NA,A,08,0,0,2,0,0,0,0,0,0,-,-,NA,NA,LOS ANGELES,LOS ANGELES,-118.4485321044922,34.16486740112305
8830043,2019,2019-04-17,1941,2019-03-01,2040,11271,NA,5,5,7,1941,0,0,0,NA,0,NA,LONG BEACH BL,6TH ST,0,NA,Y,A,-,N,NA,NA,NA,NA,NA,NA,NA,NA,NA,Y,4,0,1,2,A,-,09,21801,A,N,B,C,A,A,H,-,C,A,0,NA,NA,NA,NA,Y,NA,A,NA,0,0,1,0,0,0,0,0,0,-,-,NA,NA,LOS ANGELES,LONG BEACH,-118.18949127197266,33.77415084838867
8830044,2019,2019-04-03,1942,2019-03-13,2055,42818,0932,3,5,7,1942,0,0,0,I,0,A923,KESTER AV,SYLVAN ST,140,S,N,A,-,N,NA,NA,NA,NA,NA,NA,NA,NA,NA,Y,2,0,1,2,A,-,09,21801,A,N,A,C,A,A,H,-,C,A,0,NA,NA,Y,NA,Y,NA,A,01,1,0,0,0,0,0,0,0,1,-,-,NA,NA,LOS ANGELES,LOS ANGELES,-118.45745849609376,34.18445587158203
8830047,2019,2019-03-27,1941,2019-03-13,0644,6204,NA,3,5,7,1941,0,0,0,NA,0,NA,WILLOW ST,STUDEBAKER RD,0,NA,Y,A,-,N,NA,NA,NA,NA,NA,NA,NA,NA,NA,Y,4,0,2,2,A,-,09,21801,A,N,D,C,A,A,H,-,A,A,0,NA,NA,NA,NA,Y,NA,-,NA,0,0,2,0,0,0,0,0,0,-,-,NA,NA,LOS ANGELES,LONG BEACH,-118.09947204589844,33.803409576416016
8830048,2019,2019-08-22,1942,2019-03-04,1044,43677,VNYS,1,5,7,1942,0,0,0,NA,0,9A63,VAN NUYS BL,RT 101,0,NA,Y,A,-,Y,LA,7,101,-,-,16.038,R,4,S,N,4,0,1,2,A,-,04,21703,NA,N,C,D,A,A,H,-,A,A,0,NA,NA,NA,NA,Y,NA,A,01,0,0,1,0,0,0,0,0,0,-,-,NA,NA,LOS ANGELES,LOS ANGELES,-118.45051574707033,34.1573371887207
8830051,2019,2019-03-27,1941,2019-03-13,1613,11271,NA,3,5,7,1941,0,0,0,NA,0,NA,ANAHEIM ST,OREGON AV,0,NA,Y,A,-,N,NA,NA,NA,NA,NA,NA,NA,NA,NA,N,4,0,1,4,A,-,07,21658,A,N,B,C,A,A,H,-,A,A,0,NA,NA,NA,NA,Y,NA,-,-,0,0,1,0,0,0,0,0,0,-,-,NA,NA,LOS ANGELES,LONG BEACH,-118.20098114013672,33.78281021118164
8830052,2019,2019-03-29,1942,2019-03-06,1450,30830,0998,3,5,7,1942,0,0,0,I,0,9A89,COLDWATER CANYON AV,HACIENDA DR,0,NA,Y,B,C,N,NA,NA,NA,NA,NA,NA,NA,NA,NA,Y,4,0,1,1,C,-,18,NA,NA,N,E,I,A,B,F,-,A,D,0,NA,NA,NA,NA,Y,NA,-,-,0,0,1,0,0,0,0,0,0,-,-,NA,NA,LOS ANGELES,LOS ANGELES,-118.41351318359376,34.1391716003418
8830055,2019,2019-03-28,1941,2019-03-11,1618,10941,NA,1,5,7,1941,0,0,0,NA,0,NA,SANTA FE AV,PCH,0,NA,Y,B,-,N,NA,NA,NA,NA,NA,NA,NA,NA,NA,N,4,0,1,2,A,-,03,22350,NA,F,G,B,B,A,H,-,A,A,0,Y,NA,NA,NA,Y,NA,D,NA,0,0,1,0,1,0,0,0,0,-,-,NA,NA,LOS ANGELES,LONG BEACH,-118.21547698974608,33.789859771728516
8830056,2019,2019-03-29,1942,2019-03-06,0940,31931,0941,3,5,7,1942,0,0,0,I,0,9A41,OXNARD ST,VESPER AV,0,NA,Y,C,-,N,NA,NA,NA,NA,NA,NA,NA,NA,NA,N,4,0,1,2,A,-,12,21453,A,N,D,C,A,B,H,-,A,A,0,NA,NA,NA,NA,Y,NA,A,01,0,0,1,0,0,0,0,0,0,-,-,NA,NA,LOS ANGELES,LOS ANGELES,-118.45092010498048,34.17938995361328
8830059,2019,2019-03-28,1941,2019-03-10,1959,10925,NA,7,5,7,1941,0,0,0,NA,0,NA,CHERRY AV,N 14TH ST,19,N,N,A,-,N,NA,NA,NA,NA,NA,NA,NA,NA,NA,N,4,0,3,2,A,-,03,22350,NA,F,C,C,A,A,H,-,C,A,0,NA,NA,NA,NA,Y,NA,-,NA,0,0,3,0,0,0,0,0,0,-,-,NA,NA,LOS ANGELES,LONG BEACH,-118.16767120361328,33.78445053100586
8830060,2019,2019-04-03,1942,2019-03-05,2230,41274,0981,2,5,7,1942,0,0,0,I,0,9A89,VENTURA BL,DICKENS ST,65,E,N,C,-,N,NA,NA,NA,NA,NA,NA,NA,NA,NA,Y,4,0,2,2,A,-,08,22102,NA,N,D,C,A,B,H,-,C,D,0,NA,NA,NA,NA,Y,NA,A,01,0,0,2,0,0,0,0,0,0,-,-,NA,NA,LOS ANGELES,LOS ANGELES,-118.46710205078124,34.15396499633789
8830063,2019,2019-03-27,1942,2019-03-01,1200,37304,0943,5,5,7,1942,0,0,0,I,0,9A41,VAN NUYS BL,OXNARD ST,0,NA,Y,A,-,N,NA,NA,NA,NA,NA,NA,NA,NA,NA,Y,3,0,3,2,A,-,09,21801,A,N,D,C,A,A,H,-,A,A,0,NA,NA,NA,NA,Y,NA,A,01,0,1,2,0,0,0,0,0,0,-,-,NA,NA,LOS ANGELES,LOS ANGELES,-118.44873809814452,34.17940139770508
8830064,2019,2019-03-29,1942,2019-03-09,0025,33504,0911,6,5,7,1942,0,0,0,I,0,9A23,HARTLAND ST,LANGDON AV,121,S,N,B,-,N,NA,NA,NA,NA,NA,NA,NA,NA,NA,Y,4,0,1,1,C,-,18,NA,NA,N,E,I,A,A,H,-,C,D,0,NA,NA,NA,NA,Y,NA,-,-,0,0,1,0,0,0,0,0,0,-,-,NA,NA,LOS ANGELES,LOS ANGELES,-118.469482421875,34.195308685302734
8830068,2019,2019-03-29,1942,2019-03-09,1345,35481,0938,6,5,7,1942,0,0,0,I,0,9A37,FULTON AV,VICTORY BL,500,S,N,A,-,N,NA,NA,NA,NA,NA,NA,NA,NA,NA,N,4,0,2,2,A,-,07,21658,A,N,C,C,A,A,H,-,A,D,0,NA,NA,NA,NA,Y,NA,A,01,0,0,2,0,0,0,0,0,0,-,-,NA,NA,LOS ANGELES,LOS ANGELES,-118.42250823974608,34.18531036376953
8830072,2019,2019-04-03,1942,2019-03-10,2020,33504,0932,7,5,7,1942,0,0,0,I,0,9A23,SEPULVEDA BL,VICTORY BL,265,N,N,B,-,N,NA,NA,NA,NA,NA,NA,NA,NA,NA,Y,2,0,3,2,A,-,07,21658,A,N,D,C,A,A,H,-,C,A,0,NA,NA,NA,NA,Y,NA,A,01,1,1,1,0,0,0,0,0,0,-,-,NA,NA,LOS ANGELES,LOS ANGELES,-118.46617126464844,34.18738555908203
8830076,2019,2019-03-29,1942,2019-03-09,2335,42029,0941,6,5,7,1942,0,0,0,I,0,9A41,OXNARD ST,VAN NUYS BL,0,NA,Y,A,-,N,NA,NA,NA,NA,NA,NA,NA,NA,NA,Y,2,0,3,2,A,-,12,21453,A,N,D,C,A,A,H,-,C,A,0,NA,NA,NA,NA,Y,NA,A,01,1,0,2,0,0,0,0,0,0,-,-,NA,NA,LOS ANGELES,LOS ANGELES,-118.44873809814452,34.17940139770508
8830080,2019,2019-04-03,1942,2019-03-13,1550,41497,0911,3,5,7,1942,0,0,0,I,0,9A23,N SEPULVEDA BL,VOSE ST,0,NA,Y,A,-,N,NA,NA,NA,NA,NA,NA,NA,NA,NA,Y,3,0,2,2,A,-,09,21801,A,N,D,C,A,A,H,-,A,A,0,NA,NA,NA,NA,Y,NA,A,01,0,1,1,0,0,0,0,0,0,-,-,NA,NA,LOS ANGELES,LOS ANGELES,-118.46620178222656,34.19844055175781
8830088,2019,2019-04-03,1942,2019-03-18,1900,37353,1037,1,5,7,1942,0,0,0,J,0,10A17,BIRMINGHAM DWY,VICTORY BL,0,NA,Y,A,-,N,NA,NA,NA,NA,NA,NA,NA,NA,NA,Y,3,0,1,2,A,-,12,21453,A,N,A,C,A,A,H,-,A,A,0,NA,NA,NA,NA,Y,NA,-,-,0,1,0,0,0,0,0,0,0,-,-,NA,NA,LOS ANGELES,LOS ANGELES,NA,NA
8830092,2019,2019-04-03,1942,2019-03-12,1745,38321,952,2,5,7,1942,0,0,0,NA,0,942,SEPULVEDA BL,WEDDINGTON ST,0,NA,Y,A,-,N,NA,NA,NA,NA,NA,NA,NA,NA,NA,Y,3,0,2,2,A,-,09,21802,A,N,D,C,A,-,A,H,A,A,0,NA,NA,NA,NA,Y,NA,A,01,0,1,1,0,0,0,0,0,0,-,-,NA,NA,LOS ANGELES,LOS ANGELES,-118.46616363525392,34.16727066040039
8830096,2019,2019-04-23,1942,2019-03-14,0640,40141,0932,4,5,7,1942,0,0,0,I,0,9A23,VICTORY BL,NOBLE AV,0,NA,Y,A,-,N,NA,NA,NA,NA,NA,NA,NA,NA,NA,Y,3,0,2,2,A,-,09,21801,B,N,D,C,A,A,H,-,A,A,0,NA,NA,NA,Y,Y,NA,A,07,0,2,0,0,0,0,0,0,0,-,-,NA,NA,LOS ANGELES,LOS ANGELES,-118.46185302734376,34.186649322509766
8830100,2019,2019-04-03,1942,2019-03-12,1500,41462,1539,2,5,7,1942,0,0,0,O,0,15A39,OXNARD ST,CLEON AV,0,NA,Y,A,-,N,NA,NA,NA,NA,NA,NA,NA,NA,NA,Y,3,0,1,1,A,-,03,22350,NA,N,E,I,A,A,H,-,A,D,0,NA,NA,NA,NA,Y,NA,D,22,0,1,0,0,0,0,0,0,0,-,-,NA,NA,LOS ANGELES,LOS ANGELES,-118.3681182861328,34.1794319152832
8830101,2019,2019-04-09,1900,2019-02-26,1230,602965,0610,2,5,6,1985,0,0,0,NA,0,61T1,SOLEDAD CANYON RD,LANGSIDE AV,38,E,N,A,-,N,NA,NA,NA,NA,NA,NA,NA,NA,NA,Y,4,0,1,2,A,-,12,21453,A,N,C,C,A,A,H,-,A,A,0,NA,NA,NA,NA,Y,NA,A,01,0,0,1,0,0,0,0,0,0,-,-,34.42068099975586,-118.48468780517578,LOS ANGELES,SANTA CLARITA,-118.48460388183594,34.420509338378906
8830104,2019,2019-04-26,1942,2019-02-27,1700,43215,15A43,3,5,7,1942,0,0,0,O,0,15A39,BURBANK BL,WHITSETT AV,50,W,N,A,-,N,NA,NA,NA,NA,NA,NA,NA,NA,NA,Y,3,0,10,6,A,-,03,22350,NA,N,B,D,A,A,H,-,B,A,0,NA,NA,NA,NA,Y,NA,A,01,0,1,9,0,0,0,0,0,0,-,-,NA,NA,LOS ANGELES,LOS ANGELES,-118.40542602539064,34.1721305847168
8830108,2019,2019-04-22,1942,2019-03-04,0750,33458,1777,1,5,7,1942,0,0,0,Q,0,17A95,NORDHOFF ST,HAYVENHURST AV,0,NA,Y,A,B,N,NA,NA,NA,NA,NA,NA,NA,NA,NA,N,3,0,1,2,A,-,09,21801,A,N,D,C,A,A,H,-,A,A,0,NA,NA,NA,Y,Y,NA,A,07,0,1,0,0,0,0,0,0,0,-,-,NA,NA,LOS ANGELES,LOS ANGELES,-118.49379730224608,34.23569107055664