CASE_ID,ACCIDENT_YEAR,PROC_DATE,JURIS,COLLISION_DATE,COLLISION_TIME,OFFICER_ID,REPORTING_DISTRICT,DAY_OF_WEEK,CHP_SHIFT,POPULATION,CNTY_CITY_LOC,SPECIAL_COND,BEAT_TYPE,CHP_BEAT_TYPE,CITY_DIVISION_LAPD,CHP_BEAT_CLASS,BEAT_NUMBER,PRIMARY_RD,SECONDARY_RD,DISTANCE,DIRECTION,INTERSECTION,WEATHER_1,WEATHER_2,STATE_HWY_IND,CALTRANS_COUNTY,CALTRANS_DISTRICT,STATE_ROUTE,ROUTE_SUFFIX,POSTMILE_PREFIX,POSTMILE,LOCATION_TYPE,RAMP_INTERSECTION,SIDE_OF_HWY,TOW_AWAY,COLLISION_SEVERITY,NUMBER_KILLED,NUMBER_INJURED,PARTY_COUNT,PRIMARY_COLL_FACTOR,PCF_CODE_OF_VIOL,PCF_VIOL_CATEGORY,PCF_VIOLATION,PCF_VIOL_SUBSECTION,HIT_AND_RUN,TYPE_OF_COLLISION,MVIW,PED_ACTION,ROAD_SURFACE,ROAD_COND_1,ROAD_COND_2,LIGHTING,CONTROL_DEVICE,CHP_ROAD_TYPE,PEDESTRIAN_ACCIDENT,BICYCLE_ACCIDENT,MOTORCYCLE_ACCIDENT,TRUCK_ACCIDENT,NOT_PRIVATE_PROPERTY,ALCOHOL_INVOLVED,STWD_VEHTYPE_AT_FAULT,CHP_VEHTYPE_AT_FAULT,COUNT_SEVERE_INJ,COUNT_VISIBLE_INJ,COUNT_COMPLAINT_PAIN,COUNT_PED_KILLED,COUNT_PED_INJURED,COUNT_BICYCLIST_KILLED,COUNT_BICYCLIST_INJURED,COUNT_MC_KILLED,COUNT_MC_INJURED,PRIMARY_RAMP,SECONDARY_RAMP,LATITUDE,LONGITUDE,COUNTY,CITY,POINT_X,POINT_Y
8830873,2019,2019-03-27,1942,2019-03-14,1715,31755,0393,4,5,7,1942,0,0,0,C,0,25MQ13,MARTIN LUTHER KING BL,DEGNAN BL,0,NA,Y,A,-,N,NA,NA,NA,NA,NA,NA,NA,NA,NA,N,4,0,1,2,A,-,09,21801,A,N,A,C,A,A,H,-,A,A,0,NA,NA,NA,NA,Y,NA,A,01,0,0,1,0,0,0,0,0,0,-,-,NA,NA,LOS ANGELES,LOS ANGELES,-118.33141326904295,34.01091003417969
8830877,2019,2019-03-27,1942,2019-03-17,1235,35393,0397,7,5,7,1942,0,0,0,C,0,3A99,S NORMANDIE AV,W 42ND PL,0,NA,Y,A,-,N,NA,NA,NA,NA,NA,NA,NA,NA,NA,N,3,0,2,2,A,-,09,21801,A,N,D,C,A,A,H,-,A,A,0,NA,NA,NA,NA,Y,NA,A,07,0,1,1,0,0,0,0,0,0,-,-,NA,NA,LOS ANGELES,LOS ANGELES,-118.30020141601564,34.00606155395508
8830962,2019,2019-03-28,1942,2019-02-27,1135,42916,1023,3,5,7,1942,0,0,0,J,0,10X44,WILBUR AV,KITTRIDGE ST,0,NA,Y,A,-,N,NA,NA,NA,NA,NA,NA,NA,NA,NA,Y,4,0,2,2,A,-,09,21801,A,N,D,C,A,A,H,-,A,D,0,NA,NA,NA,NA,Y,NA,A,01,0,0,2,0,0,0,0,0,0,-,-,NA,NA,LOS ANGELES,LOS ANGELES,-118.54474639892578,34.19021987915039
8830966,2019,2019-03-28,1942,2019-02-28,1030,36678,1788,4,5,7,1942,0,0,0,Q,0,NA,BALBOA BL,PARTHENIA ST,290,S,N,B,-,N,NA,NA,NA,NA,NA,NA,NA,NA,NA,Y,4,0,2,2,A,-,09,21801,A,N,D,C,A,A,H,-,A,D,0,NA,NA,NA,NA,Y,NA,A,01,0,0,2,0,0,0,0,0,0,-,-,NA,NA,LOS ANGELES,LOS ANGELES,-118.50260162353516,34.22771453857422
8830967,2019,2019-03-28,1942,2019-03-16,1915,42282,0508,6,5,7,1942,0,0,0,E,0,5A11,S WESTERN AV,SEPULVEDA BL,0,NA,Y,A,-,N,NA,NA,NA,NA,NA,NA,NA,NA,NA,Y,3,0,7,4,A,-,03,22350,NA,N,C,C,A,A,H,-,C,A,0,NA,NA,NA,NA,Y,NA,A,01,0,1,6,0,0,0,0,0,0,-,-,NA,NA,LOS ANGELES,LOS ANGELES,-118.30886840820313,33.81708908081055
8830970,2019,2019-03-28,1942,2019-02-28,1610,26319,1049,4,5,7,1942,0,0,0,J,0,10A17,VICTORY BL,GAVIOTA AV,0,NA,Y,A,-,N,NA,NA,NA,NA,NA,NA,NA,NA,NA,Y,3,0,3,3,A,-,09,21801,A,N,B,C,A,A,H,-,A,D,0,NA,NA,NA,NA,Y,NA,A,01,0,1,2,0,0,0,0,0,0,-,-,NA,NA,LOS ANGELES,LOS ANGELES,-118.48148345947266,34.18661880493164
8830971,2019,2019-03-28,1942,2019-03-13,1415,41933,0508,3,5,7,1942,0,0,0,E,0,5A11,W SEPULVEDA BL,LOCKNESS AV,266,E,N,A,-,N,NA,NA,NA,NA,NA,NA,NA,NA,NA,Y,4,0,1,3,A,-,03,22350,NA,N,C,C,A,A,H,-,A,D,0,NA,NA,NA,NA,Y,NA,A,01,0,0,1,0,0,0,0,0,0,-,-,NA,NA,LOS ANGELES,LOS ANGELES,-118.30371856689452,33.81504821777344
8830974,2019,2019-03-28,1942,2019-02-28,1500,36678,1027,4,5,7,1942,0,0,0,J,0,10A17,BALBOA BL,VANOWEN ST,0,NA,Y,B,-,N,NA,NA,NA,NA,NA,NA,NA,NA,NA,Y,4,0,1,2,A,-,09,21801,A,N,D,C,A,A,H,-,A,A,0,NA,NA,NA,NA,Y,NA,A,01,0,0,1,0,0,0,0,0,0,-,-,NA,NA,LOS ANGELES,LOS ANGELES,-118.50112152099608,34.19390106201172
8830975,2019,2019-03-28,1942,2019-03-15,0740,39397,0509,5,5,7,1942,0,0,0,E,0,25TL23,W 240TH ST,PRESIDENT AV,0,NA,Y,A,-,N,NA,NA,NA,NA,NA,NA,NA,NA,NA,N,3,0,1,2,A,-,10,21950,A,N,G,B,B,A,H,-,A,A,0,Y,NA,NA,NA,Y,NA,A,01,0,1,0,0,1,0,0,0,0,-,-,NA,NA,LOS ANGELES,LOS ANGELES,-118.3031005859375,33.807281494140625
8830978,2019,2019-03-28,1942,2019-02-28,0900,40398,1555,4,5,7,1942,0,0,0,O,0,15A67,VINELAND AV,HORTENSE ST,0,NA,Y,A,-,N,NA,NA,NA,NA,NA,NA,NA,NA,NA,N,4,0,1,3,A,-,09,21801,A,N,D,C,A,A,H,-,A,D,0,NA,NA,Y,NA,Y,NA,A,01,0,0,1,0,0,0,0,0,1,-,-,NA,NA,LOS ANGELES,LOS ANGELES,-118.3706512451172,34.15449905395508
8830982,2019,2019-03-28,1942,2019-02-28,1105,30452,1557,4,5,7,1942,0,0,0,O,0,15A67,E CAHUENGA BL,CAMARILLO ST,0,NA,Y,B,-,N,NA,NA,NA,NA,NA,NA,NA,NA,NA,Y,4,0,4,5,A,-,12,21453,A,N,D,C,A,A,H,-,A,A,0,NA,NA,NA,NA,Y,NA,A,07,0,0,4,0,0,0,0,0,0,-,-,NA,NA,LOS ANGELES,LOS ANGELES,-118.3615493774414,34.15766906738281
8830986,2019,2019-03-28,1942,2019-02-28,1150,41125,1503,4,5,7,1942,0,0,0,O,0,15A3,KITTRIDGE ST,LAUREL CANYON BL,5,W,N,A,-,N,NA,NA,NA,NA,NA,NA,NA,NA,NA,N,4,0,1,2,A,-,10,21950,A,N,G,-,B,A,H,-,A,A,0,Y,NA,NA,NA,Y,NA,A,07,0,0,1,0,1,0,0,0,0,-,-,NA,NA,LOS ANGELES,LOS ANGELES,-118.39653778076172,34.190311431884766
8831043,2019,2019-04-26,1900,2019-02-27,1000,609643,1617,3,5,5,1977,0,0,0,NA,0,168T,FIGUEROA ST,TORRANCE BL,0,NA,Y,A,-,N,NA,NA,NA,NA,NA,NA,NA,NA,NA,Y,4,0,2,4,A,-,04,21703,NA,N,C,C,A,A,H,-,A,D,0,NA,NA,NA,NA,Y,NA,A,01,0,0,2,0,0,0,0,0,0,-,-,33.84199905395508,-118.28500366210938,LOS ANGELES,CARSON,-118.28560638427734,33.84206008911133
8831058,2019,2019-04-23,1900,2019-03-13,1332,623539,1622,3,5,5,1977,0,0,0,NA,0,166T,HARRISON ST,SANTA FE AV,0,NA,Y,A,-,N,NA,NA,NA,NA,NA,NA,NA,NA,NA,N,4,0,1,2,A,-,09,21802,NA,N,D,C,A,A,H,-,A,A,0,NA,NA,NA,NA,Y,NA,D,22,0,0,1,0,0,0,0,0,0,-,-,NA,NA,LOS ANGELES,CARSON,-118.21479034423828,33.83768844604492
8831078,2019,2019-04-23,1900,2019-03-19,1534,618888,1629,2,5,5,1977,0,0,0,NA,0,164T1,MAIN ST,DELAMO BL,750,N,N,B,-,N,NA,NA,NA,NA,NA,NA,NA,NA,NA,Y,3,0,1,2,A,-,04,21703,NA,N,C,C,A,A,H,-,A,D,0,NA,NA,NA,Y,Y,NA,A,01,0,1,0,0,0,0,0,0,0,-,-,33.84830093383789,-118.28019714355467,LOS ANGELES,CARSON,-118.28033447265624,33.848365783691406
8831082,2019,2019-04-29,1900,2019-03-18,1230,609643,1624,1,5,5,1977,0,0,0,NA,0,168T,MAIN ST,SEPULVEDA BL,0,NA,Y,A,-,N,NA,NA,NA,NA,NA,NA,NA,NA,NA,Y,4,0,2,2,A,-,08,22107,NA,N,D,C,A,A,H,-,A,D,0,NA,NA,NA,NA,Y,NA,A,01,0,0,2,0,0,0,0,0,0,-,-,33.80699920654297,-118.27500152587892,LOS ANGELES,CARSON,-118.27570343017578,33.80801010131836
8831094,2019,2019-04-15,1900,2019-02-26,2057,606663,1624,2,5,5,1977,0,0,0,NA,0,167T1,SEPULVEDA BL,MAIN ST,225,E,N,A,-,N,NA,NA,NA,NA,NA,NA,NA,NA,NA,Y,3,0,1,2,A,-,22,23123,5,N,D,E,A,A,H,-,C,A,0,NA,NA,NA,NA,Y,NA,A,01,0,1,0,0,0,0,0,0,0,-,-,33.807899475097656,-118.27459716796876,LOS ANGELES,CARSON,-118.27555847167967,33.80801010131836
8831111,2019,2019-05-14,1955,2019-03-12,1115,41871,89,2,5,6,1955,0,0,0,NA,0,004,RESERVOIR ST,COUNTY RD,0,NA,Y,A,-,N,NA,NA,NA,NA,NA,NA,NA,NA,NA,Y,3,0,1,2,A,-,09,21801,A,N,D,C,A,A,H,-,A,A,0,NA,NA,NA,Y,Y,NA,A,01,0,1,0,0,0,0,0,0,0,-,-,NA,NA,LOS ANGELES,POMONA,-117.73152160644533,34.026451110839844
8831281,2019,2019-04-04,1942,2019-03-25,1300,36733,0969,1,5,7,1942,0,0,0,I,0,9A37,COLDWATER CANYON BL,MAGNOLIA ST,0,NA,Y,A,-,N,NA,NA,NA,NA,NA,NA,NA,NA,NA,N,4,0,3,2,A,-,12,21453,A,N,D,C,A,A,H,-,A,A,0,NA,NA,NA,NA,Y,NA,A,01,0,0,3,0,0,0,0,0,0,-,-,NA,NA,LOS ANGELES,LOS ANGELES,-118.41380310058594,34.16487121582031
8831283,2019,2019-04-04,1942,2019-03-16,1940,42029,1758,6,5,7,1942,0,0,0,Q,0,17A19,LASSEN ST,WOODLEY AV,0,NA,Y,A,-,N,NA,NA,NA,NA,NA,NA,NA,NA,NA,Y,4,0,1,2,A,-,08,22100,A,N,D,C,A,A,H,-,C,A,0,NA,NA,NA,NA,Y,NA,A,01,0,0,1,0,0,0,0,0,0,-,-,NA,NA,LOS ANGELES,LOS ANGELES,-118.4849090576172,34.25014877319336
8831284,2019,2019-04-04,1941,2019-03-11,1854,10877,NA,1,5,7,1941,0,0,0,NA,0,901T,REDONDO AV,WILTON ST,0,NA,Y,A,-,N,NA,NA,NA,NA,NA,NA,NA,NA,NA,Y,4,0,2,3,A,-,03,22350,NA,N,C,C,A,A,H,-,A,D,0,NA,NA,NA,NA,Y,NA,A,NA,0,0,2,0,0,0,0,0,0,-,-,NA,NA,LOS ANGELES,LONG BEACH,-118.15242004394533,33.78759002685547
8831285,2019,2019-04-04,1942,2019-03-19,0730,32242,RD911,2,5,7,1942,0,0,0,NA,0,9A19,ORION AV,LEMAY ST,0,NA,Y,A,-,N,NA,NA,NA,NA,NA,NA,NA,NA,NA,NA,4,0,2,2,A,-,09,21801,A,N,D,C,A,A,-,-,A,A,0,NA,NA,NA,NA,Y,NA,A,01,0,0,2,0,0,0,0,0,0,-,-,NA,NA,LOS ANGELES,LOS ANGELES,-118.4705810546875,34.19208908081055
8831287,2019,2019-04-04,1942,2019-03-25,1440,32372,179,1,5,7,1942,0,0,0,Q,0,17A95,NORDHOFF ST,HASKELL AV,515,W,N,A,-,N,NA,NA,NA,NA,NA,NA,NA,NA,NA,N,2,0,1,2,A,-,08,22103,NA,N,D,C,A,A,H,-,A,D,0,NA,NA,Y,NA,Y,NA,A,01,1,0,0,0,0,0,0,0,1,-,-,NA,NA,LOS ANGELES,LOS ANGELES,-118.47804260253906,34.2355842590332
8831288,2019,2019-04-04,1941,2019-03-25,1029,6117,NA,1,5,7,1941,0,0,0,NA,0,901T,ATLANTIC AV,SOUTH ST,0,NA,Y,A,-,N,NA,NA,NA,NA,NA,NA,NA,NA,NA,Y,4,0,2,3,B,-,22,NA,NA,N,D,C,A,A,H,-,A,A,0,NA,NA,NA,NA,Y,NA,A,NA,0,0,2,0,0,0,0,0,0,-,-,NA,NA,LOS ANGELES,LONG BEACH,-118.18504333496094,33.86008071899414
8831289,2019,2019-04-04,1942,2019-03-24,1810,37304,1063,7,5,7,1942,0,0,0,J,0,10A83,VENTURA BL,YOLANDA AV,60,W,N,A,-,N,NA,NA,NA,NA,NA,NA,NA,NA,NA,N,4,0,2,2,A,-,21,22106,NA,N,C,C,A,A,H,-,A,A,0,NA,NA,NA,NA,Y,NA,A,07,0,0,2,0,0,0,0,0,0,-,-,NA,NA,LOS ANGELES,LOS ANGELES,-118.54090881347656,34.17074966430664
8831290,2019,2019-04-05,1942,2019-03-22,0640,36257,1522,5,5,7,1942,0,0,0,O,0,15A21,VANOWEN ST,MORSE AV,0,NA,Y,A,-,N,NA,NA,NA,NA,NA,NA,NA,NA,NA,Y,3,0,2,3,A,-,09,21802,A,N,D,C,A,A,H,-,A,A,0,NA,NA,NA,NA,Y,NA,A,01,0,1,1,0,0,0,0,0,0,-,-,NA,NA,LOS ANGELES,LOS ANGELES,-118.41734313964844,34.193939208984375
8831291,2019,2019-04-04,1942,2019-03-10,1800,42618,1959,7,5,7,1942,0,0,0,NA,0,19X62,VAN NUYS BL,VENA AV,0,NA,Y,B,C,N,NA,NA,NA,NA,NA,NA,NA,NA,NA,N,3,0,1,2,A,-,09,21804,A,N,D,G,A,B,-,-,A,A,0,NA,Y,NA,NA,Y,NA,L,04,0,1,0,0,0,0,1,0,0,-,-,NA,NA,LOS ANGELES,LOS ANGELES,-118.43624,34.25576
8831292,2019,2019-04-04,1941,2019-03-26,1829,5226,NA,2,5,7,1941,0,0,0,NA,0,901T,3RD ST,HERMOSA AV,0,NA,Y,A,-,N,NA,NA,NA,NA,NA,NA,NA,NA,NA,Y,4,0,1,1,D,-,00,NA,NA,N,A,I,A,A,H,-,A,D,0,NA,NA,NA,NA,Y,NA,-,-,0,0,1,0,0,0,0,0,0,-,-,NA,NA,LOS ANGELES,LONG BEACH,-118.16934967041016,33.76919174194336
8831293,2019,2019-04-04,1942,2019-03-23,2150,38613,1065,6,5,7,1942,0,0,0,J,0,10A99,LINDLEY AV,KILLION ST,695,S,N,A,-,N,NA,NA,NA,NA,NA,NA,NA,NA,NA,Y,2,0,1,2,A,-,09,21801,A,N,C,C,A,A,H,-,C,D,0,NA,NA,Y,NA,Y,NA,A,01,1,0,0,0,0,0,0,0,1,-,-,NA,NA,LOS ANGELES,LOS ANGELES,-118.52725982666016,34.16889190673828
8831295,2019,2019-04-04,1942,2019-03-01,1800,42056,1971,5,5,7,1942,0,0,0,NA,0,19EL4,NORDHOFF ST,SEPULVEDA BL,100,E,N,A,-,N,NA,NA,NA,NA,NA,NA,NA,NA,NA,Y,2,0,1,2,A,-,09,21801,A,N,D,C,A,A,H,-,C,A,0,NA,NA,Y,NA,Y,NA,A,01,1,0,0,0,0,0,0,0,1,-,-,NA,NA,LOS ANGELES,LOS ANGELES,-118.46737670898438,34.235530853271484
8831296,2019,2019-04-04,1941,2019-03-26,2043,10063,NA,2,5,7,1941,0,0,0,NA,0,901T,SHORELINE VILLAGE DR,SHORELINE DR,0,NA,Y,A,-,N,NA,NA,NA,NA,NA,NA,NA,NA,NA,Y,3,0,1,1,A,-,03,22350,NA,N,E,I,A,A,H,-,C,A,0,NA,NA,Y,NA,Y,NA,C,NA,0,1,0,0,0,0,0,0,1,-,-,NA,NA,LOS ANGELES,LONG BEACH,-118.18932342529295,33.76179885864258
8831297,2019,2019-04-15,1942,2019-03-22,2315,33504,1047,5,5,7,1942,0,0,0,J,0,10A17,BURBANK BL,LOUISE AV,0,NA,Y,A,-,N,NA,NA,NA,NA,NA,NA,NA,NA,NA,Y,4,0,3,2,A,-,12,21453,A,N,D,C,A,A,H,-,C,A,0,NA,NA,NA,NA,Y,NA,-,-,0,0,3,0,0,0,0,0,0,-,-,NA,NA,LOS ANGELES,LOS ANGELES,-118.50984191894533,34.1722412109375
8831298,2019,2019-04-05,1942,2019-03-21,1600,32372,1555,4,5,7,1942,0,0,0,O,0,15A67,LANKERSHIM BL,OTSEGO ST,150,S,N,B,-,N,NA,NA,NA,NA,NA,NA,NA,NA,NA,N,4,0,1,2,A,-,07,21658,A,F,B,C,A,B,H,-,A,D,0,NA,NA,NA,NA,Y,NA,-,99,0,0,1,0,0,0,0,0,0,-,-,NA,NA,LOS ANGELES,LOS ANGELES,-118.373291015625,34.162620544433594
8831299,2019,2019-04-15,1942,2019-03-03,0230,42383,LOS A,7,5,7,1942,0,0,0,NA,0,19A75,ROSCOE BL,MAMMOTH AV,0,NA,-,A,-,N,NA,NA,NA,NA,NA,NA,NA,NA,NA,Y,4,0,2,3,A,-,03,22350,NA,N,C,E,A,B,H,-,C,D,0,NA,NA,NA,NA,Y,NA,A,01,0,0,2,0,0,0,0,0,0,-,-,NA,NA,LOS ANGELES,LOS ANGELES,-118.43408203125,34.22166061401367
8831301,2019,2019-04-04,1942,2019-03-20,2200,38185,1088,3,5,7,1942,0,0,0,J,0,10A99,PETIT AV,VENTURA BL,0,NA,Y,A,-,N,NA,NA,NA,NA,NA,NA,NA,NA,NA,Y,4,0,1,2,A,-,12,21453,A,N,D,C,A,A,H,-,C,A,0,NA,NA,NA,NA,Y,NA,A,01,0,0,1,0,0,0,0,0,0,-,-,NA,NA,LOS ANGELES,LOS ANGELES,-118.49607849121094,34.1580810546875
8831302,2019,2019-04-05,1942,2019-03-12,1950,39410,1512,2,5,7,1942,0,0,0,O,0,15A3,SHERMAN AV,BELLAIRE AV,265,W,N,A,-,N,NA,NA,NA,NA,NA,NA,NA,NA,NA,Y,4,0,2,3,A,-,09,21804,A,N,D,C,A,A,H,-,C,A,0,NA,NA,NA,NA,Y,NA,A,01,0,0,2,0,0,0,0,0,0,-,-,NA,NA,LOS ANGELES,LOS ANGELES,-118.41030120849608,34.20119857788086
8831303,2019,2019-04-04,1941,2019-03-22,2359,6160,NA,5,5,7,1941,0,0,0,NA,0,NA,WARDLOW RD,STUDEBAKER RD,0,NA,Y,A,-,N,NA,NA,NA,NA,NA,NA,NA,NA,NA,Y,2,0,1,2,A,-,09,21801,A,N,D,C,A,A,H,-,C,A,0,NA,NA,NA,NA,Y,NA,A,NA,1,0,0,0,0,0,0,0,0,-,-,NA,NA,LOS ANGELES,LONG BEACH,-118.09918975830078,33.81888198852539
8831305,2019,2019-04-04,1942,2019-03-13,2010,43421,1079,3,5,7,1942,0,0,0,J,0,10A47,VENTURA BL,GLORIA AV,0,NA,Y,A,-,N,NA,NA,NA,NA,NA,NA,NA,NA,NA,N,3,0,1,2,A,-,10,21950,NA,N,G,B,B,A,H,-,C,A,0,Y,NA,NA,NA,Y,NA,A,01,0,1,0,0,1,0,0,0,0,-,-,NA,NA,LOS ANGELES,LOS ANGELES,-118.47927856445313,34.15576171875
8831306,2019,2019-04-05,1942,2019-03-19,1345,30830,NA,2,5,7,1942,0,0,0,NA,0,NA,CAHUENGA BL,HORTENSE ST,142,N,N,A,-,N,NA,NA,NA,NA,NA,NA,NA,NA,NA,Y,3,0,1,4,A,-,08,22107,NA,N,C,E,A,A,H,-,A,D,0,NA,NA,NA,NA,Y,NA,A,07,0,1,0,0,0,0,0,0,0,-,-,NA,NA,LOS ANGELES,LOS ANGELES,-118.3615264892578,34.1551399230957
8831307,2019,2019-04-04,1941,2019-03-22,1611,11135,NA,5,5,7,1941,0,0,0,NA,0,NA,ATLANTIC AV,56TH ST,57,N,N,A,-,N,NA,NA,NA,NA,NA,NA,NA,NA,NA,N,2,0,1,2,A,-,08,22107,NA,N,A,B,F,A,H,-,A,A,0,Y,NA,NA,NA,Y,NA,A,NA,1,0,0,0,1,0,0,0,0,-,-,NA,NA,LOS ANGELES,LONG BEACH,-118.18502807617188,33.8582649230957
8831309,2019,2019-04-04,1942,2019-03-20,2019,38183,1077,3,5,7,1942,0,0,0,J,0,10A99,BALBOA BL,VENTURA BL,0,NA,Y,B,-,N,NA,NA,NA,NA,NA,NA,NA,NA,NA,Y,3,0,1,2,A,-,09,21801,B,N,D,C,A,B,H,-,C,A,0,NA,NA,NA,NA,Y,NA,A,07,0,1,0,0,0,0,0,0,0,-,-,NA,NA,LOS ANGELES,LOS ANGELES,-118.50111389160156,34.15925979614258
8831310,2019,2019-04-05,1942,2019-03-19,1845,37353,0957,2,5,7,1942,0,0,0,I,0,9A63,CHANDLER BL,WOODMAN AV,80,W,N,B,-,N,NA,NA,NA,NA,NA,NA,NA,NA,NA,Y,3,0,1,2,A,-,03,22350,NA,N,C,C,A,A,H,-,C,D,0,NA,NA,NA,NA,Y,NA,A,01,0,1,0,0,0,0,0,0,0,-,-,NA,NA,LOS ANGELES,LOS ANGELES,-118.43151092529295,34.16856002807617
8831311,2019,2019-04-04,1941,2019-03-25,1847,11012,NA,1,5,7,1941,0,0,0,NA,0,NA,SOUTH ST,JAYMILLS AV,0,NA,-,A,-,N,NA,NA,NA,NA,NA,NA,NA,NA,NA,N,4,0,1,2,A,-,-,NA,NA,N,D,G,A,A,H,-,A,D,0,NA,Y,NA,NA,Y,NA,-,-,0,0,1,0,0,0,1,0,0,-,-,NA,NA,LOS ANGELES,LONG BEACH,-118.19275665283205,33.86035919189453
8831313,2019,2019-04-04,1942,2019-03-18,0440,43717,1063,1,5,7,1942,0,0,0,J,0,10A83,BURBANK BL,RESEDA BL,20,E,N,A,-,N,NA,NA,NA,NA,NA,NA,NA,NA,NA,N,3,0,1,2,A,-,11,21954,A,N,G,B,E,A,H,-,C,A,0,Y,NA,NA,NA,Y,NA,N,60,0,1,0,0,1,0,0,0,0,-,-,NA,NA,LOS ANGELES,LOS ANGELES,-118.5359344482422,34.172340393066406
8831314,2019,2019-04-25,1942,2019-03-17,2020,42757,1532,7,5,7,1942,0,0,0,O,0,15A38,VICTORY BL,WILKINSON AV,25,W,N,A,-,N,NA,NA,NA,NA,NA,NA,NA,NA,NA,Y,4,0,1,4,A,-,03,22350,NA,N,C,C,A,A,H,-,C,D,0,NA,NA,NA,NA,Y,NA,A,07,0,0,1,0,0,0,0,0,0,-,-,NA,NA,LOS ANGELES,LOS ANGELES,-118.4042510986328,34.186668395996094
8831315,2019,2019-05-08,1941,2019-03-25,1819,11121,NA,1,5,7,1941,0,0,0,NA,0,NA,7TH ST,E ROSWELL AV,5,W,N,A,-,N,NA,NA,NA,NA,NA,NA,NA,NA,NA,N,3,0,2,2,A,-,11,21955,NA,N,G,B,D,A,H,-,A,D,0,Y,NA,Y,NA,Y,NA,N,NA,0,1,1,0,1,0,0,0,1,-,-,NA,NA,LOS ANGELES,LONG BEACH,-118.1437759399414,33.77534103393555
8831317,2019,2019-04-04,1942,2019-03-17,1600,42761,1039,7,5,7,1942,0,0,0,J,0,10A39,VANOWEN ST,WOODLEY AV,50,W,N,A,-,N,NA,NA,NA,NA,NA,NA,NA,NA,NA,N,4,0,1,3,A,-,03,22350,NA,N,C,C,A,A,H,-,A,A,0,NA,NA,NA,NA,Y,NA,-,NA,0,0,1,0,0,0,0,0,0,-,-,NA,NA,LOS ANGELES,LOS ANGELES,-118.48382568359376,34.19390869140625
8831318,2019,2019-04-05,1942,2019-03-13,0520,43427,1521,3,5,7,1942,0,0,0,O,0,15A21,VANOWNE ST,ATOLL AV,0,NA,Y,A,-,N,NA,NA,NA,NA,NA,NA,NA,NA,NA,Y,4,0,1,2,A,-,09,21801,A,N,D,C,A,A,H,-,B,D,0,NA,NA,NA,NA,Y,NA,A,01,0,0,1,0,0,0,0,0,0,-,-,NA,NA,LOS ANGELES,LOS ANGELES,-118.42108154296876,34.193939208984375
8831319,2019,2019-04-04,1941,2019-03-20,1550,5915,NA,3,5,7,1941,0,0,0,NA,0,NA,9TH HELENA DR,ANAHEIM ST,0,NA,Y,A,-,N,NA,NA,NA,NA,NA,NA,NA,NA,NA,Y,3,0,3,2,A,-,09,21801,B,N,H,C,A,A,H,-,A,A,0,NA,NA,NA,NA,Y,NA,A,NA,0,1,2,0,0,0,0,0,0,-,-,NA,NA,LOS ANGELES,LONG BEACH,-118.2199,33.78269
8831321,2019,2019-04-04,1942,2019-03-19,1925,42818,1018,2,5,7,1942,0,0,0,J,0,10A39,SHERMAN WY,HASKELL AV,0,NA,Y,A,-,N,NA,NA,NA,NA,NA,NA,NA,NA,NA,Y,3,0,6,3,A,-,12,21453,A,N,D,C,A,A,H,-,B,A,0,NA,NA,NA,NA,Y,NA,A,01,0,1,5,0,0,0,0,0,0,-,-,NA,NA,LOS ANGELES,LOS ANGELES,-118.47489166259766,34.20125961303711
8831322,2019,2019-04-05,1942,2019-03-09,0325,43657,1525,6,5,7,1942,0,0,0,O,0,15A23,LAUREL CANYON,ERWIN,450,E,N,A,-,N,NA,NA,NA,NA,NA,NA,NA,NA,NA,Y,3,0,1,2,A,-,03,22350,NA,N,G,E,A,A,H,-,C,A,0,NA,NA,NA,NA,Y,NA,A,01,0,1,0,0,0,0,0,0,0,-,-,NA,NA,LOS ANGELES,LOS ANGELES,-118.3965301513672,34.183101654052734
8831323,2019,2019-04-09,1941,2019-03-26,0751,11227,NA,2,5,7,1941,0,0,0,NA,0,NA,MAGNOLIA AV,21ST ST,212,N,N,A,-,N,NA,NA,NA,NA,NA,NA,NA,NA,NA,Y,4,0,1,2,A,-,08,22103,NA,N,D,C,A,A,H,-,A,B,0,NA,NA,NA,NA,Y,NA,A,NA,0,0,1,0,0,0,0,0,0,-,-,NA,NA,LOS ANGELES,LONG BEACH,-118.1981201171875,33.79588317871094
8831324,2019,2019-04-04,1942,2019-03-15,2045,41274,0985,5,5,7,1942,0,0,0,I,0,9A89,HAZELTINE AV,VENTURA BL,0,NA,Y,A,-,N,NA,NA,NA,NA,NA,NA,NA,NA,NA,N,4,0,1,2,A,-,10,21950,A,F,G,B,B,A,H,-,C,A,0,Y,NA,NA,NA,Y,NA,-,99,0,0,1,0,1,0,0,0,0,-,-,NA,NA,LOS ANGELES,LOS ANGELES,-118.43997955322266,34.149478912353516
8831325,2019,2019-04-04,1942,2019-03-19,0725,32268,1047,2,5,7,1942,0,0,0,J,0,10A17,BALBOA BL,BURBANK BL,875,N,N,A,-,N,NA,NA,NA,NA,NA,NA,NA,NA,NA,Y,3,0,2,3,A,-,03,22350,NA,N,C,C,A,A,H,-,A,D,0,NA,NA,NA,NA,Y,NA,A,01,0,1,1,0,0,0,0,0,0,-,-,NA,NA,LOS ANGELES,LOS ANGELES,-118.50125885009766,34.174617767333984