CASE_ID,ACCIDENT_YEAR,PROC_DATE,JURIS,COLLISION_DATE,COLLISION_TIME,OFFICER_ID,REPORTING_DISTRICT,DAY_OF_WEEK,CHP_SHIFT,POPULATION,CNTY_CITY_LOC,SPECIAL_COND,BEAT_TYPE,CHP_BEAT_TYPE,CITY_DIVISION_LAPD,CHP_BEAT_CLASS,BEAT_NUMBER,PRIMARY_RD,SECONDARY_RD,DISTANCE,DIRECTION,INTERSECTION,WEATHER_1,WEATHER_2,STATE_HWY_IND,CALTRANS_COUNTY,CALTRANS_DISTRICT,STATE_ROUTE,ROUTE_SUFFIX,POSTMILE_PREFIX,POSTMILE,LOCATION_TYPE,RAMP_INTERSECTION,SIDE_OF_HWY,TOW_AWAY,COLLISION_SEVERITY,NUMBER_KILLED,NUMBER_INJURED,PARTY_COUNT,PRIMARY_COLL_FACTOR,PCF_CODE_OF_VIOL,PCF_VIOL_CATEGORY,PCF_VIOLATION,PCF_VIOL_SUBSECTION,HIT_AND_RUN,TYPE_OF_COLLISION,MVIW,PED_ACTION,ROAD_SURFACE,ROAD_COND_1,ROAD_COND_2,LIGHTING,CONTROL_DEVICE,CHP_ROAD_TYPE,PEDESTRIAN_ACCIDENT,BICYCLE_ACCIDENT,MOTORCYCLE_ACCIDENT,TRUCK_ACCIDENT,NOT_PRIVATE_PROPERTY,ALCOHOL_INVOLVED,STWD_VEHTYPE_AT_FAULT,CHP_VEHTYPE_AT_FAULT,COUNT_SEVERE_INJ,COUNT_VISIBLE_INJ,COUNT_COMPLAINT_PAIN,COUNT_PED_KILLED,COUNT_PED_INJURED,COUNT_BICYCLIST_KILLED,COUNT_BICYCLIST_INJURED,COUNT_MC_KILLED,COUNT_MC_INJURED,PRIMARY_RAMP,SECONDARY_RAMP,LATITUDE,LONGITUDE,COUNTY,CITY,POINT_X,POINT_Y
8836243,2019,2019-04-17,1942,2019-04-01,1500,41497,1077,1,5,7,1942,0,0,0,J,0,10A99,VENTURA BL,ENCINO AV,344,W,N,A,-,N,NA,NA,NA,NA,NA,NA,NA,NA,NA,Y,3,0,3,3,A,-,08,22107,NA,N,B,E,A,A,H,-,A,D,0,NA,NA,NA,NA,Y,NA,A,01,0,1,2,0,0,0,0,0,0,-,-,NA,NA,LOS ANGELES,LOS ANGELES,-118.51531219482422,34.16166687011719
8836247,2019,2019-05-03,1942,2019-03-27,1738,38012,1007,3,5,7,1942,0,0,0,J,0,10X18,BALBOA BL,SATICOY ST,0,NA,Y,A,-,N,NA,NA,NA,NA,NA,NA,NA,NA,NA,N,4,0,1,2,A,-,09,21801,A,N,D,C,A,A,H,-,A,A,0,NA,NA,NA,NA,Y,NA,A,01,0,0,1,0,0,0,0,0,0,-,-,NA,NA,LOS ANGELES,LOS ANGELES,-118.50115966796876,34.20841979980469
8836255,2019,2019-04-17,1942,2019-03-28,0510,37845,0923,4,5,7,1942,0,0,0,I,0,9A23,VESPER AV,VICTORY BL,0,NA,Y,A,-,N,NA,NA,NA,NA,NA,NA,NA,NA,NA,N,3,0,1,2,A,-,10,21950,A,N,G,B,B,A,H,-,C,A,0,Y,NA,NA,NA,Y,NA,D,22,0,1,0,0,1,0,0,0,0,-,-,NA,NA,LOS ANGELES,LOS ANGELES,-118.450927734375,34.18666076660156
8836259,2019,2019-04-17,1942,2019-04-02,0830,41514,0937,2,5,7,1942,0,0,0,I,0,9A37,ERWIN ST,HAZELTINE AV,0,NA,Y,A,-,N,NA,NA,NA,NA,NA,NA,NA,NA,NA,N,4,0,2,2,A,-,09,21802,A,N,D,C,A,A,H,-,A,A,0,NA,NA,NA,NA,Y,NA,D,22,0,0,2,0,0,0,0,0,0,-,-,NA,NA,LOS ANGELES,LOS ANGELES,-118.4399871826172,34.18363952636719
8836263,2019,2019-04-17,1942,2019-03-27,1900,42716,VAN N,3,5,7,1942,0,0,0,NA,0,9X16,VICTORY BL,SYLMAR AV,5,E,N,A,-,N,NA,NA,NA,NA,NA,NA,NA,NA,NA,N,3,0,1,2,A,-,08,22107,NA,N,B,G,A,A,H,-,B,A,0,NA,Y,NA,NA,Y,NA,L,04,0,1,0,0,0,0,1,0,0,-,-,NA,NA,LOS ANGELES,LOS ANGELES,-118.4465103149414,34.186668395996094
8836267,2019,2019-04-17,1942,2019-03-26,0330,43370,0923,2,5,7,1942,0,0,0,I,0,9A89,KITTRIDGE AV,CEDROS AV,40,E,N,A,-,N,NA,NA,NA,NA,NA,NA,NA,NA,NA,Y,3,0,1,2,A,-,08,22107,NA,N,C,E,A,A,H,-,C,D,0,NA,NA,NA,NA,Y,NA,-,NA,0,1,0,0,0,0,0,0,0,-,-,NA,NA,LOS ANGELES,LOS ANGELES,-118.45298004150392,34.190650939941406
8836296,2019,2019-05-07,1955,2019-04-02,1854,41149,005,2,5,6,1955,0,0,0,NA,0,004,TOWNE AV,6TH ST,0,NA,Y,A,-,N,NA,NA,NA,NA,NA,NA,NA,NA,NA,Y,3,0,1,2,A,-,12,22450,A,F,D,C,A,A,H,-,C,B,0,NA,NA,NA,NA,Y,NA,A,01,0,1,0,0,0,0,0,0,0,-,-,NA,NA,LOS ANGELES,POMONA,-117.74128723144533,34.05440902709961
8836314,2019,2019-04-17,1942,2019-03-29,0940,41514,1012,5,5,7,1942,0,0,0,J,0,10A3,SATICOY ST,RESEDA BL,0,NA,Y,A,-,N,NA,NA,NA,NA,NA,NA,NA,NA,NA,Y,4,0,2,2,A,-,12,21453,A,N,D,C,A,A,H,-,A,A,0,NA,NA,NA,NA,Y,NA,D,22,0,0,2,0,0,0,0,0,0,-,-,NA,NA,LOS ANGELES,LOS ANGELES,-118.53604888916016,34.20840835571289
8836482,2019,2019-04-30,1942,2019-03-22,0943,42907,923,5,5,7,1942,0,0,0,NA,0,9423,HAYNES ST,VAN NUYS BL,75,E,N,A,-,N,NA,NA,NA,NA,NA,NA,NA,NA,NA,Y,3,0,3,2,A,-,03,22350,NA,N,A,D,A,A,H,-,A,D,0,NA,NA,NA,NA,Y,NA,A,01,0,3,0,0,0,0,0,0,0,-,-,NA,NA,LOS ANGELES,LOS ANGELES,-118.44847869873048,34.189697265625
8836483,2019,2019-04-12,1942,2019-03-20,1855,34599,1031,3,5,7,1942,0,0,0,J,0,10A21,TAMPA AV,VICTORY BL,0,NA,Y,A,-,N,NA,NA,NA,NA,NA,NA,NA,NA,NA,N,3,0,1,2,A,-,12,21453,A,N,D,C,A,A,H,-,A,A,0,NA,NA,NA,NA,Y,NA,-,-,0,1,0,0,0,0,0,0,0,-,-,NA,NA,LOS ANGELES,LOS ANGELES,-118.5534896850586,34.18656921386719
8836486,2019,2019-04-29,1942,2019-03-23,1300,42615,0937,6,5,7,1942,0,0,0,I,0,15A27,WOODMAN AV,VICTORY BL,200,N,N,A,-,N,NA,NA,NA,NA,NA,NA,NA,NA,NA,N,4,0,1,2,A,-,-,NA,I,N,H,G,A,A,H,-,A,D,0,NA,Y,NA,NA,Y,NA,L,04,0,0,1,0,0,0,1,0,0,-,-,NA,NA,LOS ANGELES,LOS ANGELES,-118.43125915527344,34.18722915649414
8836487,2019,2019-04-12,1942,2019-03-29,0750,41514,1077,5,5,7,1942,0,0,0,J,0,10A99,VENTURA BL,BALBOA BL,0,NA,Y,A,-,N,NA,NA,NA,NA,NA,NA,NA,NA,NA,Y,4,0,2,3,A,-,09,21801,A,N,D,C,A,A,H,-,A,A,0,NA,NA,NA,NA,Y,NA,A,01,0,0,2,0,0,0,0,0,0,-,-,NA,NA,LOS ANGELES,LOS ANGELES,-118.50111389160156,34.15925979614258
8836490,2019,2019-04-30,1942,2019-03-22,2100,42093,RD#09,5,5,7,1942,0,0,0,NA,0,9A89,VENTURA BL,NOBLE AV,300,E,N,A,-,N,NA,NA,NA,NA,NA,NA,NA,NA,NA,N,4,0,1,2,A,-,03,22350,NA,N,B,E,A,A,H,-,C,D,0,NA,NA,NA,NA,Y,NA,A,01,0,0,1,0,0,0,0,0,0,-,-,NA,NA,LOS ANGELES,LOS ANGELES,-118.46083068847656,34.152915954589844
8836494,2019,2019-04-15,1942,2019-03-28,1835,31652,0938,4,5,7,1942,0,0,0,I,0,9A37,FULTON AV,VICTORY BL,0,NA,Y,A,-,N,NA,NA,NA,NA,NA,NA,NA,NA,NA,Y,3,0,3,3,A,-,12,21453,A,N,-,C,F,A,H,-,A,A,0,Y,NA,NA,NA,Y,NA,A,07,0,3,0,0,1,0,0,0,0,-,-,NA,NA,LOS ANGELES,LOS ANGELES,-118.42250061035156,34.18667984008789
8836498,2019,2019-04-15,1942,2019-03-26,0945,38687,0914,2,5,7,1942,0,0,0,I,0,9A23,VANOWEN ST,KESTER AV,500,W,N,A,-,N,NA,NA,NA,NA,NA,NA,NA,NA,NA,N,3,0,1,3,A,-,21,22106,NA,N,B,C,A,A,H,-,A,D,0,NA,NA,NA,NA,Y,NA,A,01,0,1,0,0,0,0,0,0,0,-,-,NA,NA,LOS ANGELES,LOS ANGELES,-118.45909118652344,34.19392395019531
8836502,2019,2019-04-15,1942,2019-03-27,0950,32268,0904,3,5,7,1942,0,0,0,I,0,0950,KESWICK ST,TOBIAS AV,240,W,N,A,-,N,NA,NA,NA,NA,NA,NA,NA,NA,NA,N,3,0,1,2,A,-,09,21804,A,N,D,C,A,A,H,-,A,D,0,NA,NA,NA,NA,Y,NA,A,01,0,1,0,0,0,0,0,0,0,-,-,NA,NA,LOS ANGELES,LOS ANGELES,-118.45284271240234,34.21026611328125
8836506,2019,2019-04-15,1942,2019-03-30,1300,36733,0938,6,5,7,1942,0,0,0,I,0,9A37,VICTORY BL,WOODMAN AV,0,NA,Y,A,-,N,NA,NA,NA,NA,NA,NA,NA,NA,NA,Y,4,0,2,2,D,-,00,NA,NA,N,D,C,A,A,H,-,A,A,0,NA,NA,NA,NA,Y,NA,-,-,0,0,2,0,0,0,0,0,0,-,-,NA,NA,LOS ANGELES,LOS ANGELES,-118.43125915527344,34.18667984008789
8836509,2019,2019-04-12,1942,2019-04-02,1210,41316,1656,2,5,7,1942,0,0,0,P,0,16A35,APPERSON ST,JARDINE AV,0,NA,Y,A,-,N,NA,NA,NA,NA,NA,NA,NA,NA,NA,N,4,0,1,2,A,-,09,21801,A,F,D,C,A,A,H,-,A,D,0,NA,NA,Y,NA,Y,NA,C,02,0,0,1,0,0,0,0,0,1,-,-,NA,NA,LOS ANGELES,LOS ANGELES,-118.30378723144533,34.25600051879883
8836513,2019,2019-04-12,1942,2019-04-02,2100,33504,0964,2,5,7,1942,0,0,0,I,0,9A63,HAZELTINE AV,MAGNOLIA BL,0,NA,Y,B,-,N,NA,NA,NA,NA,NA,NA,NA,NA,NA,Y,2,0,1,2,A,-,01,23152,A,N,D,G,A,A,H,-,C,A,0,NA,Y,NA,NA,Y,Y,A,07,1,0,0,0,0,0,1,0,0,-,-,NA,NA,LOS ANGELES,LOS ANGELES,-118.44000244140624,34.164859771728516
8836514,2019,2019-04-15,1942,2019-03-30,1035,30452,0923,6,5,7,1942,0,0,0,I,0,9A23,VICTORY BL,VESPER AV,18,W,N,A,-,N,NA,NA,NA,NA,NA,NA,NA,NA,NA,N,4,0,1,2,A,-,21,22106,NA,N,H,-,A,A,H,-,A,D,0,NA,Y,NA,NA,Y,NA,A,01,0,0,1,0,0,0,1,0,0,-,-,NA,NA,LOS ANGELES,LOS ANGELES,-118.45098876953124,34.18666076660156
8836518,2019,2019-04-15,1942,2019-03-29,1130,34599,0984,5,5,7,1942,0,0,0,I,0,9A89,KESTER AV,VENTURA BL,45,N,N,A,-,N,NA,NA,NA,NA,NA,NA,NA,NA,NA,N,4,0,4,3,A,-,03,22350,NA,N,A,C,A,A,H,-,A,A,0,NA,NA,NA,NA,Y,NA,A,01,0,0,4,0,0,0,0,0,0,-,-,NA,NA,LOS ANGELES,LOS ANGELES,-118.45742797851564,34.15247344970703
8836522,2019,2019-04-15,1942,2019-03-30,1310,33294,0948,6,5,7,1942,0,0,0,I,0,9A37,WOODMAN AV,COLLINS ST,170,N,N,A,-,N,NA,NA,NA,NA,NA,NA,NA,NA,NA,N,4,0,1,5,A,-,08,22107,NA,N,B,E,A,A,H,-,A,A,0,NA,NA,NA,NA,Y,NA,A,01,0,0,1,0,0,0,0,0,0,-,-,NA,NA,LOS ANGELES,LOS ANGELES,-118.43125152587892,34.17438507080078
8836526,2019,2019-04-15,1942,2019-03-18,1350,40141,2,1,5,7,1942,0,0,0,NA,0,001,OXNARD ST,COLDWATER CANYON BL,50,W,N,A,-,N,NA,NA,NA,NA,NA,NA,NA,NA,NA,N,3,0,1,2,A,-,11,21954,A,N,G,B,D,A,H,-,A,D,0,Y,NA,NA,NA,Y,NA,N,60,0,1,0,0,1,0,0,0,0,-,-,NA,NA,LOS ANGELES,LOS ANGELES,-118.41392517089844,34.179420471191406
8836530,2019,2019-04-15,1942,2019-03-28,1320,41497,0941,4,5,7,1942,0,0,0,I,0,9A41,SEPULVEDA BL,OXNARD ST,0,NA,Y,A,-,N,NA,NA,NA,NA,NA,NA,NA,NA,NA,Y,4,0,2,2,A,-,09,21801,A,N,D,C,A,A,H,-,A,A,0,NA,NA,NA,NA,Y,NA,A,07,0,0,2,0,0,0,0,0,0,-,-,NA,NA,LOS ANGELES,LOS ANGELES,-118.46616363525392,34.17937088012695
8836534,2019,2019-04-15,1942,2019-03-26,1550,42473,VNYS9,2,5,7,1942,0,0,0,NA,0,0964,HUSTON ST,KATHERINE AV,0,NA,Y,A,-,N,NA,NA,NA,NA,NA,NA,NA,NA,NA,N,3,0,1,2,A,-,09,21804,A,N,D,G,A,A,H,-,A,D,0,NA,Y,NA,NA,Y,NA,L,04,0,1,0,0,0,0,1,0,0,-,-,NA,NA,LOS ANGELES,LOS ANGELES,-118.44326019287108,34.159400939941406
8836538,2019,2019-04-15,1942,2019-03-29,2000,43515,0923,5,5,7,1942,0,0,0,I,0,9A23,SEPULVEDA BL,VICTORY BL,0,NA,Y,A,-,N,NA,NA,NA,NA,NA,NA,NA,NA,NA,N,4,0,1,2,A,-,03,22350,NA,N,C,C,A,A,H,-,C,A,0,NA,NA,NA,NA,Y,NA,A,01,0,0,1,0,0,0,0,0,0,-,-,NA,NA,LOS ANGELES,LOS ANGELES,-118.46617126464844,34.18666076660156
8836542,2019,2019-04-30,1942,2019-03-26,1635,42794,1089,2,5,7,1942,0,0,0,J,0,10X88,VENTURA BL,DENSMORE AV,50,W,N,-,-,N,NA,NA,NA,NA,NA,NA,NA,NA,NA,N,3,0,1,2,A,-,09,21801,A,N,-,-,A,-,-,-,-,-,0,NA,NA,NA,NA,Y,NA,A,01,0,1,0,0,0,0,0,0,0,-,-,NA,NA,LOS ANGELES,LOS ANGELES,-118.47768402099608,34.15552520751953
8836546,2019,2019-04-15,1942,2019-03-26,1630,39223,1045,2,5,7,1942,0,0,0,J,0,10X94,LINDLEY AV,HATTERAS ST,0,NA,Y,A,-,N,NA,NA,NA,NA,NA,NA,NA,NA,NA,Y,4,0,3,4,A,-,12,21453,A,N,A,C,A,A,H,-,A,A,0,NA,NA,NA,NA,Y,NA,A,01,0,0,3,0,0,0,0,0,0,-,-,NA,NA,LOS ANGELES,LOS ANGELES,-118.52726745605467,34.17631149291992
8836550,2019,2019-04-15,1942,2019-03-18,1630,43543,1037,1,5,7,1942,0,0,0,J,0,21FB4,VICTORY BL,LOUISE AV,20,W,N,A,-,N,NA,NA,NA,NA,NA,NA,NA,NA,NA,NA,4,0,1,2,A,-,12,21453,A,N,D,C,A,A,H,-,A,A,0,NA,NA,NA,NA,Y,NA,A,01,0,0,1,0,0,0,0,0,0,-,-,NA,NA,LOS ANGELES,LOS ANGELES,-118.51012420654295,34.18682098388672
8836554,2019,2019-04-15,1942,2019-03-30,1945,37510,1025,6,5,7,1942,0,0,0,J,0,10A21,CANBY AV,HART ST,150,N,N,A,-,N,NA,NA,NA,NA,NA,NA,NA,NA,NA,Y,3,0,1,3,A,-,03,22350,NA,N,C,E,A,A,H,-,C,D,0,NA,NA,NA,NA,Y,NA,A,01,0,1,0,0,0,0,0,0,0,-,-,NA,NA,LOS ANGELES,LOS ANGELES,-118.53476715087892,34.19789123535156
8836558,2019,2019-04-19,1942,2019-03-25,1755,37304,1067,1,5,7,1942,0,0,0,J,0,10A99,VENTURA BL,ENCINO AV,332,E,N,A,-,N,NA,NA,NA,NA,NA,NA,NA,NA,NA,Y,4,0,2,2,A,-,09,21804,A,N,A,C,A,A,H,-,A,D,0,NA,NA,NA,NA,Y,NA,A,07,0,0,2,0,0,0,0,0,0,-,-,NA,NA,LOS ANGELES,LOS ANGELES,-118.51312255859376,34.16133117675781
8836567,2019,2019-04-15,1942,2019-04-01,1510,41054,2027,1,5,7,1942,0,0,0,NA,0,20A45,OXFORD AV,7TH ST,20,N,N,A,-,N,NA,NA,NA,NA,NA,NA,NA,NA,NA,N,4,0,2,2,A,-,01,23152,A,F,C,C,A,A,H,-,A,A,0,NA,NA,Y,NA,Y,Y,A,07,0,0,2,0,0,0,0,0,1,-,-,NA,NA,LOS ANGELES,LOS ANGELES,-118.30783081054688,34.05972671508789
8836577,2019,2019-04-17,1942,2019-03-06,1220,34882,0805,3,5,7,1942,0,0,0,H,0,8A29,SEPULVEDA BL,CHURCH LN,100,N,N,C,-,N,NA,NA,NA,NA,NA,NA,NA,NA,NA,N,4,0,2,2,A,-,07,21658,A,N,C,C,A,B,H,-,A,A,0,NA,NA,NA,NA,Y,NA,A,07,0,0,2,0,0,0,0,0,0,-,-,NA,NA,LOS ANGELES,LOS ANGELES,-118.46846771240234,34.07589340209961
8836581,2019,2019-04-17,1942,2019-03-06,2500,39022,0891,3,5,7,1942,0,0,0,H,0,8A53,W PICO BL,S BUNDY DR,0,NA,Y,C,-,N,NA,NA,NA,NA,NA,NA,NA,NA,NA,Y,4,0,1,2,A,-,09,21800,D,N,D,C,A,B,H,-,E,B,0,NA,NA,NA,NA,Y,NA,M,47,0,0,1,0,0,0,0,0,0,-,-,NA,NA,LOS ANGELES,LOS ANGELES,-118.45020294189452,34.02936935424805
8836585,2019,2019-04-17,1942,2019-03-01,1715,37700,0762,5,5,7,1942,0,0,0,G,0,7A53,S LA CIENEGA BL,HORNER ST,0,NA,Y,A,-,N,NA,NA,NA,NA,NA,NA,NA,NA,NA,Y,4,0,2,2,A,-,09,21801,A,N,D,C,A,A,H,-,A,D,0,NA,NA,NA,NA,Y,NA,A,01,0,0,2,0,0,0,0,0,0,-,-,NA,NA,LOS ANGELES,LOS ANGELES,-118.37615966796876,34.049861907958984
8836589,2019,2019-04-17,1942,2019-03-01,2255,38089,0809,5,5,7,1942,0,0,0,H,0,8A29,ROYALTON AV,COLDWATER CANYON DR,0,NA,Y,A,-,N,NA,NA,NA,NA,NA,NA,NA,NA,NA,Y,3,0,1,2,A,-,00,21602,A,N,D,C,A,A,H,-,C,A,0,NA,NA,NA,NA,Y,NA,A,01,0,1,0,0,0,0,0,0,0,-,-,NA,NA,LOS ANGELES,LOS ANGELES,-118.40471649169922,34.11037826538086
8836593,2019,2019-04-17,1942,2019-03-01,1110,38688,0881,5,5,7,1942,0,0,0,H,0,8A53,BARRINGTON AV,LA GRANGE AV,7,S,N,A,-,N,NA,NA,NA,NA,NA,NA,NA,NA,NA,N,4,0,1,2,A,-,10,21950,A,N,G,B,B,A,H,-,A,A,0,Y,NA,NA,NA,Y,NA,A,07,0,0,1,0,1,0,0,0,0,-,-,NA,NA,LOS ANGELES,LOS ANGELES,-118.45026397705078,34.03705596923828
8836595,2019,2019-04-15,1942,2019-04-02,1400,36406,1021,2,5,7,1942,0,0,0,J,0,10A21,AURA AV,VANOWEN ST,0,NA,Y,A,-,N,NA,NA,NA,NA,NA,NA,NA,NA,NA,Y,3,0,4,2,A,-,12,22450,A,N,D,C,A,A,H,-,A,A,0,NA,NA,NA,NA,Y,NA,A,01,0,2,2,0,0,0,0,0,0,-,-,NA,NA,LOS ANGELES,LOS ANGELES,-118.55458831787108,34.19384002685547
8836597,2019,2019-04-17,1942,2019-03-02,1000,38282,0857,6,5,7,1942,0,0,0,H,0,8A95,DOHENY DR,PICO BL,20,N,N,C,-,N,NA,NA,NA,NA,NA,NA,NA,NA,NA,N,3,0,1,2,A,-,10,21950,A,N,G,B,B,B,H,-,A,A,0,Y,NA,NA,NA,Y,NA,A,01,0,1,0,0,1,0,0,0,0,-,-,NA,NA,LOS ANGELES,LOS ANGELES,-118.38996124267578,34.055259704589844
8836599,2019,2019-04-15,1942,2019-04-01,0805,40634,04012,1,5,7,1942,0,0,0,D,0,0805,WHITE OAK AV,SATICOY ST,0,NA,Y,A,-,N,NA,NA,NA,NA,NA,NA,NA,NA,NA,N,4,0,2,3,A,-,12,21453,A,N,D,C,A,A,H,-,A,A,0,NA,NA,NA,NA,Y,NA,A,07,0,0,2,0,0,0,0,0,0,-,-,NA,NA,LOS ANGELES,LOS ANGELES,-118.5186004638672,34.20840835571289
8836601,2019,2019-04-17,1942,2019-03-14,1925,41210,0843,4,5,7,1942,0,0,0,H,0,14T47,OLYMPIC BL,WOOSTER ST,0,NA,Y,A,-,N,NA,NA,NA,NA,NA,NA,NA,NA,NA,Y,4,0,2,2,A,-,09,21802,A,N,D,C,A,A,H,-,B,A,0,NA,NA,NA,NA,Y,NA,A,01,0,0,2,0,0,0,0,0,0,-,-,NA,NA,LOS ANGELES,LOS ANGELES,-118.38243865966795,34.05936050415039
8836603,2019,2019-04-15,1942,2019-04-02,2045,36336,1653,2,5,7,1942,0,0,0,P,0,16A23,TELFAIR AV,OSBORNE ST,160,N,N,A,-,N,NA,NA,NA,NA,NA,NA,NA,NA,NA,N,3,0,1,2,A,-,09,21804,A,F,D,C,A,A,H,-,C,D,0,NA,NA,Y,NA,Y,NA,-,99,0,1,0,0,0,0,0,0,1,-,-,NA,NA,LOS ANGELES,LOS ANGELES,-118.41332244873048,34.2519645690918
8836607,2019,2019-04-15,1942,2019-04-03,1305,30830,1007,3,5,7,1942,0,0,0,J,0,10A7,ROSCOE BL,BALBOA BL,100,W,N,A,-,N,NA,NA,NA,NA,NA,NA,NA,NA,NA,N,4,0,1,2,A,-,03,22350,NA,F,C,C,A,A,H,-,A,D,0,NA,NA,NA,NA,Y,NA,-,99,0,0,1,0,0,0,0,0,0,-,-,NA,NA,LOS ANGELES,LOS ANGELES,-118.50296783447266,34.221195220947266
8836611,2019,2019-04-15,1942,2019-04-04,2125,36599,1566,4,5,7,1942,0,0,0,O,0,9T57,RIVERSIDE DR,VINELAND AV,100,S,N,A,-,N,NA,NA,NA,NA,NA,NA,NA,NA,NA,Y,4,0,1,2,A,-,01,23152,A,N,C,D,A,A,H,-,C,A,0,NA,NA,NA,NA,Y,NA,A,01,0,0,1,0,0,0,0,0,0,-,-,NA,NA,LOS ANGELES,LOS ANGELES,-118.37001037597656,34.1523551940918
8836615,2019,2019-04-15,1942,2019-04-01,1900,39308,0915,1,5,7,1942,0,0,0,I,0,9X84,SHERMAN WY,TYRONE AV,0,NA,Y,A,-,N,NA,NA,NA,NA,NA,NA,NA,NA,NA,Y,4,0,3,3,A,-,12,21453,A,N,D,C,A,A,H,-,A,A,0,NA,NA,NA,NA,Y,NA,A,01,0,0,3,0,0,0,0,0,0,-,-,NA,NA,LOS ANGELES,LOS ANGELES,-118.4443588256836,34.20119857788086
8836619,2019,2019-04-15,1942,2019-04-02,1000,33340,0963,2,5,7,1942,0,0,0,I,0,NA,RIVERSIDE DR,VAN NUYS BL,16,E,N,A,-,N,NA,NA,NA,NA,NA,NA,NA,NA,NA,Y,4,0,1,2,A,-,08,22100,A,N,B,C,A,A,H,-,A,D,0,NA,NA,NA,NA,Y,NA,A,01,0,0,1,0,0,0,0,0,0,-,-,NA,NA,LOS ANGELES,LOS ANGELES,-118.44864654541016,34.15800857543945
8836623,2019,2019-04-15,1942,2019-04-02,1440,41497,0938,2,5,7,1942,0,0,0,I,0,9A37,VICTORY BL,VENTURA CANYON AV,46,W,N,A,-,N,NA,NA,NA,NA,NA,NA,NA,NA,NA,N,4,0,3,2,A,-,03,22350,A,N,C,C,A,A,H,-,A,D,0,NA,NA,NA,NA,Y,NA,A,01,0,0,3,0,0,0,0,0,0,-,-,NA,NA,LOS ANGELES,LOS ANGELES,-118.42919921875,34.18667984008789
8836627,2019,2019-04-15,1942,2019-04-02,1130,37686,1941,2,5,7,1942,0,0,0,NA,0,19A43,SAN FERNANDO BL,ORION AV,0,NA,Y,A,-,N,NA,NA,NA,NA,NA,NA,NA,NA,NA,N,4,0,1,2,A,-,17,22109,NA,F,C,C,A,A,H,-,A,A,0,NA,NA,NA,NA,Y,NA,-,99,0,0,1,0,0,0,0,0,0,-,-,NA,NA,LOS ANGELES,LOS ANGELES,-118.47155,34.27183
8836631,2019,2019-04-16,1942,2019-04-03,2220,42344,1015,3,5,7,1942,0,0,0,J,0,10A3,SATICOY ST,NESTLE AV,25,W,N,A,-,N,NA,NA,NA,NA,NA,NA,NA,NA,NA,Y,4,0,1,3,A,-,04,21703,NA,F,C,C,A,A,H,-,C,D,0,NA,NA,NA,NA,Y,NA,-,99,0,0,1,0,0,0,0,0,0,-,-,NA,NA,LOS ANGELES,LOS ANGELES,-118.53070068359376,34.20839309692383
8836635,2019,2019-04-15,1942,2019-04-03,1220,26319,0932,3,5,7,1942,0,0,0,I,0,9A23,VICTORY BL,KESTER AV,0,NA,Y,A,-,N,NA,NA,NA,NA,NA,NA,NA,NA,NA,Y,3,0,1,3,A,-,01,23152,A,N,B,C,A,A,H,-,A,A,0,NA,NA,NA,NA,Y,Y,A,07,0,1,0,0,0,0,0,0,0,-,-,NA,NA,LOS ANGELES,LOS ANGELES,-118.45745086669922,34.18666076660156
8836639,2019,2019-06-26,1942,2019-04-02,1630,36406,1775,2,5,7,1942,0,0,0,Q,0,17A65,BALBOA BL,S PLUMMER ST,50,S,N,A,-,N,NA,NA,NA,NA,NA,NA,NA,NA,NA,N,4,0,1,2,A,-,03,22350,NA,F,C,C,A,A,H,-,A,A,0,NA,NA,NA,NA,Y,NA,-,99,0,0,1,0,0,0,0,0,0,-,-,NA,NA,LOS ANGELES,LOS ANGELES,-118.50245666503906,34.24287414550781
8836714,2019,2019-04-18,1955,2019-03-22,1630,41906,31,5,5,6,1955,0,0,0,NA,0,002,GAREY AV,FOOTHILL BL,240,NA,N,A,-,N,NA,NA,NA,NA,NA,NA,NA,NA,NA,Y,4,0,1,2,A,-,08,22107,NA,N,D,C,A,A,H,-,A,D,0,NA,NA,NA,NA,Y,NA,A,01,0,0,1,0,0,0,0,0,0,-,-,NA,NA,LOS ANGELES,POMONA,-117.74855041503906,34.10789108276367
8836822,2019,2019-04-23,1922,2019-02-04,2042,671,1,1,5,6,1922,0,0,0,NA,0,001,LEXINGTON AV,IRIS LN,200,N,N,C,-,N,NA,NA,NA,NA,NA,NA,NA,NA,NA,N,4,0,1,2,A,-,10,21950,A,N,G,B,C,B,H,-,C,D,0,Y,NA,NA,NA,Y,NA,D,22,0,0,1,0,1,0,0,0,0,-,-,34.07231140136719,-118.03919982910156,LOS ANGELES,EL MONTE,-118.03940582275392,34.073307037353516
8836826,2019,2019-05-06,1922,2019-02-28,1000,563,NA,4,5,6,1922,0,0,0,NA,0,NA,TYLER,MONTECITO,100,S,N,A,-,N,NA,NA,NA,NA,NA,NA,NA,NA,NA,Y,3,0,1,2,A,-,07,21658,A,N,C,E,A,A,H,-,A,D,0,NA,NA,NA,NA,Y,NA,M,97,0,1,0,0,0,0,0,0,0,-,-,NA,NA,LOS ANGELES,EL MONTE,-118.0334930419922,34.0781364440918
8836829,2019,2019-04-23,1910,2019-03-09,0103,04407,NA,6,5,4,1910,0,0,0,NA,0,005,N ROXBURY DR,SOUTH SANTA MONICA BL,0,NA,Y,A,-,N,NA,NA,NA,NA,NA,NA,NA,NA,NA,Y,3,0,1,2,A,-,01,23152,A,N,D,C,A,A,H,-,C,A,0,NA,NA,NA,NA,Y,Y,A,01,0,1,0,0,0,0,0,0,0,-,-,34.06861114501953,-118.40743255615234,LOS ANGELES,BEVERLY HILLS,-118.40737152099608,34.068538665771484