CASE_ID,ACCIDENT_YEAR,PROC_DATE,JURIS,COLLISION_DATE,COLLISION_TIME,OFFICER_ID,REPORTING_DISTRICT,DAY_OF_WEEK,CHP_SHIFT,POPULATION,CNTY_CITY_LOC,SPECIAL_COND,BEAT_TYPE,CHP_BEAT_TYPE,CITY_DIVISION_LAPD,CHP_BEAT_CLASS,BEAT_NUMBER,PRIMARY_RD,SECONDARY_RD,DISTANCE,DIRECTION,INTERSECTION,WEATHER_1,WEATHER_2,STATE_HWY_IND,CALTRANS_COUNTY,CALTRANS_DISTRICT,STATE_ROUTE,ROUTE_SUFFIX,POSTMILE_PREFIX,POSTMILE,LOCATION_TYPE,RAMP_INTERSECTION,SIDE_OF_HWY,TOW_AWAY,COLLISION_SEVERITY,NUMBER_KILLED,NUMBER_INJURED,PARTY_COUNT,PRIMARY_COLL_FACTOR,PCF_CODE_OF_VIOL,PCF_VIOL_CATEGORY,PCF_VIOLATION,PCF_VIOL_SUBSECTION,HIT_AND_RUN,TYPE_OF_COLLISION,MVIW,PED_ACTION,ROAD_SURFACE,ROAD_COND_1,ROAD_COND_2,LIGHTING,CONTROL_DEVICE,CHP_ROAD_TYPE,PEDESTRIAN_ACCIDENT,BICYCLE_ACCIDENT,MOTORCYCLE_ACCIDENT,TRUCK_ACCIDENT,NOT_PRIVATE_PROPERTY,ALCOHOL_INVOLVED,STWD_VEHTYPE_AT_FAULT,CHP_VEHTYPE_AT_FAULT,COUNT_SEVERE_INJ,COUNT_VISIBLE_INJ,COUNT_COMPLAINT_PAIN,COUNT_PED_KILLED,COUNT_PED_INJURED,COUNT_BICYCLIST_KILLED,COUNT_BICYCLIST_INJURED,COUNT_MC_KILLED,COUNT_MC_INJURED,PRIMARY_RAMP,SECONDARY_RAMP,LATITUDE,LONGITUDE,COUNTY,CITY,POINT_X,POINT_Y
8836834,2019,2019-06-26,1900,2019-03-15,1640,615105,0459,5,5,6,1949,0,0,0,NA,0,43T1,ROSECRANS AV,RT 5,0,NA,Y,A,-,Y,LA,7,5,-,-,3.383,R,4,S,N,4,0,1,2,A,-,12,21453,A,N,D,C,A,A,H,-,A,A,0,NA,NA,NA,NA,Y,NA,D,22,0,0,1,0,0,0,0,0,0,-,-,NA,NA,LOS ANGELES,NORWALK,-118.06073760986328,33.90156173706055
8836838,2019,2019-04-23,1900,2019-04-01,1635,629493,0463,1,5,4,1936,0,0,0,NA,0,46K2,SANTA GERTRUDES RD,IMPERIAL HWY,313,N,N,A,-,N,NA,NA,NA,NA,NA,NA,NA,NA,NA,Y,4,0,2,2,A,-,04,21703,NA,N,C,C,A,A,H,-,A,D,0,NA,NA,NA,NA,Y,NA,A,01,0,0,2,0,0,0,0,0,0,-,-,NA,NA,LOS ANGELES,LA MIRADA,-117.9943618774414,33.91813659667969
8836856,2019,2019-05-06,1942,2019-03-01,1615,42607,1101,5,5,7,1942,0,0,0,K,0,11X49,WESTERN HERITAGE WY,ZOO DR,580,S,N,A,-,N,NA,NA,NA,NA,NA,NA,NA,NA,NA,N,4,0,3,2,A,-,03,22350,NA,N,C,C,A,A,H,-,A,D,0,NA,NA,NA,NA,Y,NA,A,01,0,0,3,0,0,0,0,0,0,-,-,NA,NA,LOS ANGELES,LOS ANGELES,-118.28389739990234,34.15131378173828
8836874,2019,2019-05-02,1947,2019-03-17,2101,1402,NA,7,5,5,1947,0,0,0,NA,0,00D,WEST WASHINGTON BL,S GREENWOOD AV,0,NA,Y,A,-,N,NA,NA,NA,NA,NA,NA,NA,NA,NA,N,4,0,1,2,A,-,03,22350,NA,N,C,C,A,A,H,-,C,A,0,NA,NA,NA,NA,Y,NA,D,22,0,0,1,0,0,0,0,0,0,-,-,33.99515151977539,-118.11930084228516,LOS ANGELES,MONTEBELLO,-118.11930847167967,33.9951286315918
8836875,2019,2019-04-18,1955,2019-03-27,1135,40620,99,3,5,6,1955,0,0,0,NA,0,003,HOLT AV,CLARK AV,0,NA,Y,A,-,N,NA,NA,NA,NA,NA,NA,NA,NA,NA,N,3,0,1,2,A,-,10,21950,A,F,D,G,A,A,H,-,A,A,0,NA,Y,NA,NA,Y,NA,A,01,0,1,0,0,0,0,1,0,0,-,-,NA,NA,LOS ANGELES,POMONA,-117.72930145263672,34.062889099121094
8836879,2019,2019-04-19,1955,2019-03-28,2047,42591,03,4,5,6,1955,0,0,0,NA,0,004,11TH ST,GAREY AV,0,NA,Y,A,-,N,NA,NA,NA,NA,NA,NA,NA,NA,NA,Y,4,0,3,5,A,-,03,22350,NA,F,C,C,A,A,H,-,C,A,0,NA,NA,NA,NA,Y,NA,A,07,0,0,3,0,0,0,0,0,0,-,-,NA,NA,LOS ANGELES,POMONA,-117.74990844726564,34.04962921142578
8836885,2019,2019-04-16,1913,2019-01-07,1929,4006,67,1,5,4,1913,0,0,0,NA,0,NA,BASELINE RD,GRAND AV,33,E,N,A,-,N,NA,NA,NA,NA,NA,NA,NA,NA,NA,Y,4,0,1,1,D,-,00,NA,NA,N,A,I,A,A,H,-,C,D,0,NA,NA,NA,NA,Y,NA,-,-,0,0,1,0,0,0,0,0,0,-,-,NA,NA,LOS ANGELES,CLAREMONT,-117.70252227783205,34.12158966064453
8836891,2019,2019-04-15,1942,2019-03-24,1307,42058,0563,7,5,7,1942,0,0,0,E,0,5XL3,W 9TH ST,MEYLER ST,100,W,N,A,-,N,NA,NA,NA,NA,NA,NA,NA,NA,NA,Y,4,0,2,4,A,-,09,21804,A,N,A,C,A,A,H,-,A,A,0,NA,NA,NA,NA,Y,NA,A,01,0,0,2,0,0,0,0,0,0,-,-,NA,NA,LOS ANGELES,LOS ANGELES,-118.29711151123048,33.73606872558594
8836903,2019,2019-04-16,1907,2019-03-15,1220,235,2,5,5,4,1907,0,0,0,NA,0,NA,FLORENCE AV,WILCOX AV,82,E,N,A,-,N,NA,NA,NA,NA,NA,NA,NA,NA,NA,N,3,0,1,2,A,-,21,22106,NA,N,C,C,A,A,H,-,A,A,0,NA,NA,NA,NA,Y,NA,A,01,0,1,0,0,0,0,0,0,0,-,-,33.96923828125,-118.17784881591795,LOS ANGELES,BELL,-118.17758178710938,33.96921157836914
8836916,2019,2019-04-15,1942,2019-03-08,1615,42183,0659,5,5,7,1942,0,0,0,F,0,6A68,SUNSET BL,HARVARD BL,20,W,N,A,-,N,NA,NA,NA,NA,NA,NA,NA,NA,NA,N,4,0,1,3,A,-,04,21703,NA,N,C,C,A,A,H,-,A,D,0,NA,NA,NA,NA,Y,NA,A,01,0,0,1,0,0,0,0,0,0,-,-,NA,NA,LOS ANGELES,LOS ANGELES,-118.30441284179688,34.09812927246094
8836921,2019,2019-04-17,1942,2019-03-07,2343,41507,RD066,4,5,7,1942,0,0,0,NA,0,6FB24,SUNSET BL,WILCOX AV,0,NA,Y,A,-,N,NA,NA,NA,NA,NA,NA,NA,NA,NA,Y,3,0,1,2,A,-,09,21801,A,N,D,C,A,A,H,-,C,A,0,NA,NA,NA,NA,Y,NA,A,01,0,1,0,0,0,0,0,0,0,-,-,NA,NA,LOS ANGELES,LOS ANGELES,-118.33100128173828,34.09798812866211
8836924,2019,2019-04-17,1942,2019-02-23,1810,40941,0847,6,5,7,1942,0,0,0,H,0,8XL9,OLYMPIC BL,LINNINGTON AV,0,NA,Y,A,-,N,NA,NA,NA,NA,NA,NA,NA,NA,NA,N,4,0,5,2,A,-,09,21801,A,N,D,C,A,A,H,-,C,D,0,NA,NA,NA,NA,Y,NA,A,01,0,0,5,0,0,0,0,0,0,-,-,NA,NA,LOS ANGELES,LOS ANGELES,-118.42153930664064,34.049781799316406
8836928,2019,2019-04-18,1942,2019-03-09,0050,43605,0734,6,5,7,1942,0,0,0,G,0,7A33,W 3RD ST,OGDEN AV,125,E,N,A,-,N,NA,NA,NA,NA,NA,NA,NA,NA,NA,Y,4,0,1,2,A,-,22,23123,A,N,C,C,A,A,H,-,C,D,0,NA,NA,NA,NA,Y,Y,A,01,0,0,1,0,0,0,0,0,0,-,-,NA,NA,LOS ANGELES,LOS ANGELES,-118.35861206054688,34.07115173339844
8836929,2019,2019-08-21,1900,2019-03-22,1739,527399,2922,5,5,5,1990,0,0,0,NA,0,NA,GRAND AV,RT 60,60,S,N,A,-,Y,LA,7,60,-,R,24.552,R,4,E,Y,4,0,1,2,A,-,03,22350,NA,N,C,C,A,A,H,-,A,A,0,NA,NA,NA,NA,Y,NA,A,01,0,0,1,0,0,0,0,0,0,-,SO,NA,NA,LOS ANGELES,DIAMOND BAR,-117.82218170166016,34.01112365722656
8836931,2019,2019-04-17,1942,2019-03-12,0730,31674,0563,2,5,7,1942,0,0,0,E,0,25MX1,PACIFIC AV,9TH ST,48,S,N,A,-,N,NA,NA,NA,NA,NA,NA,NA,NA,NA,N,4,0,1,3,A,-,03,22350,NA,N,C,C,A,A,H,-,A,A,0,NA,NA,NA,NA,Y,NA,A,07,0,0,1,0,0,0,0,0,0,-,-,NA,NA,LOS ANGELES,LOS ANGELES,-118.28793334960938,33.73590850830078
8836932,2019,2019-04-16,1942,2019-03-01,1900,42549,0782,5,5,7,1942,0,0,0,G,0,7A69W3,LA CIENEGA BL,DAVID AV,0,NA,Y,A,-,N,NA,NA,NA,NA,NA,NA,NA,NA,NA,Y,3,0,5,2,A,-,09,21801,A,N,A,C,A,A,H,-,C,A,0,NA,NA,NA,NA,Y,NA,A,01,0,1,4,0,0,0,0,0,0,-,-,NA,NA,LOS ANGELES,LOS ANGELES,-118.3774185180664,34.03728103637695
8836936,2019,2019-04-17,1942,2019-03-08,0915,38788,0743,5,5,7,1942,0,0,0,G,0,7A21,OLYMPIC BL,STANLEY AV,0,NA,Y,A,-,N,NA,NA,NA,NA,NA,NA,NA,NA,NA,Y,4,0,1,2,A,-,08,22107,NA,N,D,C,A,A,H,-,A,D,0,NA,NA,NA,NA,Y,NA,A,01,0,0,1,0,0,0,0,0,0,-,-,NA,NA,LOS ANGELES,LOS ANGELES,-118.35809326171876,34.057498931884766
8836941,2019,2019-04-17,1900,2019-02-03,1109,609640,0331,7,5,4,1939,0,0,0,NA,0,NA,HAWTHORNE BL,145TH ST,216,S,N,C,-,N,NA,NA,NA,NA,NA,NA,NA,NA,NA,Y,3,0,1,2,A,-,04,21703,NA,N,C,C,A,B,H,-,A,D,0,NA,NA,NA,NA,Y,NA,A,01,0,1,0,0,0,0,0,0,0,-,-,33.899269104003906,-118.35234832763672,LOS ANGELES,LAWNDALE,-118.35275268554688,33.89951705932617
8836964,2018,2019-04-30,1972,2018-11-04,1735,21152,NA,7,5,6,1972,0,0,0,NA,0,NA,190TH,PRAIRIE,97,E,N,A,-,N,NA,NA,NA,NA,NA,NA,NA,NA,NA,Y,4,0,3,2,A,-,09,21804,A,N,D,C,A,A,H,-,C,A,0,NA,NA,NA,NA,Y,NA,A,NA,0,0,3,0,0,0,0,0,0,-,-,NA,NA,LOS ANGELES,TORRANCE,-118.3435516357422,33.8582878112793
8836970,2019,2019-04-30,1910,2019-03-01,1917,06004,NA,5,5,4,1910,0,0,0,NA,0,006,S DOHENY DR,CINTHIA ST,0,NA,Y,B,-,N,NA,NA,NA,NA,NA,NA,NA,NA,NA,Y,3,0,1,3,A,-,09,21804,A,N,D,C,A,A,H,-,C,D,0,NA,NA,NA,NA,Y,NA,M,96,0,1,0,0,0,0,0,0,0,-,-,NA,NA,LOS ANGELES,BEVERLY HILLS,-118.38979339599608,34.0872802734375
8836974,2018,2019-04-29,1910,2018-12-28,1405,03438,NA,5,5,4,1910,0,0,0,NA,0,004,SUNSET BL,N BEVERLY DR,0,NA,Y,A,-,N,NA,NA,NA,NA,NA,NA,NA,NA,NA,N,4,0,1,2,A,-,09,21801,A,N,D,C,A,A,H,-,A,A,0,NA,NA,NA,NA,Y,NA,A,01,0,0,1,0,0,0,0,0,0,-,-,NA,NA,LOS ANGELES,BEVERLY HILLS,-118.41201782226564,34.081661224365234
8836976,2019,2019-04-16,1942,2019-02-24,1245,39448,1668,7,5,7,1942,0,0,0,P,0,16A59,FOOTHILL BL,FOOTHILL BL 7258,0,NA,N,A,-,N,NA,NA,NA,NA,NA,NA,NA,NA,NA,Y,4,0,2,2,A,-,07,21658,A,N,B,C,A,A,H,-,A,D,0,NA,NA,NA,NA,Y,NA,-,-,0,0,2,0,0,0,0,0,0,-,-,NA,NA,LOS ANGELES,LOS ANGELES,-118.290132,34.249367
8836978,2019,2019-04-16,1907,2019-03-20,1812,237,1,3,5,4,1907,0,0,0,NA,0,NA,RANDOLPH ST,PINE AV,0,NA,Y,A,-,N,NA,NA,NA,NA,NA,NA,NA,NA,NA,N,3,0,1,2,A,-,12,22450,A,N,H,G,A,A,H,-,A,A,0,NA,Y,NA,NA,Y,NA,-,NA,0,1,0,0,0,0,1,0,0,-,-,33.98155975341797,-118.1885986328125,LOS ANGELES,BELL,-118.18862152099608,33.981571197509766
8836984,2019,2019-04-15,1942,2019-03-03,1855,39646,1029,7,5,7,1942,0,0,0,J,0,10X94,WOODLEY AV,HART ST,0,NA,Y,A,-,N,NA,NA,NA,NA,NA,NA,NA,NA,NA,N,3,0,1,2,A,-,10,21950,A,N,G,B,D,A,H,-,C,D,0,Y,NA,NA,NA,Y,NA,N,60,0,1,0,0,1,0,0,0,0,-,-,NA,NA,LOS ANGELES,LOS ANGELES,-118.48367309570313,34.197509765625
8836986,2019,2019-04-29,1910,2019-03-14,1539,03209,NA,4,5,4,1910,0,0,0,NA,0,009,S ROBERTSON BL,CHARLEVILLE BL,202,N,N,A,-,N,NA,NA,NA,NA,NA,NA,NA,NA,NA,Y,4,0,1,2,A,-,08,22107,NA,N,D,C,A,A,H,-,A,A,0,NA,NA,NA,NA,Y,NA,A,07,0,0,1,0,0,0,0,0,0,-,-,NA,NA,LOS ANGELES,BEVERLY HILLS,-118.3836669921875,34.06553268432617
8836988,2019,2019-04-15,1942,2019-03-01,0745,43687,1005,5,5,7,1942,0,0,0,J,0,10A17,HESPERIA,STRATHERN,0,NA,Y,A,-,N,NA,NA,NA,NA,NA,NA,NA,NA,NA,N,4,0,2,2,A,-,12,22450,A,N,D,C,A,A,H,-,A,A,0,NA,NA,NA,NA,Y,NA,A,08,0,0,2,0,0,0,0,0,0,-,-,NA,NA,LOS ANGELES,LOS ANGELES,-118.5263214111328,34.215660095214844
8836991,2019,2019-04-26,1953,2019-02-26,1723,7400,1953,2,5,6,1953,0,0,0,NA,0,003,ORANGE GROVE BL,CATALINA AV,0,NA,Y,A,-,N,NA,NA,NA,NA,NA,NA,NA,NA,NA,Y,4,0,1,2,A,-,09,21801,A,N,D,C,A,A,H,-,A,A,0,NA,NA,NA,NA,Y,NA,A,01,0,0,1,0,0,0,0,0,0,-,-,NA,NA,LOS ANGELES,PASADENA,-118.12950134277344,34.15774154663086
8836992,2019,2019-04-16,1942,2019-02-27,1723,42195,1531,3,5,7,1942,0,0,0,O,0,15A28,BURBANK BL,BELLAIRE AV,30,W,N,B,-,N,NA,NA,NA,NA,NA,NA,NA,NA,NA,Y,4,0,1,2,A,-,04,21703,NA,N,C,C,A,A,H,-,B,A,0,NA,NA,NA,NA,Y,NA,A,07,0,0,1,0,0,0,0,0,0,-,-,NA,NA,LOS ANGELES,LOS ANGELES,-118.4095458984375,34.1721305847168
8836995,2019,2019-04-26,1953,2019-02-26,1339,3367,1953,2,5,6,1953,0,0,0,NA,0,001,SOUTH ARROYO PKWY,S ARROYO PKWY 880,0,NA,N,A,-,N,NA,NA,NA,NA,NA,NA,NA,NA,NA,N,3,0,1,2,A,-,09,21801,A,N,F,A,A,A,H,-,A,D,0,NA,NA,Y,NA,Y,NA,A,07,0,1,0,0,0,0,0,0,0,-,-,NA,NA,LOS ANGELES,PASADENA,NA,NA
8836996,2019,2019-04-16,1942,2019-03-14,1025,43424,1548,4,5,7,1942,0,0,0,O,0,15A67,LANKERSHIM BL,CHANDLER BL,0,NA,Y,A,-,N,NA,NA,NA,NA,NA,NA,NA,NA,NA,Y,4,0,5,2,A,-,09,21801,A,N,A,C,A,A,H,-,A,A,0,NA,NA,NA,NA,Y,NA,A,01,0,0,5,0,0,0,0,0,0,-,-,NA,NA,LOS ANGELES,LOS ANGELES,-118.37706756591795,34.16889953613281
8837000,2019,2019-04-16,1942,2019-03-07,1200,42753,1021,4,5,7,1942,0,0,0,J,0,10X23,AMIGO AV,AMIGO AV 7521,0,NA,N,A,-,N,NA,NA,NA,NA,NA,NA,NA,NA,NA,N,4,0,1,2,A,-,09,21804,A,N,D,C,A,A,H,-,A,D,0,NA,NA,NA,NA,Y,NA,A,01,0,0,1,0,0,0,0,0,0,-,-,NA,NA,LOS ANGELES,LOS ANGELES,-118.538264,34.207277
8837001,2019,2019-05-01,1942,2019-03-12,1810,38806,1063,2,5,7,1942,0,0,0,J,0,10X98,VENTURA BL,WILBUR AV,0,NA,Y,A,-,N,NA,NA,NA,NA,NA,NA,NA,NA,NA,Y,4,0,1,2,A,-,08,22102,NA,N,D,C,A,A,H,-,A,A,0,NA,NA,NA,NA,Y,NA,A,01,0,0,1,0,0,0,0,0,0,-,-,NA,NA,LOS ANGELES,LOS ANGELES,-118.5447235107422,34.172218322753906
8837005,2019,2019-05-01,1942,2019-03-13,1240,42993,LOSAN,3,5,7,1942,0,0,0,NA,0,10X1,HAMLIN ST,HAMLIN ST 17546,0,NA,N,A,-,N,NA,NA,NA,NA,NA,NA,NA,NA,NA,N,4,0,1,2,C,-,18,NA,NA,N,G,A,A,A,H,-,A,D,0,NA,Y,NA,NA,Y,Y,-,-,0,0,1,0,0,0,1,0,0,-,-,NA,NA,LOS ANGELES,LOS ANGELES,-118.515923,34.188504
8837009,2019,2019-05-01,1942,2019-02-27,1000,42671,0952,3,5,7,1942,0,0,0,I,0,9X43,SEPULVEDA BL,SEPULVEDA BL 5225,0,NA,N,B,-,N,NA,NA,NA,NA,NA,NA,NA,NA,NA,Y,4,0,1,2,A,-,09,21804,A,N,A,C,A,A,-,-,A,D,0,NA,NA,NA,NA,Y,NA,A,01,0,0,1,0,0,0,0,0,0,-,-,NA,NA,LOS ANGELES,LOS ANGELES,NA,NA
8837013,2019,2019-05-01,1942,2019-02-25,1944,38135,0937,1,5,7,1942,0,0,0,I,0,9X66,WOODMAN AV,VICTORY BL,0,NA,Y,A,-,N,NA,NA,NA,NA,NA,NA,NA,NA,NA,N,4,0,2,2,A,-,09,21801,A,N,D,C,A,A,H,-,C,A,0,NA,NA,NA,NA,Y,NA,A,01,0,0,2,0,0,0,0,0,0,-,-,NA,NA,LOS ANGELES,LOS ANGELES,-118.43125915527344,34.18667984008789
8837030,2019,2019-05-01,1942,2019-02-08,1930,43558,0732,5,5,7,1942,0,0,0,G,0,7A76,WILSHIRE BL,LA JOLLA AV,50,W,N,A,-,N,NA,NA,NA,NA,NA,NA,NA,NA,NA,N,3,0,1,3,A,-,04,21703,NA,F,C,C,A,A,H,-,C,A,0,NA,NA,NA,NA,Y,NA,-,99,0,1,0,0,0,0,0,0,0,-,-,NA,NA,LOS ANGELES,LOS ANGELES,-118.36846160888672,34.06375503540039
8837038,2018,2019-05-01,1942,2018-12-24,1700,42919,LA,1,5,7,1942,0,0,0,NA,0,7A22,THE GROVE DR,3RD ST,0,NA,Y,A,-,N,NA,NA,NA,NA,NA,NA,NA,NA,NA,N,4,0,2,3,A,-,03,22350,NA,F,C,C,A,A,H,-,C,D,0,NA,NA,NA,NA,Y,NA,-,99,0,0,2,0,0,0,0,0,0,-,-,NA,NA,LOS ANGELES,LOS ANGELES,-118.3563232421875,34.07080078125
8837045,2019,2019-04-19,1916,2019-02-27,1949,2623,D28C1,3,5,4,1916,0,0,0,NA,0,DOWNTO,W GENEVA,W GENEVA 100,0,NA,Y,B,-,N,NA,NA,NA,NA,NA,NA,NA,NA,NA,N,4,0,1,2,A,-,03,22350,NA,N,G,B,E,A,H,-,C,D,0,Y,NA,NA,NA,Y,NA,A,01,0,0,1,0,1,0,0,0,0,-,-,34.091129302978516,-117.89066314697266,LOS ANGELES,COVINA,-117.890178,34.090921
8837046,2019,2019-04-19,1942,2019-02-27,0930,37677,2002,3,5,7,1942,0,0,0,NA,0,20A1,MELROSE AV,WESTERN AV,0,NA,Y,A,-,N,NA,NA,NA,NA,NA,NA,NA,NA,NA,N,4,0,2,3,A,-,09,21801,A,N,A,C,A,A,H,-,A,A,0,NA,NA,NA,NA,Y,NA,A,01,0,0,2,0,0,0,0,0,0,-,-,NA,NA,LOS ANGELES,LOS ANGELES,-118.3091278076172,34.08351135253906
8837048,2019,2019-04-19,1916,2019-03-06,1210,1944,E64R1,3,5,4,1916,0,0,0,NA,0,001,BADILLO ST,REEDER AV,0,NA,Y,C,-,N,NA,NA,NA,NA,NA,NA,NA,NA,NA,Y,4,0,4,2,A,-,09,21801,B,N,A,D,A,B,H,-,A,A,0,NA,NA,NA,NA,Y,NA,A,07,0,0,4,0,0,0,0,0,0,-,-,NA,NA,LOS ANGELES,COVINA,-117.85353088378906,34.089351654052734
8837050,2019,2019-04-19,1942,2019-02-28,0310,43071,2083,4,5,7,1942,0,0,0,NA,0,20A1,WESTERN AV,WASHINGTON BL,150,N,N,C,-,N,NA,NA,NA,NA,NA,NA,NA,NA,NA,Y,4,0,1,1,A,-,08,22107,NA,N,E,I,A,B,H,-,C,A,0,NA,NA,NA,NA,Y,NA,A,01,0,0,1,0,0,0,0,0,0,-,-,NA,NA,LOS ANGELES,LOS ANGELES,-118.30899810791016,34.04033279418945
8837054,2019,2019-04-19,1942,2019-02-13,1950,42287,1457,3,5,7,1942,0,0,0,N,0,14X16,INGLEWOOD BL,CULVER DR,5,S,N,C,-,N,NA,NA,NA,NA,NA,NA,NA,NA,NA,N,3,0,1,2,A,-,03,22350,NA,N,A,G,A,B,H,-,C,D,0,NA,Y,NA,NA,Y,NA,A,01,0,1,0,0,0,0,1,0,0,-,-,NA,NA,LOS ANGELES,LOS ANGELES,-118.41194915771484,33.99011993408203
8837058,2019,2019-04-19,1942,2019-03-28,1540,43147,1511,4,5,7,1942,0,0,0,O,0,15A67,VARNA AV,RAYMER ST,200,S,N,A,-,N,NA,NA,NA,NA,NA,NA,NA,NA,NA,N,4,0,2,2,A,-,09,21804,A,N,D,C,A,A,H,-,A,D,0,NA,NA,NA,NA,Y,NA,A,01,0,0,2,0,0,0,0,0,0,-,-,NA,NA,LOS ANGELES,LOS ANGELES,-118.42472839355467,34.20616149902344
8837072,2019,2019-04-19,1942,2019-03-29,1650,39402,1015,5,5,7,1942,0,0,0,J,0,10EL4,SATICOY ST,LINDLEY BL,200,W,N,A,-,N,NA,NA,NA,NA,NA,NA,NA,NA,NA,N,4,0,1,2,A,-,00,21703,A,N,C,C,A,A,H,-,A,A,0,NA,NA,NA,NA,Y,NA,A,01,0,0,1,0,0,0,0,0,0,-,-,NA,NA,LOS ANGELES,LOS ANGELES,-118.52799987792967,34.20840072631836
8837073,2019,2019-04-19,1942,2019-02-04,1750,39459,1162,1,5,7,1942,0,0,0,K,0,11A62,LOS FELIZ BL,BERENDO ST,50,E,N,C,-,N,NA,NA,NA,NA,NA,NA,NA,NA,NA,N,4,0,1,3,A,-,04,21703,NA,N,C,-,A,B,-,-,C,D,0,NA,NA,NA,NA,Y,NA,A,01,0,0,1,0,0,0,0,0,0,-,-,NA,NA,LOS ANGELES,LOS ANGELES,-118.29419708251952,34.11063766479492
8837077,2019,2019-04-19,1942,2019-02-14,1430,43547,1162,4,5,7,1942,0,0,0,K,0,1162,FOUNTAIN AV,N VERMONT AV,373,E,N,C,-,N,NA,NA,NA,NA,NA,NA,NA,NA,NA,N,4,0,1,2,A,-,09,21804,A,N,B,E,A,B,D,-,A,D,0,NA,NA,NA,NA,Y,NA,A,08,0,0,1,0,0,0,0,0,0,-,-,NA,NA,LOS ANGELES,LOS ANGELES,-118.29053497314452,34.09560012817383
8837083,2019,2019-05-21,1942,2019-04-22,1115,39755,1562,1,5,7,1942,0,0,0,O,0,15A68W,LAUREL CYN BL,LANDALE ST,0,NA,Y,A,-,N,NA,NA,NA,NA,NA,NA,NA,NA,NA,NA,4,0,1,3,A,-,03,22350,NA,N,C,-,A,A,-,-,A,A,0,NA,NA,NA,NA,Y,NA,-,NA,0,0,1,0,0,0,0,0,0,-,-,NA,NA,LOS ANGELES,LOS ANGELES,-118.39649200439452,34.152191162109375
8837086,2019,2019-05-21,1942,2019-04-24,1400,R6544,0338,3,5,7,1942,0,0,0,C,0,3A57,JEFFERSON BL,CATALINA ST,0,NA,Y,A,-,N,NA,NA,NA,NA,NA,NA,NA,NA,NA,N,4,0,1,2,D,-,00,NA,NA,N,H,G,A,A,H,-,A,A,0,NA,Y,NA,NA,Y,NA,-,-,0,0,1,0,0,0,1,0,0,-,-,NA,NA,LOS ANGELES,LOS ANGELES,-118.293701171875,34.025508880615234
8837088,2018,2019-05-21,1924,2018-04-06,1850,111822,20,5,5,5,1924,0,0,0,NA,0,8A7S,ROSECRANS AV,WADKINS AV,0,NA,Y,A,-,N,NA,NA,NA,NA,NA,NA,NA,NA,NA,Y,4,0,2,2,A,-,09,21802,A,N,D,C,A,A,H,-,A,D,0,NA,NA,NA,NA,Y,Y,A,01,0,0,2,0,0,0,0,0,0,-,-,33.901920318603516,-118.32520294189452,LOS ANGELES,GARDENA,-118.3252410888672,33.90187072753906
8837089,2019,2019-05-21,1900,2019-04-05,1536,443069,0986,5,5,4,1979,0,0,0,NA,0,92T2,SUNSET BL,HORN AV,7,W,N,A,-,N,NA,NA,NA,NA,NA,NA,NA,NA,NA,N,4,0,1,2,D,-,00,NA,NA,N,D,G,A,A,H,-,A,D,0,NA,Y,NA,NA,Y,NA,-,-,0,0,1,0,0,0,1,0,0,-,-,34.09080123901367,-118.38330078125,LOS ANGELES,WEST HOLLYWOOD,-118.38333129882813,34.090736389160156
8837101,2019,2019-08-22,1900,2019-03-30,1453,443069,0972,6,5,4,1979,0,0,0,NA,0,92T2,DOHENY DR,RANGELY AV,0,NA,Y,A,-,N,NA,NA,NA,NA,NA,NA,NA,NA,NA,N,4,0,1,2,A,-,09,21802,A,N,D,C,A,A,H,-,A,D,0,NA,NA,Y,NA,Y,NA,C,06,0,0,1,0,0,0,0,0,0,-,-,NA,NA,LOS ANGELES,WEST HOLLYWOOD,-118.38974761962892,34.080039978027344
8837105,2019,2019-05-21,1900,2019-03-12,1521,619888,0986,2,5,4,1979,0,0,0,NA,0,93O,HOLLOWAY DR,PALM AV,0,NA,Y,A,-,N,NA,NA,NA,NA,NA,NA,NA,NA,NA,Y,3,0,2,2,A,-,09,21802,A,N,D,C,A,A,H,-,A,D,0,NA,NA,NA,NA,Y,NA,A,01,0,2,0,0,0,0,0,0,0,-,-,34.09062957763672,-118.38287353515624,LOS ANGELES,WEST HOLLYWOOD,-118.38287353515624,34.090599060058594
8837108,2019,2019-05-21,1953,2019-04-14,2250,9851,1953,7,5,6,1953,0,0,0,NA,0,NA,LAKE AV,BOYLSTON ST,0,NA,Y,A,-,N,NA,NA,NA,NA,NA,NA,NA,NA,NA,N,3,0,1,2,A,-,03,22350,NA,F,G,B,B,A,H,-,C,D,0,Y,NA,NA,NA,Y,NA,A,01,0,1,0,0,1,0,0,0,0,-,-,NA,NA,LOS ANGELES,PASADENA,-118.13247680664064,34.15980911254883
8837117,2019,2019-05-20,1900,2019-05-05,1949,622118,1192,7,5,6,1992,0,0,0,NA,0,111T1,AVENUE L,40TH ST W,610,W,N,A,-,N,NA,NA,NA,NA,NA,NA,NA,NA,NA,Y,4,0,2,2,A,-,09,21801,A,N,D,C,A,A,H,-,B,D,0,NA,NA,NA,NA,Y,NA,A,01,0,0,2,0,0,0,0,0,0,-,-,NA,NA,LOS ANGELES,LANCASTER,-118.20337677001952,34.66014099121094