CASE_ID,ACCIDENT_YEAR,PROC_DATE,JURIS,COLLISION_DATE,COLLISION_TIME,OFFICER_ID,REPORTING_DISTRICT,DAY_OF_WEEK,CHP_SHIFT,POPULATION,CNTY_CITY_LOC,SPECIAL_COND,BEAT_TYPE,CHP_BEAT_TYPE,CITY_DIVISION_LAPD,CHP_BEAT_CLASS,BEAT_NUMBER,PRIMARY_RD,SECONDARY_RD,DISTANCE,DIRECTION,INTERSECTION,WEATHER_1,WEATHER_2,STATE_HWY_IND,CALTRANS_COUNTY,CALTRANS_DISTRICT,STATE_ROUTE,ROUTE_SUFFIX,POSTMILE_PREFIX,POSTMILE,LOCATION_TYPE,RAMP_INTERSECTION,SIDE_OF_HWY,TOW_AWAY,COLLISION_SEVERITY,NUMBER_KILLED,NUMBER_INJURED,PARTY_COUNT,PRIMARY_COLL_FACTOR,PCF_CODE_OF_VIOL,PCF_VIOL_CATEGORY,PCF_VIOLATION,PCF_VIOL_SUBSECTION,HIT_AND_RUN,TYPE_OF_COLLISION,MVIW,PED_ACTION,ROAD_SURFACE,ROAD_COND_1,ROAD_COND_2,LIGHTING,CONTROL_DEVICE,CHP_ROAD_TYPE,PEDESTRIAN_ACCIDENT,BICYCLE_ACCIDENT,MOTORCYCLE_ACCIDENT,TRUCK_ACCIDENT,NOT_PRIVATE_PROPERTY,ALCOHOL_INVOLVED,STWD_VEHTYPE_AT_FAULT,CHP_VEHTYPE_AT_FAULT,COUNT_SEVERE_INJ,COUNT_VISIBLE_INJ,COUNT_COMPLAINT_PAIN,COUNT_PED_KILLED,COUNT_PED_INJURED,COUNT_BICYCLIST_KILLED,COUNT_BICYCLIST_INJURED,COUNT_MC_KILLED,COUNT_MC_INJURED,PRIMARY_RAMP,SECONDARY_RAMP,LATITUDE,LONGITUDE,COUNTY,CITY,POINT_X,POINT_Y
8837122,2019,2019-05-16,1900,2019-04-18,1036,610418,1134,4,5,6,1992,0,0,0,NA,0,111T1,DIVISION ST,AVENUE K-8,0,NA,Y,A,-,N,NA,NA,NA,NA,NA,NA,NA,NA,NA,Y,4,0,1,2,A,-,09,21802,A,N,B,C,A,A,H,-,A,D,0,NA,NA,NA,NA,Y,NA,A,08,0,0,1,0,0,0,0,0,0,-,-,NA,NA,LOS ANGELES,LANCASTER,-118.12986755371094,34.66756820678711
8837126,2019,2019-05-16,1942,2019-03-29,1820,43455,2031,5,5,7,1942,0,0,0,NA,0,20A34,WILSHIRE BL,SAINT ANDREWS PL,0,NA,Y,A,-,N,NA,NA,NA,NA,NA,NA,NA,NA,NA,N,4,0,1,2,A,-,09,21801,A,N,D,C,A,A,H,-,A,D,0,NA,NA,NA,NA,Y,NA,A,01,0,0,1,0,0,0,0,0,0,-,-,NA,NA,LOS ANGELES,LOS ANGELES,-118.3115692138672,34.06169128417969
8837127,2019,2019-05-20,1924,2019-03-22,0825,80382,G45,5,5,5,1924,0,0,0,NA,0,8METRO,178TH ST,EVELYN AV,0,NA,Y,A,-,N,NA,NA,NA,NA,NA,NA,NA,NA,NA,Y,3,0,2,2,A,-,09,21802,A,N,D,C,A,A,H,-,A,A,0,NA,NA,NA,NA,Y,NA,A,01,0,1,1,0,0,0,0,0,0,-,-,33.869319915771484,-118.3026123046875,LOS ANGELES,GARDENA,-118.30261993408205,33.86922073364258
8837130,2019,2019-05-16,1942,2019-04-17,1120,43550,0782,3,5,7,1942,0,0,0,G,0,7A85,FAIRFAX AV,VENICE BL,0,NA,Y,A,-,N,NA,NA,NA,NA,NA,NA,NA,NA,NA,N,4,0,1,2,A,-,04,21703,NA,N,C,C,A,A,H,-,A,A,0,NA,NA,Y,NA,Y,NA,C,02,0,0,1,0,0,0,0,0,0,-,-,NA,NA,LOS ANGELES,LOS ANGELES,-118.36976623535156,34.03995132446289
8837139,2019,2019-05-17,1953,2019-03-12,1402,4840,NA,2,5,6,1953,0,0,0,NA,0,003,HILL AV,COLORADO BL,150,N,N,A,-,N,NA,NA,NA,NA,NA,NA,NA,NA,NA,N,4,0,1,2,A,-,21,22106,NA,N,-,G,A,A,H,-,A,A,0,NA,Y,NA,NA,Y,NA,A,07,0,0,1,0,0,0,1,0,0,-,-,NA,NA,LOS ANGELES,PASADENA,-118.1213607788086,34.146392822265625
8837147,2019,2019-05-20,1942,2019-03-20,1210,38688,0721,3,5,7,1942,0,0,0,G,0,7A21,SAN VICENTE BL,LA CIENEGA BL,90,W,N,B,-,N,NA,NA,NA,NA,NA,NA,NA,NA,NA,Y,4,0,1,2,A,-,04,21703,NA,N,C,C,A,A,H,-,A,A,0,NA,NA,NA,NA,Y,NA,A,01,0,0,1,0,0,0,0,0,0,-,-,NA,NA,LOS ANGELES,LOS ANGELES,-118.37656402587892,34.071468353271484
8837157,2019,2019-05-16,1924,2019-03-23,1029,80458,NA,6,5,5,1924,0,0,0,NA,0,NA,VERMONT AV,135TH ST,30,N,N,A,-,N,NA,NA,NA,NA,NA,NA,NA,NA,NA,N,4,0,1,2,A,-,09,21801,A,N,D,C,A,A,H,-,A,A,0,NA,NA,NA,NA,Y,NA,A,01,0,0,1,0,0,0,0,0,0,-,-,33.90916061401367,-118.29176330566406,LOS ANGELES,GARDENA,-118.29190063476564,33.90923309326172
8837168,2019,2019-05-20,1942,2019-03-14,1550,42471,0643,4,5,7,1942,0,0,0,F,0,6X25,LA BREA,SUNSET BL,0,NA,Y,A,-,N,NA,NA,NA,NA,NA,NA,NA,NA,NA,N,2,0,1,2,A,-,17,21228,NA,N,D,C,A,A,H,-,A,D,0,NA,NA,Y,NA,Y,NA,C,03,1,0,0,0,0,0,0,0,1,-,-,NA,NA,LOS ANGELES,LOS ANGELES,-118.34413909912108,34.09798049926758
8837172,2019,2019-05-17,1942,2019-02-23,1920,43669,0706,6,5,7,1942,0,0,0,G,0,6A48,MELROSE AV,HIGHLAND AV,0,NA,Y,A,-,N,NA,NA,NA,NA,NA,NA,NA,NA,NA,Y,2,0,2,2,A,-,09,21801,A,N,A,C,A,A,H,-,C,A,0,NA,NA,Y,NA,Y,NA,A,01,1,1,0,0,0,0,0,0,1,-,-,NA,NA,LOS ANGELES,LOS ANGELES,-118.3385772705078,34.08346939086914
8837176,2019,2019-05-20,1942,2019-03-25,1540,37966,0644,1,5,7,1942,0,0,0,F,0,6A45,W SUNSET BL,N VISTA ST,0,NA,Y,A,-,N,NA,NA,NA,NA,NA,NA,NA,NA,NA,Y,3,0,3,2,A,-,09,21801,A,N,D,C,A,A,H,-,A,D,0,NA,NA,NA,NA,Y,NA,A,01,0,1,2,0,0,0,0,0,0,-,-,NA,NA,LOS ANGELES,LOS ANGELES,-118.35173797607422,34.0980110168457
8837188,2019,2019-05-17,1942,2019-03-27,1930,43005,1851,3,5,7,1942,0,0,0,R,0,18X96,EL SEGUNDO,FIGUEROA,0,W,N,A,-,N,NA,NA,NA,NA,NA,NA,NA,NA,NA,Y,3,0,1,1,A,-,03,22350,NA,N,F,C,A,A,H,-,B,D,0,NA,NA,NA,NA,Y,Y,A,07,0,1,0,0,0,0,0,0,0,-,-,NA,NA,LOS ANGELES,LOS ANGELES,-118.28275299072266,33.916419982910156
8837211,2019,2019-05-29,1976,2019-04-09,1424,474,NA,2,5,5,1976,0,0,0,NA,0,003,PAINTER AV,MAR VISTA ST,0,NA,Y,A,-,N,NA,NA,NA,NA,NA,NA,NA,NA,NA,Y,4,0,1,2,A,-,09,21453,C,N,D,C,A,A,H,-,A,A,0,NA,NA,NA,NA,Y,NA,A,07,0,0,1,0,0,0,0,0,0,-,-,NA,NA,LOS ANGELES,WHITTIER,-118.03267669677734,33.9734992980957
8837217,2019,2019-05-29,1942,2019-03-16,2315,41593,0463,6,5,7,1942,0,0,0,D,0,4G1W7,E 1ST ST,E 1ST ST 1943,0,NA,N,A,-,N,NA,NA,NA,NA,NA,NA,NA,NA,NA,N,3,0,1,2,A,-,05,21650,NA,N,B,C,A,A,H,-,C,D,0,NA,Y,NA,NA,Y,Y,L,04,0,1,0,0,0,0,1,0,0,-,-,NA,NA,LOS ANGELES,LOS ANGELES,-118.215971,34.04588
8837218,2019,2019-05-29,1942,2019-04-26,1820,43187,2022,5,5,7,1942,0,0,0,NA,0,20A44,W 5TH ST,S ST ANDREWS PL,0,NA,Y,A,-,N,NA,NA,NA,NA,NA,NA,NA,NA,NA,N,3,0,1,2,A,-,05,21650,NA,N,B,C,A,A,H,-,A,A,0,NA,NA,Y,NA,Y,NA,C,03,0,1,0,0,0,0,0,0,1,-,-,NA,NA,LOS ANGELES,LOS ANGELES,-118.31159210205078,34.06529998779297
8837222,2019,2019-05-29,1942,2019-03-27,1030,38034,RD063,3,5,7,1942,0,0,0,NA,0,6X25,HOLLYWOOD BL,FAIRFAX AV,200,W,N,A,-,N,NA,NA,NA,NA,NA,NA,NA,NA,NA,N,4,0,2,2,A,-,04,21703,NA,N,C,C,A,A,H,-,A,D,0,NA,NA,NA,NA,Y,NA,A,01,0,0,2,0,0,0,0,0,0,-,-,NA,NA,LOS ANGELES,LOS ANGELES,-118.36222839355467,34.101287841796875
8837226,2019,2019-05-29,1942,2019-04-23,0820,43391,0615,2,5,7,1942,0,0,0,F,0,6A15,CAHUENGA,ODIN ST,150,N,N,A,-,N,NA,NA,NA,NA,NA,NA,NA,NA,NA,Y,4,0,1,2,A,-,09,21801,A,N,D,C,A,A,H,-,A,A,0,NA,NA,NA,NA,Y,NA,A,07,0,0,1,0,0,0,0,0,0,-,-,NA,NA,LOS ANGELES,LOS ANGELES,-118.33447265625,34.1114387512207
8837234,2019,2019-05-29,1925,2019-04-17,1545,19682,243,3,5,6,1925,0,0,0,NA,0,003,COLORADO ST,CHEVY CHASE DR,51,E,N,A,-,N,NA,NA,NA,NA,NA,NA,NA,NA,NA,N,4,0,1,2,A,-,-,NA,I,N,D,C,E,A,H,-,A,D,0,Y,NA,NA,NA,Y,NA,N,60,0,0,1,0,1,0,0,0,0,-,-,NA,NA,LOS ANGELES,GLENDALE,-118.23944091796876,34.142635345458984
8837243,2019,2019-05-22,1942,2019-03-02,2015,43281,LOSAN,6,5,7,1942,0,0,0,NA,0,2A45,ALVARADO ST,S MIRAMAR,10,N,N,B,C,N,NA,NA,NA,NA,NA,NA,NA,NA,NA,Y,3,0,1,2,A,-,03,22350,NA,N,C,C,A,B,-,-,C,-,0,NA,NA,NA,NA,Y,NA,A,01,0,1,0,0,0,0,0,0,0,-,-,NA,NA,LOS ANGELES,LOS ANGELES,-118.27206420898438,34.063934326171875
8837247,2019,2019-05-22,1942,2019-04-19,1820,42916,1018,5,5,7,1942,0,0,0,J,0,10X8,WOODLEY AV,SHERMAN WY,0,NA,Y,A,-,N,NA,NA,NA,NA,NA,NA,NA,NA,NA,N,4,0,1,2,A,-,08,22100,A,N,-,C,A,A,-,-,A,A,0,NA,NA,NA,NA,Y,NA,A,07,0,0,1,0,0,0,0,0,0,-,-,NA,NA,LOS ANGELES,LOS ANGELES,-118.48368072509766,34.201171875
8837251,2019,2019-05-22,1942,2019-04-21,0913,34561,2149,7,5,7,1942,0,0,0,NA,0,21A29,CORBIN AV,VANOWEN ST,0,NA,Y,B,-,N,NA,NA,NA,NA,NA,NA,NA,NA,NA,Y,3,0,2,2,A,-,12,21453,A,N,D,C,A,A,H,-,A,A,0,NA,NA,NA,NA,Y,NA,A,08,0,1,1,0,0,0,0,0,0,-,-,NA,NA,LOS ANGELES,LOS ANGELES,-118.56224822998048,34.19382095336914
8837275,2019,2019-05-22,1942,2019-01-18,2125,41969,0326,5,5,7,1942,0,0,0,C,0,3A73,NORMANDIE AV,27TH ST,0,NA,Y,A,-,N,NA,NA,NA,NA,NA,NA,NA,NA,NA,Y,2,0,3,4,A,-,09,21801,NA,N,D,C,F,A,H,-,C,D,0,Y,NA,NA,NA,Y,NA,A,01,1,1,1,0,2,0,0,0,0,-,-,NA,NA,LOS ANGELES,LOS ANGELES,-118.30023956298828,34.03089904785156
8837279,2019,2019-05-22,1942,2019-04-22,1515,39448,1656,1,5,7,1942,0,0,0,P,0,16A35,SUNLAND BL,SUNLAND BL 9983,0,NA,Y,A,-,N,NA,NA,NA,NA,NA,NA,NA,NA,NA,N,4,0,1,2,A,-,08,22107,NA,F,C,C,A,A,H,-,A,D,0,NA,NA,NA,NA,Y,NA,-,99,0,0,1,0,0,0,0,0,0,-,-,34.2534294128418,-118.34481811523438,LOS ANGELES,LOS ANGELES,NA,NA
8837280,2019,2019-05-22,1902,2019-04-20,1621,781,06,6,5,5,1902,0,0,0,NA,0,001,ARBOLADA DR,BALDWIN AV,312,E,N,A,-,N,NA,NA,NA,NA,NA,NA,NA,NA,NA,Y,3,0,1,2,A,-,03,22350,NA,N,B,C,A,A,H,-,A,D,0,NA,NA,NA,NA,Y,NA,A,01,0,1,0,0,0,0,0,0,0,-,-,NA,NA,LOS ANGELES,ARCADIA,-118.05228424072266,34.15187072753906
8837329,2019,2019-05-28,1900,2019-04-20,1457,610418,1123,6,5,6,1992,0,0,0,NA,0,112T2,SIERRA HWY,AVENUE K,0,NA,Y,A,-,N,NA,NA,NA,NA,NA,NA,NA,NA,NA,Y,3,0,1,4,B,-,22,NA,NA,N,D,C,A,A,H,-,A,A,0,NA,NA,NA,NA,Y,NA,J,48,0,1,0,0,0,0,0,0,0,-,-,NA,NA,LOS ANGELES,LANCASTER,-118.13294982910156,34.67498016357422
8837363,2019,2019-05-21,1942,2019-02-25,2140,43142,1442,1,5,7,1942,0,0,0,N,0,14A67,READING AV,INTERCEPTOR ST,300,N,N,A,-,N,NA,NA,NA,NA,NA,NA,NA,NA,NA,N,4,0,1,2,A,-,03,22350,NA,N,C,C,A,A,H,-,C,D,0,NA,NA,NA,NA,Y,NA,A,01,0,0,1,0,0,0,0,0,0,-,-,NA,NA,LOS ANGELES,LOS ANGELES,-118.38159942626952,33.95607376098633
8837364,2019,2019-05-20,1910,2019-03-19,1922,05116,NA,2,5,4,1910,0,0,0,NA,0,009,BURTON WY E,FOOTHILL RD,9,E,N,A,-,N,NA,NA,NA,NA,NA,NA,NA,NA,NA,N,4,0,1,2,A,-,08,22107,NA,N,G,B,B,A,H,-,C,A,0,Y,NA,NA,NA,Y,NA,A,01,0,0,1,0,1,0,0,0,0,-,-,NA,NA,LOS ANGELES,BEVERLY HILLS,-118.39604949951172,34.07236862182617
8837367,2019,2019-05-20,1942,2019-02-14,1810,42548,1444,4,5,7,1942,0,0,0,N,0,14A58,LINCOLN BL,MAXELLA AV,150,N,N,A,-,N,NA,NA,NA,NA,NA,NA,NA,NA,NA,N,4,0,1,2,A,-,03,22350,NA,N,C,C,A,A,H,-,C,A,0,NA,NA,NA,NA,Y,NA,A,01,0,0,1,0,0,0,0,0,0,-,-,NA,NA,LOS ANGELES,LOS ANGELES,-118.44373321533205,33.985965728759766
8837368,2019,2019-05-20,1928,2019-04-02,1033,324,516,2,5,5,1928,0,0,0,NA,0,503,PRAIRIE AV,139TH ST N,0,NA,Y,A,-,N,NA,NA,NA,NA,NA,NA,NA,NA,NA,N,4,0,1,2,A,-,05,21650,NA,N,A,G,A,A,H,-,A,A,0,NA,Y,NA,NA,Y,NA,L,04,0,0,1,0,0,0,1,0,0,-,-,33.905548095703125,-118.34396362304688,LOS ANGELES,HAWTHORNE,-118.3438720703125,33.90555953979492
8837369,2019,2019-05-20,1900,2019-04-02,1940,532124,0523,2,5,4,1971,0,0,0,NA,0,52T1PM,LIVE OAK AV,BALDWIN AV,2,S,N,A,-,N,NA,NA,NA,NA,NA,NA,NA,NA,NA,N,4,0,1,2,A,-,09,21801,A,N,H,G,A,A,H,-,C,A,0,NA,Y,NA,NA,Y,NA,A,08,0,0,1,0,0,0,1,0,0,-,-,34.10430908203125,-118.05152130126952,LOS ANGELES,TEMPLE CITY,-118.05162811279295,34.10429000854492
8837375,2019,2019-05-20,1942,2019-02-24,1635,43461,2081,7,5,7,1942,0,0,0,NA,0,20A13,WESTERN AV,18TH ST,0,NA,Y,A,-,N,NA,NA,NA,NA,NA,NA,NA,NA,NA,N,3,0,1,2,A,-,10,21950,A,N,G,B,B,A,H,-,A,A,0,Y,NA,NA,NA,Y,NA,A,01,0,1,0,0,1,0,0,0,0,-,-,NA,NA,LOS ANGELES,LOS ANGELES,-118.30902862548828,34.04174041748047
8837379,2019,2019-05-20,1942,2019-04-03,2157,43406,0112,3,5,7,1942,0,0,0,A,0,1A1,ALISO ST,BROADWAY ST,0,NA,Y,A,-,N,NA,NA,NA,NA,NA,NA,NA,NA,NA,N,4,0,1,2,A,-,08,22107,NA,N,D,C,A,A,H,-,C,A,0,NA,NA,NA,NA,Y,NA,A,01,0,0,1,0,0,0,0,0,0,-,-,NA,NA,LOS ANGELES,LOS ANGELES,-118.24259185791016,34.05678176879883
8837380,2019,2019-05-20,1910,2019-03-18,1036,03410,NA,1,5,4,1910,0,0,0,NA,0,004,BEVERLY DR,CARMELITA AV,0,NA,Y,A,-,N,NA,NA,NA,NA,NA,NA,NA,NA,NA,Y,3,0,2,2,A,-,12,22450,A,N,D,C,A,A,H,-,A,A,0,NA,NA,NA,NA,Y,NA,A,01,0,1,1,0,0,0,0,0,0,-,-,NA,NA,LOS ANGELES,BEVERLY HILLS,-118.4069366455078,34.07429885864258
8837383,2019,2019-05-20,1942,2019-02-13,1900,34197,622,3,5,7,1942,0,0,0,NA,0,6A22,LAUREL CANYON,KIRKWOOD,40,N,N,B,C,N,NA,NA,NA,NA,NA,NA,NA,NA,NA,N,4,0,1,2,A,-,04,21703,NA,N,C,C,A,B,H,-,C,D,0,NA,NA,NA,NA,Y,NA,A,01,0,0,1,0,0,0,0,0,0,-,-,NA,NA,LOS ANGELES,LOS ANGELES,-118.36978912353516,34.108924865722656
8837387,2019,2019-05-20,1942,2019-02-09,0500,42385,RD#06,6,5,7,1942,0,0,0,NA,0,6A15,N CAHUENGA BL,DIX ST,50,N,N,A,-,N,NA,NA,NA,NA,NA,NA,NA,NA,NA,Y,4,0,1,3,A,-,03,22350,NA,N,A,C,A,A,H,-,C,A,0,NA,NA,NA,NA,Y,NA,A,01,0,0,1,0,0,0,0,0,0,-,-,NA,NA,LOS ANGELES,LOS ANGELES,-118.33066558837892,34.105926513671875
8837389,2018,2019-05-20,1970,2018-10-26,0750,194,NA,5,5,4,1970,0,0,0,NA,0,004,DIAMOND AV,EL CERRITO CIR,100,N,N,A,-,N,NA,NA,NA,NA,NA,NA,NA,NA,NA,N,3,0,1,2,A,-,08,22107,NA,F,B,G,A,A,H,-,A,D,0,NA,Y,NA,NA,Y,NA,A,01,0,1,0,0,0,0,1,0,0,-,-,NA,NA,LOS ANGELES,SOUTH PASADENA,-118.15632629394533,34.11114501953125
8837391,2019,2019-05-20,1942,2019-02-23,0055,40389,0666,6,5,7,1942,0,0,0,F,0,6A45,SANTA MONICA BL,LODI,22,S,N,A,-,N,NA,NA,NA,NA,NA,NA,NA,NA,NA,Y,4,0,4,2,A,-,03,22350,NA,N,A,C,A,A,H,-,C,D,0,NA,NA,NA,NA,Y,NA,A,01,0,0,4,0,0,0,0,0,0,-,-,NA,NA,LOS ANGELES,LOS ANGELES,-118.32338714599608,34.09074020385742
8837393,2019,2019-08-13,1970,2019-02-08,2218,202,1970,5,5,4,1970,0,0,0,NA,0,001,MONTEREY RD,LOMA VISTA,19,W,N,A,-,N,NA,NA,NA,NA,NA,NA,NA,NA,NA,Y,2,0,1,2,A,-,09,21801,A,N,D,C,A,A,H,-,C,D,0,NA,NA,Y,NA,Y,NA,A,01,1,0,0,0,0,0,0,0,1,-,-,NA,NA,LOS ANGELES,SOUTH PASADENA,-118.16061401367188,34.11197280883789
8837399,2019,2019-05-21,1955,2019-03-06,0510,42369,56,3,5,6,1955,0,0,0,NA,0,001,VALLEY BL,RIDGEWAY DR,0,NA,Y,A,-,N,NA,NA,NA,NA,NA,NA,NA,NA,NA,Y,3,0,2,2,A,-,09,21801,A,N,A,C,A,B,H,-,C,A,0,NA,NA,NA,NA,Y,NA,-,NA,0,2,0,0,0,0,0,0,0,-,-,NA,NA,LOS ANGELES,POMONA,-117.79559326171876,34.061248779296875
8837412,2019,2019-05-07,1900,2019-03-06,1820,624371,1337,3,5,5,1908,0,0,0,NA,0,133T2,SOMERSET BL,BELLFLOWER BL,270,E,N,C,-,N,NA,NA,NA,NA,NA,NA,NA,NA,NA,Y,3,0,2,2,A,-,08,22103,NA,N,D,C,A,B,H,-,C,D,0,NA,NA,NA,NA,Y,NA,A,01,0,2,0,0,0,0,0,0,0,-,-,33.89685821533203,-118.12361907958984,LOS ANGELES,BELLFLOWER,-118.12444305419922,33.89659881591797
8837416,2019,2019-05-08,1900,2019-04-09,0730,606987,1368,2,5,5,1952,0,0,0,NA,0,136T2,PARAMOUNT BL,HARRISON ST,0,NA,Y,A,-,N,NA,NA,NA,NA,NA,NA,NA,NA,NA,Y,4,0,1,2,B,-,22,NA,NA,N,D,C,A,A,H,-,A,A,0,NA,NA,NA,NA,Y,NA,J,48,0,0,1,0,0,0,0,0,0,-,-,NA,NA,LOS ANGELES,PARAMOUNT,-118.1601104736328,33.88357162475586
8837434,2019,2019-05-07,1900,2019-04-21,1000,618055,1127,7,5,6,1992,0,0,0,NA,0,111T1,30TH ST W,AVENUE K,31,S,N,A,-,N,NA,NA,NA,NA,NA,NA,NA,NA,NA,N,4,0,1,2,A,-,09,21806,A,N,B,C,A,A,H,-,A,D,0,NA,NA,NA,NA,Y,NA,A,07,0,0,1,0,0,0,0,0,0,-,-,NA,NA,LOS ANGELES,LANCASTER,-118.18358612060548,34.6747932434082
8837438,2019,2019-05-07,1900,2019-02-26,0300,515235,1414,2,5,1,1932,0,0,0,NA,0,141T1,CALIFORNIA AV,VALLEY BL,384,N,N,A,-,N,NA,NA,NA,NA,NA,NA,NA,NA,NA,Y,3,0,1,2,A,-,06,21755,A,N,D,C,A,A,H,-,C,D,0,NA,NA,NA,Y,Y,NA,J,48,0,1,0,0,0,0,0,0,0,-,-,34.03221130371094,-117.96859741210938,LOS ANGELES,INDUSTRY,-117.96871948242188,34.03209686279297
8837440,2019,2019-07-19,1942,2019-04-28,1405,42293,1862,7,5,7,1942,0,0,0,R,0,18A63,OLIVE ST,IMPERIAL HWY,0,NA,Y,A,-,Y,LA,7,110,-,-,13.798,R,4,N,N,4,0,3,2,A,-,12,21453,A,N,D,C,A,A,H,-,A,A,0,NA,NA,NA,NA,Y,NA,A,01,0,0,3,0,0,0,0,0,0,-,-,NA,NA,LOS ANGELES,LOS ANGELES,-118.28057861328124,33.92852020263672
8837445,2019,2019-05-10,1941,2019-04-07,1255,5277,NA,7,5,7,1941,0,0,0,NA,0,NA,DEL AMO BL,SUSANA RD,190,E,N,A,-,N,NA,NA,NA,NA,NA,NA,NA,NA,NA,Y,3,0,1,2,A,-,00,21568,A,N,B,C,A,A,H,-,A,D,0,NA,NA,NA,NA,Y,Y,A,NA,0,1,0,0,0,0,0,0,0,-,-,NA,NA,LOS ANGELES,LONG BEACH,-118.2061767578125,33.8465690612793
8837448,2019,2019-05-09,1942,2019-04-10,1200,42656,0632,3,5,7,1942,0,0,0,F,0,6A31,W SUNSET BL,CRESCENT HEIGHTS BL,85,E,N,A,-,N,NA,NA,NA,NA,NA,NA,NA,NA,NA,Y,4,0,1,3,A,-,17,22517,NA,N,B,E,E,A,H,-,A,D,0,Y,NA,NA,NA,Y,NA,N,60,0,0,1,0,1,0,0,0,0,-,-,NA,NA,LOS ANGELES,LOS ANGELES,-118.36540985107422,34.09798812866211
8837452,2019,2019-05-09,1942,2019-03-16,2245,36504,2079,6,5,7,1942,0,0,0,NA,0,20A97,W PICO BL,MAGNOLIA AV,25,W,N,A,-,N,NA,NA,NA,NA,NA,NA,NA,NA,NA,N,4,0,1,2,B,-,22,NA,NA,N,B,C,A,A,H,-,C,D,0,NA,NA,NA,NA,Y,NA,J,41,0,0,1,0,0,0,0,0,0,-,-,NA,NA,LOS ANGELES,LOS ANGELES,-118.28655242919922,34.04729080200195
8837476,2019,2019-05-10,1942,2019-03-20,1400,36940,0663,3,5,7,1942,0,0,0,F,0,6A63,SANTA MONICA BL,LAS PALMAS BL,35,E,N,A,-,N,NA,NA,NA,NA,NA,NA,NA,NA,NA,Y,3,0,1,2,A,-,09,21801,A,N,-,C,A,A,H,-,A,D,0,NA,NA,Y,NA,Y,NA,A,01,0,1,0,0,0,0,0,0,1,-,-,NA,NA,LOS ANGELES,LOS ANGELES,-118.33615112304688,34.090721130371094
8837480,2019,2019-05-10,1942,2019-03-26,2140,43636,0636,2,5,7,1942,0,0,0,F,0,NA,GRACE AV,FRANKLIN AV,0,NA,Y,A,-,N,NA,NA,NA,NA,NA,NA,NA,NA,NA,N,4,0,1,2,A,-,10,21950,A,N,G,B,B,A,H,-,C,A,0,Y,NA,NA,NA,Y,NA,A,01,0,0,1,0,1,0,0,0,0,-,-,NA,NA,LOS ANGELES,LOS ANGELES,-118.33220672607422,34.105228424072266
8837485,2018,2019-05-14,1942,2018-12-14,2250,42585,1494,5,5,7,1942,0,0,0,N,0,14A1,CENTURY BL,VICKSBURG AV,0,NA,Y,A,-,N,NA,NA,NA,NA,NA,NA,NA,NA,NA,N,4,0,1,2,A,-,05,21650,NA,N,H,G,A,A,H,-,C,A,0,NA,Y,NA,NA,Y,NA,L,04,0,0,1,0,0,0,1,0,0,-,-,NA,NA,LOS ANGELES,LOS ANGELES,-118.39395141601564,33.94561004638672
8837497,2019,2019-05-14,1942,2019-03-03,0252,41841,LAPDC,7,5,7,1942,0,0,0,NA,0,1XL11,S HOPE ST,W 8TH ST,0,NA,Y,A,-,N,NA,NA,NA,NA,NA,NA,NA,NA,NA,Y,3,0,3,2,A,-,09,21801,A,F,A,C,A,A,H,-,C,A,0,NA,NA,NA,NA,Y,NA,-,99,0,1,2,0,0,0,0,0,0,-,-,NA,NA,LOS ANGELES,LOS ANGELES,-118.25904846191406,34.04658126831055
8837498,2019,2019-05-16,1942,2019-03-03,1445,42866,2189,7,5,7,1942,0,0,0,NA,0,21A97,VENTURA BL,PENFIELD AV,0,NA,Y,B,-,N,NA,NA,NA,NA,NA,NA,NA,NA,NA,N,4,0,2,2,A,-,09,21802,A,N,B,C,A,B,H,-,A,D,0,NA,NA,NA,NA,Y,NA,A,01,0,0,2,0,0,0,0,0,0,-,-,NA,NA,LOS ANGELES,LOS ANGELES,-118.5689697265625,34.17169189453125
8837500,2019,2019-05-14,1942,2019-04-09,1614,42197,0332,2,5,7,1942,0,0,0,C,0,3A94,JEFFERSON BL,HILLCREST DR,0,NA,Y,A,-,N,NA,NA,NA,NA,NA,NA,NA,NA,NA,N,4,0,1,2,A,-,09,21802,A,N,D,D,A,A,H,-,A,D,0,NA,NA,NA,NA,Y,NA,A,01,0,0,1,0,0,0,0,0,0,-,-,NA,NA,LOS ANGELES,LOS ANGELES,-118.34288787841795,34.02555847167969
8837505,2019,2019-05-16,1942,2019-03-08,1100,43663,RD063,5,5,7,1942,0,0,0,NA,0,6A49,HOLLYWOOD BL,CAHUENGA,0,NA,Y,A,-,N,NA,NA,NA,NA,NA,NA,NA,NA,NA,Y,3,0,1,2,A,-,09,21801,A,N,A,-,A,A,H,-,A,A,0,NA,NA,NA,NA,Y,NA,-,NA,0,1,0,0,0,0,0,0,0,-,-,NA,NA,LOS ANGELES,LOS ANGELES,-118.32951354980467,34.10160827636719
8837507,2019,2019-05-14,1942,2019-04-16,2100,43224,1435,2,5,7,1942,0,0,0,N,0,14A11,VENICE BL,INGLEWOOD AV,50,W,N,A,-,N,NA,NA,NA,NA,NA,NA,NA,NA,NA,N,4,0,1,2,A,-,04,21703,NA,N,C,C,A,A,H,-,C,A,0,NA,NA,NA,NA,Y,NA,A,01,0,0,1,0,0,0,0,0,0,-,-,NA,NA,LOS ANGELES,LOS ANGELES,-118.42912292480467,34.00618362426758