CASE_ID,ACCIDENT_YEAR,PROC_DATE,JURIS,COLLISION_DATE,COLLISION_TIME,OFFICER_ID,REPORTING_DISTRICT,DAY_OF_WEEK,CHP_SHIFT,POPULATION,CNTY_CITY_LOC,SPECIAL_COND,BEAT_TYPE,CHP_BEAT_TYPE,CITY_DIVISION_LAPD,CHP_BEAT_CLASS,BEAT_NUMBER,PRIMARY_RD,SECONDARY_RD,DISTANCE,DIRECTION,INTERSECTION,WEATHER_1,WEATHER_2,STATE_HWY_IND,CALTRANS_COUNTY,CALTRANS_DISTRICT,STATE_ROUTE,ROUTE_SUFFIX,POSTMILE_PREFIX,POSTMILE,LOCATION_TYPE,RAMP_INTERSECTION,SIDE_OF_HWY,TOW_AWAY,COLLISION_SEVERITY,NUMBER_KILLED,NUMBER_INJURED,PARTY_COUNT,PRIMARY_COLL_FACTOR,PCF_CODE_OF_VIOL,PCF_VIOL_CATEGORY,PCF_VIOLATION,PCF_VIOL_SUBSECTION,HIT_AND_RUN,TYPE_OF_COLLISION,MVIW,PED_ACTION,ROAD_SURFACE,ROAD_COND_1,ROAD_COND_2,LIGHTING,CONTROL_DEVICE,CHP_ROAD_TYPE,PEDESTRIAN_ACCIDENT,BICYCLE_ACCIDENT,MOTORCYCLE_ACCIDENT,TRUCK_ACCIDENT,NOT_PRIVATE_PROPERTY,ALCOHOL_INVOLVED,STWD_VEHTYPE_AT_FAULT,CHP_VEHTYPE_AT_FAULT,COUNT_SEVERE_INJ,COUNT_VISIBLE_INJ,COUNT_COMPLAINT_PAIN,COUNT_PED_KILLED,COUNT_PED_INJURED,COUNT_BICYCLIST_KILLED,COUNT_BICYCLIST_INJURED,COUNT_MC_KILLED,COUNT_MC_INJURED,PRIMARY_RAMP,SECONDARY_RAMP,LATITUDE,LONGITUDE,COUNTY,CITY,POINT_X,POINT_Y
8838664,2019,2019-04-16,1913,2019-01-15,0805,4084,70,2,5,4,1913,0,0,0,NA,0,004,MOUNT BALDY RD,FERGUS FALLS,3168,N,N,B,-,N,NA,NA,NA,NA,NA,NA,NA,NA,NA,Y,4,0,1,2,A,-,09,21804,A,N,D,C,A,B,H,-,A,D,0,NA,NA,NA,NA,Y,NA,A,01,0,0,1,0,0,0,0,0,0,-,-,NA,NA,LOS ANGELES,CLAREMONT,-117.6825714111328,34.16084671020508
8838668,2019,2019-04-15,1942,2019-01-27,2200,43155,1323,7,5,7,1942,0,0,0,M,0,13A27,STANFORD,25TH ST,40,S,N,A,-,N,NA,NA,NA,NA,NA,NA,NA,NA,NA,N,4,0,1,2,A,-,21,22106,NA,F,D,C,A,A,H,-,C,D,0,NA,NA,Y,NA,Y,NA,-,99,0,0,1,0,0,0,0,0,1,-,-,NA,NA,LOS ANGELES,LOS ANGELES,-118.25888824462892,34.02151107788086
8838672,2019,2019-04-22,1942,2019-01-23,1345,43484,1313,3,5,7,1942,0,0,0,M,0,13A13,S SAN PEDRO ST,E 16TH ST,0,NA,Y,A,-,N,NA,NA,NA,NA,NA,NA,NA,NA,NA,N,4,0,1,2,A,-,12,21453,NA,N,A,C,A,A,H,-,A,A,0,NA,NA,NA,NA,Y,NA,A,01,0,0,1,0,0,0,0,0,0,-,-,NA,NA,LOS ANGELES,LOS ANGELES,-118.25595092773438,34.029869079589844
8838676,2019,2019-04-15,1942,2019-01-17,1822,42224,NEWT,4,5,7,1942,0,0,0,NA,0,13X94,36TH ST,GRIFFITH AV,0,NA,Y,A,-,N,NA,NA,NA,NA,NA,NA,NA,NA,NA,N,4,0,1,2,A,-,10,21950,A,N,G,B,B,B,H,-,C,A,0,Y,NA,NA,NA,Y,NA,A,07,0,0,1,0,1,0,0,0,0,-,-,NA,NA,LOS ANGELES,LOS ANGELES,-118.26200103759766,34.01362991333008
8838680,2019,2019-04-15,1942,2019-01-15,1310,43409,1331,2,5,7,1942,0,0,0,M,0,13A27,27TH ST,GRAND AV,25,E,N,C,-,N,NA,NA,NA,NA,NA,NA,NA,NA,NA,N,4,0,1,2,B,-,22,NA,NA,F,G,B,E,B,H,-,A,A,0,Y,NA,NA,NA,Y,NA,-,99,0,0,1,0,1,0,0,0,0,-,-,NA,NA,LOS ANGELES,LOS ANGELES,-118.27285766601564,34.025386810302734
8838696,2019,2019-04-16,1956,2019-03-29,0734,1315,36,5,5,5,1956,0,0,0,NA,0,003,ARTESIA BL,PECK AV,0,NA,Y,A,-,N,NA,NA,NA,NA,NA,NA,NA,NA,NA,Y,4,0,1,2,A,-,12,21453,A,N,D,C,A,A,H,-,A,A,0,NA,NA,NA,Y,Y,NA,A,08,0,0,1,0,0,0,0,0,0,-,-,NA,NA,LOS ANGELES,REDONDO BEACH,-118.38739776611328,33.872920989990234
8838708,2019,2019-04-26,1900,2019-02-12,1606,602227,0453,2,5,6,1949,0,0,0,NA,0,43T1,FIRESTONE BL,WOODS AV,270,E,N,B,-,N,NA,NA,NA,NA,NA,NA,NA,NA,NA,Y,4,0,2,2,A,-,09,21804,A,N,D,C,A,A,H,-,A,D,0,NA,NA,NA,NA,Y,NA,A,07,0,0,2,0,0,0,0,0,0,-,-,NA,NA,LOS ANGELES,NORWALK,-118.08407592773438,33.91386032104492
8838721,2019,2019-04-11,1942,2019-03-13,1110,42213,0156,3,5,7,1942,0,0,0,A,0,1FB1,6TH ST,SAN PEDRO ST,14,E,N,A,-,N,NA,NA,NA,NA,NA,NA,NA,NA,NA,N,3,0,1,2,A,-,12,21453,A,N,H,G,A,A,H,-,-,A,0,NA,Y,NA,NA,Y,NA,L,04,0,1,0,0,0,0,1,0,0,-,-,NA,NA,LOS ANGELES,LOS ANGELES,-118.24523162841795,34.042236328125
8838722,2019,2019-04-11,1942,2019-02-18,1250,40235,1454,1,5,7,1942,0,0,0,N,0,14A45,MINDANAO WY,LINCOLN BL,40,E,N,A,-,N,NA,NA,NA,NA,NA,NA,NA,NA,NA,N,4,0,1,2,A,-,04,21703,NA,N,-,C,A,A,H,-,A,D,0,NA,NA,NA,NA,Y,NA,A,01,0,0,1,0,0,0,0,0,0,-,-,NA,NA,LOS ANGELES,LOS ANGELES,-118.4389419555664,33.98063659667969
8838723,2019,2019-05-16,1942,2019-01-03,1330,38660,1303,4,5,7,1942,0,0,0,M,0,13A13,E 11TH ST,CENTRAL AV,151,W,N,A,-,N,NA,NA,NA,NA,NA,NA,NA,NA,NA,N,2,0,1,3,A,-,06,21751,NA,N,B,B,E,A,H,-,-,D,0,Y,NA,NA,NA,Y,NA,A,07,1,0,0,0,1,0,0,0,0,-,-,NA,NA,LOS ANGELES,LOS ANGELES,-118.24525451660156,34.031131744384766
8838725,2019,2019-04-11,1942,2019-03-01,0805,43714,0195,5,5,7,1942,0,0,0,A,0,1A85,MAPLE AV,15TH ST,35,S,N,B,-,N,NA,NA,NA,NA,NA,NA,NA,NA,NA,Y,4,0,1,2,A,-,08,22107,NA,N,B,C,A,A,H,-,A,A,0,NA,NA,NA,NA,Y,NA,A,01,0,0,1,0,0,0,0,0,0,-,-,NA,NA,LOS ANGELES,LOS ANGELES,-118.25893402099608,34.032440185546875
8838726,2019,2019-04-11,1942,2019-02-18,1545,40452,1499,1,5,7,1942,0,0,0,N,0,14A67,CENTURY BL,LA CIENEGA BL,25,W,N,A,-,N,NA,NA,NA,NA,NA,NA,NA,NA,NA,N,4,0,2,2,A,-,09,21453,B,N,B,C,A,A,H,-,A,A,0,NA,NA,NA,NA,Y,NA,A,01,0,0,2,0,0,0,0,0,0,-,-,NA,NA,LOS ANGELES,LOS ANGELES,-118.3701400756836,33.94540786743164
8838727,2019,2019-08-21,1913,2019-01-03,1741,3983,POMON,4,5,4,1913,0,0,0,NA,0,002,INDIAN HILL BL,RT 10,0,NA,Y,A,-,Y,LA,7,10,-,-,47.856,R,1,W,N,4,0,1,2,A,-,10,21950,A,F,G,B,B,A,H,-,B,A,0,Y,NA,NA,NA,Y,NA,A,01,0,0,1,0,1,0,0,0,0,-,-,NA,NA,LOS ANGELES,CLAREMONT,-117.71736907958984,34.081886291503906
8838729,2019,2019-04-11,1942,2019-03-22,0130,40689,0111,5,5,7,1942,0,0,0,A,0,1A1,HILL ST,COLLEGE ST,480,N,N,B,-,N,NA,NA,NA,NA,NA,NA,NA,NA,NA,Y,3,0,1,3,A,-,01,23152,A,N,C,E,F,A,H,-,C,D,0,Y,NA,NA,NA,Y,Y,A,01,0,1,0,0,1,0,0,0,0,-,-,NA,NA,LOS ANGELES,LOS ANGELES,-118.23811340332033,34.06564712524414
8838730,2019,2019-04-11,1900,2019-02-16,0120,621337,451,6,5,6,1949,0,0,0,NA,0,43T1E,IMPERIAL HWY,PIONEER BL,10,W,N,A,-,N,NA,NA,NA,NA,NA,NA,NA,NA,NA,Y,4,0,2,3,A,-,03,22350,NA,F,D,C,A,A,H,-,C,A,0,NA,NA,NA,NA,Y,NA,A,01,0,0,2,0,0,0,0,0,0,-,-,NA,NA,LOS ANGELES,NORWALK,-118.08193206787108,33.917091369628906
8838733,2019,2019-04-11,1942,2019-03-14,0720,38982,191,4,5,7,1942,0,0,0,NA,0,1A61,W VENICE BL,CONVENTION CENTER DR,100,W,N,A,-,N,NA,NA,NA,NA,NA,NA,NA,NA,NA,Y,4,0,1,2,A,-,05,21650,NA,N,C,C,A,A,H,-,A,D,0,NA,NA,NA,NA,Y,NA,A,01,0,0,1,0,0,0,0,0,0,-,-,NA,NA,LOS ANGELES,LOS ANGELES,-118.27194213867188,34.03837966918945
8838735,2019,2019-04-16,1900,2019-01-02,1626,602959,1417,3,5,1,1932,0,0,0,NA,0,144A,AZUSA AV,GLENLOCH AV,380,N,N,A,-,N,NA,NA,NA,NA,NA,NA,NA,NA,NA,Y,4,0,1,3,A,-,03,22350,NA,N,C,C,A,A,H,-,B,D,0,NA,NA,NA,NA,Y,NA,A,01,0,0,1,0,0,0,0,0,0,-,-,34.02199172973633,-117.91873931884766,LOS ANGELES,INDUSTRY,-117.9187469482422,34.02213668823242
8838737,2019,2019-04-11,1942,2019-03-19,1610,34549,0192,2,5,7,1942,0,0,0,A,0,1A61,S OLIVE ST,14TH ST,2,N,N,A,-,N,NA,NA,NA,NA,NA,NA,NA,NA,NA,Y,4,0,2,2,A,-,07,21658,A,N,D,C,A,A,H,-,A,D,0,NA,NA,NA,NA,Y,NA,A,07,0,0,2,0,0,0,0,0,0,-,-,NA,NA,LOS ANGELES,LOS ANGELES,-118.26429748535156,34.03657531738281
8838739,2019,2019-04-16,1942,2019-01-17,1400,43605,0724,4,5,7,1942,0,0,0,G,0,7A53,FAIRFAX AV,BEVERLY BL,350,S,N,B,-,N,NA,NA,NA,NA,NA,NA,NA,NA,NA,N,4,0,1,2,A,-,09,21804,A,N,D,C,A,B,H,-,A,D,0,NA,NA,NA,NA,Y,NA,A,07,0,0,1,0,0,0,0,0,0,-,-,NA,NA,LOS ANGELES,LOS ANGELES,-118.36144256591795,34.07514190673828
8838741,2019,2019-04-11,1942,2019-03-19,2145,36814,0162,2,5,7,1942,0,0,0,A,0,1A61,W 7TH ST,OLIVE ST,45,W,N,B,-,N,NA,NA,NA,NA,NA,NA,NA,NA,NA,N,4,0,1,2,A,-,21,22106,NA,N,G,B,E,A,H,-,C,D,0,Y,NA,NA,NA,Y,NA,-,99,0,0,1,0,1,0,0,0,0,-,-,NA,NA,LOS ANGELES,LOS ANGELES,-118.25564575195313,34.04667663574219
8838742,2019,2019-04-11,1942,2019-02-22,2140,42451,1406,5,5,7,1942,0,0,0,N,0,14A27,PALMS BL,OVERLAND AV,0,NA,Y,A,-,N,NA,NA,NA,NA,NA,NA,NA,NA,NA,N,3,0,2,2,A,-,09,21801,A,N,D,C,A,A,H,-,C,A,0,NA,NA,NA,NA,Y,NA,A,01,0,1,1,0,0,0,0,0,0,-,-,NA,NA,LOS ANGELES,LOS ANGELES,-118.41162109375,34.02473068237305
8838746,2019,2019-04-18,1942,2019-02-18,1100,39655,1469,1,5,7,1942,0,0,0,N,0,14A67,CENTINELLA AV,SHERBOURNE DR,525,S,N,A,-,N,NA,NA,NA,NA,NA,NA,NA,NA,NA,Y,4,0,2,2,A,-,09,21804,A,N,D,C,A,A,H,-,A,D,0,NA,NA,NA,NA,Y,NA,A,01,0,0,2,0,0,0,0,0,0,-,-,NA,NA,LOS ANGELES,LOS ANGELES,-118.38166809082033,33.9764289855957
8838749,2019,2019-04-11,1942,2019-03-19,0300,40325,139,2,5,7,1942,0,0,0,M,0,1A29,4TH ST,4TH PL,2,S,N,A,-,N,NA,NA,NA,NA,NA,NA,NA,NA,NA,Y,3,0,1,1,A,-,01,23152,A,N,E,I,A,A,H,-,C,A,0,NA,NA,NA,NA,Y,Y,A,01,0,1,0,0,0,0,0,0,0,-,-,NA,NA,LOS ANGELES,LOS ANGELES,-118.24570465087892,34.046966552734375
8838750,2019,2019-04-11,1942,2019-02-18,0645,38688,1483,1,5,7,1942,0,0,0,N,0,14A73,W MANCHESTER AV,LINCOLN BL,0,NA,Y,A,-,N,NA,NA,NA,NA,NA,NA,NA,NA,NA,Y,4,0,2,3,A,-,12,21453,A,N,D,C,A,A,H,-,A,A,0,NA,NA,NA,NA,Y,NA,A,01,0,0,2,0,0,0,0,0,0,-,-,NA,NA,LOS ANGELES,LOS ANGELES,-118.41931915283205,33.959861755371094
8838751,2019,2019-04-16,1913,2019-01-17,0520,3746,11,4,5,4,1913,0,0,0,NA,0,001,CAMBRIDGE AV,BONITA AV,9,S,N,B,C,N,NA,NA,NA,NA,NA,NA,NA,NA,NA,N,3,0,1,2,A,-,09,21801,A,F,-,B,B,B,H,-,C,A,0,Y,NA,NA,NA,Y,NA,-,NA,0,1,0,0,1,0,0,0,0,-,-,NA,NA,LOS ANGELES,CLAREMONT,-117.72739410400392,34.09635543823242
8838753,2019,2019-04-11,1942,2019-03-13,2130,43468,0182,3,5,7,1942,0,0,0,A,0,1A61,W OLYMPIC,S HOPE,0,NA,Y,A,-,N,NA,NA,NA,NA,NA,NA,NA,NA,NA,Y,4,0,3,2,A,-,09,21801,A,N,A,C,A,A,H,-,C,A,0,NA,NA,NA,NA,Y,NA,A,01,0,0,3,0,0,0,0,0,0,-,-,NA,NA,LOS ANGELES,LOS ANGELES,-118.26168823242188,34.043731689453125
8838754,2019,2019-04-11,1942,2019-02-15,0850,34959,1467,5,5,7,1942,0,0,0,N,0,14A67,HOWARD HUGHES PKWY,SEPULVEDA BL,325,E,N,B,-,N,NA,NA,NA,NA,NA,NA,NA,NA,NA,Y,4,0,1,1,A,-,08,22107,NA,N,E,I,A,A,H,-,A,D,0,NA,NA,NA,NA,Y,NA,A,01,0,0,1,0,0,0,0,0,0,-,-,NA,NA,LOS ANGELES,LOS ANGELES,-118.39308166503906,33.974876403808594
8838758,2019,2019-04-11,1942,2019-02-28,0700,42901,1488,4,5,7,1942,0,0,0,N,0,14A67,AIRPORT BL,98TH ST,0,NA,Y,B,-,N,NA,NA,NA,NA,NA,NA,NA,NA,NA,Y,4,0,1,3,A,-,09,21801,A,N,D,C,A,A,H,-,A,A,0,NA,NA,NA,NA,Y,NA,A,01,0,0,1,0,0,0,0,0,0,-,-,NA,NA,LOS ANGELES,LOS ANGELES,-118.385986328125,33.94734191894531
8838759,2019,2019-04-15,1900,2019-01-22,0815,608261,1432,2,5,4,1937,0,0,0,NA,0,143T1,DEL VALLE AV,TEMPLE AV,10,S,N,A,-,N,NA,NA,NA,NA,NA,NA,NA,NA,NA,N,4,0,1,2,A,-,09,21804,A,N,D,G,A,A,H,-,A,A,0,NA,Y,NA,NA,Y,NA,L,04,0,0,1,0,0,0,1,0,0,-,-,NA,NA,LOS ANGELES,LA PUENTE,-117.94417572021484,34.02806091308594
8838761,2019,2019-04-11,1942,2019-03-06,0115,39062,0111,3,5,7,1942,0,0,0,A,0,1A1,W CESAR E CHAVEZ AV,N GRAND AV,25,E,N,B,-,N,NA,NA,NA,NA,NA,NA,NA,NA,NA,N,4,0,3,2,A,-,01,23152,A,F,A,C,A,B,H,-,C,A,0,NA,NA,NA,NA,Y,Y,A,07,0,0,3,0,0,0,0,0,0,-,-,NA,NA,LOS ANGELES,LOS ANGELES,-118.24382781982422,34.06059265136719
8838762,2019,2019-04-11,1942,2019-02-17,1030,41139,643,7,5,7,1942,0,0,0,NA,0,6A45,HOLLYWOOD BL,N VISTA ST,120,E,N,B,-,N,NA,NA,NA,NA,NA,NA,NA,NA,NA,Y,4,0,2,2,A,-,04,21703,NA,N,C,C,A,A,H,-,A,D,0,NA,NA,NA,NA,Y,NA,A,01,0,0,2,0,0,0,0,0,0,-,-,NA,NA,LOS ANGELES,LOS ANGELES,-118.35149383544922,34.10163116455078
8838763,2019,2019-04-16,1913,2019-01-24,1258,3983,44,4,5,4,1913,0,0,0,NA,0,003,COLBY CIR,INDIAN HILL BL,800,W,N,A,-,N,NA,NA,NA,NA,NA,NA,NA,NA,NA,N,2,0,1,1,A,-,17,21712,A,N,-,-,A,A,H,-,A,D,0,NA,NA,NA,NA,Y,NA,A,01,1,0,0,0,0,0,0,0,0,-,-,NA,NA,LOS ANGELES,CLAREMONT,-117.72300720214844,34.10909652709961
8838766,2019,2019-04-11,1942,2019-02-17,0400,43056,647,7,5,7,1942,0,0,0,NA,0,6A15,SUNSET BL,GORDON AV,0,NA,Y,A,-,N,NA,NA,NA,NA,NA,NA,NA,NA,NA,N,4,0,3,2,A,-,04,21703,NA,N,C,C,A,A,H,-,C,A,0,NA,NA,NA,NA,Y,Y,A,01,0,0,3,0,0,0,0,0,0,-,-,NA,NA,LOS ANGELES,LOS ANGELES,-118.32012939453124,34.098018646240234
8838770,2019,2019-04-18,1942,2019-02-14,1945,42273,629,4,5,7,1942,0,0,0,NA,0,6A15,WESTERN AV,FRANKLIN AV,0,NA,Y,A,-,N,NA,NA,NA,NA,NA,NA,NA,NA,NA,Y,4,0,1,2,A,-,09,21801,A,N,A,C,A,A,H,-,C,A,0,NA,NA,NA,NA,Y,NA,A,01,0,0,1,0,0,0,0,0,0,-,-,NA,NA,LOS ANGELES,LOS ANGELES,-118.30925750732422,34.10538101196289
8838774,2019,2019-04-11,1942,2019-02-15,2045,42273,648,5,5,7,1942,0,0,0,NA,0,6A49,HOLLYWOOD BL,WESTERN AV,0,NA,Y,B,C,N,NA,NA,NA,NA,NA,NA,NA,NA,NA,Y,4,0,1,2,A,-,09,21801,A,N,A,C,A,B,H,-,C,A,0,NA,NA,NA,NA,Y,NA,A,01,0,0,1,0,0,0,0,0,0,-,-,NA,NA,LOS ANGELES,LOS ANGELES,-118.30927276611328,34.101749420166016
8838775,2019,2019-04-16,1942,2019-01-31,0630,42901,0752,4,5,7,1942,0,0,0,G,0,7A53,OLYMPIC BL,STEARNS DR,0,NA,Y,A,-,N,NA,NA,NA,NA,NA,NA,NA,NA,NA,N,4,0,1,2,A,-,09,21801,A,N,D,C,A,A,H,-,A,D,0,NA,NA,NA,NA,Y,NA,A,01,0,0,1,0,0,0,0,0,0,-,-,NA,NA,LOS ANGELES,LOS ANGELES,-118.3681182861328,34.05868148803711
8838778,2019,2019-04-11,1942,2019-02-18,1540,38262,643,1,5,7,1942,0,0,0,NA,0,6A45,SUNSET BL,FORMOSA AV,15,W,N,B,-,N,NA,NA,NA,NA,NA,NA,NA,NA,NA,Y,3,0,2,2,A,-,07,21658,A,N,B,C,A,A,H,-,A,D,0,NA,NA,NA,NA,Y,NA,A,01,0,1,1,0,0,0,0,0,0,-,-,NA,NA,LOS ANGELES,LOS ANGELES,-118.34687042236328,34.09798812866211
8838779,2019,2019-04-17,1913,2019-01-29,1526,3835,06,2,5,4,1913,0,0,0,NA,0,001,ARROW HWY,SPRINGFIELD ST,194,W,N,A,-,N,NA,NA,NA,NA,NA,NA,NA,NA,NA,Y,3,0,2,3,A,-,08,22107,NA,N,D,C,A,A,H,-,A,D,0,NA,NA,Y,NA,Y,NA,C,02,0,1,1,0,0,0,0,0,1,-,-,NA,NA,LOS ANGELES,CLAREMONT,-117.71727752685548,34.09043884277344
8838783,2019,2019-04-16,1913,2019-01-25,1116,3983,67,5,5,4,1913,0,0,0,NA,0,004,MONTE VISTA AV,BASELINE RD,560,S,N,A,-,N,NA,NA,NA,NA,NA,NA,NA,NA,NA,Y,4,0,1,2,A,-,03,22350,NA,N,C,C,A,A,H,-,A,D,0,NA,NA,NA,NA,Y,NA,A,01,0,0,1,0,0,0,0,0,0,-,-,NA,NA,LOS ANGELES,CLAREMONT,-117.69844818115234,34.120811462402344
8838786,2019,2019-04-11,1942,2019-02-18,1815,39022,637,1,5,7,1942,0,0,0,NA,0,6A49,HOLLYWOOD BL,ARGYLE AV,25,W,N,A,-,N,NA,NA,NA,NA,NA,NA,NA,NA,NA,N,4,0,1,2,A,-,04,21703,NA,N,C,C,A,A,H,-,C,D,0,NA,NA,NA,NA,Y,NA,A,01,0,0,1,0,0,0,0,0,0,-,-,NA,NA,LOS ANGELES,LOS ANGELES,-118.32526397705078,34.10163879394531
8838787,2019,2019-04-16,1913,2019-01-25,1250,3983,45,5,5,4,1913,0,0,0,NA,0,003,BASELINE RD,MOUNTAIN AV,0,NA,Y,A,-,N,NA,NA,NA,NA,NA,NA,NA,NA,NA,N,3,0,2,2,A,-,12,21453,A,N,D,C,A,A,H,-,A,A,0,NA,NA,NA,NA,Y,NA,A,01,0,1,1,0,0,0,0,0,0,-,-,NA,NA,LOS ANGELES,CLAREMONT,-117.7289581298828,34.121620178222656
8838790,2019,2019-04-11,1942,2019-02-14,2300,43406,152,4,5,7,1942,0,0,0,O,0,1A61,FLOWER ST,WILSHIRE BL,0,NA,Y,A,-,N,NA,NA,NA,NA,NA,NA,NA,NA,NA,N,4,0,1,2,D,-,00,NA,NA,N,G,B,B,A,H,-,C,A,0,Y,NA,NA,NA,Y,NA,-,-,0,0,1,0,1,0,0,0,0,-,-,NA,NA,LOS ANGELES,LOS ANGELES,-118.25817108154295,34.049339294433594
8838791,2019,2019-04-16,1969,2019-01-27,1335,10219,PATRO,7,5,5,1969,0,0,0,NA,0,002,INDEPENDENCE AV,BEECHWOOD AV,0,NA,Y,A,-,N,NA,NA,NA,NA,NA,NA,NA,NA,NA,Y,3,0,2,3,A,-,08,22107,NA,N,-,C,A,A,H,-,A,D,0,NA,NA,NA,NA,Y,NA,A,01,0,1,1,0,0,0,0,0,0,-,-,NA,NA,LOS ANGELES,SOUTH GATE,-118.22093963623048,33.95922088623047
8838794,2019,2019-04-11,1942,2019-02-16,1915,42798,0182,6,5,7,1942,0,0,0,A,0,1X23,OLYMPIC,HOPE ST,0,NA,Y,A,-,N,NA,NA,NA,NA,NA,NA,NA,NA,NA,NA,4,0,2,2,A,-,12,21453,A,N,D,C,A,A,H,-,C,A,0,NA,NA,NA,NA,Y,NA,A,01,0,0,2,0,0,0,0,0,0,-,-,NA,NA,LOS ANGELES,LOS ANGELES,-118.26168823242188,34.043731689453125
8838798,2019,2019-04-15,1942,2019-02-14,2310,41841,0139,4,5,7,1942,0,0,0,A,0,1FB25,ALAMEDA ST,2ND ST,0,NA,Y,A,-,N,NA,NA,NA,NA,NA,NA,NA,NA,NA,N,4,0,2,2,A,-,08,22100,A,N,B,C,A,A,H,-,C,A,0,NA,NA,NA,NA,Y,NA,-,-,0,0,2,0,0,0,0,0,0,-,-,NA,NA,LOS ANGELES,LOS ANGELES,-118.23811340332033,34.047149658203125
8838801,2019,2019-04-17,1942,2019-04-01,0805,34959,0667,1,5,7,1942,0,0,0,F,0,6A67,SUNSET BL,GOWER ST,0,NA,Y,A,-,N,NA,NA,NA,NA,NA,NA,NA,NA,NA,Y,4,0,1,2,A,-,12,21453,A,N,D,C,A,A,H,-,A,A,0,NA,NA,NA,NA,Y,NA,-,-,0,0,1,0,0,0,0,0,0,-,-,NA,NA,LOS ANGELES,LOS ANGELES,-118.3223114013672,34.0980110168457
8838813,2019,2019-04-12,1942,2019-04-01,1700,41747,0328,1,5,7,1942,0,0,0,C,0,3A19,W ADAMS BL,SCARFF ST,100,W,N,A,-,N,NA,NA,NA,NA,NA,NA,NA,NA,NA,N,4,0,2,3,A,-,03,22350,NA,N,C,C,A,A,H,-,A,A,0,NA,NA,NA,NA,Y,NA,A,01,0,0,2,0,0,0,0,0,0,-,-,NA,NA,LOS ANGELES,LOS ANGELES,-118.28174591064452,34.03070831298828
8838840,2019,2019-04-12,1956,2019-03-22,1534,1315,16,5,5,5,1956,0,0,0,NA,0,002,TORRANCE BL,BROADWAY,0,NA,Y,A,-,N,NA,NA,NA,NA,NA,NA,NA,NA,NA,Y,4,0,3,2,A,-,12,22450,NA,N,D,C,A,A,H,-,A,A,0,NA,NA,NA,NA,Y,NA,A,07,0,0,3,0,0,0,0,0,0,-,-,NA,NA,LOS ANGELES,REDONDO BEACH,-118.3867416381836,33.83829879760742
8838844,2019,2019-04-22,1956,2019-03-31,0336,1340,27,7,5,5,1956,0,0,0,NA,0,002,CAMINO REAL,KNOB HILL AV,0,NA,Y,-,-,N,NA,NA,NA,NA,NA,NA,NA,NA,NA,Y,4,0,1,1,A,-,08,22107,NA,N,F,A,A,A,-,-,C,A,0,NA,NA,Y,NA,Y,NA,C,02,0,0,1,0,0,0,0,0,1,-,-,NA,NA,LOS ANGELES,REDONDO BEACH,-118.37428283691406,33.82838821411133
8838852,2019,2019-04-12,1900,2019-03-07,1830,602964,DOWNE,4,5,6,1949,0,0,0,NA,0,43T1,ROSECRANS AV,SHOEMAKER AV,300,E,N,A,-,N,NA,NA,NA,NA,NA,NA,NA,NA,NA,Y,4,0,1,3,A,-,09,21804,A,N,D,C,A,A,H,-,C,D,0,NA,NA,NA,NA,Y,NA,A,01,0,0,1,0,0,0,0,0,0,-,-,NA,NA,LOS ANGELES,NORWALK,-118.05433654785156,33.90243148803711
8838857,2019,2019-04-17,1929,2019-04-05,1508,202,1929,5,5,3,1929,0,0,0,NA,0,001,VALLEY DR,PIER AV,0,NA,Y,A,-,N,NA,NA,NA,NA,NA,NA,NA,NA,NA,Y,4,0,2,2,A,-,09,21804,A,N,D,C,A,A,H,-,A,A,0,NA,NA,NA,NA,Y,NA,-,NA,0,0,2,0,0,0,0,0,0,-,-,NA,NA,LOS ANGELES,HERMOSA BEACH,-118.39549255371094,33.86457061767578
8838861,2019,2019-04-17,1942,2019-04-01,1340,41729,0504,1,5,7,1942,0,0,0,E,0,1340,BRIGHTON AV,TORRANCE BL,200,W,N,A,-,N,NA,NA,NA,NA,NA,NA,NA,NA,NA,N,4,0,1,2,A,-,09,21804,A,N,D,C,A,A,H,-,A,D,0,NA,NA,NA,NA,Y,NA,A,01,0,0,1,0,0,0,0,0,0,-,-,NA,NA,LOS ANGELES,LOS ANGELES,-118.30069732666016,33.841949462890625
8838864,2019,2019-04-11,1900,2019-03-14,1752,542188,0452,4,5,6,1949,0,0,0,NA,0,43T1,PIONEER BL,ALLARD ST,0,NA,Y,A,-,N,NA,NA,NA,NA,NA,NA,NA,NA,NA,N,4,0,1,2,A,-,09,21801,A,N,D,C,A,A,H,-,A,A,0,NA,NA,NA,NA,Y,NA,A,01,0,0,1,0,0,0,0,0,0,-,-,NA,NA,LOS ANGELES,NORWALK,-118.08187866210938,33.924381256103516
8838865,2019,2019-04-12,1956,2019-04-01,1221,1352/128,70,1,5,5,1956,0,0,0,NA,0,00P,HARBOR DR,HERONDO ST,0,NA,Y,A,-,N,NA,NA,NA,NA,NA,NA,NA,NA,NA,N,4,0,1,2,A,-,09,21801,A,F,-,G,A,A,H,-,A,A,0,NA,Y,NA,NA,Y,NA,A,01,0,0,1,0,0,0,1,0,0,-,-,NA,NA,LOS ANGELES,REDONDO BEACH,-118.39739227294922,33.85248947143555
8838868,2019,2019-04-11,1900,2019-03-18,0830,602251,0459,1,5,6,1949,0,0,0,NA,0,43T1,CARMENITA RD,EXCELSIOR DR,340,N,N,A,-,N,NA,NA,NA,NA,NA,NA,NA,NA,NA,Y,4,0,1,2,A,-,09,21801,A,N,D,C,A,A,H,-,A,A,0,NA,NA,NA,NA,Y,NA,A,01,0,0,1,0,0,0,0,0,0,-,-,NA,NA,LOS ANGELES,NORWALK,-118.04663848876952,33.8961067199707