CASE_ID,ACCIDENT_YEAR,PROC_DATE,JURIS,COLLISION_DATE,COLLISION_TIME,OFFICER_ID,REPORTING_DISTRICT,DAY_OF_WEEK,CHP_SHIFT,POPULATION,CNTY_CITY_LOC,SPECIAL_COND,BEAT_TYPE,CHP_BEAT_TYPE,CITY_DIVISION_LAPD,CHP_BEAT_CLASS,BEAT_NUMBER,PRIMARY_RD,SECONDARY_RD,DISTANCE,DIRECTION,INTERSECTION,WEATHER_1,WEATHER_2,STATE_HWY_IND,CALTRANS_COUNTY,CALTRANS_DISTRICT,STATE_ROUTE,ROUTE_SUFFIX,POSTMILE_PREFIX,POSTMILE,LOCATION_TYPE,RAMP_INTERSECTION,SIDE_OF_HWY,TOW_AWAY,COLLISION_SEVERITY,NUMBER_KILLED,NUMBER_INJURED,PARTY_COUNT,PRIMARY_COLL_FACTOR,PCF_CODE_OF_VIOL,PCF_VIOL_CATEGORY,PCF_VIOLATION,PCF_VIOL_SUBSECTION,HIT_AND_RUN,TYPE_OF_COLLISION,MVIW,PED_ACTION,ROAD_SURFACE,ROAD_COND_1,ROAD_COND_2,LIGHTING,CONTROL_DEVICE,CHP_ROAD_TYPE,PEDESTRIAN_ACCIDENT,BICYCLE_ACCIDENT,MOTORCYCLE_ACCIDENT,TRUCK_ACCIDENT,NOT_PRIVATE_PROPERTY,ALCOHOL_INVOLVED,STWD_VEHTYPE_AT_FAULT,CHP_VEHTYPE_AT_FAULT,COUNT_SEVERE_INJ,COUNT_VISIBLE_INJ,COUNT_COMPLAINT_PAIN,COUNT_PED_KILLED,COUNT_PED_INJURED,COUNT_BICYCLIST_KILLED,COUNT_BICYCLIST_INJURED,COUNT_MC_KILLED,COUNT_MC_INJURED,PRIMARY_RAMP,SECONDARY_RAMP,LATITUDE,LONGITUDE,COUNTY,CITY,POINT_X,POINT_Y
8839157,2019,2019-04-19,1942,2019-03-26,1630,42433,1526,2,5,7,1942,0,0,0,O,0,15A39,HAMLIN ST,TROOST AV,0,NA,Y,A,-,N,NA,NA,NA,NA,NA,NA,NA,NA,NA,N,3,0,1,2,A,-,12,22450,A,N,G,G,A,A,H,-,A,A,0,NA,Y,NA,NA,Y,NA,L,04,0,1,0,0,0,0,1,0,0,-,-,NA,NA,LOS ANGELES,LOS ANGELES,-118.38664245605467,34.18852996826172
8839161,2019,2019-04-16,1942,2019-03-30,0710,41772,1522,6,5,7,1942,0,0,0,O,0,15A21,SHERMAN WY,COLDWATER CYN,300,W,N,A,-,N,NA,NA,NA,NA,NA,NA,NA,NA,NA,Y,4,0,2,3,A,-,09,21804,A,N,A,C,A,A,H,-,A,D,0,NA,NA,NA,NA,Y,NA,A,01,0,0,2,0,0,0,0,0,0,-,-,NA,NA,LOS ANGELES,LOS ANGELES,-118.41478729248048,34.20119094848633
8839168,2019,2019-04-17,1942,2019-04-01,0620,36075,05,1,5,7,1942,0,0,0,E,0,5A15,AVALON BL,246TH ST,150,S,N,A,-,N,NA,NA,NA,NA,NA,NA,NA,NA,NA,N,2,0,1,2,A,-,11,21954,A,N,G,B,D,A,H,-,B,D,0,Y,NA,NA,NA,Y,NA,N,60,1,0,0,0,1,0,0,0,0,-,-,NA,NA,LOS ANGELES,LOS ANGELES,-118.26396942138672,33.80238723754883
8839169,2019,2019-04-19,1942,2019-03-24,2020,40936,1862,7,5,7,1942,0,0,0,R,0,18X48,MAIN ST,119TH ST,0,NA,Y,A,-,N,NA,NA,NA,NA,NA,NA,NA,NA,NA,N,4,0,2,2,A,-,09,21801,A,N,D,C,A,A,H,-,C,D,0,NA,NA,NA,NA,Y,NA,A,01,0,0,2,0,0,0,0,0,0,-,-,NA,NA,LOS ANGELES,LOS ANGELES,-118.2739028930664,33.9246711730957
8839173,2019,2019-04-19,1942,2019-03-28,0710,33599,1249,4,5,7,1942,0,0,0,L,0,12A49,GAGE AV,HOOVER ST,90,E,N,A,-,N,NA,NA,NA,NA,NA,NA,NA,NA,NA,N,4,0,1,2,A,-,03,22350,NA,N,C,C,A,A,H,-,A,D,0,NA,NA,NA,NA,Y,NA,D,22,0,0,1,0,0,0,0,0,0,-,-,NA,NA,LOS ANGELES,LOS ANGELES,-118.28681182861328,33.982421875
8839180,2019,2019-04-17,1942,2019-04-04,0800,39281,1585,4,5,7,1942,0,0,0,O,0,15A85,TUJUNGA AV,VALLEY SPRING LN,290,S,N,A,-,N,NA,NA,NA,NA,NA,NA,NA,NA,NA,Y,4,0,2,3,A,-,09,21804,A,N,D,C,A,A,H,-,A,D,0,NA,NA,NA,NA,Y,NA,A,01,0,0,2,0,0,0,0,0,0,-,-,NA,NA,LOS ANGELES,LOS ANGELES,-118.37898254394533,34.14594650268555
8839181,2019,2019-04-19,1942,2019-03-29,1930,42665,1251,5,5,7,1942,0,0,0,L,0,12A51,W FLORENCE AV,8TH AV,0,NA,Y,A,-,N,NA,NA,NA,NA,NA,NA,NA,NA,NA,Y,3,0,3,3,A,-,12,21453,A,N,D,C,A,A,H,-,C,A,0,NA,NA,NA,NA,Y,NA,A,01,0,3,0,0,0,0,0,0,0,-,-,NA,NA,LOS ANGELES,LOS ANGELES,-118.32652282714844,33.97454833984375
8839184,2019,2019-08-26,1942,2019-04-03,0640,33340,1565,3,5,7,1942,0,0,0,O,0,NA,RT 101,VINELAND AV,25,N,N,A,-,Y,LA,7,101,-,-,11.241,R,4,S,Y,3,0,2,2,A,-,09,21801,A,N,D,-,A,A,H,-,A,A,0,NA,NA,NA,NA,Y,NA,A,01,0,2,0,0,0,0,0,0,0,WF,-,NA,NA,LOS ANGELES,LOS ANGELES,-118.37191009521484,34.14790725708008
8839185,2019,2019-04-22,1942,2019-03-23,0600,42065,LOS A,6,5,7,1942,0,0,0,NA,0,RD1801,VERMONT AV,88TH ST,50,S,N,A,-,N,NA,NA,NA,NA,NA,NA,NA,NA,NA,Y,3,0,1,3,A,-,03,22350,NA,N,B,E,A,A,H,-,C,D,0,NA,NA,NA,NA,Y,NA,A,01,0,1,0,0,0,0,0,0,0,-,-,NA,NA,LOS ANGELES,LOS ANGELES,-118.2916259765625,33.957801818847656
8839188,2019,2019-04-17,1942,2019-04-03,1025,32268,1562,3,5,7,1942,0,0,0,O,0,15A85,LAUREL CANYON BL,MOORPARK ST,0,NA,Y,B,-,N,NA,NA,NA,NA,NA,NA,NA,NA,NA,Y,4,0,2,2,A,-,08,22100,A,N,B,C,A,A,H,-,A,A,0,NA,NA,NA,NA,Y,NA,A,01,0,0,2,0,0,0,0,0,0,-,-,NA,NA,LOS ANGELES,LOS ANGELES,-118.39649200439452,34.1503791809082
8839196,2019,2019-04-17,1942,2019-04-03,1110,30830,0941,3,5,7,1942,0,0,0,I,0,9A41,VAN NUYS BL,BURBANK BL,258,N,N,A,-,N,NA,NA,NA,NA,NA,NA,NA,NA,NA,Y,4,0,2,2,A,-,09,21801,A,N,D,C,A,A,H,-,A,D,0,NA,NA,NA,NA,Y,NA,A,07,0,0,2,0,0,0,0,0,0,-,-,NA,NA,LOS ANGELES,LOS ANGELES,-118.44873809814452,34.17281723022461
8839200,2019,2019-04-17,1942,2019-04-03,0815,38940,1527,3,5,7,1942,0,0,0,O,0,15A27,BONNER AV,KITTRIDGE ST,60,W,N,A,-,N,NA,NA,NA,NA,NA,NA,NA,NA,NA,N,4,0,1,2,A,-,11,21956,A,N,G,B,D,A,H,-,A,D,0,Y,NA,NA,NA,Y,NA,N,60,0,0,1,0,1,0,0,0,0,-,-,NA,NA,LOS ANGELES,LOS ANGELES,-118.3737335205078,34.190311431884766
8839203,2019,2019-04-19,1942,2019-03-11,1100,34332,1162,1,5,7,1942,0,0,0,K,0,11A51,FOUNTAIN AV,HOOVER ST,80,S,N,B,-,N,NA,NA,NA,NA,NA,NA,NA,NA,NA,N,4,0,1,2,A,-,08,22100,B,N,D,C,A,A,H,-,A,A,0,NA,NA,NA,NA,Y,NA,A,01,0,0,1,0,0,0,0,0,0,-,-,NA,NA,LOS ANGELES,LOS ANGELES,-118.2848663330078,34.09579086303711
8839206,2019,2019-04-18,1942,2019-03-23,0905,38503,1259,6,5,7,1942,0,0,0,L,0,25TL27,AVALON BL,79TH ST,45,S,N,B,-,N,NA,NA,NA,NA,NA,NA,NA,NA,NA,Y,4,0,5,4,A,-,07,21658,A,N,B,C,F,A,H,-,A,A,0,Y,NA,NA,NA,Y,NA,A,01,0,0,5,0,1,0,0,0,0,-,-,NA,NA,LOS ANGELES,LOS ANGELES,-118.2651596069336,33.96726608276367
8839210,2019,2019-04-16,1942,2019-03-31,1335,40404,1257,7,5,7,1942,0,0,0,L,0,12A57,S FIGUEROA ST,W 76TH ST,0,NA,Y,A,-,N,NA,NA,NA,NA,NA,NA,NA,NA,NA,Y,2,0,2,2,A,-,09,21801,A,N,A,C,A,A,H,-,A,A,0,NA,NA,NA,NA,Y,NA,A,07,2,0,0,0,0,0,0,0,0,-,-,NA,NA,LOS ANGELES,LOS ANGELES,-118.28270721435548,33.970760345458984
8839211,2019,2019-04-19,1942,2019-02-26,0830,42698,RD045,2,5,7,1942,0,0,0,NA,0,4A53,CESAR CHAVEZ,MOTT,0,NA,Y,A,-,N,NA,NA,NA,NA,NA,NA,NA,NA,NA,N,4,0,3,2,A,-,09,21801,A,N,A,C,A,-,H,-,A,A,0,NA,NA,NA,NA,Y,NA,A,01,0,0,3,0,0,0,0,0,0,-,-,NA,NA,LOS ANGELES,LOS ANGELES,-118.20407,34.04518
8839214,2019,2019-04-16,1942,2019-03-24,0620,38503,1269,7,5,7,1942,0,0,0,L,0,25L27,MANCHESTER AV,CENTRAL AV,200,W,N,B,-,N,NA,NA,NA,NA,NA,NA,NA,NA,NA,N,3,0,3,2,A,-,03,22350,NA,N,F,I,F,A,H,-,A,D,0,Y,NA,NA,NA,Y,Y,A,01,0,2,1,0,1,0,0,0,0,-,-,NA,NA,LOS ANGELES,LOS ANGELES,-118.257080078125,33.96015930175781
8839219,2019,2019-05-01,1942,2019-03-04,1030,40099,0291,1,5,7,1942,0,0,0,B,0,2A91,W PICO BL,HOOVER ST,35,W,N,A,-,N,NA,NA,NA,NA,NA,NA,NA,NA,NA,N,4,0,1,2,A,-,07,21658,A,N,B,C,A,A,H,-,A,D,0,NA,NA,NA,NA,Y,NA,-,-,0,0,1,0,0,0,0,0,0,-,-,NA,NA,LOS ANGELES,LOS ANGELES,-118.28432464599608,34.04728317260742
8839223,2019,2019-04-19,1942,2019-03-05,1120,32973,0246,2,5,7,1942,0,0,0,B,0,2A47,S ALVARADO ST,WILSHIRE BL,0,NA,Y,B,-,N,NA,NA,NA,NA,NA,NA,NA,NA,NA,N,3,0,1,2,A,-,11,21456,A,N,G,B,B,A,H,-,A,A,0,Y,NA,NA,NA,Y,NA,N,60,0,1,0,0,1,0,0,0,0,-,-,NA,NA,LOS ANGELES,LOS ANGELES,-118.27587127685548,34.05794143676758
8839235,2019,2019-04-25,1942,2019-03-08,2125,43492,0127,5,5,7,1942,0,0,0,A,0,1X44,LOS ANGELES ST,TEMPLE ST,165,N,N,A,-,N,NA,NA,NA,NA,NA,NA,NA,NA,NA,Y,3,0,2,4,A,-,01,23152,A,N,C,B,E,A,D,-,C,D,0,Y,NA,NA,Y,Y,Y,D,22,0,1,1,0,1,0,0,0,0,-,-,NA,NA,LOS ANGELES,LOS ANGELES,-118.24054718017578,34.05375289916992
8839239,2019,2019-05-01,1942,2019-03-12,1040,35771,0205,2,5,7,1942,0,0,0,B,0,2A5,MARATHON ST,RENO ST,0,NA,Y,A,-,N,NA,NA,NA,NA,NA,NA,NA,NA,NA,Y,4,0,1,2,A,-,12,21453,A,N,B,C,A,A,H,-,A,A,0,NA,NA,NA,NA,Y,NA,-,-,0,0,1,0,0,0,0,0,0,-,-,NA,NA,LOS ANGELES,LOS ANGELES,-118.27535247802734,34.08066177368164
8839241,2019,2019-04-19,1900,2019-03-08,1300,602262,2826,5,5,5,1915,0,0,0,NA,0,283T3,COMPTON BL,BRADFIELD AV,0,NA,Y,A,-,N,NA,NA,NA,NA,NA,NA,NA,NA,NA,Y,4,0,1,3,A,-,12,21453,A,N,D,C,A,A,H,-,A,A,0,NA,NA,NA,NA,Y,NA,A,07,0,0,1,0,0,0,0,0,0,-,-,NA,NA,LOS ANGELES,COMPTON,-118.20369720458984,33.89604949951172
8839243,2018,2019-04-22,1942,2018-12-31,1755,39647,1141,1,5,7,1942,0,0,0,K,0,11A72,HOLLYWOOD BL,ALEXANDRIA AV,0,NA,Y,A,-,N,NA,NA,NA,NA,NA,NA,NA,NA,NA,Y,4,0,3,2,A,-,09,21801,A,N,D,C,A,A,H,-,C,A,0,NA,NA,NA,Y,Y,NA,A,01,0,0,3,0,0,0,0,0,0,-,-,NA,NA,LOS ANGELES,LOS ANGELES,-118.2983627319336,34.10176086425781
8839245,2019,2019-05-09,1900,2019-01-18,1505,614017,2824,5,5,5,1915,0,0,0,NA,0,283T3,ELM ST,SANTA FE AV,0,NA,Y,A,-,N,NA,NA,NA,NA,NA,NA,NA,NA,NA,Y,4,0,1,2,A,-,09,21802,A,N,D,C,A,A,H,-,A,A,0,NA,NA,NA,NA,Y,NA,D,22,0,0,1,0,0,0,0,0,0,-,-,NA,NA,LOS ANGELES,COMPTON,-118.2161102294922,33.90074157714844
8839255,2019,2019-05-22,1942,2019-02-20,0936,41847,1325,3,5,7,1942,0,0,0,M,0,NA,CENTRAL AV,28TH ST,0,NA,Y,A,-,N,NA,NA,NA,NA,NA,NA,NA,NA,NA,NA,4,0,1,2,A,-,09,21802,A,N,B,C,A,A,H,-,A,A,0,NA,NA,NA,NA,Y,NA,-,-,0,0,1,0,0,0,0,0,0,-,-,NA,NA,LOS ANGELES,LOS ANGELES,-118.25578308105467,34.01675033569336
8839259,2019,2019-04-19,1942,2019-02-22,1530,42834,2011,5,5,7,1942,0,0,0,NA,0,20A1,3RD ST,SAINT ANDREWS PL,67,W,N,A,-,N,NA,NA,NA,NA,NA,NA,NA,NA,NA,Y,3,0,2,5,A,-,03,22350,NA,N,C,C,A,A,H,-,A,D,0,NA,NA,NA,NA,Y,NA,D,22,0,1,1,0,0,0,0,0,0,-,-,NA,NA,LOS ANGELES,LOS ANGELES,-118.31184387207033,34.0689697265625
8839260,2019,2019-07-23,1942,2019-03-29,1755,43425,0541,5,5,7,1942,0,0,0,E,0,5A58,PACIFIC COAST HWY,FIGUEROA PL,120,E,N,A,-,Y,LA,7,1,-,-,11.64,H,-,N,N,4,0,1,2,A,-,01,23152,A,F,C,C,A,A,H,-,A,A,0,NA,NA,NA,NA,Y,Y,A,01,0,0,1,0,0,0,0,0,0,-,-,NA,NA,LOS ANGELES,LOS ANGELES,-118.28266143798828,33.79071044921875
8839263,2019,2019-04-23,1942,2019-02-18,1550,42411,0677,1,5,7,1942,0,0,0,F,0,6A79,SANTA MONICA BL,LODI PL,10,E,N,A,-,N,NA,NA,NA,NA,NA,NA,NA,NA,NA,N,3,0,1,3,A,-,07,21658,A,N,B,B,E,A,H,-,A,D,0,Y,NA,NA,NA,Y,NA,A,01,0,1,0,0,1,0,0,0,0,-,-,NA,NA,LOS ANGELES,LOS ANGELES,-118.32335662841795,34.09074020385742
8839267,2019,2019-04-22,1942,2019-02-27,1700,43695,2021,3,5,7,1942,0,0,0,NA,0,20A16,LORRAINE BL,6TH ST,0,NA,Y,A,-,N,NA,NA,NA,NA,NA,NA,NA,NA,NA,N,4,0,1,2,A,-,09,21802,A,N,D,C,A,A,H,-,B,D,0,NA,NA,NA,NA,Y,NA,A,01,0,0,1,0,0,0,0,0,0,-,-,NA,NA,LOS ANGELES,LOS ANGELES,-118.31997680664064,34.06354904174805
8839276,2019,2019-04-19,1905,2019-02-04,1545,2019,131,1,5,4,1905,0,0,0,NA,0,002,N SAN GABRIEL AV,2ND ST,525,S,N,B,-,N,NA,NA,NA,NA,NA,NA,NA,NA,NA,Y,4,0,1,2,A,-,08,22107,NA,N,B,E,A,D,H,-,A,D,0,NA,NA,NA,Y,Y,NA,D,22,0,0,1,0,0,0,0,0,0,-,-,NA,NA,LOS ANGELES,AZUSA,-117.9089126586914,34.12327194213867
8839282,2019,2019-04-17,1942,2019-02-19,1940,39219,0423,2,5,7,1942,0,0,0,D,0,4A15,MAIN ST,JOHNSTON ST,0,NA,Y,A,-,N,NA,NA,NA,NA,NA,NA,NA,NA,NA,N,4,0,1,3,A,-,03,22350,NA,N,B,E,A,A,H,-,C,D,0,NA,NA,NA,NA,Y,NA,A,01,0,0,1,0,0,0,0,0,0,-,-,NA,NA,LOS ANGELES,LOS ANGELES,-118.2102508544922,34.0660400390625
8839283,2019,2019-04-18,1942,2019-03-30,1430,41785,1454,6,5,7,1942,0,0,0,N,0,14EL2,CULVER BL,MCCONNELL AV,5,E,N,A,-,N,NA,NA,NA,NA,NA,NA,NA,NA,NA,N,3,0,1,2,A,-,12,21453,A,N,D,G,A,A,H,-,A,A,0,NA,Y,NA,NA,Y,NA,A,08,0,1,0,0,0,0,1,0,0,-,-,NA,NA,LOS ANGELES,LOS ANGELES,-118.42581176757813,33.98549270629883
8839284,2019,2019-04-16,1942,2019-03-11,2225,39062,136,1,5,7,1942,0,0,0,M,0,1A17,N BALTIMORE ST,AVENUE 50,0,NA,Y,B,-,N,NA,NA,NA,NA,NA,NA,NA,NA,NA,N,3,0,1,2,A,-,12,22450,A,N,D,C,A,A,H,-,C,A,0,NA,NA,Y,NA,Y,NA,O,05,0,1,0,0,0,0,0,0,1,-,-,NA,NA,LOS ANGELES,LOS ANGELES,-118.20755004882813,34.11880111694336
8839286,2019,2019-05-01,1942,2019-02-11,2100,38892,11,1,5,7,1942,0,0,0,K,0,NA,FIGUEROA RD,AVENUE 50,60,S,N,A,-,N,NA,NA,NA,NA,NA,NA,NA,NA,NA,Y,4,0,1,3,A,-,08,22107,NA,F,B,C,A,A,H,-,C,A,0,NA,NA,NA,NA,Y,NA,-,99,0,0,1,0,0,0,0,0,0,-,-,NA,NA,LOS ANGELES,LOS ANGELES,-118.20232391357422,34.10486602783203
8839287,2019,2019-04-18,1942,2019-03-12,1040,42685,0884,2,5,7,1942,0,0,0,H,0,8A35,PICO BL,CAMDEN AV,2,W,N,A,-,N,NA,NA,NA,NA,NA,NA,NA,NA,NA,N,4,0,1,2,A,-,08,22102,NA,F,E,I,A,A,H,-,A,D,0,NA,NA,NA,NA,Y,NA,-,99,0,0,1,0,0,0,0,0,0,-,-,NA,NA,LOS ANGELES,LOS ANGELES,-118.4333267211914,34.037845611572266
8839288,2019,2019-04-16,1942,2019-03-18,2345,36814,0265,1,5,7,1942,0,0,0,B,0,2A75,WEST TEMPLE AV,WESTLAKE AV,57,W,N,A,-,N,NA,NA,NA,NA,NA,NA,NA,NA,NA,N,2,0,1,2,A,-,11,21955,NA,N,G,B,D,A,H,-,C,D,0,Y,NA,NA,NA,Y,Y,N,60,1,0,0,0,1,0,0,0,0,-,-,NA,NA,LOS ANGELES,LOS ANGELES,-118.26669311523438,34.06982421875
8839290,2019,2019-04-30,1942,2019-02-22,2245,43346,0487,5,5,7,1942,0,0,0,D,0,4A3,8TH ST,ROSALIND AV,0,NA,Y,A,-,N,NA,NA,NA,NA,NA,NA,NA,NA,NA,N,3,0,1,3,A,-,03,22350,NA,N,A,E,A,A,H,-,C,A,0,NA,Y,NA,NA,Y,Y,A,01,0,1,0,0,0,0,1,0,0,-,-,NA,NA,LOS ANGELES,LOS ANGELES,-118.21302795410156,34.025291442871094
8839291,2019,2019-04-18,1942,2019-03-14,0045,25115,0265,4,5,7,1942,0,0,0,B,0,2A75,S ALVARADO ST,8TH ST,200,N,N,A,-,N,NA,NA,NA,NA,NA,NA,NA,NA,NA,N,4,0,1,2,B,-,22,NA,NA,F,G,B,E,A,H,-,D,D,0,Y,NA,NA,NA,Y,NA,-,99,0,0,1,0,1,0,0,0,0,-,-,NA,NA,LOS ANGELES,LOS ANGELES,-118.27752685546876,34.05537414550781
8839292,2019,2019-04-16,1942,2019-03-12,1740,40275,1113,2,5,7,1942,0,0,0,K,0,11A17,W BROADWAY,EL VERANO AV,0,NA,Y,A,-,N,NA,NA,NA,NA,NA,NA,NA,NA,NA,Y,4,0,1,2,A,-,09,21802,B,N,D,C,A,A,H,-,A,A,0,NA,NA,NA,NA,Y,NA,A,01,0,0,1,0,0,0,0,0,0,-,-,NA,NA,LOS ANGELES,LOS ANGELES,-118.2257080078125,34.1436882019043
8839294,2019,2019-04-30,1942,2019-02-24,1930,43054,471,7,5,7,1942,0,0,0,NA,0,4A59,4TH ST,ANDERSON,0,NA,Y,A,-,N,NA,NA,NA,NA,NA,NA,NA,NA,NA,Y,3,0,2,2,A,-,09,21453,B,N,A,C,A,A,H,-,C,A,0,NA,NA,NA,NA,Y,NA,A,01,0,1,1,0,0,0,0,0,0,-,-,NA,NA,LOS ANGELES,LOS ANGELES,-118.22547149658205,34.042301177978516
8839295,2019,2019-04-18,1942,2019-03-11,0120,40730,0269,1,5,7,1942,0,0,0,B,0,2A69,8TH ST,GARLAND AV,86,W,N,A,-,N,NA,NA,NA,NA,NA,NA,NA,NA,NA,Y,3,0,1,1,A,-,08,22107,NA,N,E,I,A,A,H,-,C,D,0,NA,NA,NA,NA,Y,Y,A,01,0,1,0,0,0,0,0,0,0,-,-,NA,NA,LOS ANGELES,LOS ANGELES,-118.26795196533205,34.049747467041016
8839296,2019,2019-04-16,1942,2019-03-16,1450,39508,0237,6,5,7,1942,0,0,0,B,0,2A39,S BEAUDRY AV,W 2ND ST,0,NA,Y,A,-,N,NA,NA,NA,NA,NA,NA,NA,NA,NA,Y,4,0,3,2,A,-,09,21801,A,N,D,D,A,A,H,-,A,A,0,NA,NA,NA,NA,Y,NA,A,07,0,0,3,0,0,0,0,0,0,-,-,NA,NA,LOS ANGELES,LOS ANGELES,-118.25531005859376,34.05794143676758
8839298,2019,2019-04-30,1942,2019-02-22,2120,43431,0411,5,5,7,1942,0,0,0,D,0,4A71W3,PASADENA AV,AVENUE 21,0,NA,Y,A,-,N,NA,NA,NA,NA,NA,NA,NA,NA,NA,Y,4,0,3,2,A,-,12,21453,A,N,D,C,A,A,H,-,C,A,0,NA,NA,NA,NA,Y,NA,-,-,0,0,3,0,0,0,0,0,0,-,-,NA,NA,LOS ANGELES,LOS ANGELES,-118.21997833251952,34.0747184753418
8839299,2019,2019-04-18,1942,2019-03-30,1405,41179,0701,6,5,7,1942,0,0,0,G,0,7A1,MELROSE PL,N  LA CIENEGA BL,0,NA,Y,A,-,N,NA,NA,NA,NA,NA,NA,NA,NA,NA,Y,2,0,1,2,A,-,09,21802,A,N,D,C,A,A,H,-,A,A,0,NA,NA,Y,NA,Y,NA,A,07,1,0,0,0,0,0,0,0,1,-,-,NA,NA,LOS ANGELES,LOS ANGELES,-118.3765106201172,34.08361053466797
8839300,2019,2019-04-16,1942,2019-03-15,1630,42040,0203,5,5,7,1942,0,0,0,B,0,2A5,VN VIRGIL AV,MELROSE AV,0,NA,Y,A,-,N,NA,NA,NA,NA,NA,NA,NA,NA,NA,N,4,0,3,2,A,-,04,21703,NA,N,C,C,A,A,H,-,A,A,0,NA,NA,NA,NA,Y,NA,A,01,0,0,3,0,0,0,0,0,0,-,-,NA,NA,LOS ANGELES,LOS ANGELES,-118.28683,34.08359
8839302,2019,2019-04-17,1942,2019-02-25,0715,42975,0411,1,5,7,1942,0,0,0,D,0,4A3,HUMBOLDT ST,N AVENUE 19,0,NA,Y,A,-,N,NA,NA,NA,NA,NA,NA,NA,NA,NA,N,3,0,3,2,A,-,12,22450,NA,N,D,C,A,A,-,-,A,D,0,NA,NA,NA,NA,Y,NA,A,01,0,1,2,0,0,0,0,0,0,-,-,NA,NA,LOS ANGELES,LOS ANGELES,-118.22380065917967,34.076141357421875
8839303,2019,2019-04-18,1942,2019-03-29,1740,40530,0773,5,5,7,1942,0,0,0,G,0,7A1,HAUSER BL,VENICE BL,0,NA,Y,A,-,N,NA,NA,NA,NA,NA,NA,NA,NA,NA,N,3,0,1,2,A,-,10,21950,A,N,G,B,B,A,H,-,A,A,0,Y,NA,NA,NA,Y,NA,A,07,0,1,0,0,1,0,0,0,0,-,-,NA,NA,LOS ANGELES,LOS ANGELES,-118.35861206054688,34.04397964477539
8839304,2019,2019-04-16,1942,2019-03-15,1740,34458,0221,5,5,7,1942,0,0,0,B,0,2A1,MARIPOSA AV,OAKWOOD AV,4,E,N,A,-,N,NA,NA,NA,NA,NA,NA,NA,NA,NA,N,4,0,1,2,A,-,10,21950,A,N,G,B,B,A,H,-,A,A,0,Y,NA,NA,NA,Y,NA,A,07,0,0,1,0,1,0,0,0,0,-,-,NA,NA,LOS ANGELES,LOS ANGELES,-118.29947662353516,34.0776481628418
8839306,2019,2019-05-01,1942,2019-02-01,2057,43582,1383,5,5,7,1942,0,0,0,M,0,13A93,MAIN,59TH PL,0,NA,Y,B,C,N,NA,NA,NA,NA,NA,NA,NA,NA,NA,N,2,0,1,2,A,-,-,NA,NA,F,C,G,A,B,H,-,C,A,0,NA,Y,NA,NA,Y,NA,-,99,1,0,0,0,0,0,1,0,0,-,-,NA,NA,LOS ANGELES,LOS ANGELES,-118.27393341064452,33.98603820800781
8839307,2019,2019-04-18,1942,2019-03-27,1745,39035,2033,3,5,7,1942,0,0,0,NA,0,20XL2,WESTERN AV,9TH ST,200,N,N,A,-,N,NA,NA,NA,NA,NA,NA,NA,NA,NA,N,4,0,1,2,A,-,08,22107,NA,N,B,G,A,A,H,-,A,D,0,NA,Y,NA,NA,Y,NA,A,01,0,0,1,0,0,0,1,0,0,-,-,NA,NA,LOS ANGELES,LOS ANGELES,-118.30908203125,34.056400299072266
8839308,2019,2019-04-16,1942,2019-03-06,2010,40325,0266,3,5,7,1942,0,0,0,B,0,2A75,8TH ST,BURLINGTON AV,22,W,N,B,-,N,NA,NA,NA,NA,NA,NA,NA,NA,NA,Y,4,0,1,2,A,-,01,23152,A,N,C,C,A,B,H,-,C,A,0,NA,NA,NA,NA,Y,Y,A,01,0,0,1,0,0,0,0,0,0,-,-,NA,NA,LOS ANGELES,LOS ANGELES,-118.27457427978516,34.053409576416016
8839310,2019,2019-05-01,1942,2019-02-18,1608,43229,1317,1,5,7,1942,0,0,0,M,0,13L90,CENTRAL AV,WASHINGTON BL,0,NA,Y,A,-,N,NA,NA,NA,NA,NA,NA,NA,NA,NA,N,4,0,1,2,A,-,00,20015,A,F,D,C,A,A,H,-,B,A,0,NA,NA,NA,NA,Y,NA,-,99,0,0,1,0,0,0,0,0,0,-,-,NA,NA,LOS ANGELES,LOS ANGELES,-118.25055694580078,34.02442169189453
8839311,2019,2019-04-18,1942,2019-03-03,0945,36553,1412,7,5,7,1942,0,0,0,N,0,14A1,PACIFIC AV,ROSE AV,0,NA,Y,B,-,N,NA,NA,NA,NA,NA,NA,NA,NA,NA,Y,4,0,2,2,A,-,09,21801,A,N,D,C,A,A,H,-,A,A,0,NA,NA,NA,NA,Y,NA,A,01,0,0,2,0,0,0,0,0,0,-,-,NA,NA,LOS ANGELES,LOS ANGELES,-118.47862243652344,33.995670318603516
8839312,2019,2019-04-16,1942,2019-03-05,1905,33950,0233,2,5,7,1942,0,0,0,B,0,2A17,COUNCIL ST,N OCCIDENTAL BL,0,NA,Y,B,-,N,NA,NA,NA,NA,NA,NA,NA,NA,NA,N,4,0,1,2,A,-,12,22450,A,F,G,B,E,A,H,-,C,A,0,Y,NA,NA,NA,Y,NA,-,99,0,0,1,0,1,0,0,0,0,-,-,NA,NA,LOS ANGELES,LOS ANGELES,-118.2785415649414,34.072139739990234
8839314,2019,2019-04-17,1942,2019-02-12,1815,37626,1142,2,5,7,1942,0,0,0,K,0,11A86,HILLHURST AV,AVOCADO ST,0,NA,Y,B,-,N,NA,NA,NA,NA,NA,NA,NA,NA,NA,N,3,0,1,2,A,-,00,21954,NA,N,B,B,D,A,H,-,C,D,0,Y,NA,NA,NA,Y,NA,N,60,0,1,0,0,1,0,0,0,0,-,-,NA,NA,LOS ANGELES,LOS ANGELES,-118.28742218017578,34.110721588134766