CASE_ID,ACCIDENT_YEAR,PROC_DATE,JURIS,COLLISION_DATE,COLLISION_TIME,OFFICER_ID,REPORTING_DISTRICT,DAY_OF_WEEK,CHP_SHIFT,POPULATION,CNTY_CITY_LOC,SPECIAL_COND,BEAT_TYPE,CHP_BEAT_TYPE,CITY_DIVISION_LAPD,CHP_BEAT_CLASS,BEAT_NUMBER,PRIMARY_RD,SECONDARY_RD,DISTANCE,DIRECTION,INTERSECTION,WEATHER_1,WEATHER_2,STATE_HWY_IND,CALTRANS_COUNTY,CALTRANS_DISTRICT,STATE_ROUTE,ROUTE_SUFFIX,POSTMILE_PREFIX,POSTMILE,LOCATION_TYPE,RAMP_INTERSECTION,SIDE_OF_HWY,TOW_AWAY,COLLISION_SEVERITY,NUMBER_KILLED,NUMBER_INJURED,PARTY_COUNT,PRIMARY_COLL_FACTOR,PCF_CODE_OF_VIOL,PCF_VIOL_CATEGORY,PCF_VIOLATION,PCF_VIOL_SUBSECTION,HIT_AND_RUN,TYPE_OF_COLLISION,MVIW,PED_ACTION,ROAD_SURFACE,ROAD_COND_1,ROAD_COND_2,LIGHTING,CONTROL_DEVICE,CHP_ROAD_TYPE,PEDESTRIAN_ACCIDENT,BICYCLE_ACCIDENT,MOTORCYCLE_ACCIDENT,TRUCK_ACCIDENT,NOT_PRIVATE_PROPERTY,ALCOHOL_INVOLVED,STWD_VEHTYPE_AT_FAULT,CHP_VEHTYPE_AT_FAULT,COUNT_SEVERE_INJ,COUNT_VISIBLE_INJ,COUNT_COMPLAINT_PAIN,COUNT_PED_KILLED,COUNT_PED_INJURED,COUNT_BICYCLIST_KILLED,COUNT_BICYCLIST_INJURED,COUNT_MC_KILLED,COUNT_MC_INJURED,PRIMARY_RAMP,SECONDARY_RAMP,LATITUDE,LONGITUDE,COUNTY,CITY,POINT_X,POINT_Y
8844469,2019,2019-04-26,1942,2019-04-03,2330,42771,1942,3,5,7,1942,0,0,0,NA,0,1864,IMPERIAL HWY,SLATER ST,78,W,N,A,-,N,NA,NA,NA,NA,NA,NA,NA,NA,NA,N,3,0,1,1,A,-,03,22350,NA,N,E,I,A,A,H,-,C,A,0,NA,NA,NA,NA,Y,NA,A,01,0,1,0,0,0,0,0,0,0,-,-,NA,NA,LOS ANGELES,LOS ANGELES,NA,NA
8844473,2019,2019-04-26,1942,2019-04-05,1850,42358,1841,5,5,7,1942,0,0,0,R,0,18X4,105TH ST,W BARRING CROSS,125,W,N,A,-,N,NA,NA,NA,NA,NA,NA,NA,NA,NA,N,2,0,1,2,A,-,11,21956,NA,N,A,B,D,A,H,-,A,D,0,Y,NA,NA,NA,Y,NA,N,60,1,0,0,0,1,0,0,0,0,-,-,NA,NA,LOS ANGELES,LOS ANGELES,-118.28980255126952,33.94071578979492
8844477,2019,2019-04-26,1942,2019-04-02,0820,43529,NA,2,5,7,1942,0,0,0,NA,0,1821,98TH ST,BARING CROSS,0,NA,Y,A,-,N,NA,NA,NA,NA,NA,NA,NA,NA,NA,N,4,0,1,2,A,-,03,22350,NA,F,C,C,A,A,H,-,A,D,0,NA,NA,NA,NA,Y,NA,-,99,0,0,1,0,0,0,0,0,0,-,-,NA,NA,LOS ANGELES,LOS ANGELES,-118.28936767578124,33.94717025756836
8844491,2019,2019-04-25,1900,2019-03-29,0745,434609,0814,5,5,4,1960,0,0,0,NA,0,81T1,COVINA BL,SAINTS CT,1160,E,N,A,-,NA,NA,NA,NA,NA,NA,NA,NA,NA,NA,Y,4,0,1,2,A,-,09,21801,A,N,D,C,A,A,H,-,A,D,0,NA,NA,NA,NA,Y,NA,A,01,0,0,1,0,0,0,0,0,0,-,-,34.099491119384766,-117.82243347167967,LOS ANGELES,SAN DIMAS,-117.82245635986328,34.099369049072266
8844495,2019,2019-04-25,1931,2019-03-18,0143,5661,1931,1,5,5,1931,0,0,0,NA,0,001,ALAMEDA ST,RANDOLPH ST,54,S,N,A,-,N,NA,NA,NA,NA,NA,NA,NA,NA,NA,Y,3,0,1,3,A,-,01,23152,A,N,C,C,A,A,H,-,C,A,0,NA,NA,NA,NA,Y,Y,A,01,0,1,0,0,0,0,0,0,0,-,-,NA,NA,LOS ANGELES,HUNTINGTON PARK,-118.23697662353516,33.986595153808594
8844498,2019,2019-04-24,1900,2019-03-18,1347,523432,2319,1,5,5,1919,0,0,0,NA,0,231/D,MARQUARDT AV,166TH ST,125,S,N,A,-,N,NA,NA,NA,NA,NA,NA,NA,NA,NA,Y,2,0,1,1,A,-,08,22107,NA,N,E,I,A,A,G,-,A,D,0,NA,NA,NA,NA,Y,NA,A,01,1,0,0,0,0,0,0,0,0,-,-,NA,NA,LOS ANGELES,CERRITOS,-118.03778839111328,33.880226135253906
8844502,2019,2019-04-26,1900,2019-03-17,1555,536383,2318,7,5,5,1919,0,0,0,NA,0,230E,ARTESIA BL,MARQUADT AV,0,NA,Y,A,-,N,NA,NA,NA,NA,NA,NA,NA,NA,NA,Y,4,0,4,2,A,-,09,21801,A,N,B,C,A,A,H,-,A,A,0,NA,NA,NA,NA,Y,NA,A,01,0,0,4,0,0,0,0,0,0,-,-,NA,NA,LOS ANGELES,CERRITOS,-118.03777313232422,33.873348236083984
8844504,2019,2019-04-26,1900,2019-04-06,1028,177515,0813,6,5,4,1960,0,0,0,NA,0,81MR,BONITA AV,IGLASIA ST,0,NA,Y,A,-,N,NA,NA,NA,NA,NA,NA,NA,NA,NA,N,3,0,1,2,A,-,12,21453,A,N,H,J,A,A,H,-,A,A,0,NA,NA,Y,NA,Y,NA,A,01,0,1,0,0,0,0,0,0,1,-,-,34.10625076293945,-117.80500030517578,LOS ANGELES,SAN DIMAS,-117.8049087524414,34.10668182373047
8844506,2019,2019-04-26,1900,2019-03-28,0910,601862,2317,4,5,5,1919,0,0,0,NA,0,230R1,NORWALK BL,CUSETA DR,0,NA,Y,A,-,N,NA,NA,NA,NA,NA,NA,NA,NA,NA,N,3,0,1,2,A,-,12,21453,A,N,D,C,A,A,H,-,A,A,0,NA,NA,NA,NA,Y,NA,A,08,0,1,0,0,0,0,0,0,0,-,-,NA,NA,LOS ANGELES,CERRITOS,-118.07270050048828,33.87897872924805
8844508,2019,2019-04-26,1900,2019-04-01,0815,526065,0813,1,5,4,1960,0,0,0,NA,0,81K3,BONITA AV,WALNUT AV,15,E,N,A,-,N,NA,NA,NA,NA,NA,NA,NA,NA,NA,N,4,0,1,2,A,-,04,21703,NA,N,C,C,A,A,H,-,A,A,0,NA,NA,NA,NA,Y,NA,A,01,0,0,1,0,0,0,0,0,0,-,-,34.10588073730469,-117.80632019042967,LOS ANGELES,SAN DIMAS,-117.80271911621094,34.1066780090332
8844510,2019,2019-05-10,1900,2019-03-30,1240,525852,2310,6,5,5,1919,0,0,0,NA,0,232,183RD ST,PALO VERDE AV,0,NA,Y,A,-,N,NA,NA,NA,NA,NA,NA,NA,NA,NA,Y,4,0,1,2,A,-,12,21453,A,N,A,C,A,A,H,-,A,A,0,NA,NA,NA,NA,Y,NA,A,07,0,0,1,0,0,0,0,0,0,-,-,NA,NA,LOS ANGELES,CERRITOS,-118.10842895507813,33.86558151245117
8844514,2019,2019-04-24,1900,2019-03-30,1550,533418,2313,6,5,5,1919,0,0,0,NA,0,230T,NORWALK BL,195TH ST,0,NA,Y,A,-,N,NA,NA,NA,NA,NA,NA,NA,NA,NA,Y,4,0,1,2,A,-,12,21453,A,N,D,C,A,A,H,-,A,A,0,NA,NA,NA,NA,Y,NA,-,-,0,0,1,0,0,0,0,0,0,-,-,33.85340118408203,-118.07230377197266,LOS ANGELES,CERRITOS,-118.07230377197266,33.85335922241211
8844518,2019,2019-05-07,1900,2019-03-31,1155,277132,2310,7,5,5,1919,0,0,0,NA,0,230T,STUDEBAKER RD,183RD ST,1086,N,N,A,-,N,NA,NA,NA,NA,NA,NA,NA,NA,NA,Y,4,0,1,2,A,-,09,21801,A,N,D,C,A,A,H,-,A,D,0,NA,NA,NA,NA,Y,NA,A,07,0,0,1,0,0,0,0,0,0,-,-,NA,NA,LOS ANGELES,CERRITOS,-118.0994110107422,33.86756134033203
8844524,2019,2019-04-26,1931,2019-04-07,1814,5252,1931,7,5,5,1931,0,0,0,NA,0,002,GAGE AV,STATE ST,0,NA,Y,A,-,N,NA,NA,NA,NA,NA,NA,NA,NA,NA,N,4,0,1,2,A,-,03,22350,NA,M,C,C,A,A,H,-,A,A,0,NA,NA,NA,NA,Y,NA,A,01,0,0,1,0,0,0,0,0,0,-,-,NA,NA,LOS ANGELES,HUNTINGTON PARK,-118.21256256103516,33.98072814941406
8844526,2019,2019-04-25,1925,2019-03-29,0930,19167,196,5,5,6,1925,0,0,0,NA,0,001,SONORA AV,SAN FERNANDO RD,250,N,N,A,-,N,NA,NA,NA,NA,NA,NA,NA,NA,NA,Y,3,0,1,1,A,-,03,22350,NA,N,E,I,A,A,H,-,A,D,0,NA,NA,NA,NA,Y,NA,A,01,0,1,0,0,0,0,0,0,0,-,-,NA,NA,LOS ANGELES,GLENDALE,-118.28776550292967,34.166481018066406
8844534,2019,2019-04-25,1928,2019-03-23,0206,413,509,6,5,5,1928,0,0,0,NA,0,502,EL SEGUNDO BL,CRANBROOK AV,0,NA,Y,A,-,N,NA,NA,NA,NA,NA,NA,NA,NA,NA,Y,3,0,3,2,A,-,01,23152,B,N,D,C,A,A,H,-,C,D,0,NA,NA,NA,NA,Y,Y,A,01,0,2,1,0,0,0,0,0,0,-,-,33.91643142700195,-118.33605194091795,LOS ANGELES,HAWTHORNE,-118.33631134033205,33.916419982910156
8844546,2019,2019-04-25,1900,2019-03-25,1510,601786,0621,1,5,6,1985,0,0,0,NA,0,064T1,TOURNEY RD,WAYNE MILL PL,770,S,N,A,-,N,NA,NA,NA,NA,NA,NA,NA,NA,NA,Y,4,0,1,2,A,-,09,21801,A,N,D,C,A,A,H,-,A,D,0,NA,NA,NA,NA,Y,NA,A,07,0,0,1,0,0,0,0,0,0,-,-,34.42179870605469,-118.57920074462892,LOS ANGELES,SANTA CLARITA,-118.5785675048828,34.42085647583008
8844550,2019,2019-04-25,1900,2019-03-28,2245,623543,0622,4,5,6,1985,0,0,0,NA,0,62T1,MCBEAN PKWY,ARROYO PARK DR,0,NA,Y,A,-,N,NA,NA,NA,NA,NA,NA,NA,NA,NA,N,3,0,1,2,D,-,00,NA,NA,N,G,B,B,A,H,-,C,A,0,Y,NA,NA,NA,Y,NA,-,-,0,1,0,0,1,0,0,0,0,-,-,34.404788970947266,-118.55345916748048,LOS ANGELES,SANTA CLARITA,-118.55333709716795,34.4046516418457
8844554,2019,2019-04-25,1900,2019-03-29,1940,623588,0639,5,5,6,1985,0,0,0,NA,0,61T1,BENTLEY MANOR PL,CROSS GATE CT,123,S,N,A,-,N,NA,NA,NA,NA,NA,NA,NA,NA,NA,N,4,0,1,2,A,-,03,22350,NA,N,A,E,A,A,H,-,C,D,0,NA,NA,Y,NA,Y,NA,C,02,0,0,1,0,0,0,0,0,1,-,-,34.407100677490234,-118.44660186767578,LOS ANGELES,SANTA CLARITA,-118.44661712646484,34.40699768066406
8844555,2019,2019-04-29,1900,2019-03-18,1810,610204,2844,1,5,5,1915,0,0,0,NA,0,283T1,LONG BEACH BL,TEMPLE AV,20,S,N,A,-,N,NA,NA,NA,NA,NA,NA,NA,NA,NA,Y,4,0,2,2,A,-,03,22350,NA,N,C,C,A,A,H,-,A,A,0,NA,NA,NA,NA,Y,NA,A,08,0,0,2,0,0,0,0,0,0,-,-,NA,NA,LOS ANGELES,COMPTON,-118.20645904541016,33.88666534423828
8844558,2019,2019-04-25,1900,2019-03-30,0100,623543,0633,6,5,6,1985,0,0,0,NA,0,62T1,JAKES WY,PALO VERDE PL,23,W,N,A,-,N,NA,NA,NA,NA,NA,NA,NA,NA,NA,Y,4,0,1,5,A,-,01,23152,A,N,C,E,A,A,H,-,C,D,0,NA,NA,NA,NA,Y,Y,A,01,0,0,1,0,0,0,0,0,0,-,-,34.409950256347656,-118.45362091064452,LOS ANGELES,SANTA CLARITA,-118.45355224609376,34.409854888916016
8844570,2019,2019-04-24,1900,2019-03-29,0720,508705,0622,5,5,6,1985,0,0,0,NA,0,64T1,MCBEAN PKWY,AVENIDA  NAVARRE,46,S,N,A,-,N,NA,NA,NA,NA,NA,NA,NA,NA,NA,Y,4,0,2,2,A,-,07,21658,A,N,C,C,A,A,H,-,A,A,0,NA,NA,NA,NA,Y,NA,A,01,0,0,2,0,0,0,0,0,0,-,-,34.39889907836914,-118.55110168457033,LOS ANGELES,SANTA CLARITA,-118.55111694335938,34.39899826049805
8844571,2019,2019-04-29,1955,2019-03-16,2007,S020,NA,6,5,6,1955,0,0,0,NA,0,NA,POMONA BL,LIGHT POST,0,NA,Y,A,-,N,NA,NA,NA,NA,NA,NA,NA,NA,NA,N,3,0,1,1,A,-,08,22107,NA,N,E,I,A,A,H,-,C,D,0,NA,NA,NA,NA,Y,NA,D,22,0,1,0,0,0,0,0,0,0,-,-,34.024169921875,-117.48590087890624,LOS ANGELES,POMONA,NA,NA
8844577,2019,2019-05-14,1941,2019-04-04,1235,11250,503,4,5,7,1941,0,0,0,NA,0,009,EAST 7TH ST,E OBISPO AV,133,E,N,A,-,N,NA,NA,NA,NA,NA,NA,NA,NA,NA,Y,3,0,1,3,A,-,03,22350,NA,N,C,C,A,A,H,-,A,A,0,NA,NA,NA,NA,Y,NA,D,22,0,1,0,0,0,0,0,0,0,-,-,NA,NA,LOS ANGELES,LONG BEACH,-118.1541748046875,33.77534866333008
8844670,2019,2019-04-25,1942,2019-02-26,1710,43643,1469,2,5,7,1942,0,0,0,N,0,14A26,LA CIENEGA BL,KEW ST,40,S,N,A,-,N,NA,NA,NA,NA,NA,NA,NA,NA,NA,Y,4,0,1,3,A,-,07,21658,A,F,B,C,A,A,H,-,B,A,0,NA,NA,NA,NA,Y,NA,-,99,0,0,1,0,0,0,0,0,0,-,-,NA,NA,LOS ANGELES,LOS ANGELES,-118.37017059326172,33.970951080322266
8844686,2019,2019-05-17,1942,2019-04-04,2145,42656,0853,4,5,7,1942,0,0,0,H,0,8A53,SANTA MONICA BL,BUTLER AV,50,E,N,B,-,N,NA,NA,NA,NA,NA,NA,NA,NA,NA,N,4,0,1,3,A,-,08,22107,NA,F,B,C,A,A,H,-,C,A,0,NA,NA,NA,NA,Y,NA,-,99,0,0,1,0,0,0,0,0,0,-,-,NA,NA,LOS ANGELES,LOS ANGELES,-118.45174407958984,34.045536041259766
8844689,2019,2019-04-29,1931,2019-04-12,0424,5321,NA,5,5,5,1931,0,0,0,NA,0,003,MILES AV,SATURN AV,106,N,N,A,-,N,NA,NA,NA,NA,NA,NA,NA,NA,NA,N,3,0,1,1,A,-,08,22107,NA,N,E,C,A,A,H,-,C,D,0,NA,NA,NA,NA,Y,NA,D,22,0,1,0,0,0,0,0,0,0,-,-,NA,NA,LOS ANGELES,HUNTINGTON PARK,-118.21903228759766,33.97718048095703
8844701,2019,2019-04-29,1900,2019-03-31,0211,609281,2834,7,5,5,1915,0,0,0,NA,0,281T1,VICTORIA ST,HARMON AV,120,E,N,A,-,N,NA,NA,NA,NA,NA,NA,NA,NA,NA,Y,4,0,1,2,A,-,05,21650,NA,N,A,C,A,A,H,-,C,D,0,NA,NA,NA,NA,Y,NA,A,01,0,0,1,0,0,0,0,0,0,-,-,NA,NA,LOS ANGELES,COMPTON,-118.23846435546876,33.8677864074707
8844705,2019,2019-04-29,1900,2019-04-03,0721,443554,2927,3,5,5,1990,0,0,0,NA,0,292T,DIAMOND BAR BL,CHERRY DALE DR,184,S,N,B,-,N,NA,NA,NA,NA,NA,NA,NA,NA,NA,Y,4,0,2,3,A,-,03,22350,NA,N,C,C,A,B,H,-,A,D,0,NA,NA,NA,NA,Y,NA,D,22,0,0,2,0,0,0,0,0,0,-,-,33.96831130981445,-117.84528350830078,LOS ANGELES,DIAMOND BAR,-117.84523010253906,33.96833419799805
8844723,2019,2019-04-25,1900,2019-04-01,0925,623543,0641,1,5,6,1985,0,0,0,NA,0,64T1,SCALLION DR,MARIAM PL,0,NA,Y,A,-,N,NA,NA,NA,NA,NA,NA,NA,NA,NA,N,4,0,1,2,A,-,09,21804,A,N,H,C,A,A,H,-,A,D,0,NA,NA,NA,NA,Y,NA,A,01,0,0,1,0,0,0,0,0,0,-,-,34.444889068603516,-118.52088165283205,LOS ANGELES,SANTA CLARITA,-118.52071380615234,34.44491958618164
8844727,2019,2019-04-25,1925,2019-04-05,1634,21601,282,5,5,6,1925,0,0,0,NA,0,003,CYPRESS ST,GLENDALE AV,56,E,N,B,-,N,NA,NA,NA,NA,NA,NA,NA,NA,NA,N,4,0,1,2,A,-,09,21804,A,N,D,C,A,A,H,-,A,D,0,NA,NA,NA,NA,Y,NA,A,01,0,0,1,0,0,0,0,0,0,-,-,NA,NA,LOS ANGELES,GLENDALE,-118.25257110595705,34.12981033325195
8844731,2019,2019-05-07,1925,2019-04-06,1238,20153,159,6,5,6,1925,0,0,0,NA,0,004,VERDUGO RD,GLENOAKS BL,41,N,N,A,-,N,NA,NA,NA,NA,NA,NA,NA,NA,NA,Y,4,0,3,2,A,-,00,21543,NA,N,D,C,A,A,H,-,A,A,0,NA,NA,NA,NA,Y,NA,-,-,0,0,3,0,0,0,0,0,0,-,-,NA,NA,LOS ANGELES,GLENDALE,-118.237060546875,34.15785217285156
8844745,2019,2019-04-25,1931,2019-04-07,1614,5661,1931,7,5,5,1931,0,0,0,NA,0,001,SLAUSON AV,MILES AV,410,E,N,A,-,N,NA,NA,NA,NA,NA,NA,NA,NA,NA,Y,3,0,1,3,A,-,03,22350,NA,F,C,C,A,A,H,-,A,D,0,NA,NA,NA,NA,Y,NA,A,01,0,1,0,0,0,0,0,0,0,-,-,NA,NA,LOS ANGELES,HUNTINGTON PARK,-118.21798706054688,33.98918914794922
8844749,2019,2019-04-26,1931,2019-04-11,1011,5646,1931,4,5,5,1931,0,0,0,NA,0,003,FLORENCE AV,SANTA FE AV,0,NA,Y,A,-,N,NA,NA,NA,NA,NA,NA,NA,NA,NA,N,3,0,1,2,A,-,10,21950,A,F,G,G,A,A,-,-,A,-,0,NA,Y,NA,NA,Y,NA,A,01,0,1,0,0,0,0,1,0,0,-,-,NA,NA,LOS ANGELES,HUNTINGTON PARK,-118.23029327392578,33.9747314453125
8844751,2019,2019-04-29,1942,2019-04-14,2245,40404,1846,7,5,7,1942,0,0,0,R,0,18A35,E IMPERIAL HWY,SLATER ST,7,E,N,A,-,N,NA,NA,NA,NA,NA,NA,NA,NA,NA,Y,3,0,3,7,A,-,03,22350,NA,N,B,C,A,A,H,-,C,D,0,NA,NA,Y,NA,Y,NA,A,01,0,2,1,0,0,0,0,0,0,-,-,NA,NA,LOS ANGELES,LOS ANGELES,-118.252185,33.929465
8844753,2019,2019-05-10,1931,2019-04-11,1103,5649,1931,4,5,5,1931,0,0,0,NA,0,004,STATE ST,WALNUT ST,120,S,N,A,-,N,NA,NA,NA,NA,NA,NA,NA,NA,NA,N,4,0,3,2,A,-,08,22107,NA,N,B,C,A,A,H,-,A,D,0,NA,NA,NA,NA,Y,NA,A,01,0,0,3,0,0,0,0,0,0,-,-,NA,NA,LOS ANGELES,HUNTINGTON PARK,-118.209716796875,33.97137451171875
8844757,2019,2019-04-26,1931,2019-04-11,1020,5649,1931,4,5,5,1931,0,0,0,NA,0,003,SANTA FE AV,SATURN AV,240,S,N,A,-,N,NA,NA,NA,NA,NA,NA,NA,NA,NA,N,4,0,1,2,A,-,10,21952,NA,N,D,B,F,A,H,-,A,D,0,Y,NA,NA,NA,Y,NA,A,07,0,0,1,0,1,0,0,0,0,-,-,NA,NA,LOS ANGELES,HUNTINGTON PARK,-118.23029327392578,33.976261138916016
8844761,2019,2019-04-25,1900,2019-04-09,1930,633029,2833,2,5,5,1915,0,0,0,NA,0,283B,ALONDRA BL,GRANDEE AV,0,NA,Y,A,G,N,NA,NA,NA,NA,NA,NA,NA,NA,NA,Y,4,0,1,2,A,-,09,21802,A,N,D,C,A,A,H,-,A,A,0,NA,NA,NA,NA,Y,NA,A,01,0,0,1,0,0,0,0,0,0,-,-,NA,NA,LOS ANGELES,COMPTON,-118.24201202392578,33.8885383605957
8844765,2019,2019-04-25,1900,2019-04-10,2135,620972,2826,3,5,5,1915,0,0,0,NA,0,283T,ROSECRANS AV,LONG BEACH BL,0,NA,Y,A,-,N,NA,NA,NA,NA,NA,NA,NA,NA,NA,N,4,0,1,2,A,-,05,21651,B,N,D,G,A,A,H,-,C,A,0,NA,Y,NA,NA,Y,NA,L,04,0,0,1,0,0,0,1,0,0,-,-,NA,NA,LOS ANGELES,COMPTON,-118.2084503173828,33.903499603271484
8844769,2019,2019-04-25,1900,2019-04-09,1935,610204,2812,2,5,5,1915,0,0,0,NA,0,283T1,COMPTON AV,EL SEGUNDO BL,0,NA,Y,A,-,N,NA,NA,NA,NA,NA,NA,NA,NA,NA,N,4,0,2,2,A,-,12,21453,A,N,D,C,A,A,H,-,C,A,0,NA,NA,NA,NA,Y,NA,A,01,0,0,2,0,0,0,0,0,0,-,-,NA,NA,LOS ANGELES,COMPTON,-118.24623107910156,33.916221618652344
8844773,2019,2019-05-10,1900,2019-04-12,1610,520671,2922,5,5,5,1990,0,0,0,NA,0,292T1,CLORINDA DR,FLINTGATE DR,140,S,N,A,-,N,NA,NA,NA,NA,NA,NA,NA,NA,NA,Y,2,0,1,1,A,-,03,22350,NA,N,E,I,A,A,H,-,A,D,0,NA,NA,NA,NA,Y,NA,A,07,1,0,0,0,0,0,0,0,0,-,-,33.99700927734375,-117.85881042480467,LOS ANGELES,DIAMOND BAR,-117.85877990722656,33.997074127197266
8844774,2019,2019-04-25,1928,2019-04-15,1837,324,520,1,5,5,1928,0,0,0,NA,0,503,ROSECRANS AV,YUKON AV,0,NA,Y,A,-,N,NA,NA,NA,NA,NA,NA,NA,NA,NA,Y,4,0,1,2,A,-,12,21453,A,N,D,C,A,A,H,-,A,A,0,NA,NA,NA,NA,Y,NA,A,01,0,0,1,0,0,0,0,0,0,-,-,33.901878356933594,-118.33519744873048,LOS ANGELES,HAWTHORNE,-118.3352279663086,33.90193176269531
8844775,2019,2019-04-25,1941,2019-04-05,1337,11226,NA,5,5,7,1941,0,0,0,NA,0,NA,BELLFLOWER BL,DEBORAH ST,0,NA,Y,A,-,N,NA,NA,NA,NA,NA,NA,NA,NA,NA,Y,4,0,1,2,A,-,08,22107,NA,N,B,C,A,A,H,-,A,D,0,NA,NA,NA,NA,Y,NA,A,NA,0,0,1,0,0,0,0,0,0,-,-,NA,NA,LOS ANGELES,LONG BEACH,-118.12532806396484,33.80607986450195
8844777,2019,2019-04-25,1900,2019-04-10,2201,474865,2915,3,5,4,1974,0,0,0,NA,0,293,AMAR RD,SUNSET BLUFF RD,30,E,N,A,-,N,NA,NA,NA,NA,NA,NA,NA,NA,NA,N,3,0,1,2,A,-,11,21950,B,N,G,B,D,A,-,-,C,A,0,Y,NA,NA,NA,Y,NA,N,60,0,1,0,0,1,0,0,0,0,-,-,NA,NA,LOS ANGELES,WALNUT,-117.85144805908205,34.04186248779297
8844778,2019,2019-04-25,1928,2019-04-17,1109,324,517,3,5,5,1928,0,0,0,NA,0,503,ROSELLE AV,EL SEGUNDO BL,268,S,N,A,-,N,NA,NA,NA,NA,NA,NA,NA,NA,NA,Y,4,0,1,2,A,-,09,21804,A,N,D,C,A,A,H,-,A,A,0,NA,NA,NA,NA,Y,NA,A,01,0,0,1,0,0,0,0,0,0,-,-,33.91643142700195,-118.34287261962892,LOS ANGELES,HAWTHORNE,-118.34281158447266,33.91567611694336
8844779,2019,2019-05-07,1941,2019-04-09,2155,11134,NA,2,5,7,1941,0,0,0,NA,0,NA,E 8TH ST,EUCLID AV,130,W,N,G,-,N,NA,NA,NA,NA,NA,NA,NA,NA,NA,N,3,0,1,1,C,-,18,NA,NA,N,E,J,A,A,G,-,C,-,0,NA,NA,Y,NA,Y,NA,-,-,0,1,0,0,0,0,0,0,1,-,-,NA,NA,LOS ANGELES,LONG BEACH,-118.14960479736328,33.77713394165039
8844781,2019,2019-04-26,1900,2019-04-07,0238,543436,2923,7,5,5,1990,0,0,0,NA,0,292K2,DIAMOND BAR BL,KIDD DR,99,N,N,A,-,N,NA,NA,NA,NA,NA,NA,NA,NA,NA,Y,2,0,1,1,A,-,08,22107,NA,N,E,I,A,A,H,-,C,D,0,NA,NA,NA,NA,Y,NA,A,07,1,0,0,0,0,0,0,0,0,-,-,NA,NA,LOS ANGELES,DIAMOND BAR,-117.80709838867188,34.01538848876953
8844783,2019,2019-08-27,1941,2019-04-09,2201,11253,NA,2,5,7,1941,0,0,0,NA,0,NA,PACIFIC COAST HWY,OREGON AV,0,NA,Y,A,-,Y,LA,7,1,-,-,6.93,H,-,S,N,4,0,1,2,A,-,08,22107,NA,N,B,C,A,A,H,-,C,A,0,NA,NA,NA,NA,Y,NA,A,NA,0,0,1,0,0,0,0,0,0,-,-,NA,NA,LOS ANGELES,LONG BEACH,-118.20082855224608,33.78981018066406
8844785,2019,2019-04-25,1900,2019-04-14,1030,409037,2922,7,5,5,1990,0,0,0,NA,0,292K3,RANCHERIA RD,GOLDEN SPRINGS DR,35,S,N,A,-,N,NA,NA,NA,NA,NA,NA,NA,NA,NA,N,3,0,1,2,A,-,09,21801,A,N,H,G,A,A,H,-,A,D,0,NA,Y,NA,NA,Y,NA,A,01,0,1,0,0,0,0,1,0,0,-,-,NA,NA,LOS ANGELES,DIAMOND BAR,-117.80662536621094,34.02070999145508
8844787,2019,2019-04-25,1941,2019-04-09,1723,11271,NA,2,5,7,1941,0,0,0,NA,0,NA,10TH ST,CHESTNUT AV,0,NA,Y,A,-,N,NA,NA,NA,NA,NA,NA,NA,NA,NA,N,3,0,1,2,A,-,05,21651,B,N,H,J,A,A,H,-,A,D,0,NA,NA,Y,NA,Y,NA,C,NA,0,1,0,0,0,0,0,0,1,-,-,NA,NA,LOS ANGELES,LONG BEACH,-118.19634246826172,33.77898025512695
8844791,2019,2019-08-27,1941,2019-04-07,1627,11005,NA,7,5,7,1941,0,0,0,NA,0,NA,PACIFIC COAST HWY,PINE AV,0,NA,Y,A,-,Y,LA,7,1,-,-,6.45,H,-,S,Y,3,0,2,2,A,-,07,21658,A,N,B,C,A,A,H,-,A,A,0,NA,NA,Y,NA,Y,NA,A,NA,0,1,1,0,0,0,0,0,1,-,-,NA,NA,LOS ANGELES,LONG BEACH,-118.19256591796876,33.78981018066406
8844795,2019,2019-04-25,1941,2019-04-07,2230,11126,NA,7,5,7,1941,0,0,0,NA,0,NA,PLEASANT ST,LINDEN AV,0,NA,Y,A,-,N,NA,NA,NA,NA,NA,NA,NA,NA,NA,Y,4,0,1,1,A,-,21,22106,NA,N,H,I,A,A,H,-,C,D,0,NA,NA,NA,NA,Y,NA,A,NA,0,0,1,0,0,0,0,0,0,-,-,NA,NA,LOS ANGELES,LONG BEACH,-118.18694305419922,33.84693908691406
8844798,2019,2019-04-25,1900,2019-04-08,1505,407357,64T1,1,5,6,1985,0,0,0,NA,0,64T1,CENTURION WY,CARAWAY LN,200,N,N,A,-,N,NA,NA,NA,NA,NA,NA,NA,NA,NA,N,4,0,1,2,A,-,11,21955,NA,N,G,B,D,A,H,-,A,D,0,Y,NA,NA,NA,Y,NA,N,60,0,0,1,0,1,0,0,0,0,-,-,34.44218826293945,-118.51685333251952,LOS ANGELES,SANTA CLARITA,-118.51690673828124,34.44208908081055