CASE_ID,ACCIDENT_YEAR,PROC_DATE,JURIS,COLLISION_DATE,COLLISION_TIME,OFFICER_ID,REPORTING_DISTRICT,DAY_OF_WEEK,CHP_SHIFT,POPULATION,CNTY_CITY_LOC,SPECIAL_COND,BEAT_TYPE,CHP_BEAT_TYPE,CITY_DIVISION_LAPD,CHP_BEAT_CLASS,BEAT_NUMBER,PRIMARY_RD,SECONDARY_RD,DISTANCE,DIRECTION,INTERSECTION,WEATHER_1,WEATHER_2,STATE_HWY_IND,CALTRANS_COUNTY,CALTRANS_DISTRICT,STATE_ROUTE,ROUTE_SUFFIX,POSTMILE_PREFIX,POSTMILE,LOCATION_TYPE,RAMP_INTERSECTION,SIDE_OF_HWY,TOW_AWAY,COLLISION_SEVERITY,NUMBER_KILLED,NUMBER_INJURED,PARTY_COUNT,PRIMARY_COLL_FACTOR,PCF_CODE_OF_VIOL,PCF_VIOL_CATEGORY,PCF_VIOLATION,PCF_VIOL_SUBSECTION,HIT_AND_RUN,TYPE_OF_COLLISION,MVIW,PED_ACTION,ROAD_SURFACE,ROAD_COND_1,ROAD_COND_2,LIGHTING,CONTROL_DEVICE,CHP_ROAD_TYPE,PEDESTRIAN_ACCIDENT,BICYCLE_ACCIDENT,MOTORCYCLE_ACCIDENT,TRUCK_ACCIDENT,NOT_PRIVATE_PROPERTY,ALCOHOL_INVOLVED,STWD_VEHTYPE_AT_FAULT,CHP_VEHTYPE_AT_FAULT,COUNT_SEVERE_INJ,COUNT_VISIBLE_INJ,COUNT_COMPLAINT_PAIN,COUNT_PED_KILLED,COUNT_PED_INJURED,COUNT_BICYCLIST_KILLED,COUNT_BICYCLIST_INJURED,COUNT_MC_KILLED,COUNT_MC_INJURED,PRIMARY_RAMP,SECONDARY_RAMP,LATITUDE,LONGITUDE,COUNTY,CITY,POINT_X,POINT_Y
8846583,2019,2019-05-09,1942,2019-02-28,1900,42149,1005,4,5,7,1942,0,0,0,J,0,10X44,WHITE OAK AV,ROSCOE BL,0,NA,Y,A,-,N,NA,NA,NA,NA,NA,NA,NA,NA,NA,Y,3,0,2,2,A,-,09,21801,A,N,D,C,A,A,H,-,B,A,0,NA,NA,NA,NA,Y,NA,-,-,0,2,0,0,0,0,0,0,0,-,-,NA,NA,LOS ANGELES,LOS ANGELES,-118.51863098144533,34.22100067138672
8846586,2019,2019-05-09,1900,2019-02-22,0300,621337,452,5,5,6,1949,0,0,0,NA,0,43T1,PIONEER BL,CRESSON ST,50,S,N,A,-,N,NA,NA,NA,NA,NA,NA,NA,NA,NA,Y,2,0,1,1,A,-,08,22107,NA,N,F,I,A,A,H,-,C,D,0,NA,NA,NA,NA,Y,NA,A,07,1,0,0,0,0,0,0,0,0,-,-,NA,NA,LOS ANGELES,NORWALK,-118.08188629150392,33.929283142089844
8846589,2019,2019-05-22,1900,2019-04-04,1735,625459,1368,4,5,5,1952,0,0,0,NA,0,136T1,ALONDRA BL,RT 19,0,NA,Y,A,-,N,NA,NA,NA,NA,NA,NA,NA,NA,NA,N,4,0,1,2,A,-,12,21453,A,M,D,C,A,A,H,-,A,A,0,NA,NA,NA,NA,Y,NA,A,08,0,0,1,0,0,0,0,0,0,-,-,33.88930130004883,-118.1427001953125,LOS ANGELES,PARAMOUNT,-118.142686,33.889239
8846598,2019,2019-05-09,1948,2019-02-15,1059,383,NA,5,5,5,1948,0,0,0,NA,0,002,ORANGE AV,EMERSON AV,0,NA,Y,A,-,N,NA,NA,NA,NA,NA,NA,NA,NA,NA,Y,4,0,1,2,A,-,03,22350,NA,F,D,C,A,A,H,-,A,D,0,NA,NA,NA,NA,Y,NA,D,22,0,0,1,0,0,0,0,0,0,-,-,NA,NA,LOS ANGELES,MONTEREY PARK,-118.11299896240234,34.06618118286133
8846610,2019,2019-05-09,1948,2019-02-25,0908,356,1948,1,5,5,1948,0,0,0,NA,0,024,POMONA BL,WILCOX AV,200,E,N,A,-,N,NA,NA,NA,NA,NA,NA,NA,NA,NA,Y,4,0,1,2,A,-,03,22350,NA,N,C,C,A,A,H,-,A,A,0,NA,NA,NA,NA,Y,NA,A,07,0,0,1,0,0,0,0,0,0,-,-,NA,NA,LOS ANGELES,MONTEREY PARK,-118.12441253662108,34.03361129760742
8846611,2019,2019-05-09,1942,2019-04-10,0950,43661,1012,3,5,7,1942,0,0,0,J,0,10A83,SATICOY ST,RESEDA BL,0,NA,-,A,-,N,NA,NA,NA,NA,NA,NA,NA,NA,NA,N,4,0,2,3,A,-,09,21801,A,N,A,C,A,A,H,-,A,A,0,NA,NA,NA,Y,Y,NA,A,01,0,0,2,0,0,0,0,0,0,-,-,NA,NA,LOS ANGELES,LOS ANGELES,-118.53604888916016,34.20840835571289
8846614,2019,2019-05-24,1948,2019-02-28,1719,374,1948,4,5,5,1948,0,0,0,NA,0,003,HARDING AV,S HUNTINGTON AV,0,NA,Y,B,-,N,NA,NA,NA,NA,NA,NA,NA,NA,NA,Y,4,0,1,2,A,-,09,21802,A,N,-,J,A,A,H,-,A,-,0,NA,NA,NA,NA,Y,NA,A,01,0,0,1,0,0,0,0,0,0,-,-,NA,NA,LOS ANGELES,MONTEREY PARK,-118.12642669677734,34.05657196044922
8846615,2019,2019-05-22,1942,2019-04-04,1550,42481,1047,4,5,7,1942,0,0,0,J,0,10X4,BURBANK BL,ENCINO AV,100,W,N,B,-,N,NA,NA,NA,NA,NA,NA,NA,NA,NA,Y,3,0,1,3,A,-,09,21804,A,N,D,C,A,A,H,-,A,D,0,NA,NA,NA,NA,Y,NA,A,01,0,1,0,0,0,0,0,0,0,-,-,NA,NA,LOS ANGELES,LOS ANGELES,-118.51451873779295,34.17226028442383
8846619,2019,2019-05-09,1942,2019-04-19,2335,42149,1012,5,5,7,1942,0,0,0,J,0,10A3,RESEDA BL,SATICOY ST,0,NA,-,A,-,N,NA,NA,NA,NA,NA,NA,NA,NA,NA,Y,4,0,2,3,A,-,12,21453,A,N,D,C,A,A,H,-,C,A,0,NA,NA,NA,NA,Y,Y,A,08,0,0,2,0,0,0,0,0,0,-,-,NA,NA,LOS ANGELES,LOS ANGELES,-118.53604888916016,34.20840835571289
8846627,2019,2019-05-21,1942,2019-04-19,1850,41128,1942,5,5,7,1942,0,0,0,NA,0,41128,VENTURA BL,SHOUP AV,0,NA,Y,A,-,N,NA,NA,NA,NA,NA,NA,NA,NA,NA,Y,3,0,3,5,A,-,03,22350,NA,N,C,D,A,A,H,-,A,A,0,NA,NA,NA,NA,Y,NA,A,01,0,1,2,0,0,0,0,0,0,-,-,NA,NA,LOS ANGELES,LOS ANGELES,-118.6144790649414,34.16878890991211
8846631,2019,2019-05-21,1942,2019-04-19,1700,42545,1004,5,5,7,1942,0,0,0,J,0,10X18,STRATHERN ST,LINDLEY AV,20,W,N,A,-,N,NA,NA,NA,NA,NA,NA,NA,NA,NA,Y,3,0,1,3,A,-,09,21801,A,N,A,C,A,A,H,-,A,A,0,NA,NA,NA,NA,Y,NA,A,01,0,1,0,0,0,0,0,0,0,-,-,NA,NA,LOS ANGELES,LOS ANGELES,-118.52741241455078,34.215660095214844
8846644,2019,2019-08-23,1967,2019-05-04,0542,136,NA,6,5,2,1967,0,0,0,NA,0,SOUTH,RT 1,FREEMAN AV,0,NA,Y,A,-,Y,LA,7,1,-,-,4.321,I,5,S,Y,3,0,2,2,A,-,09,21802,A,N,D,C,A,A,H,-,B,A,0,NA,NA,NA,NA,Y,NA,A,01,0,1,1,0,0,0,0,0,0,-,-,NA,NA,LOS ANGELES,SIGNAL HILL,-118.15558624267578,33.7898063659668
8846691,2019,2019-07-19,1925,2019-04-20,1602,24115,4,6,5,6,1925,0,0,0,NA,0,150,MOUNTAIN ST,RT 2,0,NA,Y,A,-,Y,LA,7,2,-,R,19.801,R,4,E,Y,3,0,1,2,A,-,08,22101,D,N,B,C,A,A,H,-,A,A,0,NA,NA,NA,NA,Y,NA,A,01,0,1,0,0,0,0,0,0,0,-,NF,NA,NA,LOS ANGELES,GLENDALE,-118.22548675537108,34.161251068115234
8846702,2019,2019-08-26,1941,2019-04-17,0742,5578,NA,3,5,7,1941,0,0,0,NA,0,NA,ATLANTIC AV,RT 91,0,NA,Y,A,-,Y,LA,7,91,-,R,12.24,R,4,E,Y,4,0,1,2,-,-,-,NA,NA,N,D,C,A,A,H,-,A,A,0,NA,NA,NA,NA,Y,NA,-,-,0,0,1,0,0,0,0,0,0,-,EO,NA,NA,LOS ANGELES,LONG BEACH,-118.18375396728516,33.87685012817383
8846703,2019,2019-05-13,1941,2019-04-29,0301,1118,NA,1,5,7,1941,0,0,0,NA,0,NA,DELAMO BL,OREGON AV,300,W,N,C,-,N,NA,NA,NA,NA,NA,NA,NA,NA,NA,N,4,0,1,2,A,-,05,21650,1,N,A,G,A,B,H,-,D,D,0,NA,Y,NA,NA,Y,NA,-,NA,0,0,1,0,0,0,1,0,0,-,-,NA,NA,LOS ANGELES,LONG BEACH,-118.20123291015624,33.8466911315918
8846719,2019,2019-08-26,1900,2019-04-23,1015,443105,2610,2,5,6,1950,0,0,0,NA,0,263T1,RT 138,11TH ST,126,E,N,A,-,Y,LA,7,138,-,-,44.84,H,-,E,Y,3,0,5,2,A,-,09,21804,A,N,D,C,A,A,H,-,A,D,0,NA,NA,NA,NA,Y,NA,A,01,0,2,3,0,0,0,0,0,0,-,-,34.57950973510742,-118.10913848876952,LOS ANGELES,PALMDALE,-118.1092529296875,34.579586029052734
8846722,2019,2019-06-04,1900,2019-04-22,1945,526486,0986,1,5,4,1979,0,0,0,NA,0,93T3,SUNSET BL,DOHENY RD,0,NA,Y,A,-,N,NA,NA,NA,NA,NA,NA,NA,NA,NA,Y,4,0,1,1,A,-,01,23152,A,N,E,I,A,A,H,-,C,A,0,NA,NA,NA,NA,Y,Y,A,07,0,0,1,0,0,0,0,0,0,-,-,34.090301513671875,-118.39219665527344,LOS ANGELES,WEST HOLLYWOOD,-118.39228057861328,34.090518951416016
8846725,2019,2019-08-21,1942,2019-01-20,1800,43301,457,7,5,7,1942,0,0,0,NA,0,4A58,WABASH AV,SOTO ST,0,NA,Y,A,-,Y,LA,7,5,-,-,18.679,R,4,N,Y,4,0,3,2,A,-,09,21801,A,N,D,C,A,A,H,-,C,A,0,NA,NA,NA,NA,Y,Y,-,-,0,0,3,0,0,0,0,0,0,-,-,NA,NA,LOS ANGELES,LOS ANGELES,-118.21434783935548,34.05857849121094
8846728,2019,2019-05-16,1942,2019-04-25,2215,39360,1862,4,5,7,1942,0,0,0,R,0,18A63,IMPERIAL HWY,GRAND AV,0,NA,Y,A,-,N,NA,NA,NA,NA,NA,NA,NA,NA,NA,Y,2,0,2,2,A,-,07,21658,A,N,B,C,A,A,H,-,C,A,0,NA,NA,Y,NA,Y,NA,A,01,1,0,1,0,0,0,0,0,2,-,-,NA,NA,LOS ANGELES,LOS ANGELES,-118.28170776367188,33.930999755859375
8846733,2019,2019-06-10,1900,2019-02-03,2036,623579,972,7,5,4,1979,0,0,0,NA,0,91K2,SANTA MONICA BL,PALM AV,61,E,N,C,-,N,NA,NA,NA,NA,NA,NA,NA,NA,NA,N,2,0,1,2,A,-,11,21950,B,N,G,B,C,B,H,-,C,A,0,Y,NA,NA,NA,Y,Y,N,60,1,0,0,0,1,0,0,0,0,-,-,34.08591842651367,-118.3823699951172,LOS ANGELES,WEST HOLLYWOOD,-118.38271331787108,34.08589553833008
8846737,2019,2019-06-10,1900,2019-03-30,2355,610411,976,6,5,4,1979,0,0,0,NA,0,93T1,SANTA MONICA BL,HARPER AV,0,NA,Y,A,-,N,NA,NA,NA,NA,NA,NA,NA,NA,NA,Y,4,0,1,2,A,-,03,22350,NA,F,C,C,A,A,H,-,C,D,0,NA,NA,NA,NA,Y,NA,A,01,0,0,1,0,0,0,0,0,0,-,-,34.09067916870117,-118.36914825439452,LOS ANGELES,WEST HOLLYWOOD,-118.36914825439452,34.090728759765625
8846759,2019,2019-05-21,1900,2019-04-15,1047,624036,1348,1,5,3,1903,0,0,0,NA,0,134A,PIONEER BL,168TH ST,15,S,N,A,-,N,NA,NA,NA,NA,NA,NA,NA,NA,NA,N,4,0,1,2,A,-,09,21804,A,N,D,C,A,A,H,-,A,D,0,NA,NA,NA,NA,Y,Y,A,07,0,0,1,0,0,0,0,0,0,-,-,NA,NA,LOS ANGELES,ARTESIA,-118.08238983154295,33.87799835205078
8846802,2019,2019-06-26,1942,2019-03-16,1928,33452,1145,6,5,7,1942,0,0,0,K,0,11A71,STADIUM WY,RIVERSIDE DR,606,S,N,A,-,Y,LA,7,5,-,-,21.965,R,4,S,Y,4,0,1,2,A,-,09,21801,A,N,-,C,A,A,H,-,C,A,0,NA,NA,NA,NA,Y,Y,A,01,0,0,1,0,0,0,0,0,0,-,-,NA,NA,LOS ANGELES,LOS ANGELES,-118.24421691894533,34.09572219848633
8846811,2019,2019-07-19,1900,2019-05-05,1550,489533,0454,7,5,6,1949,0,0,0,NA,0,45T1,ROSECRANS AV,RT 5,0,NA,Y,-,-,Y,LA,7,110,-,-,3.724,R,4,S,Y,4,0,1,2,A,-,12,21453,A,N,-,-,A,-,-,-,-,-,0,NA,NA,NA,NA,Y,NA,A,01,0,0,1,0,0,0,0,0,0,-,SF,NA,NA,LOS ANGELES,NORWALK,-118.28125,33.78571319580078
8846828,2019,2019-06-26,1900,2019-03-31,1330,450447,1010,7,5,3,1995,0,0,0,NA,0,101T1,RT 1,RT 1 32420,300,N,N,A,-,Y,LA,7,1,-,-,59.22,H,-,N,Y,2,0,1,2,A,-,07,21658,A,N,B,C,A,A,H,-,A,D,0,NA,NA,Y,NA,Y,NA,A,01,1,0,0,0,0,0,0,0,1,-,-,34.040000915527344,-118.8813018798828,LOS ANGELES,MALIBU,-118.88221740722656,34.04011535644531
8846836,2019,2019-08-26,1929,2019-04-15,1216,178,NA,1,5,3,1929,0,0,0,NA,0,003,AVIATION BL,PACIFIC COAST HWY,0,NA,Y,A,-,Y,LA,7,1,-,-,21.181,I,5,N,Y,3,0,1,2,A,-,01,23152,A,N,D,C,A,A,H,-,A,A,0,NA,NA,NA,NA,Y,Y,A,01,0,1,0,0,0,0,0,0,0,-,-,NA,NA,LOS ANGELES,HERMOSA BEACH,-118.39234161376952,33.86261749267578
8846844,2019,2019-08-23,1900,2019-04-27,1637,442490,2610,6,5,6,1950,0,0,0,NA,0,263T1,6TH ST EAST,PALMDALE BL,0,NA,Y,A,-,Y,LA,7,138,-,-,44.329,I,6,W,Y,4,0,1,2,A,-,09,21801,A,N,A,C,A,A,H,-,A,D,0,NA,NA,NA,NA,Y,NA,A,01,0,0,1,0,0,0,0,0,0,-,-,34.34469985961914,-118.07070159912108,LOS ANGELES,PALMDALE,-118.1182098388672,34.579490661621094
8846848,2019,2019-08-23,1900,2019-04-24,1916,546043,2611,3,5,6,1950,0,0,0,NA,0,263T1,6TH ST EAST,RT 138,0,NA,Y,A,-,Y,LA,7,138,-,-,44.329,I,6,W,Y,4,0,1,2,A,-,03,22350,NA,N,C,C,A,A,H,-,B,A,0,NA,NA,NA,NA,Y,NA,A,01,0,0,1,0,0,0,0,0,0,-,-,NA,NA,LOS ANGELES,PALMDALE,-118.1182098388672,34.579490661621094
8846852,2019,2019-06-03,1900,2019-04-30,2006,615106,2619,2,5,6,1950,0,0,0,NA,0,262T1,TIERRA SUBIDA AV,PALMDALE BL,326,S,N,A,-,N,NA,NA,NA,NA,NA,NA,NA,NA,NA,N,4,0,1,2,A,-,00,21954,NA,N,G,B,D,A,H,-,C,A,0,Y,NA,NA,NA,Y,NA,N,60,0,0,1,0,1,0,0,0,0,-,-,34.586509704589844,-118.1474380493164,LOS ANGELES,PALMDALE,-118.14749145507813,34.58627700805664
8846853,2019,2019-08-26,1956,2019-05-03,1654,1272,50,5,5,5,1956,0,0,0,NA,0,005,RT 107,179TH ST,0,NA,Y,A,-,Y,LA,7,107,-,-,4.367,I,5,S,Y,4,0,1,2,A,-,09,21801,A,N,D,C,A,A,H,-,A,D,0,NA,NA,NA,NA,Y,NA,A,01,0,0,1,0,0,0,0,0,0,-,-,NA,NA,LOS ANGELES,REDONDO BEACH,-118.3526611328125,33.86810302734375
8846856,2019,2019-08-23,1900,2019-04-26,2235,530869,2611,5,5,6,1950,0,0,0,NA,0,264T1,5TH ST EAST,RT 138,0,NA,Y,A,-,Y,LA,7,138,-,-,44.186,I,5,W,Y,3,0,1,2,A,-,09,21801,A,N,A,C,A,A,H,-,C,A,0,NA,NA,NA,NA,Y,NA,A,01,0,1,0,0,0,0,0,0,0,-,-,34.57966995239258,-118.12069702148438,LOS ANGELES,PALMDALE,-118.12071228027344,34.579708099365234
8846857,2019,2019-06-04,1926,2019-05-06,1458,0025,4,1,5,5,1926,0,0,0,NA,0,004,LONE HILL,MARKET PL,321,S,N,B,-,N,NA,NA,NA,NA,NA,NA,NA,NA,NA,Y,3,0,1,2,A,-,03,22350,NA,N,C,C,A,A,H,-,A,D,0,NA,NA,NA,NA,Y,NA,A,01,0,1,0,0,0,0,0,0,0,-,-,NA,NA,LOS ANGELES,GLENDORA,-117.82901763916016,34.11509704589844
8846860,2019,2019-06-03,1942,2019-04-09,1740,35647,1521,2,5,7,1942,0,0,0,O,0,15X36,SHERMAN WY,ETHEL AV,160,E,N,A,-,N,NA,NA,NA,NA,NA,NA,NA,NA,NA,N,3,0,1,2,A,-,09,21804,A,N,D,C,A,A,H,-,A,D,0,NA,NA,Y,NA,Y,NA,A,01,0,1,0,0,0,0,0,0,1,-,-,NA,NA,LOS ANGELES,LOS ANGELES,-118.41762542724608,34.20119857788086
8846866,2019,2019-08-26,1929,2019-05-06,0157,205,SW,1,5,3,1929,0,0,0,NA,0,003,PACIFIC COAST HWY,ARTESIA BL,0,NA,Y,A,-,Y,LA,7,1,-,-,21.9,H,-,N,Y,3,0,1,1,A,-,01,23152,NA,M,A,I,A,B,H,-,C,A,0,NA,NA,NA,NA,Y,Y,A,01,0,1,0,0,0,0,0,0,0,-,-,NA,NA,LOS ANGELES,HERMOSA BEACH,-118.39533996582033,33.87260818481445
8846870,2019,2019-08-26,1929,2019-05-01,1803,204,SW,3,5,3,1929,0,0,0,NA,0,003,PACIFIC COAST HWY,10TH ST,16,W,N,A,-,Y,LA,7,1,-,-,21.19,H,-,S,N,4,0,1,2,A,-,03,22350,NA,N,C,C,A,A,H,-,A,A,0,NA,NA,NA,NA,Y,NA,A,01,0,0,1,0,0,0,0,0,0,-,-,NA,NA,LOS ANGELES,HERMOSA BEACH,-118.39250946044922,33.862701416015625
8846872,2019,2019-08-23,1900,2019-04-12,1445,525042,1017,5,5,3,1995,0,0,0,NA,0,101T3,RT 1,LAS FLORES CANYON RD,0,NA,Y,A,-,Y,LA,7,1,-,-,44.121,I,5,N,NA,4,0,3,2,A,-,09,21801,A,N,B,C,A,A,H,-,A,A,0,NA,NA,NA,NA,Y,Y,A,01,0,0,3,0,0,0,0,0,0,-,-,34.036949157714844,-118.63597869873048,LOS ANGELES,MALIBU,-118.6360092163086,34.0369758605957
8846874,2019,2019-08-26,1925,2019-05-05,1800,24849,220,7,5,6,1925,0,0,0,NA,0,001,BRAND BL,SANCHEZ DR,0,NA,Y,A,-,Y,LA,7,134,-,R,7.255,R,4,E,Y,4,0,2,3,A,-,12,21453,A,N,D,C,A,A,H,-,A,A,0,NA,NA,NA,NA,Y,NA,A,01,0,0,2,0,0,0,0,0,0,-,-,NA,NA,LOS ANGELES,GLENDALE,-118.25276947021484,34.15627670288086
8846876,2019,2019-08-23,1900,2019-04-22,1401,638130,1016,1,5,3,1995,0,0,0,NA,0,101,RT 1,CARBON CANYON RD,3168,N,N,A,-,Y,LA,7,1,-,-,45.55,H,-,S,Y,4,0,1,3,A,-,09,21801,A,N,D,C,A,A,H,-,A,D,0,NA,NA,NA,NA,Y,NA,A,07,0,0,1,0,0,0,0,0,0,-,-,34.03960037231445,-118.6613998413086,LOS ANGELES,MALIBU,-118.66021728515624,34.039310455322266
8846880,2019,2019-08-23,1900,2019-04-23,0615,538328,1010,2,5,3,1995,0,0,0,NA,0,101T1,RT 1,BROAD BEACH RD,1584,N,N,A,-,Y,LA,7,1,-,-,58.84,H,-,S,Y,2,0,1,2,A,-,01,23152,A,N,D,C,A,A,H,-,A,D,0,NA,NA,NA,NA,Y,NA,A,01,1,0,0,0,0,0,0,0,0,-,-,34.039798736572266,-118.87529754638672,LOS ANGELES,MALIBU,-118.87540435791016,34.03970718383789
8846881,2019,2019-08-23,1900,2019-04-16,1235,487215,1015,2,5,3,1995,0,0,0,NA,0,101T4,RT 1,CARBON CANYON,4752,N,N,A,-,Y,LA,7,1,-,-,45.9,H,-,S,N,3,0,1,2,A,-,03,22350,NA,N,C,G,A,A,H,-,A,D,0,NA,Y,NA,NA,Y,NA,L,04,0,1,0,0,0,0,1,0,0,-,-,34.03950119018555,-118.66626739501952,LOS ANGELES,MALIBU,-118.666259765625,34.03956604003906
8846885,2019,2019-08-23,1955,2019-04-28,1530,40632,54,7,5,6,1955,0,0,0,NA,0,001,HOLT AV,RT 71,0,NA,Y,A,-,Y,LA,7,71,-,R,1.463,R,4,N,Y,4,0,1,3,A,-,09,21801,A,N,A,C,A,A,H,-,A,A,0,NA,NA,NA,NA,Y,NA,A,01,0,0,1,0,0,0,0,0,0,-,NF,NA,NA,LOS ANGELES,POMONA,-117.78955078125,34.06175994873047
8846888,2019,2019-07-19,1922,2019-04-22,0215,694,NA,1,5,6,1922,0,0,0,NA,0,005,RT 10,FLAIR DR,50,S,N,A,-,Y,LA,7,10,-,-,8.116,R,3,E,Y,2,0,1,1,A,-,03,22350,NA,N,E,I,A,A,H,-,C,D,0,NA,NA,Y,NA,Y,NA,C,02,1,0,0,0,0,0,0,0,1,EO,-,NA,NA,LOS ANGELES,EL MONTE,-118.3900146484375,34.03131103515625
8846892,2019,2019-06-03,1922,2019-04-25,1846,569,NA,4,5,6,1922,0,0,0,NA,0,NA,FOREST GROVE ST,FOREST GROVE,0,NA,Y,A,-,N,NA,NA,NA,NA,NA,NA,NA,NA,NA,N,3,0,1,2,A,-,06,21951,NA,N,G,B,B,A,H,-,A,A,0,Y,NA,NA,NA,Y,NA,A,01,0,1,0,0,1,0,0,0,0,-,-,NA,NA,LOS ANGELES,EL MONTE,-118.02810668945313,34.078731536865234
8846927,2019,2019-06-10,1942,2019-03-17,0410,43282,1383,7,5,7,1942,0,0,0,M,0,13A93,GAGE,WALL ST,0,NA,Y,A,-,N,NA,NA,NA,NA,NA,NA,NA,NA,NA,Y,3,0,1,2,A,-,08,22100,A,N,D,C,A,A,H,-,C,D,0,NA,NA,NA,NA,Y,NA,A,01,0,1,0,0,0,0,0,0,0,-,-,NA,NA,LOS ANGELES,LOS ANGELES,-118.27179718017578,33.98242950439453
8846931,2019,2019-06-10,1942,2019-03-28,1900,42179,1653,4,5,7,1942,0,0,0,P,0,16X58,BRANFORD ST,TELFAIR AV,0,NA,Y,A,-,N,NA,NA,NA,NA,NA,NA,NA,NA,NA,Y,4,0,2,3,A,-,09,21801,A,N,D,C,A,A,H,-,B,D,0,NA,NA,NA,NA,Y,NA,A,01,0,0,2,0,0,0,0,0,0,-,-,NA,NA,LOS ANGELES,LOS ANGELES,-118.40670013427734,34.24568176269531
8846932,2019,2019-08-23,1956,2019-05-07,2234,1349,15,2,5,5,1956,0,0,0,NA,0,001,RT 1,GUADALUPE AV,0,NA,Y,A,-,Y,LA,7,1,-,-,19.271,I,5,N,Y,2,0,1,2,A,-,-,NA,NA,N,G,B,E,A,H,-,C,A,0,Y,NA,NA,NA,Y,NA,N,60,1,0,0,0,1,0,0,0,0,-,-,NA,NA,LOS ANGELES,REDONDO BEACH,-118.38514709472656,33.834625244140625
8846935,2019,2019-06-26,1900,2019-03-25,1548,619887,0334,1,5,4,1939,0,0,0,NA,0,35T1,HAWTHORNE BL,160TH ST,306,S,N,A,-,Y,LA,7,405,-,-,17.556,R,4,N,N,4,0,1,2,A,-,07,21658,A,N,B,C,A,A,D,-,A,D,0,NA,NA,NA,NA,Y,NA,A,01,0,0,1,0,0,0,0,0,0,-,-,33.88439178466797,-118.35237121582033,LOS ANGELES,LAWNDALE,-118.35212707519533,33.88446807861328
8846957,2019,2019-05-23,1942,2019-04-18,1710,37061,0742,4,5,7,1942,0,0,0,G,0,7A17,WILSHIRE BL,CRESCENT HEIGHTS BL,80,E,N,A,-,N,NA,NA,NA,NA,NA,NA,NA,NA,NA,Y,4,0,1,2,A,-,09,21801,NA,N,D,C,A,A,H,-,A,D,0,NA,NA,NA,NA,Y,NA,A,01,0,0,1,0,0,0,0,0,0,-,-,NA,NA,LOS ANGELES,LOS ANGELES,-118.36509704589844,34.063392639160156
8846986,2019,2019-08-23,1976,2019-04-16,1205,466,NA,2,5,5,1976,0,0,0,NA,0,004,WHITTIER BL,LA PUEBLA AV,0,NA,Y,A,-,Y,LA,7,72,-,-,1.981,I,5,N,Y,3,0,2,2,A,-,09,21801,A,N,E,C,A,A,H,-,A,D,0,NA,NA,NA,NA,Y,NA,A,01,0,1,1,0,0,0,0,0,0,-,-,NA,NA,LOS ANGELES,WHITTIER,-118.00849151611328,33.9495964050293
8846990,2019,2019-08-23,1976,2019-04-17,1400,378,NA,3,5,5,1976,0,0,0,NA,0,004,SCOTT AV,WHITTIER BL,137,S,N,A,-,Y,LA,7,72,-,-,1.498,I,6,S,Y,4,0,2,2,A,-,09,21804,A,N,B,C,A,A,H,-,A,D,0,NA,NA,NA,NA,Y,NA,A,01,0,0,2,0,0,0,0,0,0,-,-,NA,NA,LOS ANGELES,WHITTIER,-118.00078582763672,33.946964263916016
8846994,2019,2019-08-23,1976,2019-04-23,1732,477,NA,2,5,5,1976,0,0,0,NA,0,001,WHITTIER BL,NORWALK BL,39,E,N,A,-,Y,LA,7,72,-,-,6.26,H,-,N,N,4,0,1,2,A,-,03,22350,NA,N,C,C,A,A,H,-,A,A,0,NA,NA,NA,NA,Y,NA,A,01,0,0,1,0,0,0,0,0,0,-,-,NA,NA,LOS ANGELES,WHITTIER,-118.0638427734375,33.989784240722656
8847015,2019,2019-05-30,1942,2019-03-21,1355,38137,1313,4,5,7,1942,0,0,0,M,0,13A43,16TH ST,PALOMA ST,0,NA,Y,B,-,N,NA,NA,NA,NA,NA,NA,NA,NA,NA,N,4,0,1,2,A,-,08,22100,A,F,-,A,A,A,H,-,A,A,0,NA,NA,NA,NA,Y,NA,-,99,0,0,1,0,0,0,0,0,0,-,-,NA,NA,LOS ANGELES,LOS ANGELES,-118.25079345703124,34.02737045288086
8847018,2019,2019-05-23,1900,2019-05-18,0747,443999,2111,6,5,5,1943,0,0,0,NA,0,212T4,CENTURY LN,MONTARA AV,0,NA,Y,A,-,N,NA,NA,NA,NA,NA,NA,NA,NA,NA,N,4,0,4,3,A,-,09,21801,A,N,D,C,A,A,H,-,A,D,0,NA,NA,NA,NA,Y,NA,A,08,0,0,4,0,0,0,0,0,0,-,-,NA,NA,LOS ANGELES,LYNWOOD,-118.21991729736328,33.9375114440918
8847026,2019,2019-05-23,1942,2019-05-06,2030,43581,1519,1,5,7,1942,0,0,0,O,0,16A81,VINELAND AV,ARCHWOOD ST,0,NA,Y,A,-,N,NA,NA,NA,NA,NA,NA,NA,NA,NA,N,4,0,2,2,A,-,08,22107,NA,F,B,C,A,A,H,-,C,D,0,NA,NA,NA,NA,Y,NA,-,99,0,0,2,0,0,0,0,0,0,-,-,NA,NA,LOS ANGELES,LOS ANGELES,-118.37030792236328,34.19211196899414