CASE_ID,ACCIDENT_YEAR,PROC_DATE,JURIS,COLLISION_DATE,COLLISION_TIME,OFFICER_ID,REPORTING_DISTRICT,DAY_OF_WEEK,CHP_SHIFT,POPULATION,CNTY_CITY_LOC,SPECIAL_COND,BEAT_TYPE,CHP_BEAT_TYPE,CITY_DIVISION_LAPD,CHP_BEAT_CLASS,BEAT_NUMBER,PRIMARY_RD,SECONDARY_RD,DISTANCE,DIRECTION,INTERSECTION,WEATHER_1,WEATHER_2,STATE_HWY_IND,CALTRANS_COUNTY,CALTRANS_DISTRICT,STATE_ROUTE,ROUTE_SUFFIX,POSTMILE_PREFIX,POSTMILE,LOCATION_TYPE,RAMP_INTERSECTION,SIDE_OF_HWY,TOW_AWAY,COLLISION_SEVERITY,NUMBER_KILLED,NUMBER_INJURED,PARTY_COUNT,PRIMARY_COLL_FACTOR,PCF_CODE_OF_VIOL,PCF_VIOL_CATEGORY,PCF_VIOLATION,PCF_VIOL_SUBSECTION,HIT_AND_RUN,TYPE_OF_COLLISION,MVIW,PED_ACTION,ROAD_SURFACE,ROAD_COND_1,ROAD_COND_2,LIGHTING,CONTROL_DEVICE,CHP_ROAD_TYPE,PEDESTRIAN_ACCIDENT,BICYCLE_ACCIDENT,MOTORCYCLE_ACCIDENT,TRUCK_ACCIDENT,NOT_PRIVATE_PROPERTY,ALCOHOL_INVOLVED,STWD_VEHTYPE_AT_FAULT,CHP_VEHTYPE_AT_FAULT,COUNT_SEVERE_INJ,COUNT_VISIBLE_INJ,COUNT_COMPLAINT_PAIN,COUNT_PED_KILLED,COUNT_PED_INJURED,COUNT_BICYCLIST_KILLED,COUNT_BICYCLIST_INJURED,COUNT_MC_KILLED,COUNT_MC_INJURED,PRIMARY_RAMP,SECONDARY_RAMP,LATITUDE,LONGITUDE,COUNTY,CITY,POINT_X,POINT_Y
8847050,2019,2019-08-23,1900,2019-05-14,0519,635554,1018,2,5,3,1995,0,0,0,NA,0,225A,RT 1,TOPANGA CANYON BL,2640,W,N,B,-,Y,LA,7,1,-,-,41.14,H,-,N,Y,3,0,1,1,A,-,03,22350,NA,N,F,I,A,A,H,-,C,D,0,NA,NA,NA,NA,Y,NA,A,01,0,1,0,0,0,0,0,0,0,-,-,34.03868103027344,-118.58560943603516,LOS ANGELES,MALIBU,-118.58565521240234,34.03886413574219
8847054,2019,2019-08-23,1900,2019-05-12,2020,552036,1012,7,5,3,1995,0,0,0,NA,0,222T2,RT 1,MORNING VIEW DR,2112,S,N,A,-,Y,LA,7,1,-,-,55.25,H,-,S,Y,2,0,3,3,A,-,01,23153,A,N,C,E,A,A,H,-,D,D,0,NA,NA,NA,NA,Y,Y,A,01,3,0,0,0,0,0,0,0,0,-,-,34.016578674316406,-118.82250213623048,LOS ANGELES,MALIBU,-118.8220443725586,34.016544342041016
8847058,2019,2019-08-23,1900,2019-05-05,2314,526282,1015,7,5,3,1995,0,0,0,NA,0,101A,RT 1,SWEETWATER CANYON DR,53,S,N,A,-,Y,LA,7,1,-,-,46.36,H,-,S,Y,4,0,2,2,A,-,08,22107,NA,N,D,C,A,A,H,-,C,D,0,NA,NA,NA,NA,Y,NA,A,01,0,0,2,0,0,0,0,0,0,-,-,34.023128509521484,-118.40445709228516,LOS ANGELES,MALIBU,-118.67406463623048,34.03853225708008
8847098,2019,2019-08-28,1900,2019-05-06,1318,513111,2608,1,5,6,1950,0,0,0,NA,0,263T1,RT 138,30TH ST EAST,56,E,N,A,-,Y,LA,7,138,-,-,46.74,H,-,W,N,4,0,1,2,A,-,03,22350,NA,N,C,C,A,A,H,-,A,A,0,NA,NA,NA,NA,Y,NA,A,07,0,0,1,0,0,0,0,0,0,-,-,34.58028030395508,-118.0758819580078,LOS ANGELES,PALMDALE,-118.076171875,34.580223083496094
8847102,2019,2019-08-28,1900,2019-05-06,1920,606079,2611,1,5,6,1950,0,0,0,NA,0,263T1,PALMDALE BL,2ND ST EAST,0,NA,Y,A,-,Y,LA,7,138,-,-,43.792,I,5,W,N,4,0,1,2,A,-,07,21658,A,N,D,C,A,A,H,-,A,D,0,NA,NA,NA,NA,Y,NA,A,07,0,0,1,0,0,0,0,0,0,-,-,34.57992935180664,-118.12753295898438,LOS ANGELES,PALMDALE,-118.12763214111328,34.579837799072266
8847105,2019,2019-08-28,1941,2019-05-13,1304,11021,NA,1,5,7,1941,0,0,0,NA,0,NA,WALNUT AV,PACIFIC COAST HWY,215,N,N,A,-,Y,LA,7,1,-,-,5.261,I,6,N,N,4,0,1,2,A,-,11,21954,A,N,G,B,D,A,H,-,A,D,0,Y,NA,NA,NA,Y,NA,N,NA,0,0,1,0,1,0,0,0,0,-,-,NA,NA,LOS ANGELES,LONG BEACH,-118.17191314697266,33.7899169921875
8847106,2019,2019-08-28,1941,2019-05-13,1425,10850,NA,1,5,7,1941,0,0,0,NA,0,NA,PACIFIC COAST HWY,PALMER CT,0,NA,Y,A,-,Y,LA,7,1,-,-,6.3,H,-,S,Y,4,0,3,4,A,-,03,22350,NA,F,C,C,A,A,H,-,A,D,0,NA,NA,NA,NA,Y,NA,A,NA,0,0,3,0,0,0,0,0,0,-,-,NA,NA,LOS ANGELES,LONG BEACH,-118.1899871826172,33.7898063659668
8847110,2019,2019-08-23,1900,2019-05-05,2100,618129,1016,7,5,3,1995,0,0,0,NA,0,101P,RT 1,SWEETWATER CANYON DR,361,N,N,A,-,Y,LA,7,1,-,-,46.44,H,-,S,Y,4,0,1,2,A,-,09,21804,A,N,D,C,A,A,H,-,C,D,0,NA,NA,NA,NA,Y,NA,D,22,0,0,1,0,0,0,0,0,0,-,-,34.07535171508789,-118.79746246337892,LOS ANGELES,MALIBU,-118.67535400390624,34.03804397583008
8847129,2019,2019-05-20,1900,2019-04-20,0713,443069,0975,6,5,4,1979,0,0,0,NA,0,92T2,SANTA MONICA BL,LA JOLLA AV,0,NA,Y,A,-,N,NA,NA,NA,NA,NA,NA,NA,NA,NA,N,4,0,2,2,A,-,09,21801,A,N,D,C,A,A,H,-,A,D,0,NA,NA,Y,NA,Y,NA,C,06,0,0,2,0,0,0,0,0,1,-,-,NA,NA,LOS ANGELES,WEST HOLLYWOOD,-118.36811065673828,34.09075164794922
8847137,2019,2019-05-23,1900,2019-03-19,0730,444381,0976,2,5,4,1979,0,0,0,NA,0,90M2,SANTA MONICA BL,WESTMOUNT DR,0,NA,Y,A,-,N,NA,NA,NA,NA,NA,NA,NA,NA,NA,N,3,0,1,2,A,-,03,22350,NA,N,G,G,A,A,H,-,A,D,0,NA,Y,NA,Y,Y,NA,L,04,0,1,0,0,0,0,1,0,0,-,-,34.088218688964844,-118.37886810302734,LOS ANGELES,WEST HOLLYWOOD,-118.37905883789064,34.08805847167969
8847138,2019,2019-05-21,1900,2019-05-01,2115,629461,NA,3,5,6,1992,0,0,0,NA,0,112T2,10TH ST WEST,NORBERRY ST,99,N,N,A,-,N,NA,NA,NA,NA,NA,NA,NA,NA,NA,Y,4,0,1,2,A,-,09,21804,A,N,D,C,A,A,H,-,A,D,0,NA,NA,NA,NA,Y,NA,A,01,0,0,1,0,0,0,0,0,0,-,-,NA,NA,LOS ANGELES,LANCASTER,-118.14804840087892,34.692771911621094
8847175,2019,2019-05-20,1900,2019-04-20,0545,630201,1186,6,5,6,1992,0,0,0,NA,0,111T1,10TH ST WEST,AVE G,84,N,N,A,-,N,NA,NA,NA,NA,NA,NA,NA,NA,NA,Y,3,0,1,1,A,-,03,22350,NA,N,F,A,A,A,A,H,B,D,0,NA,NA,NA,NA,Y,NA,D,22,0,1,0,0,0,0,0,0,0,-,-,NA,NA,LOS ANGELES,LANCASTER,-118.14859008789064,34.73358917236328
8847178,2019,2019-05-22,1942,2019-04-29,1615,43394,0373,1,5,7,1942,0,0,0,C,0,3A74,MARTIN LUTHER KING JR BL,DEGNAN BL,0,NA,Y,A,-,N,NA,NA,NA,NA,NA,NA,NA,NA,NA,Y,4,0,2,2,A,-,03,22350,NA,N,A,C,A,A,H,-,A,A,0,NA,NA,NA,NA,Y,NA,D,22,0,0,2,0,0,0,0,0,0,-,-,NA,NA,LOS ANGELES,LOS ANGELES,-118.33141326904295,34.01091003417969
8847187,2019,2019-05-24,1900,2019-03-23,1228,546182,1132,6,5,6,1992,0,0,0,NA,0,112T2,AVENUE J,SIERRA HWY,0,NA,Y,A,-,N,NA,NA,NA,NA,NA,NA,NA,NA,NA,NA,4,0,3,2,D,-,00,NA,NA,N,A,C,A,A,H,-,A,A,0,NA,NA,NA,NA,Y,NA,-,-,0,0,3,0,0,0,0,0,0,-,-,NA,NA,LOS ANGELES,LANCASTER,-118.13536834716795,34.689430236816406
8847213,2019,2019-05-29,1942,2019-04-19,2110,43397,1837,5,5,7,1942,0,0,0,R,0,A49,IMPERIAL HWY,WILMINGTON,1200,W,N,A,-,N,NA,NA,NA,NA,NA,NA,NA,NA,NA,Y,3,0,1,2,A,-,08,22102,NA,N,B,-,A,A,H,-,C,D,0,NA,NA,NA,NA,Y,NA,-,99,0,1,0,0,0,0,0,0,0,-,-,NA,NA,LOS ANGELES,LOS ANGELES,-118.23908996582033,33.930118560791016
8847257,2018,2019-05-14,1924,2018-04-09,0007,114642,33,1,5,5,1924,0,0,0,NA,0,8T3,REDONDO BEACH BL,WESTERN AV,394,E,N,A,-,N,NA,NA,NA,NA,NA,NA,NA,NA,NA,Y,4,0,1,2,A,-,01,23152,A,N,D,C,A,A,H,-,C,D,0,NA,NA,NA,NA,Y,Y,A,01,0,0,1,0,0,0,0,0,0,-,-,33.888519287109375,-118.30914306640624,LOS ANGELES,GARDENA,-118.30796051025392,33.88890075683594
8847261,2018,2019-05-14,1924,2018-04-06,1654,116230,37,5,5,5,1924,0,0,0,NA,0,005,WESTERN AV,166TH ST,0,NA,Y,A,-,N,NA,NA,NA,NA,NA,NA,NA,NA,NA,Y,4,0,2,2,A,-,09,21801,A,N,A,C,A,A,H,-,A,A,0,NA,NA,NA,NA,Y,NA,A,07,0,0,2,0,0,0,0,0,0,-,-,33.88011169433594,-118.3091278076172,LOS ANGELES,GARDENA,-118.30917358398438,33.88011169433594
8847265,2018,2019-05-29,1924,2018-04-02,1450,111072,19,1,5,5,1924,0,0,0,NA,0,002,ROSECRANS AV,BUDLONG AV,0,NA,Y,A,-,N,NA,NA,NA,NA,NA,NA,NA,NA,NA,Y,4,0,1,2,A,-,12,21453,A,N,D,C,A,A,H,-,A,A,0,NA,NA,NA,NA,Y,NA,A,01,0,0,1,0,0,0,0,0,0,-,-,33.90190124511719,-118.29605102539064,LOS ANGELES,GARDENA,-118.29608154296876,33.90195846557617
8847269,2018,2019-05-14,1924,2018-04-09,1845,114642,4,1,5,5,1924,0,0,0,NA,0,8T3,VAN NESS AV,132ND ST,698,N,N,A,-,N,NA,NA,NA,NA,NA,NA,NA,NA,NA,Y,4,0,2,2,A,-,08,22100,B,N,D,C,A,A,H,-,B,D,0,NA,NA,NA,NA,Y,NA,A,01,0,0,2,0,0,0,0,0,0,-,-,33.912628173828125,-118.31781768798828,LOS ANGELES,GARDENA,-118.3178482055664,33.914554595947266
8847273,2018,2019-05-14,1924,2018-04-10,0942,89188,04,2,5,5,1924,0,0,0,NA,0,8L11D,WILKIE AV,135TH ST,150,N,N,A,-,N,NA,NA,NA,NA,NA,NA,NA,NA,NA,Y,4,0,1,3,A,-,01,23152,E,N,B,E,A,A,H,-,A,D,0,NA,NA,NA,NA,Y,NA,A,01,0,0,1,0,0,0,0,0,0,-,-,33.90919876098633,-118.32311248779295,LOS ANGELES,GARDENA,-118.32315063476564,33.909210205078125
8847277,2018,2019-05-14,1924,2018-04-06,1611,116230,G30,5,5,5,1924,0,0,0,NA,0,0G3,CRENSHAW BL,MANHATTAN BEACH BL,41,S,N,A,-,N,NA,NA,NA,NA,NA,NA,NA,NA,NA,Y,4,0,1,2,A,-,03,22350,NA,M,C,C,A,A,H,-,A,A,0,NA,NA,NA,NA,Y,NA,A,07,0,0,1,0,0,0,0,0,0,-,-,33.887428283691406,-118.32650756835938,LOS ANGELES,GARDENA,-118.3265380859375,33.88727569580078
8847324,2019,2019-05-16,1900,2019-05-04,1442,625432,1132,6,5,6,1992,0,0,0,NA,0,112T2,AVENUE J,DIVISION ST,138,E,N,A,-,N,NA,NA,NA,NA,NA,NA,NA,NA,NA,N,4,0,2,2,A,-,03,22350,NA,M,C,C,A,A,H,-,A,A,0,NA,NA,NA,NA,Y,NA,-,99,0,0,2,0,0,0,0,0,0,-,-,NA,NA,LOS ANGELES,LANCASTER,-118.13037109375,34.68947982788086
8847327,2019,2019-05-16,1900,2019-05-04,2108,625432,1127,6,5,6,1992,0,0,0,NA,0,112T2,AVENUE J,45TH ST WEST,0,NA,Y,A,-,N,NA,NA,NA,NA,NA,NA,NA,NA,NA,Y,4,0,2,2,A,-,09,21802,A,N,D,C,A,A,H,-,D,A,0,NA,NA,NA,NA,Y,NA,A,01,0,0,2,0,0,0,0,0,0,-,-,NA,NA,LOS ANGELES,LANCASTER,-118.21038055419922,34.68938064575195
8847331,2019,2019-05-16,1900,2019-05-04,0758,551435,1137,6,5,6,1992,0,0,0,NA,0,11272,CHALLENGER WY,AVENUE K,216,N,N,A,-,N,NA,NA,NA,NA,NA,NA,NA,NA,NA,Y,3,0,2,2,A,-,09,21804,A,N,D,C,A,A,H,-,A,D,0,NA,NA,NA,NA,Y,NA,A,01,0,1,1,0,0,0,0,0,0,-,-,NA,NA,LOS ANGELES,LANCASTER,-118.11239624023438,34.67560577392578
8847335,2019,2019-07-19,1900,2019-05-03,2307,625432,1126,5,5,6,1992,0,0,0,NA,0,112T2,AVENUE K,RT 14,0,NA,Y,A,-,Y,LA,7,14,-,R,66.99,R,4,S,Y,4,0,1,2,A,-,12,21453,A,N,A,C,A,A,H,-,C,A,0,NA,NA,NA,NA,Y,NA,A,08,0,0,1,0,0,0,0,0,0,-,SF,NA,NA,LOS ANGELES,LANCASTER,-118.16032409667967,34.67751693725586
8847339,2019,2019-05-16,1900,2019-05-03,1245,551435,1132,5,5,6,1992,0,0,0,NA,0,111T1,DIVISION ST,AVENUE J,48,N,N,A,-,N,NA,NA,NA,NA,NA,NA,NA,NA,NA,N,4,0,2,2,A,-,21,22106,NA,N,C,C,A,A,H,-,A,A,0,NA,NA,NA,NA,Y,NA,A,07,0,0,2,0,0,0,0,0,0,-,-,NA,NA,LOS ANGELES,LANCASTER,-118.13036346435548,34.689613342285156
8847343,2019,2019-05-16,1900,2019-05-02,1159,551435,1134,4,5,6,1992,0,0,0,NA,0,111T1,AVENUE K-6,GINGHAM AV,263,W,N,A,-,N,NA,NA,NA,NA,NA,NA,NA,NA,NA,Y,4,0,3,2,A,-,08,22107,NA,N,D,C,A,A,H,-,A,D,0,NA,NA,NA,NA,Y,NA,A,07,0,0,3,0,0,0,0,0,0,-,-,NA,NA,LOS ANGELES,LANCASTER,-118.12317657470705,34.66947937011719
8847363,2019,2019-05-23,1900,2019-04-02,1740,629461,1122,2,5,6,1992,0,0,0,NA,0,111T1,AVE J,SIERRA HWY,18,E,N,A,-,N,NA,NA,NA,NA,NA,NA,NA,NA,NA,N,3,0,1,2,A,-,10,21950,A,F,G,B,B,A,H,-,A,A,0,Y,NA,NA,NA,Y,NA,A,01,0,1,0,0,1,0,0,0,0,-,-,NA,NA,LOS ANGELES,LANCASTER,-118.13530731201172,34.689430236816406
8847365,2019,2019-05-28,1942,2019-04-24,0540,40010,0778,3,5,7,1942,0,0,0,G,0,7A85,CRENSHAW BL,VENICE BL,460,S,N,A,-,N,NA,NA,NA,NA,NA,NA,NA,NA,NA,Y,4,0,1,6,A,-,08,22107,NA,N,B,C,A,A,H,-,C,A,0,NA,NA,NA,NA,Y,NA,A,01,0,0,1,0,0,0,0,0,0,-,-,NA,NA,LOS ANGELES,LOS ANGELES,-118.32904815673828,34.043556213378906
8847367,2019,2019-05-17,1900,2019-04-25,1624,620752,1139,4,5,6,1992,0,0,0,NA,0,111T2,AVE L-8,57TH ST WEST,32,W,N,A,-,N,NA,NA,NA,NA,NA,NA,NA,NA,NA,Y,3,0,1,2,A,-,05,21650,NA,N,A,C,A,A,H,-,A,A,0,NA,NA,NA,NA,Y,NA,M,95,0,1,0,0,0,0,0,0,0,-,-,NA,NA,LOS ANGELES,LANCASTER,-118.23192596435548,34.65285873413086
8847369,2019,2019-05-24,1942,2019-04-18,0715,40157,0782,4,5,7,1942,0,0,0,G,0,7A73,LA CIENEGA BL,18TH ST,0,NA,Y,A,-,N,NA,NA,NA,NA,NA,NA,NA,NA,NA,N,4,0,1,3,A,-,12,21453,A,N,D,C,A,A,H,-,A,A,0,NA,NA,NA,NA,Y,NA,D,22,0,0,1,0,0,0,0,0,0,-,-,NA,NA,LOS ANGELES,LOS ANGELES,-118.37683868408205,34.04450988769531
8847371,2019,2019-05-17,1900,2019-04-24,1234,510509,1132,3,5,6,1992,0,0,0,NA,0,11274,AVE J,GLENRAVEN RD,131,E,N,A,-,N,NA,NA,NA,NA,NA,NA,NA,NA,NA,N,4,0,1,2,A,-,03,22350,NA,N,C,C,A,A,H,-,A,D,0,NA,NA,NA,NA,Y,NA,A,01,0,0,1,0,0,0,0,0,0,-,-,NA,NA,LOS ANGELES,LANCASTER,-118.12782287597656,34.68946838378906
8847375,2019,2019-05-17,1900,2019-04-25,2026,629461,1137,4,5,6,1992,0,0,0,NA,0,112T2,CHALLENGER WY,AVE J-3,0,NA,Y,A,-,N,NA,NA,NA,NA,NA,NA,NA,NA,NA,Y,4,0,2,2,A,-,09,21802,A,N,D,C,A,A,H,-,C,A,0,NA,NA,NA,NA,Y,NA,A,01,0,0,2,0,0,0,0,0,0,-,-,NA,NA,LOS ANGELES,LANCASTER,-118.11261,34.68671
8847377,2019,2019-05-28,1942,2019-04-20,2210,41139,0701,6,5,7,1942,0,0,0,G,0,7A1,FAIRFAX AV,MELROSE AV,0,NA,Y,A,-,N,NA,NA,NA,NA,NA,NA,NA,NA,NA,Y,4,0,3,3,A,-,12,21453,A,N,D,C,A,A,H,-,C,A,0,NA,NA,NA,NA,Y,NA,I,20,0,0,3,0,0,0,0,0,0,-,-,NA,NA,LOS ANGELES,LOS ANGELES,-118.3615264892578,34.08380889892578
8847379,2019,2019-05-17,1900,2019-04-27,1652,610418,1127,6,5,6,1992,0,0,0,NA,0,112T2,30TH ST WEST,AVE K,0,NA,Y,A,-,N,NA,NA,NA,NA,NA,NA,NA,NA,NA,Y,3,0,2,2,A,-,12,21453,A,N,A,C,A,A,H,-,A,A,0,NA,NA,NA,NA,Y,NA,A,01,0,1,1,0,0,0,0,0,0,-,-,NA,NA,LOS ANGELES,LANCASTER,-118.18359375,34.67488098144531
8847380,2019,2019-05-17,1900,2019-04-10,1946,526486,0987,3,5,4,1979,0,0,0,NA,0,93T3,SUNSET BL,SWEETZER AV,30,E,N,A,-,N,NA,NA,NA,NA,NA,NA,NA,NA,NA,N,4,0,1,2,A,-,04,21703,NA,N,C,C,A,A,H,-,C,A,0,NA,NA,NA,NA,Y,NA,A,07,0,0,1,0,0,0,0,0,0,-,-,34.096378326416016,-118.37127685546876,LOS ANGELES,WEST HOLLYWOOD,-118.37027740478516,34.09654998779297
8847381,2019,2019-05-22,1942,2019-04-25,1745,43440,0742,4,5,7,1942,0,0,0,G,0,7A64W7,SAN VICENTE BL,CARRILLO DR,611,E,N,A,-,N,NA,NA,NA,NA,NA,NA,NA,NA,NA,N,4,0,2,2,A,-,04,21703,NA,N,C,C,A,A,H,-,A,D,0,NA,NA,NA,NA,Y,NA,D,22,0,0,2,0,0,0,0,0,0,-,-,NA,NA,LOS ANGELES,LOS ANGELES,-118.36554718017578,34.05976486206055
8847383,2019,2019-05-17,1900,2019-04-27,1609,637499,1135,6,5,6,1992,0,0,0,NA,0,112T1,AVE I,20TH ST EAST,839,E,N,A,-,N,NA,NA,NA,NA,NA,NA,NA,NA,NA,N,4,0,1,2,A,-,05,21202,A,N,B,G,A,A,H,-,A,D,0,NA,Y,NA,NA,Y,Y,L,04,0,0,1,0,0,0,1,0,0,-,-,NA,NA,LOS ANGELES,LANCASTER,-118.09209442138672,34.70427703857422
8847384,2019,2019-05-16,1900,2019-04-13,1145,443069,0972,6,5,4,1979,0,0,0,NA,0,92T2,SANTA MONICA BL,SAN VICENTE BL,202,W,N,A,-,N,NA,NA,NA,NA,NA,NA,NA,NA,NA,N,4,0,1,2,D,-,00,NA,NA,N,G,G,A,A,H,-,A,D,0,NA,Y,NA,NA,Y,NA,-,-,0,0,1,0,0,0,1,0,0,-,-,34.08449935913086,-118.3843002319336,LOS ANGELES,WEST HOLLYWOOD,-118.38462829589844,34.0845832824707
8847387,2019,2019-05-17,1900,2019-04-25,1048,610418,1159,4,5,6,1992,0,0,0,NA,0,111T1,WEST AVE L-12,DESERT HILL DR,365,E,N,A,-,N,NA,NA,NA,NA,NA,NA,NA,NA,NA,N,4,0,2,2,A,-,04,21703,NA,N,B,C,A,A,H,-,A,D,0,NA,NA,NA,NA,Y,NA,A,01,0,0,2,0,0,0,0,0,0,-,-,NA,NA,LOS ANGELES,LANCASTER,-118.2398681640625,34.64921951293945
8847388,2019,2019-05-17,1900,2019-04-20,1345,443069,0976,6,5,4,1979,0,0,0,NA,0,92T2,FLORES ST,FOUNTAIN AV,110,S,N,A,-,N,NA,NA,NA,NA,NA,NA,NA,NA,NA,N,4,0,1,2,A,-,08,22107,NA,N,C,E,A,A,H,-,A,D,0,NA,NA,Y,NA,Y,NA,A,01,0,0,1,0,0,0,0,0,0,-,-,34.09360122680664,-118.37159729003906,LOS ANGELES,WEST HOLLYWOOD,-118.37152099609376,34.0937385559082
8847390,2019,2019-05-21,1942,2019-03-17,1800,34440,2034,7,5,7,1942,0,0,0,NA,0,20A58,8TH ST,IROLO ST,0,NA,Y,A,-,N,NA,NA,NA,NA,NA,NA,NA,NA,NA,Y,4,0,1,2,A,-,03,22350,NA,N,D,C,A,A,H,-,A,A,0,NA,NA,NA,NA,Y,NA,D,22,0,0,1,0,0,0,0,0,0,-,-,NA,NA,LOS ANGELES,LOS ANGELES,-118.3009033203125,34.05773162841797
8847392,2019,2019-08-22,1900,2019-04-24,1115,443069,0975,3,5,4,1979,0,0,0,NA,0,92T2,FAIRFAX AV,SANTA MONICA BL,0,NA,Y,A,-,N,NA,NA,NA,NA,NA,NA,NA,NA,NA,Y,4,0,1,2,A,-,12,21453,A,N,D,C,A,A,H,-,A,A,0,NA,NA,NA,NA,Y,NA,A,01,0,0,1,0,0,0,0,0,0,-,-,34.0906982421875,-118.36139678955078,LOS ANGELES,WEST HOLLYWOOD,-118.36147308349608,34.09083938598633
8847393,2019,2019-05-20,1942,2019-04-07,1830,38916,0702,7,5,7,1942,0,0,0,G,0,7A1,MELROSE AV,CURSON AV,150,W,N,A,-,N,NA,NA,NA,NA,NA,NA,NA,NA,NA,Y,4,0,1,2,A,-,03,22350,NA,N,B,C,A,A,H,-,A,A,0,NA,NA,NA,NA,Y,NA,A,01,0,0,1,0,0,0,0,0,0,-,-,NA,NA,LOS ANGELES,LOS ANGELES,-118.35580444335938,34.08370590209961
8847396,2019,2019-05-17,1900,2019-04-22,1410,605567,0987,1,5,4,1979,0,0,0,NA,0,92T1,SUNSET BL,LA CIENEGA BL,255,E,N,A,-,N,NA,NA,NA,NA,NA,NA,NA,NA,NA,Y,3,0,1,2,A,-,09,21804,A,N,-,C,A,A,H,-,A,A,0,NA,NA,NA,NA,Y,NA,A,01,0,1,0,0,0,0,0,0,0,-,-,34.09000015258789,-118.37999725341795,LOS ANGELES,WEST HOLLYWOOD,-118.37558746337892,34.094581604003906
8847397,2019,2019-05-17,1942,2019-04-12,1600,42938,0789,5,5,7,1942,0,0,0,G,0,7A69,WASHINGTON BL,3RD AV,0,NA,Y,A,-,N,NA,NA,NA,NA,NA,NA,NA,NA,NA,N,3,0,3,2,A,-,12,21453,A,N,D,C,A,A,-,-,A,A,0,NA,NA,NA,NA,Y,NA,D,22,0,1,2,0,0,0,0,0,0,-,-,NA,NA,LOS ANGELES,LOS ANGELES,-118.32008361816406,34.03989028930664
8847398,2019,2019-05-17,1942,2019-04-22,1145,40452,2019,1,5,7,1942,0,0,0,NA,0,20A39,VERMONT AV,BEVERLY BL,200,S,N,A,-,N,NA,NA,NA,NA,NA,NA,NA,NA,NA,N,4,0,1,2,A,-,21,22106,NA,N,C,C,A,A,H,-,A,D,0,NA,NA,NA,NA,Y,NA,D,22,0,0,1,0,0,0,0,0,0,-,-,NA,NA,LOS ANGELES,LOS ANGELES,-118.29167938232422,34.07577133178711
8847400,2019,2019-05-17,1900,2019-04-05,2220,620929,0972,5,5,4,1979,0,0,0,NA,0,093,ROSEWOOD AV,LA CIENEGA BL,0,NA,Y,A,-,N,NA,NA,NA,NA,NA,NA,NA,NA,NA,N,4,0,1,2,D,-,00,NA,NA,F,G,B,E,A,H,-,C,D,0,Y,NA,NA,NA,Y,Y,-,-,0,0,1,0,1,0,0,0,0,-,-,34.0802001953125,-118.37670135498048,LOS ANGELES,WEST HOLLYWOOD,-118.37657165527344,34.08018112182617
8847404,2019,2019-05-17,1900,2019-04-15,1818,526486,0986,1,5,4,1979,0,0,0,NA,0,93T3,SUNSET BL,SUNSET PLAZA DR,45,E,N,A,-,N,NA,NA,NA,NA,NA,NA,NA,NA,NA,N,4,0,1,3,A,-,08,22107,NA,N,B,C,A,A,H,-,C,D,0,NA,NA,NA,NA,Y,NA,A,01,0,0,1,0,0,0,0,0,0,-,-,34.09252166748047,-118.3786163330078,LOS ANGELES,WEST HOLLYWOOD,-118.37949371337892,34.092403411865234
8847405,2019,2019-05-23,1942,2019-03-29,0805,34332,1144,5,5,7,1942,0,0,0,K,0,11A71,GLENDALE BL,FARWELL AV,492,W,N,A,-,N,NA,NA,NA,NA,NA,NA,NA,NA,NA,N,4,0,1,2,A,-,07,21658,A,N,B,C,A,A,H,-,A,A,0,NA,NA,NA,NA,Y,NA,D,22,0,0,1,0,0,0,0,0,0,-,-,NA,NA,LOS ANGELES,LOS ANGELES,-118.260986328125,34.106075286865234
8847408,2019,2019-05-17,1942,2019-04-29,2035,41541,0301,1,5,7,1942,0,0,0,C,0,3A1,S FAIRFAX AV,WEST WASHINGTON BL,0,NA,Y,A,-,N,NA,NA,NA,NA,NA,NA,NA,NA,NA,N,4,0,1,2,A,-,11,21956,A,N,G,B,B,A,H,-,C,A,0,Y,NA,NA,NA,Y,NA,N,60,0,0,1,0,1,0,0,0,0,-,-,NA,NA,LOS ANGELES,LOS ANGELES,-118.36992645263672,34.03437042236328
8847409,2019,2019-07-09,1942,2019-03-25,0700,34332,1112,1,5,7,1942,0,0,0,K,0,11A17,SHASTA CIR N,SAGAMORE WY,0,NA,Y,A,-,N,NA,NA,NA,NA,NA,NA,NA,NA,NA,Y,4,0,1,2,A,-,12,22450,A,N,D,C,A,A,H,-,A,A,0,NA,NA,NA,NA,Y,NA,A,07,0,0,1,0,0,0,0,0,0,-,-,NA,NA,LOS ANGELES,LOS ANGELES,-118.23081970214844,34.1303596496582