CASE_ID,ACCIDENT_YEAR,PROC_DATE,JURIS,COLLISION_DATE,COLLISION_TIME,OFFICER_ID,REPORTING_DISTRICT,DAY_OF_WEEK,CHP_SHIFT,POPULATION,CNTY_CITY_LOC,SPECIAL_COND,BEAT_TYPE,CHP_BEAT_TYPE,CITY_DIVISION_LAPD,CHP_BEAT_CLASS,BEAT_NUMBER,PRIMARY_RD,SECONDARY_RD,DISTANCE,DIRECTION,INTERSECTION,WEATHER_1,WEATHER_2,STATE_HWY_IND,CALTRANS_COUNTY,CALTRANS_DISTRICT,STATE_ROUTE,ROUTE_SUFFIX,POSTMILE_PREFIX,POSTMILE,LOCATION_TYPE,RAMP_INTERSECTION,SIDE_OF_HWY,TOW_AWAY,COLLISION_SEVERITY,NUMBER_KILLED,NUMBER_INJURED,PARTY_COUNT,PRIMARY_COLL_FACTOR,PCF_CODE_OF_VIOL,PCF_VIOL_CATEGORY,PCF_VIOLATION,PCF_VIOL_SUBSECTION,HIT_AND_RUN,TYPE_OF_COLLISION,MVIW,PED_ACTION,ROAD_SURFACE,ROAD_COND_1,ROAD_COND_2,LIGHTING,CONTROL_DEVICE,CHP_ROAD_TYPE,PEDESTRIAN_ACCIDENT,BICYCLE_ACCIDENT,MOTORCYCLE_ACCIDENT,TRUCK_ACCIDENT,NOT_PRIVATE_PROPERTY,ALCOHOL_INVOLVED,STWD_VEHTYPE_AT_FAULT,CHP_VEHTYPE_AT_FAULT,COUNT_SEVERE_INJ,COUNT_VISIBLE_INJ,COUNT_COMPLAINT_PAIN,COUNT_PED_KILLED,COUNT_PED_INJURED,COUNT_BICYCLIST_KILLED,COUNT_BICYCLIST_INJURED,COUNT_MC_KILLED,COUNT_MC_INJURED,PRIMARY_RAMP,SECONDARY_RAMP,LATITUDE,LONGITUDE,COUNTY,CITY,POINT_X,POINT_Y
8849825,2019,2019-04-26,1942,2019-04-10,1510,41054,2054,3,5,7,1942,0,0,0,NA,0,20A53,NORMANDIE AV,OLYMPIC BL,210,S,N,A,-,N,NA,NA,NA,NA,NA,NA,NA,NA,NA,N,4,0,2,2,A,-,06,21755,A,F,D,C,A,A,H,-,A,D,0,NA,NA,NA,NA,Y,NA,A,01,0,0,2,0,0,0,0,0,0,-,-,NA,NA,LOS ANGELES,LOS ANGELES,-118.3000030517578,34.05206298828125
8849826,2019,2019-04-25,1942,2019-04-02,0820,41849,1253,2,5,7,1942,0,0,0,L,0,12A83,VAN NESS AV,FLORENCE AV,0,NA,Y,A,-,N,NA,NA,NA,NA,NA,NA,NA,NA,NA,Y,4,0,1,2,A,-,12,22450,NA,F,D,C,A,A,H,-,A,A,0,NA,NA,NA,NA,Y,NA,-,99,0,0,1,0,0,0,0,0,0,-,-,NA,NA,LOS ANGELES,LOS ANGELES,-118.31773376464844,33.97460174560547
8849828,2019,2019-04-24,1942,2019-04-13,1255,33294,1676,6,5,7,1942,0,0,0,P,0,16A77,GLENOAKS BL,NETTLETON ST,468,N,N,A,-,N,NA,NA,NA,NA,NA,NA,NA,NA,NA,Y,2,0,1,2,A,-,07,21658,A,F,C,G,A,A,H,-,A,A,0,NA,Y,NA,NA,Y,NA,A,01,1,0,0,0,0,0,1,0,0,-,-,NA,NA,LOS ANGELES,LOS ANGELES,-118.36272430419922,34.22596740722656
8849829,2019,2019-04-26,1942,2019-04-10,1320,38007,2069,3,5,7,1942,0,0,0,NA,0,34M137,S VERMONT AV,W 11TH ST,20,N,N,A,-,N,NA,NA,NA,NA,NA,NA,NA,NA,NA,N,4,0,1,2,A,-,03,22350,NA,F,C,C,A,A,H,-,A,D,0,NA,NA,NA,NA,Y,NA,A,07,0,0,1,0,0,0,0,0,0,-,-,NA,NA,LOS ANGELES,LOS ANGELES,-118.29160308837892,34.05098342895508
8849832,2019,2019-04-24,1942,2019-04-08,1115,41316,1714,1,5,7,1942,0,0,0,Q,0,17A35,RESEDA BL,RINALDI ST,0,NA,Y,A,-,N,NA,NA,NA,NA,NA,NA,NA,NA,NA,Y,2,0,2,2,A,-,09,21801,A,N,A,C,A,A,H,-,A,A,0,NA,NA,NA,NA,Y,NA,A,01,1,0,1,0,0,0,0,0,0,-,-,NA,NA,LOS ANGELES,LOS ANGELES,-118.5364227294922,34.276031494140625
8849833,2019,2019-04-26,1942,2019-04-06,1345,41054,2033,6,5,7,1942,0,0,0,NA,0,20A33,SERRANO AV,8TH ST,5,S,N,A,-,N,NA,NA,NA,NA,NA,NA,NA,NA,NA,N,4,0,1,2,A,-,09,21804,A,N,D,C,A,A,H,-,A,A,0,NA,NA,Y,NA,Y,NA,C,03,0,0,1,0,0,0,0,0,1,-,-,NA,NA,LOS ANGELES,LOS ANGELES,-118.30657958984376,34.057674407958984
8849836,2019,2019-04-24,1942,2019-04-11,1910,38613,1902,4,5,7,1942,0,0,0,NA,0,19A7,FOOTHILL BL,POLK ST,15,S,N,A,-,N,NA,NA,NA,NA,NA,NA,NA,NA,NA,N,4,0,2,2,A,-,07,21658,A,F,C,-,A,A,H,-,A,A,0,NA,NA,NA,NA,Y,NA,-,99,0,0,2,0,0,0,0,0,0,-,-,NA,NA,LOS ANGELES,LOS ANGELES,-118.44075012207033,34.315521240234375
8849837,2019,2019-04-26,1942,2019-04-04,2230,41376,1483,4,5,7,1942,0,0,0,N,0,14A73,LINCOLN BL,MANCHESTER BL,217,S,N,A,-,N,NA,NA,NA,NA,NA,NA,NA,NA,NA,Y,2,0,1,2,A,-,05,21651,A,N,D,C,A,A,H,-,C,A,0,NA,NA,Y,NA,Y,NA,A,01,1,0,0,0,0,0,0,0,1,-,-,NA,NA,LOS ANGELES,LOS ANGELES,-118.41885375976564,33.95941162109375
8849840,2019,2019-04-24,1942,2019-01-09,1650,32264,1655,3,5,7,1942,0,0,0,P,0,16X78,SUNLAND BL,WHEATLAND AV,30,E,N,A,-,N,NA,NA,NA,NA,NA,NA,NA,NA,NA,N,4,0,1,2,A,-,03,22350,NA,F,C,C,A,A,H,-,A,D,0,NA,NA,NA,NA,Y,NA,-,99,0,0,1,0,0,0,0,0,0,-,-,NA,NA,LOS ANGELES,LOS ANGELES,-118.35736083984376,34.247047424316406
8849841,2019,2019-04-29,1920,2019-03-01,1658,12645,NA,5,5,6,1920,0,0,0,NA,0,NA,FLORENCE AV,SMALLWOOD AV,0,NA,Y,A,-,N,NA,NA,NA,NA,NA,NA,NA,NA,NA,Y,4,0,3,2,A,-,09,21801,A,N,D,C,A,A,H,-,A,D,0,NA,NA,NA,NA,Y,NA,A,01,0,0,3,0,0,0,0,0,0,-,-,NA,NA,LOS ANGELES,DOWNEY,-118.13324737548828,33.95515823364258
8849845,2019,2019-04-29,1920,2019-03-21,1259,13833,1920,4,5,6,1920,0,0,0,NA,0,006,LAKEWOOD BL,CLETA ST,0,NA,Y,A,-,N,NA,NA,NA,NA,NA,NA,NA,NA,NA,Y,4,0,3,2,A,-,09,21801,A,N,B,C,A,A,H,-,A,A,0,NA,NA,NA,NA,Y,NA,A,01,0,0,3,0,0,0,0,0,0,-,-,NA,NA,LOS ANGELES,DOWNEY,-118.12773895263672,33.930870056152344
8849846,2019,2019-05-10,1920,2019-03-04,0658,11792,1920,1,5,6,1920,0,0,0,NA,0,006,PARAMOUNT BL,LEEDS ST,0,NA,Y,A,-,N,NA,NA,NA,NA,NA,NA,NA,NA,NA,Y,4,0,1,4,A,-,03,22350,NA,N,C,C,A,A,H,-,A,D,0,NA,NA,NA,NA,Y,NA,A,01,0,0,1,0,0,0,0,0,0,-,-,NA,NA,LOS ANGELES,DOWNEY,-118.15119934082033,33.92509078979492
8849849,2019,2019-04-29,1920,2019-03-04,1851,13118,1920,1,5,6,1920,0,0,0,NA,0,006,PARAMOUNT BL,GARDENDALE ST,0,NA,Y,A,-,N,NA,NA,NA,NA,NA,NA,NA,NA,NA,N,3,0,1,2,A,-,09,21801,A,N,D,C,A,A,H,-,C,A,0,NA,NA,NA,NA,Y,NA,A,01,0,1,0,0,0,0,0,0,0,-,-,NA,NA,LOS ANGELES,DOWNEY,-118.15702056884766,33.91741180419922
8849853,2019,2019-04-29,1920,2019-03-03,0834,12605,DOWNE,7,5,6,1920,0,0,0,NA,0,003,DOS RIOS RD,SHADYOAK DR,0,NA,Y,A,-,N,NA,NA,NA,NA,NA,NA,NA,NA,NA,N,3,0,1,2,A,-,21,22106,NA,N,G,B,B,A,H,-,A,D,0,Y,NA,NA,NA,Y,NA,A,01,0,1,0,0,1,0,0,0,0,-,-,NA,NA,LOS ANGELES,DOWNEY,-118.13292694091795,33.968589782714844
8849857,2019,2019-05-10,1920,2019-03-11,1723,13118,1920,1,5,6,1920,0,0,0,NA,0,003,FLORENCE AV,TECUM RD,362,E,N,B,-,N,NA,NA,NA,NA,NA,NA,NA,NA,NA,Y,4,0,1,2,A,-,09,21801,A,N,D,C,A,A,H,-,A,D,0,NA,NA,NA,NA,Y,NA,A,01,0,0,1,0,0,0,0,0,0,-,-,NA,NA,LOS ANGELES,DOWNEY,-118.13949584960938,33.95832443237305
8849861,2019,2019-04-29,1920,2019-03-13,0758,12609,1920,3,5,6,1920,0,0,0,NA,0,005,BROOKSHIRE AV,CIVIC CENTER DR,204,S,N,A,-,N,NA,NA,NA,NA,NA,NA,NA,NA,NA,N,4,0,2,2,A,-,08,22107,NA,N,H,C,A,A,H,-,A,D,0,NA,NA,NA,NA,Y,NA,A,07,0,0,2,0,0,0,0,0,0,-,-,NA,NA,LOS ANGELES,DOWNEY,-118.12791442871094,33.94045639038086
8849866,2019,2019-04-29,1920,2019-03-14,2357,13635,NA,4,5,6,1920,0,0,0,NA,0,003,OLD RIVER SCHOOL RD,FIRESTONE BL,0,NA,Y,A,-,N,NA,NA,NA,NA,NA,NA,NA,NA,NA,Y,4,0,2,2,A,-,12,21453,A,N,D,C,A,A,H,-,C,A,0,NA,NA,NA,NA,Y,NA,A,01,0,0,2,0,0,0,0,0,0,-,-,NA,NA,LOS ANGELES,DOWNEY,-118.14900207519533,33.94718933105469
8849869,2019,2019-04-29,1920,2019-03-27,0619,13833,1920,3,5,6,1920,0,0,0,NA,0,005,LAKEWOOD BL,FIRESTONE BL,0,NA,Y,A,-,N,NA,NA,NA,NA,NA,NA,NA,NA,NA,Y,4,0,1,2,A,-,09,21801,A,N,B,C,A,A,H,-,B,A,0,NA,NA,NA,NA,Y,NA,A,01,0,0,1,0,0,0,0,0,0,-,-,NA,NA,LOS ANGELES,DOWNEY,-118.1240234375,33.93553161621094
8849870,2019,2019-04-29,1920,2019-03-14,1621,11992,NA,4,5,6,1920,0,0,0,NA,0,006,BROOKSHIRE AV,BOYSON ST,90,N,N,A,-,N,NA,NA,NA,NA,NA,NA,NA,NA,NA,Y,3,0,2,2,A,-,08,22107,NA,N,C,E,A,A,H,-,A,A,0,NA,NA,NA,NA,Y,NA,A,01,0,1,1,0,0,0,0,0,0,-,-,NA,NA,LOS ANGELES,DOWNEY,-118.1391372680664,33.925559997558594
8849873,2019,2019-04-29,1920,2019-03-25,1330,13833,1920,1,5,6,1920,0,0,0,NA,0,005,LAKEWOOD BL,CHEROKEE DR,0,NA,Y,A,-,N,NA,NA,NA,NA,NA,NA,NA,NA,NA,Y,4,0,1,3,A,-,09,21801,A,N,A,C,A,A,H,-,A,A,0,NA,NA,NA,NA,Y,NA,A,01,0,0,1,0,0,0,0,0,0,-,-,NA,NA,LOS ANGELES,DOWNEY,-118.11953735351564,33.943199157714844
8849874,2019,2019-04-30,1920,2019-03-04,0540,12476,NA,1,5,6,1920,0,0,0,NA,0,006,STEWART AND GRAY RD,ORIZABA AV,75,E,N,A,-,N,NA,NA,NA,NA,NA,NA,NA,NA,NA,Y,4,0,2,4,A,-,09,21804,A,N,B,C,A,A,H,-,B,D,0,NA,NA,NA,NA,Y,NA,A,01,0,0,2,0,0,0,0,0,0,-,-,NA,NA,LOS ANGELES,DOWNEY,-118.14111328125,33.93336868286133
8849877,2019,2019-04-29,1920,2019-03-24,1340,10216,NA,7,5,6,1920,0,0,0,NA,0,003,PARAMOUNT BL,SUVA ST,0,NA,Y,B,-,N,NA,NA,NA,NA,NA,NA,NA,NA,NA,Y,4,0,1,2,A,-,09,21801,A,N,D,C,A,A,H,-,A,A,0,NA,NA,NA,NA,Y,NA,A,01,0,0,1,0,0,0,0,0,0,-,-,NA,NA,LOS ANGELES,DOWNEY,-118.12531280517578,33.95989990234375
8849878,2019,2019-04-30,1920,2019-03-13,1230,12476,NA,3,5,6,1920,0,0,0,NA,0,006,BROOKSHIRE AV,CLETA ST,0,NA,Y,A,-,N,NA,NA,NA,NA,NA,NA,NA,NA,NA,Y,3,0,3,2,A,-,09,21802,A,N,D,C,A,A,H,-,A,A,0,NA,NA,NA,NA,Y,NA,A,01,0,2,1,0,0,0,0,0,0,-,-,NA,NA,LOS ANGELES,DOWNEY,-118.1333465576172,33.933380126953125
8849881,2019,2019-04-29,1920,2019-03-25,1412,13833,1920,1,5,6,1920,0,0,0,NA,0,006,IMPERIAL HWY,PARAMOUNT BL,0,NA,N,A,-,N,NA,NA,NA,NA,NA,NA,NA,NA,NA,Y,3,0,1,1,B,-,22,NA,NA,N,E,I,A,A,H,-,A,D,0,NA,NA,NA,NA,Y,NA,A,08,0,1,0,0,0,0,0,0,0,-,-,NA,NA,LOS ANGELES,DOWNEY,-118.15200042724608,33.9240608215332
8849882,2019,2019-06-07,1920,2019-03-09,1233,11792,1920,6,5,6,1920,0,0,0,NA,0,001,BELLFLOWER BL,RT 105,0,NA,Y,A,-,Y,LA,7,105,-,R,16.379,R,4,E,Y,4,0,1,2,A,-,12,21453,A,N,D,C,A,A,H,-,A,A,0,NA,NA,NA,NA,Y,NA,A,07,0,0,1,0,0,0,0,0,0,-,-,NA,NA,LOS ANGELES,DOWNEY,-118.12992095947266,33.91297912597656
8849885,2019,2019-04-30,1920,2019-03-21,1502,12609,1920,4,5,6,1920,0,0,0,NA,0,006,LAKEWOOD BL,FIRESTONE BL,0,NA,Y,A,-,N,NA,NA,NA,NA,NA,NA,NA,NA,NA,Y,4,0,4,2,D,-,00,NA,NA,N,D,C,A,A,H,-,A,A,0,NA,NA,NA,NA,Y,NA,-,-,0,0,4,0,0,0,0,0,0,-,-,NA,NA,LOS ANGELES,DOWNEY,-118.1240234375,33.93553161621094
8849886,2019,2019-04-30,1920,2019-03-16,0909,11992,NA,6,5,6,1920,0,0,0,NA,0,002,FIRESTONE BL,RYERSON AV,1221,W,N,A,-,N,NA,NA,NA,NA,NA,NA,NA,NA,NA,Y,2,0,1,2,A,-,06,21755,NA,N,C,C,A,A,H,-,A,A,0,NA,NA,Y,NA,Y,NA,C,02,1,0,0,0,0,0,0,0,1,-,-,NA,NA,LOS ANGELES,DOWNEY,-118.15840911865234,33.94839096069336
8849889,2019,2019-04-29,1920,2019-03-27,1113,13833,1920,3,5,6,1920,0,0,0,NA,0,006,DOWNEY AV,CLETA ST,175,N,N,A,-,N,NA,NA,NA,NA,NA,NA,NA,NA,NA,Y,3,0,1,2,A,-,09,21804,A,N,B,C,A,A,H,-,A,D,0,NA,NA,NA,NA,Y,NA,A,01,0,1,0,0,0,0,0,0,0,-,-,NA,NA,LOS ANGELES,DOWNEY,-118.13631439208984,33.935302734375
8849890,2019,2019-04-29,1920,2019-03-16,2330,12645,NA,6,5,6,1920,0,0,0,NA,0,NA,IMPERIAL HWY,ADENMOOR AV,0,NA,Y,A,-,N,NA,NA,NA,NA,NA,NA,NA,NA,NA,Y,4,0,1,2,A,-,03,22350,NA,M,C,C,A,A,H,-,C,D,0,NA,NA,NA,NA,Y,NA,A,01,0,0,1,0,0,0,0,0,0,-,-,NA,NA,LOS ANGELES,DOWNEY,-118.12370300292967,33.917030334472656
8849893,2019,2019-04-29,1920,2019-03-28,0611,13833,1920,4,5,6,1920,0,0,0,NA,0,004,STUDEBAKER RD,FLORENCE AV,0,NA,Y,A,-,N,NA,NA,NA,NA,NA,NA,NA,NA,NA,N,4,0,1,2,A,-,03,22350,NA,N,C,C,A,A,H,-,A,A,0,NA,NA,NA,NA,Y,NA,A,01,0,0,1,0,0,0,0,0,0,-,-,NA,NA,LOS ANGELES,DOWNEY,-118.09673309326172,33.93706130981445
8849894,2019,2019-04-29,1920,2019-03-07,0910,12609,NA,4,5,6,1920,0,0,0,NA,0,004,FLORENCE AV,LAKEWOOD BL,30,E,N,A,-,N,NA,NA,NA,NA,NA,NA,NA,NA,NA,N,4,0,1,2,A,-,08,22107,NA,N,E,I,A,A,H,-,A,A,0,NA,NA,NA,NA,Y,NA,A,01,0,0,1,0,0,0,0,0,0,-,-,NA,NA,LOS ANGELES,DOWNEY,-118.1171646118164,33.94746017456055
8849897,2019,2019-04-29,1920,2019-03-20,1838,13118,1920,3,5,6,1920,0,0,0,NA,0,001,LAKEWOOD BL,APOLLO WY,128,S,N,A,-,N,NA,NA,NA,NA,NA,NA,NA,NA,NA,N,4,0,1,2,A,-,03,22350,NA,N,C,C,A,A,H,-,D,A,0,NA,NA,NA,NA,Y,NA,A,01,0,0,1,0,0,0,0,0,0,-,-,NA,NA,LOS ANGELES,DOWNEY,-118.13385772705078,33.922237396240234
8849898,2019,2019-04-29,1920,2019-03-09,0947,11792,1920,6,5,6,1920,0,0,0,NA,0,006,PARAMOUNT BL,BROOKMILL RD,0,NA,Y,A,-,N,NA,NA,NA,NA,NA,NA,NA,NA,NA,Y,3,0,2,2,A,-,03,22350,NA,N,C,C,A,A,H,-,A,D,0,NA,NA,NA,NA,Y,NA,A,01,0,1,1,0,0,0,0,0,0,-,-,NA,NA,LOS ANGELES,DOWNEY,-118.14147186279295,33.93793869018555
8849901,2019,2019-04-29,1920,2019-03-28,1900,12645,NA,4,5,6,1920,0,0,0,NA,0,NA,FLORENCE AV,CASANES AV,0,NA,Y,A,-,N,NA,NA,NA,NA,NA,NA,NA,NA,NA,Y,4,0,1,2,A,-,09,21802,A,N,D,C,A,A,H,-,B,D,0,NA,NA,NA,NA,Y,NA,A,01,0,0,1,0,0,0,0,0,0,-,-,NA,NA,LOS ANGELES,DOWNEY,-118.10684967041016,33.942020416259766
8849902,2019,2019-04-29,1920,2019-03-09,1052,11792,1920,6,5,6,1920,0,0,0,NA,0,005,LAKEWOOD BL,FLORENCE AV,0,NA,Y,A,-,N,NA,NA,NA,NA,NA,NA,NA,NA,NA,N,4,0,3,3,A,-,03,22350,NA,N,C,C,A,A,H,-,A,D,0,NA,NA,NA,NA,Y,NA,A,01,0,0,3,0,0,0,0,0,0,-,-,NA,NA,LOS ANGELES,DOWNEY,-118.11724853515624,33.9474983215332
8849905,2019,2019-04-29,1920,2019-03-22,1544,12609,1920,5,5,6,1920,0,0,0,NA,0,003,FLORENCE AV,PARAMOUNT BL,133,W,N,A,-,N,NA,NA,NA,NA,NA,NA,NA,NA,NA,N,4,0,1,2,A,-,03,22350,NA,M,C,C,A,A,H,-,A,A,0,NA,NA,NA,NA,Y,NA,A,01,0,0,1,0,0,0,0,0,0,-,-,NA,NA,LOS ANGELES,DOWNEY,-118.13042449951172,33.9537353515625
8849906,2019,2019-04-29,1920,2019-03-17,2230,13646,NA,7,5,6,1920,0,0,0,NA,0,003,OLD RIVER SCHOOL RD,COUNTRY CLUB DR,164,N,N,A,-,N,NA,NA,NA,NA,NA,NA,NA,NA,NA,Y,3,0,2,3,A,-,01,23152,A,N,D,C,A,A,H,-,C,A,0,NA,NA,NA,NA,Y,Y,A,01,0,2,0,0,0,0,0,0,0,-,-,NA,NA,LOS ANGELES,DOWNEY,-118.14512634277344,33.95257568359375
8849909,2019,2019-04-29,1920,2019-03-01,0829,11792,1920,5,5,6,1920,0,0,0,NA,0,005,LAKEWOOD BL,GALLATIN RD,0,NA,Y,A,-,N,NA,NA,NA,NA,NA,NA,NA,NA,NA,N,4,0,1,2,A,-,08,22107,NA,N,E,I,A,A,H,-,A,A,0,NA,NA,NA,NA,Y,NA,A,08,0,0,1,0,0,0,0,0,0,-,-,NA,NA,LOS ANGELES,DOWNEY,-118.11367797851564,33.95438003540039
8849910,2019,2019-04-29,1920,2019-03-18,1908,13118,1920,1,5,6,1920,0,0,0,NA,0,001,IMPERIAL HWY,BENEDICT AV,0,NA,Y,A,-,N,NA,NA,NA,NA,NA,NA,NA,NA,NA,Y,3,0,1,2,A,-,09,21801,A,M,D,C,A,A,H,-,C,D,0,NA,NA,Y,NA,Y,NA,A,01,0,1,0,0,0,0,0,0,1,-,-,NA,NA,LOS ANGELES,DOWNEY,-118.11888885498048,33.91704177856445
8849914,2019,2019-04-29,1920,2019-03-09,1650,12645,NA,6,5,6,1920,0,0,0,NA,0,NA,DOWNEY AV,FONTANA ST,15,S,N,A,-,N,NA,NA,NA,NA,NA,NA,NA,NA,NA,N,4,0,1,2,A,-,10,21950,A,N,G,B,B,A,H,-,A,A,0,Y,NA,NA,NA,Y,NA,A,01,0,0,1,0,1,0,0,0,0,-,-,NA,NA,LOS ANGELES,DOWNEY,-118.13824462890624,33.932655334472656
8849917,2019,2019-04-29,1920,2019-03-24,1839,13118,1920,7,5,6,1920,0,0,0,NA,0,006,GARDENDALE ST,BROOKSHIRE AV,0,NA,Y,A,-,N,NA,NA,NA,NA,NA,NA,NA,NA,NA,N,3,0,1,2,A,-,12,21453,A,N,G,G,A,A,H,-,A,A,0,NA,Y,NA,NA,Y,NA,L,04,0,1,0,0,0,0,1,0,0,-,-,NA,NA,LOS ANGELES,DOWNEY,-118.14881134033205,33.913490295410156
8849918,2019,2019-04-29,1920,2019-03-06,1114,11992,NA,3,5,6,1920,0,0,0,NA,0,006,DOWNEY AV,LUXOR ST,0,NA,Y,B,C,N,NA,NA,NA,NA,NA,NA,NA,NA,NA,Y,3,0,2,2,A,-,09,21802,A,N,D,C,A,B,H,-,A,A,0,NA,NA,NA,NA,Y,NA,A,01,0,1,1,0,0,0,0,0,0,-,-,NA,NA,LOS ANGELES,DOWNEY,-118.13722229003906,33.93402862548828
8849921,2019,2019-05-01,1920,2019-02-20,1740,13118,1920,3,5,6,1920,0,0,0,NA,0,005,FLORENCE AV,BROOKSHIRE AV,274,E,N,C,-,N,NA,NA,NA,NA,NA,NA,NA,NA,NA,Y,4,0,1,2,A,-,03,22350,NA,N,C,C,A,B,H,-,C,A,0,NA,NA,NA,NA,Y,NA,A,07,0,0,1,0,0,0,0,0,0,-,-,NA,NA,LOS ANGELES,DOWNEY,-118.12106323242188,33.94945526123047
8849922,2019,2019-04-30,1920,2019-02-24,0340,12645,NA,7,5,6,1920,0,0,0,NA,0,NA,BROOKSHIRE AV,STEWART AND GRAY RD,0,NA,Y,A,-,N,NA,NA,NA,NA,NA,NA,NA,NA,NA,Y,3,0,2,2,A,-,01,23152,A,N,D,C,A,A,H,-,C,A,0,NA,NA,NA,NA,Y,Y,A,01,0,1,1,0,0,0,0,0,0,-,-,NA,NA,LOS ANGELES,DOWNEY,-118.13533782958984,33.93069839477539
8849925,2019,2019-05-01,1920,2019-02-19,1330,12605,DOWNE,2,5,6,1920,0,0,0,NA,0,001,IMPERIAL HWY,WOODRUFF AV,40,E,N,A,-,N,NA,NA,NA,NA,NA,NA,NA,NA,NA,Y,4,0,2,2,A,-,01,23153,A,N,C,C,A,A,H,-,A,A,0,NA,NA,NA,NA,Y,Y,A,01,0,0,2,0,0,0,0,0,0,-,-,NA,NA,LOS ANGELES,DOWNEY,-118.11686706542967,33.9168586730957
8849926,2019,2019-04-30,1920,2019-02-23,1639,13376,NA,6,5,6,1920,0,0,0,NA,0,002,BRUNACHE ST,RIVES AV,0,NA,Y,A,-,N,NA,NA,NA,NA,NA,NA,NA,NA,NA,N,4,0,1,2,A,-,06,21750,NA,N,G,G,A,A,H,-,A,D,0,NA,Y,NA,NA,Y,NA,L,04,0,0,1,0,0,0,1,0,0,-,-,NA,NA,LOS ANGELES,DOWNEY,-118.14955902099608,33.9350700378418
8849933,2019,2019-05-01,1942,2019-02-24,2300,43476,1487,7,5,7,1942,0,0,0,N,0,14A27,SEPULVEDA BL,WESTCHESTER PKWY,0,NA,Y,A,-,N,NA,NA,NA,NA,NA,NA,NA,NA,NA,Y,4,0,1,2,A,-,09,21801,A,F,A,C,A,A,H,-,C,A,0,NA,NA,NA,NA,Y,NA,-,99,0,0,1,0,0,0,0,0,0,-,-,NA,NA,LOS ANGELES,LOS ANGELES,-118.39620971679688,33.95460891723633
8849934,2019,2019-05-03,1920,2019-03-09,1843,12645,NA,6,5,6,1920,0,0,0,NA,0,NA,IMPERIAL HWY,COLUMBIA WY,0,NA,Y,A,-,N,NA,NA,NA,NA,NA,NA,NA,NA,NA,Y,4,0,1,2,A,-,09,21801,A,N,D,C,A,A,H,-,C,A,0,NA,NA,NA,NA,Y,NA,A,01,0,0,1,0,0,0,0,0,0,-,-,NA,NA,LOS ANGELES,DOWNEY,-118.13414764404295,33.91701126098633
8849941,2019,2019-05-01,1942,2019-02-26,0700,43681,0719,2,5,7,1942,0,0,0,G,0,20A33,LARCHMONT BL,BEVERLY BL,395,N,N,A,-,N,NA,NA,NA,NA,NA,NA,NA,NA,NA,Y,4,0,1,2,A,-,08,22100,A,N,B,C,A,A,H,-,A,D,0,NA,NA,Y,NA,Y,NA,A,01,0,0,1,0,0,0,0,0,1,-,-,NA,NA,LOS ANGELES,LOS ANGELES,-118.32363891601564,34.07730484008789
8849945,2019,2019-05-01,1920,2019-02-20,1418,12609,1920,3,5,6,1920,0,0,0,NA,0,005,FLORENCE AV,LA REINA AV,0,NA,Y,A,-,N,NA,NA,NA,NA,NA,NA,NA,NA,NA,N,4,0,1,2,A,-,05,21650,NA,N,D,G,A,A,H,-,A,D,0,NA,Y,NA,NA,Y,NA,L,04,0,0,1,0,0,0,1,0,0,-,-,NA,NA,LOS ANGELES,DOWNEY,-118.12687683105467,33.95199966430664
8849946,2019,2019-04-30,1920,2019-03-03,1703,13498,NA,7,5,6,1920,0,0,0,NA,0,NA,FLORENCE AV,LITTLE LAKE RD,180,W,N,B,-,N,NA,NA,NA,NA,NA,NA,NA,NA,NA,Y,4,0,2,3,A,-,04,21703,NA,N,C,C,A,A,H,-,A,A,0,NA,NA,NA,NA,Y,NA,A,01,0,0,2,0,0,0,0,0,0,-,-,NA,NA,LOS ANGELES,DOWNEY,-118.09946441650392,33.93852233886719
8849949,2019,2019-05-01,1920,2019-02-21,1300,11992,NA,4,5,6,1920,0,0,0,NA,0,003,PARAMOUNT BL,TELEGRAPH RD,0,NA,Y,A,-,N,NA,NA,NA,NA,NA,NA,NA,NA,NA,Y,3,0,1,2,D,-,00,NA,NA,N,D,C,A,A,H,-,A,A,0,NA,NA,NA,NA,Y,NA,-,-,0,1,0,0,0,0,0,0,0,-,-,NA,NA,LOS ANGELES,DOWNEY,-118.11578369140624,33.967071533203125
8849953,2019,2019-05-01,1920,2019-02-18,1309,12476,NA,1,5,6,1920,0,0,0,NA,0,004,CECILIA ST,SHELLYFIELD RD,0,NA,Y,A,-,N,NA,NA,NA,NA,NA,NA,NA,NA,NA,Y,3,0,2,2,A,-,09,21802,A,N,B,C,A,A,H,-,A,A,0,NA,NA,NA,NA,Y,NA,A,07,0,1,1,0,0,0,0,0,0,-,-,NA,NA,LOS ANGELES,DOWNEY,-118.12068939208984,33.93846130371094
8849957,2019,2019-05-01,1920,2019-02-18,1110,12476,NA,1,5,6,1920,0,0,0,NA,0,004,FLORENCE AV,ARRINGTON AV,0,NA,Y,A,-,N,NA,NA,NA,NA,NA,NA,NA,NA,NA,Y,4,0,1,2,A,-,09,21802,A,N,D,C,A,A,H,-,A,A,0,NA,NA,Y,NA,Y,NA,A,01,0,0,1,0,0,0,0,0,1,-,-,NA,NA,LOS ANGELES,DOWNEY,-118.11605834960938,33.94694137573242
8849961,2019,2019-05-01,1920,2019-02-15,1113,11792,1920,5,5,6,1920,0,0,0,NA,0,001,STEWART AND GRAY RD,WOODRUFF AV,343,W,N,B,-,N,NA,NA,NA,NA,NA,NA,NA,NA,NA,Y,3,0,1,1,A,-,03,22350,NA,N,E,I,A,A,H,-,A,D,0,NA,NA,Y,NA,Y,NA,C,02,0,1,0,0,0,0,0,0,1,-,-,NA,NA,LOS ANGELES,DOWNEY,-118.11781311035156,33.92768859863281