CASE_ID,ACCIDENT_YEAR,PROC_DATE,JURIS,COLLISION_DATE,COLLISION_TIME,OFFICER_ID,REPORTING_DISTRICT,DAY_OF_WEEK,CHP_SHIFT,POPULATION,CNTY_CITY_LOC,SPECIAL_COND,BEAT_TYPE,CHP_BEAT_TYPE,CITY_DIVISION_LAPD,CHP_BEAT_CLASS,BEAT_NUMBER,PRIMARY_RD,SECONDARY_RD,DISTANCE,DIRECTION,INTERSECTION,WEATHER_1,WEATHER_2,STATE_HWY_IND,CALTRANS_COUNTY,CALTRANS_DISTRICT,STATE_ROUTE,ROUTE_SUFFIX,POSTMILE_PREFIX,POSTMILE,LOCATION_TYPE,RAMP_INTERSECTION,SIDE_OF_HWY,TOW_AWAY,COLLISION_SEVERITY,NUMBER_KILLED,NUMBER_INJURED,PARTY_COUNT,PRIMARY_COLL_FACTOR,PCF_CODE_OF_VIOL,PCF_VIOL_CATEGORY,PCF_VIOLATION,PCF_VIOL_SUBSECTION,HIT_AND_RUN,TYPE_OF_COLLISION,MVIW,PED_ACTION,ROAD_SURFACE,ROAD_COND_1,ROAD_COND_2,LIGHTING,CONTROL_DEVICE,CHP_ROAD_TYPE,PEDESTRIAN_ACCIDENT,BICYCLE_ACCIDENT,MOTORCYCLE_ACCIDENT,TRUCK_ACCIDENT,NOT_PRIVATE_PROPERTY,ALCOHOL_INVOLVED,STWD_VEHTYPE_AT_FAULT,CHP_VEHTYPE_AT_FAULT,COUNT_SEVERE_INJ,COUNT_VISIBLE_INJ,COUNT_COMPLAINT_PAIN,COUNT_PED_KILLED,COUNT_PED_INJURED,COUNT_BICYCLIST_KILLED,COUNT_BICYCLIST_INJURED,COUNT_MC_KILLED,COUNT_MC_INJURED,PRIMARY_RAMP,SECONDARY_RAMP,LATITUDE,LONGITUDE,COUNTY,CITY,POINT_X,POINT_Y
8850220,2019,2019-05-01,1900,2019-04-02,1440,514671,2619,2,5,6,1950,0,0,0,NA,0,263T1,10TH ST WEST,RT 14,245,N,N,A,-,N,NA,NA,NA,NA,NA,NA,NA,NA,NA,N,4,0,1,2,A,-,07,21658,A,N,D,C,A,A,H,-,A,D,0,NA,NA,NA,NA,Y,NA,A,01,0,0,1,0,0,0,0,0,0,-,-,NA,NA,LOS ANGELES,PALMDALE,-118.47940826416016,34.01966857910156
8850223,2019,2019-04-29,1922,2019-04-14,0848,659,NA,7,5,6,1922,0,0,0,NA,0,001,BROCKWAY ST,SANTA ANITA AV,0,NA,Y,A,-,N,NA,NA,NA,NA,NA,NA,NA,NA,NA,N,3,0,1,2,A,-,08,22107,NA,N,G,B,B,A,H,-,A,A,0,Y,NA,NA,NA,Y,NA,A,01,0,1,0,0,1,0,0,0,0,-,-,37.06916046142578,-118.04219818115234,LOS ANGELES,EL MONTE,-118.04216003417967,34.06911849975586
8850227,2019,2019-04-29,1922,2019-04-08,2348,671,4,1,5,6,1922,0,0,0,NA,0,004,KLINGERMAN ST,MAXSON RD,20,E,N,A,-,N,NA,NA,NA,NA,NA,NA,NA,NA,NA,N,2,0,1,2,A,-,00,20001,A,F,D,G,A,A,H,-,C,D,0,NA,Y,NA,NA,Y,Y,A,07,1,0,0,0,0,0,1,0,0,-,-,34.05213165283203,-118.0251922607422,LOS ANGELES,EL MONTE,-118.02511596679688,34.052040100097656
8850228,2019,2019-04-30,1900,2019-04-01,1553,617763,2611,1,5,6,1950,0,0,0,NA,0,263T1,DIVISION ST,AVENJE Q-10,0,NA,Y,A,-,N,NA,NA,NA,NA,NA,NA,NA,NA,NA,Y,4,0,1,2,A,-,09,21802,A,N,A,C,A,A,H,-,A,A,0,NA,NA,NA,NA,Y,NA,A,01,0,0,1,0,0,0,0,0,0,-,-,NA,NA,LOS ANGELES,PALMDALE,-118.12946,34.57787
8850231,2019,2019-05-10,1975,2019-04-12,1226,455,CITRO,5,5,6,1975,0,0,0,NA,0,005,W FRANCISQUITO AV,SUNSET AV,10,E,N,A,-,N,NA,NA,NA,NA,NA,NA,NA,NA,NA,N,3,0,1,2,A,-,10,21950,A,N,G,G,A,A,H,-,A,D,0,NA,Y,NA,NA,Y,NA,-,NA,0,1,0,0,0,0,1,0,0,-,-,NA,NA,LOS ANGELES,WEST COVINA,-117.9541244506836,34.05385208129883
8850232,2019,2019-04-30,1900,2019-04-07,1530,546525,2607,7,5,6,1950,0,0,0,NA,0,262T1,CHRISTENSEN CT,PACIFICA AV,100,N,N,A,-,N,NA,NA,NA,NA,NA,NA,NA,NA,NA,N,4,0,1,2,D,-,00,NA,NA,N,C,B,D,A,H,-,A,A,0,Y,NA,NA,NA,Y,NA,-,-,0,0,1,0,1,0,0,0,0,-,-,34.56623077392578,-118.04277801513672,LOS ANGELES,PALMDALE,-118.0428466796875,34.56611251831055
8850235,2019,2019-04-29,1975,2019-04-09,0757,454,NA,2,5,6,1975,0,0,0,NA,0,001,PUENTE AV,MORADA AV,0,NA,Y,A,-,N,NA,NA,NA,NA,NA,NA,NA,NA,NA,Y,3,0,1,1,A,-,01,23152,A,N,E,I,A,A,H,-,A,D,0,NA,NA,NA,NA,Y,Y,-,NA,0,1,0,0,0,0,0,0,0,-,-,NA,NA,LOS ANGELES,WEST COVINA,-117.92823028564452,34.082740783691406
8850236,2019,2019-04-30,1900,2019-04-02,2350,476226,2608,2,5,6,1950,0,0,0,NA,0,263T1,AVENUE S,37TH ST EAST,100,E,N,A,-,N,NA,NA,NA,NA,NA,NA,NA,NA,NA,Y,4,0,1,2,A,-,01,23152,A,N,C,C,A,A,H,-,C,A,0,NA,NA,NA,NA,Y,Y,A,01,0,0,1,0,0,0,0,0,0,-,-,34.55807876586914,-118.06233978271484,LOS ANGELES,PALMDALE,-118.0622787475586,34.5581169128418
8850239,2019,2019-04-29,1975,2019-04-12,1522,686,CITRU,5,5,6,1975,0,0,0,NA,0,005,AZUSA AV,AMAR RD,0,NA,Y,A,-,N,NA,NA,NA,NA,NA,NA,NA,NA,NA,N,4,0,1,2,A,-,10,21950,A,F,-,B,B,A,H,-,A,A,0,Y,NA,NA,NA,Y,NA,A,01,0,0,1,0,1,0,0,0,0,-,-,NA,NA,LOS ANGELES,WEST COVINA,-117.9148178100586,34.03145980834961
8850240,2019,2019-04-30,1900,2019-04-03,0610,527069,2619,3,5,6,1950,0,0,0,NA,0,261T1,RANCHO VISTA BL,PALMDALE PROMENADE,0,NA,Y,A,-,N,NA,NA,NA,NA,NA,NA,NA,NA,NA,N,4,0,1,2,A,-,03,22350,NA,N,C,C,A,A,H,-,C,A,0,NA,NA,NA,NA,Y,NA,A,07,0,0,1,0,0,0,0,0,0,-,-,34.60171890258789,-118.1361083984375,LOS ANGELES,PALMDALE,NA,NA
8850242,2019,2019-05-01,1942,2019-03-18,1625,34882,0745,1,5,7,1942,0,0,0,G,0,7A33,OLYMPIC BL,RIDGELEY DR,138,E,N,A,-,N,NA,NA,NA,NA,NA,NA,NA,NA,NA,N,2,0,3,1,A,-,03,22350,NA,N,E,I,A,A,H,-,A,D,0,NA,NA,NA,NA,Y,NA,A,01,1,1,1,0,0,0,0,0,0,-,-,NA,NA,LOS ANGELES,LOS ANGELES,-118.35204315185548,34.057373046875
8850243,2019,2019-05-08,1942,2019-04-10,0950,40157,0817,3,5,7,1942,0,0,0,H,0,8A29,KINROSS AV,WESTWOOD BL,15,W,N,A,-,N,NA,NA,NA,NA,NA,NA,NA,NA,NA,N,4,0,1,2,A,-,07,21658,A,N,B,C,A,A,H,-,A,A,0,NA,NA,NA,Y,Y,NA,A,01,0,0,1,0,0,0,0,0,0,-,-,NA,NA,LOS ANGELES,LOS ANGELES,-118.44551849365234,34.06077575683594
8850244,2019,2019-05-02,1942,2019-03-25,1645,37468,2081,1,5,7,1942,0,0,0,NA,0,20A16,VENICE BL,WILTON PL,0,NA,Y,A,-,N,NA,NA,NA,NA,NA,NA,NA,NA,NA,N,4,0,1,2,A,-,09,21801,A,N,D,C,A,A,H,-,A,A,0,NA,NA,NA,NA,Y,NA,D,22,0,0,1,0,0,0,0,0,0,-,-,NA,NA,LOS ANGELES,LOS ANGELES,-118.31446075439452,34.04356002807617
8850251,2019,2019-05-09,1942,2019-04-09,0750,40530,0762,2,5,7,1942,0,0,0,G,0,0701,PICO BL,POINT VIEW ST,0,NA,Y,A,-,N,NA,NA,NA,NA,NA,NA,NA,NA,NA,N,3,0,1,2,A,-,09,21801,A,N,B,C,A,A,H,-,A,D,0,NA,NA,NA,NA,Y,NA,A,01,0,1,0,0,0,0,0,0,0,-,-,NA,NA,LOS ANGELES,LOS ANGELES,-118.36995697021484,34.05215072631836
8850252,2019,2019-05-08,1900,2019-04-11,1545,620752,1120,4,5,6,1992,0,0,0,NA,0,111T2,SIERRA HWY,AVENUE G,0,NA,Y,B,-,N,NA,NA,NA,NA,NA,NA,NA,NA,NA,Y,4,0,1,2,A,-,09,21802,A,N,D,C,A,A,H,-,A,A,0,NA,NA,NA,NA,Y,NA,A,01,0,0,1,0,0,0,0,0,0,-,-,NA,NA,LOS ANGELES,LANCASTER,-118.14222717285156,34.73337936401367
8850254,2019,2019-05-16,1942,2019-03-29,0510,43660,1823,5,5,7,1942,0,0,0,R,0,18A3,CENTURY BL,AVALON BL,0,NA,Y,A,-,N,NA,NA,NA,NA,NA,NA,NA,NA,NA,Y,4,0,2,2,A,-,12,21453,A,N,D,C,A,A,H,-,C,A,0,NA,NA,NA,NA,Y,NA,-,-,0,0,2,0,0,0,0,0,0,-,-,NA,NA,LOS ANGELES,LOS ANGELES,-118.2651824951172,33.94561004638672
8850255,2019,2019-05-09,1942,2019-04-05,0020,42860,0765,5,5,7,1942,0,0,0,G,0,7A47,VENICE BL,SAN VICENTE,0,NA,Y,A,-,N,NA,NA,NA,NA,NA,NA,NA,NA,NA,Y,3,0,2,2,A,-,12,21453,A,N,A,C,A,A,H,-,C,A,0,NA,NA,NA,NA,Y,NA,A,07,0,1,1,0,0,0,0,0,0,-,-,NA,NA,LOS ANGELES,LOS ANGELES,-118.3369598388672,34.0471305847168
8850256,2019,2019-05-02,1942,2019-04-06,0912,34959,2024,6,5,7,1942,0,0,0,NA,0,20A33,6TH ST,KINGSLEY DR,0,NA,Y,A,-,N,NA,NA,NA,NA,NA,NA,NA,NA,NA,Y,3,0,3,2,A,-,09,21801,A,N,D,C,A,A,H,-,A,D,0,NA,NA,NA,NA,Y,NA,A,07,0,1,2,0,0,0,0,0,0,-,-,NA,NA,LOS ANGELES,LOS ANGELES,-118.3028564453125,34.06357192993164
8850258,2019,2019-04-30,1942,2019-03-27,1840,40602,05,3,5,7,1942,0,0,0,E,0,5A58,CABRILLO AV,14TH ST,10,W,N,A,-,N,NA,NA,NA,NA,NA,NA,NA,NA,NA,N,2,0,1,2,A,-,11,21954,A,N,B,B,E,A,H,-,A,D,0,Y,NA,NA,NA,Y,Y,N,60,1,0,0,0,1,0,0,0,0,-,-,NA,NA,LOS ANGELES,LOS ANGELES,-118.29460144042967,33.73154067993164
8850259,2019,2019-05-16,1942,2019-04-17,0855,43462,0721,3,5,7,1942,0,0,0,G,0,7A33,3RD ST,ROBERTSON BL,0,NA,Y,A,-,N,NA,NA,NA,NA,NA,NA,NA,NA,NA,N,4,0,1,2,A,-,10,21950,A,N,G,B,B,A,H,-,A,A,0,Y,NA,NA,NA,Y,Y,A,01,0,0,1,0,1,0,0,0,0,-,-,NA,NA,LOS ANGELES,LOS ANGELES,-118.38378143310548,34.0736083984375
8850262,2019,2019-04-30,1942,2019-03-28,1640,35023,0511,4,5,7,1942,0,0,0,E,0,5A26,BELLE PORTE AV,253RD ST,99,S,N,A,-,N,NA,NA,NA,NA,NA,NA,NA,NA,NA,N,3,0,1,2,A,-,11,21956,A,F,G,B,E,A,H,-,A,D,0,Y,NA,NA,NA,Y,Y,N,60,0,1,0,0,1,0,0,0,0,-,-,NA,NA,LOS ANGELES,LOS ANGELES,-118.30118560791016,33.79446792602539
8850263,2019,2019-05-09,1942,2019-04-16,1635,43462,0706,2,5,7,1942,0,0,0,G,0,7A17,HIGHLAND AV,WARING AV,0,NA,Y,A,-,N,NA,NA,NA,NA,NA,NA,NA,NA,NA,Y,4,0,3,2,A,-,09,21801,A,N,D,C,A,A,H,-,A,D,0,NA,NA,NA,NA,Y,Y,A,01,0,0,3,0,0,0,0,0,0,-,-,NA,NA,LOS ANGELES,LOS ANGELES,-118.33859252929688,34.08525848388672
8850267,2019,2019-05-01,1942,2019-04-10,1525,40530,0705,3,5,7,1942,0,0,0,G,0,0701,MELROSE AV,ALTA VISTA ST,60,W,N,A,-,N,NA,NA,NA,NA,NA,NA,NA,NA,NA,N,4,0,1,3,A,-,04,21703,NA,N,C,C,A,A,H,-,A,D,0,NA,NA,NA,NA,Y,NA,A,01,0,0,1,0,0,0,0,0,0,-,-,NA,NA,LOS ANGELES,LOS ANGELES,-118.34765625,34.083534240722656
8850278,2019,2019-04-29,1942,2019-04-04,1730,36286,0778,4,5,7,1942,0,0,0,G,0,20A44,VENICE BL,BRONSON AV,0,NA,Y,A,-,N,NA,NA,NA,NA,NA,NA,NA,NA,NA,N,4,0,2,2,A,-,09,21802,A,N,D,C,A,A,H,-,A,D,0,NA,NA,NA,NA,Y,NA,A,01,0,0,2,0,0,0,0,0,0,-,-,NA,NA,LOS ANGELES,LOS ANGELES,-118.32737731933594,34.044349670410156
8850280,2019,2019-05-02,1942,2019-04-08,0830,34959,1475,1,5,7,1942,0,0,0,N,0,14A73,DUNBARTON AV,ANDOVER LN,43,S,N,A,-,N,NA,NA,NA,NA,NA,NA,NA,NA,NA,N,3,0,1,2,C,-,18,NA,NA,N,H,G,A,A,H,-,A,D,0,NA,Y,NA,NA,Y,NA,-,-,0,1,0,0,0,0,1,0,0,-,-,NA,NA,LOS ANGELES,LOS ANGELES,-118.41017150878906,33.974143981933594
8850284,2019,2019-05-08,1942,2019-04-02,1945,36504,1444,2,5,7,1942,0,0,0,N,0,14A45,WASHINGTON BL,LINCOLN BL,80,W,N,A,-,N,NA,NA,NA,NA,NA,NA,NA,NA,NA,N,4,0,2,3,A,-,07,21658,A,N,B,C,A,A,H,-,C,A,0,NA,NA,NA,Y,Y,NA,A,01,0,0,2,0,0,0,0,0,0,-,-,NA,NA,LOS ANGELES,LOS ANGELES,-118.44807434082033,33.990352630615234
8850291,2019,2019-05-01,1967,2019-04-18,1203,136,NA,4,5,2,1967,0,0,0,NA,0,SOUTH,WILLOW,LEWIS AV,0,NA,Y,A,-,N,NA,NA,NA,NA,NA,NA,NA,NA,NA,Y,3,0,2,3,A,-,09,21801,A,N,D,C,A,A,H,-,A,D,0,NA,NA,NA,NA,Y,NA,A,08,0,1,1,0,0,0,0,0,0,-,-,NA,NA,LOS ANGELES,SIGNAL HILL,-118.1796417236328,33.80438995361328
8850295,2019,2019-05-01,1942,2019-03-02,1550,41179,0774,6,5,7,1942,0,0,0,G,0,7A85,VENICE BL,REDONDO BL,78,W,N,C,-,N,NA,NA,NA,NA,NA,NA,NA,NA,NA,Y,4,0,1,1,A,-,03,22350,NA,N,B,I,A,B,H,-,A,D,0,NA,NA,NA,NA,Y,NA,A,01,0,0,1,0,0,0,0,0,0,-,-,NA,NA,LOS ANGELES,LOS ANGELES,-118.35068511962892,34.04507827758789
8850299,2019,2019-05-01,1942,2019-03-09,1905,38090,0765,6,5,7,1942,0,0,0,G,0,6T7,VENICE BL,MANSFIELD AV,105,E,N,A,-,N,NA,NA,NA,NA,NA,NA,NA,NA,NA,Y,4,0,4,4,A,-,03,22350,NA,N,C,C,A,A,H,-,C,A,0,NA,NA,NA,NA,Y,NA,A,01,0,0,4,0,0,0,0,0,0,-,-,NA,NA,LOS ANGELES,LOS ANGELES,-118.3463897705078,34.04555130004883
8850303,2019,2019-05-01,1942,2019-03-28,0730,30455,0738,4,5,7,1942,0,0,0,G,0,7A17,WILSHIRE BL,HUDSON AV,14,W,N,A,-,N,NA,NA,NA,NA,NA,NA,NA,NA,NA,N,3,0,2,2,A,-,17,21228,NA,N,D,C,A,A,H,-,A,D,0,NA,NA,Y,NA,Y,Y,C,03,0,1,1,0,0,0,0,0,1,-,-,NA,NA,LOS ANGELES,LOS ANGELES,-118.33330535888672,34.06201934814453
8850307,2019,2019-05-01,1942,2019-03-29,0005,42451,0739,5,5,7,1942,0,0,0,G,0,7A17,3RD ST,ROSSMORE AV,0,NA,Y,A,-,N,NA,NA,NA,NA,NA,NA,NA,NA,NA,N,4,0,2,2,A,-,12,21453,A,N,D,C,A,A,H,-,C,A,0,NA,NA,NA,NA,Y,NA,A,01,0,0,2,0,0,0,0,0,0,-,-,NA,NA,LOS ANGELES,LOS ANGELES,-118.32733154296876,34.068939208984375
8850308,2019,2019-05-03,1942,2019-03-21,1942,38028,0847,4,5,7,1942,0,0,0,H,0,8A52,PICO BL,PROSSER AV,300,NA,N,B,-,N,NA,NA,NA,NA,NA,NA,NA,NA,NA,N,4,0,1,2,A,-,21,22106,NA,N,B,C,A,A,H,-,A,D,0,NA,NA,NA,NA,Y,NA,A,01,0,0,1,0,0,0,0,0,0,-,-,NA,NA,LOS ANGELES,LOS ANGELES,-118.42108154296876,34.044010162353516
8850311,2019,2019-05-01,1942,2019-03-27,1040,34959,2,3,5,7,1942,0,0,0,NA,0,002,VENICE BL,CRENSHAW BL,0,NA,Y,A,-,N,NA,NA,NA,NA,NA,NA,NA,NA,NA,Y,3,0,2,2,A,-,09,21801,A,N,D,C,A,A,H,-,A,D,0,NA,NA,NA,NA,Y,NA,A,01,0,1,1,0,0,0,0,0,0,-,-,NA,NA,LOS ANGELES,LOS ANGELES,-118.32840728759766,34.044700622558594
8850315,2019,2019-05-01,1942,2019-03-28,1413,41179,0766,4,5,7,1942,0,0,0,G,0,7A47,CRENSHAW BL,PICO BL,68,N,N,A,-,N,NA,NA,NA,NA,NA,NA,NA,NA,NA,Y,4,0,1,2,A,-,03,22350,NA,N,C,C,A,A,H,-,A,D,0,NA,NA,NA,NA,Y,NA,A,01,0,0,1,0,0,0,0,0,0,-,-,NA,NA,LOS ANGELES,LOS ANGELES,-118.32660675048828,34.04800033569336
8850319,2019,2019-05-01,1942,2019-03-29,0835,40157,0702,5,5,7,1942,0,0,0,G,0,7A1,MELROSE PL,VISTA ST,0,NA,Y,A,-,N,NA,NA,NA,NA,NA,NA,NA,NA,NA,N,4,0,2,2,A,-,09,21802,A,N,D,C,A,A,H,-,A,A,0,NA,NA,NA,NA,Y,NA,A,01,0,0,2,0,0,0,0,0,0,-,-,NA,NA,LOS ANGELES,LOS ANGELES,-118.3522720336914,34.0836181640625
8850321,2019,2019-05-01,1942,2019-04-10,1630,42656,0773,3,5,7,1942,0,0,0,G,0,7A73,WEST WASHINGTON BL,HAUSER BL,0,NA,Y,A,-,N,NA,NA,NA,NA,NA,NA,NA,NA,NA,Y,3,0,2,2,A,-,09,21801,A,N,D,C,A,A,H,-,A,A,0,NA,NA,NA,NA,Y,NA,A,01,0,1,1,0,0,0,0,0,0,-,-,NA,NA,LOS ANGELES,LOS ANGELES,-118.36031341552734,34.03913116455078
8850322,2019,2019-05-01,1942,2019-04-15,1449,38721,0828,1,5,7,1942,0,0,0,H,0,8A29,WILSHIRE BL,SHELBY  AV,165,W,N,A,B,N,NA,NA,NA,NA,NA,NA,NA,NA,NA,N,3,0,2,2,A,-,09,21804,A,N,D,C,A,A,H,-,A,A,0,NA,NA,NA,NA,Y,NA,A,01,0,1,1,0,0,0,0,0,0,-,-,NA,NA,LOS ANGELES,LOS ANGELES,NA,NA
8850323,2019,2019-05-01,1942,2019-04-19,1440,35267,2024,5,5,7,1942,0,0,0,NA,0,20A33,S SERRANO AV,W 6TH ST,80,S,N,A,-,N,NA,NA,NA,NA,NA,NA,NA,NA,NA,N,4,0,2,3,A,-,08,22103,NA,N,A,C,A,A,H,-,A,D,0,NA,NA,NA,NA,Y,NA,A,01,0,0,2,0,0,0,0,0,0,-,-,NA,NA,LOS ANGELES,LOS ANGELES,-118.30660247802734,34.06332015991211
8850324,2019,2019-05-01,1975,2019-04-10,0816,454,NA,3,5,6,1975,0,0,0,NA,0,002,BARRANCA ST,VIRGINIA AV,0,NA,Y,A,-,N,NA,NA,NA,NA,NA,NA,NA,NA,NA,N,4,0,1,2,A,-,03,22350,NA,N,C,C,A,A,G,-,A,A,0,NA,NA,NA,NA,Y,NA,A,07,0,0,1,0,0,0,0,0,0,-,-,NA,NA,LOS ANGELES,WEST COVINA,-117.88128662109376,34.069488525390625
8850326,2019,2019-05-01,1942,2019-04-07,1105,38007,0899,7,5,7,1942,0,0,0,H,0,8A95,VENICE BL,VERA AV,60,W,N,A,-,N,NA,NA,NA,NA,NA,NA,NA,NA,NA,Y,3,0,4,4,A,-,21,22106,NA,N,D,C,A,A,H,-,A,A,0,NA,NA,NA,NA,Y,NA,A,07,0,1,3,0,0,0,0,0,0,-,-,NA,NA,LOS ANGELES,LOS ANGELES,-118.38615417480467,34.0306396484375
8850327,2019,2019-05-01,1942,2019-04-19,1345,35203,1444,5,5,7,1942,0,0,0,N,0,14A45,WASHINGTON BL,YALE AV,22,W,N,A,-,N,NA,NA,NA,NA,NA,NA,NA,NA,NA,N,2,0,1,2,A,-,10,21950,C,N,G,B,D,A,H,-,A,A,0,Y,NA,NA,NA,Y,NA,A,01,1,0,0,0,1,0,0,0,0,-,-,NA,NA,LOS ANGELES,LOS ANGELES,-118.44989013671876,33.989418029785156
8850329,2019,2019-05-01,1942,2019-04-17,1550,39525,1454,3,5,7,1942,0,0,0,N,0,14A45,E MINDANAO WY,GLENCOE AV,60,W,N,A,-,N,NA,NA,NA,NA,NA,NA,NA,NA,NA,N,4,0,3,2,A,-,09,21804,A,N,D,C,A,A,H,-,A,D,0,NA,NA,Y,NA,Y,NA,A,01,0,0,3,0,0,0,0,0,1,-,-,NA,NA,LOS ANGELES,LOS ANGELES,-118.43735504150392,33.985389709472656
8850330,2019,2019-05-01,1942,2019-04-07,1100,41139,1409,7,5,7,1942,0,0,0,N,0,14A27,VENICE BL,HUGHES AV,0,NA,Y,A,-,N,NA,NA,NA,NA,NA,NA,NA,NA,NA,Y,3,0,2,2,A,-,09,21801,A,N,D,C,A,A,H,-,A,A,0,NA,NA,NA,NA,Y,NA,A,01,0,2,0,0,0,0,0,0,0,-,-,NA,NA,LOS ANGELES,LOS ANGELES,-118.3988800048828,34.023399353027344
8850331,2019,2019-05-01,1942,2019-04-18,0700,40010,0743,4,5,7,1942,0,0,0,G,0,7A33,W FAIRFAX AV,S DEL VALLE DR,0,NA,Y,A,-,N,NA,NA,NA,NA,NA,NA,NA,NA,NA,N,3,0,1,2,A,-,12,21453,A,N,D,C,A,A,H,-,A,A,0,NA,NA,Y,NA,Y,NA,A,01,0,1,0,0,0,0,0,0,1,-,-,NA,NA,LOS ANGELES,LOS ANGELES,-118.36241149902344,34.061038970947266
8850333,2019,2019-05-01,1942,2019-04-12,0720,35945,0752,5,5,7,1942,0,0,0,G,0,7A53,OLYMPIC BL,CARRILLO DR,0,NA,Y,A,-,N,NA,NA,NA,NA,NA,NA,NA,NA,NA,Y,3,0,3,2,A,-,09,21801,A,N,D,C,A,A,H,-,A,A,0,NA,NA,NA,NA,Y,NA,A,01,0,1,2,0,0,0,0,0,0,-,-,NA,NA,LOS ANGELES,LOS ANGELES,-118.36907196044922,34.05878829956055
8850334,2019,2019-05-01,1942,2019-04-03,0832,41139,1469,3,5,7,1942,0,0,0,N,0,14A67,LA CIENEGA BL,KEW ST,0,NA,Y,B,-,N,NA,NA,NA,NA,NA,NA,NA,NA,NA,Y,4,0,1,2,A,-,09,21802,B,N,D,C,A,A,H,-,A,A,0,NA,NA,Y,NA,Y,NA,C,02,0,0,1,0,0,0,0,0,1,-,-,NA,NA,LOS ANGELES,LOS ANGELES,-118.37017059326172,33.97106170654297
8850335,2019,2019-05-01,1942,2019-04-06,2330,43112,2039,6,5,7,1942,0,0,0,NA,0,20A97,S HOOVER ST,SUNSET PL,80,S,N,A,-,N,NA,NA,NA,NA,NA,NA,NA,NA,NA,N,4,0,1,2,A,-,03,22350,NA,F,C,C,A,A,H,-,C,D,0,NA,NA,NA,NA,Y,NA,-,99,0,0,1,0,0,0,0,0,0,-,-,NA,NA,LOS ANGELES,LOS ANGELES,-118.2842025756836,34.060569763183594
8850336,2019,2019-05-01,1975,2019-04-02,0847,454,NA,2,5,6,1975,0,0,0,NA,0,005,SHADOW OAK DR,GEMINI ST,0,NA,Y,A,-,N,NA,NA,NA,NA,NA,NA,NA,NA,NA,N,4,0,1,2,A,-,00,21955,A,M,G,B,E,A,H,-,A,D,0,Y,NA,NA,NA,Y,NA,N,60,0,0,1,0,1,0,0,0,0,-,-,NA,NA,LOS ANGELES,WEST COVINA,-117.90264892578124,34.01935958862305
8850337,2019,2019-05-01,1942,2019-04-12,0045,42602,0762,5,5,7,1942,0,0,0,G,0,7A33,LA CIENEGA BL,PICO BL,0,NA,Y,A,-,N,NA,NA,NA,NA,NA,NA,NA,NA,NA,Y,4,0,2,2,A,-,03,22350,A,F,C,C,A,A,H,-,C,A,0,NA,NA,NA,NA,Y,Y,-,99,0,0,2,0,0,0,0,0,0,-,-,NA,NA,LOS ANGELES,LOS ANGELES,-118.37616729736328,34.053340911865234
8850338,2019,2019-05-01,1942,2019-04-14,1945,42901,1488,7,5,7,1942,0,0,0,N,0,14A67,AIRPORT BL,96TH ST,0,NA,Y,A,-,N,NA,NA,NA,NA,NA,NA,NA,NA,NA,Y,3,0,4,2,A,-,09,21801,A,N,A,C,A,A,H,-,C,A,0,NA,NA,NA,NA,Y,NA,A,07,0,3,1,0,0,0,0,0,0,-,-,NA,NA,LOS ANGELES,LOS ANGELES,-118.3859405517578,33.94942092895508
8850339,2019,2019-06-17,1942,2019-04-12,1403,38262,2019,5,5,7,1942,0,0,0,NA,0,20A39,VERMONT AV,1ST ST,216,N,N,A,-,N,NA,NA,NA,NA,NA,NA,NA,NA,NA,N,4,0,1,2,A,-,03,22350,NA,F,B,C,A,A,H,-,A,D,0,NA,NA,NA,NA,Y,NA,-,99,0,0,1,0,0,0,0,0,0,-,-,NA,NA,LOS ANGELES,LOS ANGELES,-118.29168701171876,34.0733528137207
8850341,2019,2019-06-07,1942,2019-04-06,0240,36847,0788,6,5,7,1942,0,0,0,G,0,7A69W3,CRENSHAW BL,RT 10,100,N,N,A,-,Y,LA,7,10,-,R,11.22,R,4,W,Y,4,0,2,2,A,-,04,21703,NA,F,C,C,A,A,H,-,C,A,0,NA,NA,NA,NA,Y,NA,A,07,0,0,2,0,0,0,0,0,0,-,WO,NA,NA,LOS ANGELES,LOS ANGELES,-118.33666229248048,34.03501892089844
8850342,2019,2019-05-01,1942,2019-04-02,0750,40235,2031,2,5,7,1942,0,0,0,NA,0,20A53,INGRAHAM ST,WILTON PL,150,W,N,A,-,N,NA,NA,NA,NA,NA,NA,NA,NA,NA,Y,4,0,1,2,A,-,21,22106,NA,N,H,C,A,A,H,-,A,D,0,NA,NA,NA,NA,Y,NA,A,01,0,0,1,0,0,0,0,0,0,-,-,NA,NA,LOS ANGELES,LOS ANGELES,-118.31486511230467,34.06075668334961
8850343,2019,2019-05-01,1942,2019-04-14,1733,43187,2036,7,5,7,1942,0,0,0,NA,0,20A16,CATALINA ST,8TH ST,0,NA,Y,A,-,N,NA,NA,NA,NA,NA,NA,NA,NA,NA,N,4,0,1,2,A,-,04,21703,NA,F,C,C,A,A,H,-,A,A,0,NA,NA,NA,NA,Y,NA,-,99,0,0,1,0,0,0,0,0,0,-,-,NA,NA,LOS ANGELES,LOS ANGELES,-118.2953872680664,34.0577392578125