CASE_ID,ACCIDENT_YEAR,PROC_DATE,JURIS,COLLISION_DATE,COLLISION_TIME,OFFICER_ID,REPORTING_DISTRICT,DAY_OF_WEEK,CHP_SHIFT,POPULATION,CNTY_CITY_LOC,SPECIAL_COND,BEAT_TYPE,CHP_BEAT_TYPE,CITY_DIVISION_LAPD,CHP_BEAT_CLASS,BEAT_NUMBER,PRIMARY_RD,SECONDARY_RD,DISTANCE,DIRECTION,INTERSECTION,WEATHER_1,WEATHER_2,STATE_HWY_IND,CALTRANS_COUNTY,CALTRANS_DISTRICT,STATE_ROUTE,ROUTE_SUFFIX,POSTMILE_PREFIX,POSTMILE,LOCATION_TYPE,RAMP_INTERSECTION,SIDE_OF_HWY,TOW_AWAY,COLLISION_SEVERITY,NUMBER_KILLED,NUMBER_INJURED,PARTY_COUNT,PRIMARY_COLL_FACTOR,PCF_CODE_OF_VIOL,PCF_VIOL_CATEGORY,PCF_VIOLATION,PCF_VIOL_SUBSECTION,HIT_AND_RUN,TYPE_OF_COLLISION,MVIW,PED_ACTION,ROAD_SURFACE,ROAD_COND_1,ROAD_COND_2,LIGHTING,CONTROL_DEVICE,CHP_ROAD_TYPE,PEDESTRIAN_ACCIDENT,BICYCLE_ACCIDENT,MOTORCYCLE_ACCIDENT,TRUCK_ACCIDENT,NOT_PRIVATE_PROPERTY,ALCOHOL_INVOLVED,STWD_VEHTYPE_AT_FAULT,CHP_VEHTYPE_AT_FAULT,COUNT_SEVERE_INJ,COUNT_VISIBLE_INJ,COUNT_COMPLAINT_PAIN,COUNT_PED_KILLED,COUNT_PED_INJURED,COUNT_BICYCLIST_KILLED,COUNT_BICYCLIST_INJURED,COUNT_MC_KILLED,COUNT_MC_INJURED,PRIMARY_RAMP,SECONDARY_RAMP,LATITUDE,LONGITUDE,COUNTY,CITY,POINT_X,POINT_Y
8850660,2018,2019-04-30,1922,2018-10-08,1853,632,1,1,5,6,1922,0,0,0,NA,0,001,PECK RD,CELINE ST,0,NA,Y,A,-,N,NA,NA,NA,NA,NA,NA,NA,NA,NA,N,3,0,1,2,A,-,05,21650,1,N,D,G,A,A,H,-,C,D,0,NA,Y,NA,NA,Y,NA,L,04,0,1,0,0,0,0,1,0,0,-,-,34.09815979003906,-118.01107025146484,LOS ANGELES,EL MONTE,-118.01104736328124,34.098140716552734
8850663,2019,2019-04-30,1920,2019-01-23,1330,12645,NA,3,5,6,1920,0,0,0,NA,0,NA,NEO ST,OLD RIVER SCHOOL RD,0,NA,Y,A,-,N,NA,NA,NA,NA,NA,NA,NA,NA,NA,N,4,0,1,2,D,-,00,NA,NA,N,C,C,A,A,H,-,A,D,0,NA,NA,NA,NA,Y,NA,-,-,0,0,1,0,0,0,0,0,0,-,-,NA,NA,LOS ANGELES,DOWNEY,-118.15084838867188,33.94466018676758
8850667,2019,2019-04-30,1920,2019-01-22,1350,12605,DOWNE,2,5,6,1920,0,0,0,NA,0,001,IMPERIAL HWY,BELLFLOWER BL,275,W,N,A,-,N,NA,NA,NA,NA,NA,NA,NA,NA,NA,Y,3,0,1,3,A,-,03,22350,NA,N,C,D,A,A,H,-,A,A,0,NA,NA,NA,NA,Y,NA,A,07,0,1,0,0,0,0,0,0,0,-,-,NA,NA,LOS ANGELES,DOWNEY,-118.12632751464844,33.91701889038086
8850671,2019,2019-04-30,1920,2019-01-23,1609,13118,1920,3,5,6,1920,0,0,0,NA,0,003,TWEEDY LN,SUVA ST,20,S,N,A,-,N,NA,NA,NA,NA,NA,NA,NA,NA,NA,N,4,0,1,2,A,-,03,22350,NA,N,C,C,A,A,H,-,A,D,0,NA,NA,NA,NA,Y,NA,A,01,0,0,1,0,0,0,0,0,0,-,-,NA,NA,LOS ANGELES,DOWNEY,-118.12710571289064,33.960601806640625
8850673,2019,2019-04-30,1900,2019-02-10,1448,624624,0334,7,5,4,1939,0,0,0,NA,0,35P,HAWTHORNE BL,162ND ST,145,N,N,C,-,N,NA,NA,405,NA,NA,NA,NA,NA,NA,Y,3,0,1,2,A,-,08,22107,NA,N,C,C,A,B,H,-,A,A,0,NA,NA,NA,NA,Y,NA,A,01,0,1,0,0,0,0,0,0,0,-,-,33.88399887084961,-118.35246276855467,LOS ANGELES,LAWNDALE,-118.35225677490234,33.8842887878418
8850675,2019,2019-04-30,1920,2019-01-04,1852,13547,NA,5,5,6,1920,0,0,0,NA,0,005,GALLATIN RD,BROOKSHIRE AV,0,NA,Y,A,-,N,NA,NA,NA,NA,NA,NA,NA,NA,NA,N,4,0,1,2,D,-,00,NA,NA,N,D,C,A,A,H,-,C,A,0,NA,NA,NA,NA,Y,NA,-,-,0,0,1,0,0,0,0,0,0,-,-,NA,NA,LOS ANGELES,DOWNEY,-118.11617279052734,33.95600128173828
8850679,2019,2019-04-30,1920,2019-01-30,1020,13647,NA,3,5,6,1920,0,0,0,NA,0,003,OLD RIVER SCHOOL RD,3RD ST,42,N,N,A,-,N,NA,NA,NA,NA,NA,NA,NA,NA,NA,Y,3,0,1,1,A,-,08,22107,NA,N,E,I,A,A,H,-,A,A,0,NA,NA,NA,NA,Y,NA,A,01,0,1,0,0,0,0,0,0,0,-,-,NA,NA,LOS ANGELES,DOWNEY,-118.14707946777344,33.94989776611328
8850682,2019,2019-04-30,1900,2019-01-17,1947,612176,0333,4,5,4,1939,0,0,0,NA,0,35T1,170TH ST,INGLEWOOD AV,102,E,N,A,-,N,NA,NA,NA,NA,NA,NA,NA,NA,NA,N,3,0,1,2,A,-,04,21703,NA,N,H,C,A,A,H,-,C,D,0,NA,NA,Y,NA,Y,NA,C,02,0,1,0,0,0,0,0,0,1,-,-,33.87664031982422,-118.36074066162108,LOS ANGELES,LAWNDALE,-118.36098480224608,33.876617431640625
8850683,2019,2019-04-30,1920,2019-01-30,1824,13118,1920,3,5,6,1920,0,0,0,NA,0,001,IMPERIAL HWY,COLUMBIA WY,439,E,N,A,-,N,NA,NA,NA,NA,NA,NA,NA,NA,NA,Y,4,0,1,2,A,-,03,22350,NA,N,C,C,A,A,H,-,C,D,0,NA,NA,NA,NA,Y,NA,A,07,0,0,1,0,0,0,0,0,0,-,-,NA,NA,LOS ANGELES,DOWNEY,-118.13270568847656,33.917015075683594
8850687,2019,2019-04-30,1920,2019-01-31,2348,12645,NA,4,5,6,1920,0,0,0,NA,0,NA,OLD RIVER SCHOOL RD,LUXOR ST,60,N,N,A,-,N,NA,NA,NA,NA,NA,NA,NA,NA,NA,Y,4,0,1,2,A,-,03,22350,NA,N,D,E,A,A,C,H,C,D,0,NA,NA,NA,Y,Y,NA,A,01,0,0,1,0,0,0,0,0,0,-,-,NA,NA,LOS ANGELES,DOWNEY,-118.15265655517578,33.94218063354492
8850689,2019,2019-04-30,1942,2019-02-26,1035,41683,0702,2,5,7,1942,0,0,0,G,0,7A1,N STANLEY AV,WILLOUGHBY AV,100,NA,N,A,-,N,NA,NA,NA,NA,NA,NA,NA,NA,NA,Y,4,0,1,2,A,-,17,22517,NA,N,B,C,A,A,H,-,A,D,0,NA,NA,NA,NA,Y,NA,A,01,0,0,1,0,0,0,0,0,0,-,-,NA,NA,LOS ANGELES,LOS ANGELES,-118.35635375976564,34.08713912963867
8850691,2019,2019-04-30,1942,2019-01-22,1845,42273,0702,2,5,7,1942,0,0,0,G,0,7A1,MELROSE AV,FULLER AV,0,NA,Y,A,-,N,NA,NA,NA,NA,NA,NA,NA,NA,NA,Y,4,0,1,2,A,-,09,21802,A,N,A,C,A,A,H,-,C,A,0,NA,NA,Y,NA,Y,NA,A,01,0,0,1,0,0,0,0,0,1,-,-,NA,NA,LOS ANGELES,LOS ANGELES,-118.349853515625,34.08356857299805
8850693,2019,2019-04-30,1942,2019-02-22,1210,38007,2011,5,5,7,1942,0,0,0,NA,0,20A1,S WILTON PL,W 3RD ST,225,N,N,A,-,N,NA,NA,NA,NA,NA,NA,NA,NA,NA,N,4,0,3,3,A,-,03,22350,NA,N,C,C,A,A,H,-,A,D,0,NA,NA,NA,NA,Y,NA,A,01,0,0,3,0,0,0,0,0,0,-,-,NA,NA,LOS ANGELES,LOS ANGELES,-118.31419372558594,34.069580078125
8850695,2019,2019-04-30,1942,2019-01-28,1640,33169,0784,1,5,7,1942,0,0,0,G,0,7A73,LA BREA AV,21ST ST,0,NA,Y,A,-,N,NA,NA,NA,NA,NA,NA,NA,NA,NA,Y,4,0,1,2,A,-,09,21801,A,N,A,C,A,A,H,-,A,A,0,NA,NA,NA,NA,Y,NA,A,01,0,0,1,0,0,0,0,0,0,-,-,NA,NA,LOS ANGELES,LOS ANGELES,-118.34845733642578,34.03847122192383
8850699,2019,2019-04-30,1920,2019-01-28,1130,11792,1920,1,5,6,1920,0,0,0,NA,0,003,PARAMOUNT BL,4TH ST,90,S,N,A,-,N,NA,NA,NA,NA,NA,NA,NA,NA,NA,Y,4,0,2,3,A,-,08,22107,NA,N,B,C,A,A,H,-,A,D,0,NA,NA,NA,NA,Y,NA,A,07,0,0,2,0,0,0,0,0,0,-,-,NA,NA,LOS ANGELES,DOWNEY,-118.13588714599608,33.94554138183594
8850703,2019,2019-04-30,1942,2019-01-25,0815,27475,0805,5,5,7,1942,0,0,0,H,0,NA,N SEPULVEDA BL,BEL TER,0,NA,Y,A,-,N,NA,NA,NA,NA,NA,NA,NA,NA,NA,Y,4,0,1,2,A,-,08,22107,NA,N,D,C,A,A,H,-,A,A,0,NA,NA,NA,NA,Y,NA,A,01,0,0,1,0,0,0,0,0,0,-,-,NA,NA,LOS ANGELES,LOS ANGELES,-118.47441864013672,34.08544921875
8850711,2019,2019-04-30,1942,2019-01-23,2000,27199,0747,3,5,7,1942,0,0,0,G,0,7A47,W OLYMPIC BL,KENISTON AV,0,NA,Y,A,-,N,NA,NA,NA,NA,NA,NA,NA,NA,NA,N,2,0,1,2,A,-,10,21950,A,N,G,B,B,A,H,-,C,D,0,Y,NA,NA,NA,Y,NA,A,01,1,0,0,0,1,0,0,0,0,-,-,NA,NA,LOS ANGELES,LOS ANGELES,-118.33612060546876,34.05699920654297
8850724,2019,2019-05-02,1942,2019-04-17,1300,41129,1802,3,5,7,1942,0,0,0,R,0,25T23,MANCHESTER AV,BROADWAY,10,E,N,A,-,N,NA,NA,NA,NA,NA,NA,NA,NA,NA,Y,4,0,3,2,A,-,07,21658,A,N,D,C,A,A,H,-,A,A,0,NA,NA,NA,NA,Y,NA,A,07,0,0,3,0,0,0,0,0,0,-,-,NA,NA,LOS ANGELES,LOS ANGELES,-118.27824401855467,33.960079193115234
8850732,2019,2019-05-14,1942,2019-04-20,0800,38503,1871,6,5,7,1942,0,0,0,R,0,18A97,S FIGUEROA ST,W 135TH ST,0,NA,Y,A,-,N,NA,NA,NA,NA,NA,NA,NA,NA,NA,N,4,0,2,2,A,-,12,21453,A,N,D,C,A,A,H,-,A,A,0,NA,NA,NA,NA,Y,NA,-,-,0,0,2,0,0,0,0,0,0,-,-,NA,NA,LOS ANGELES,LOS ANGELES,-118.2827377319336,33.90916061401367
8850736,2019,2019-05-02,1942,2019-04-13,0000,42118,1822,6,5,7,1942,0,0,0,R,0,18A17,CENTURY BL,FIGUEROA ST,0,NA,Y,A,-,N,NA,NA,NA,NA,NA,NA,NA,NA,NA,Y,4,0,1,2,A,-,09,21801,A,F,A,C,A,A,H,-,C,A,0,NA,NA,NA,NA,Y,NA,A,01,0,0,1,0,0,0,0,0,0,-,-,NA,NA,LOS ANGELES,LOS ANGELES,-118.28265380859376,33.94554138183594
8850740,2019,2019-05-02,1942,2019-04-19,1820,37618,1827,5,5,7,1942,0,0,0,R,0,18A26,ANZAC AV,95TH ST,182,N,N,A,-,N,NA,NA,NA,NA,NA,NA,NA,NA,NA,N,4,0,2,4,A,-,03,22350,NA,N,B,E,A,A,H,-,C,D,0,NA,NA,NA,NA,Y,NA,A,01,0,0,2,0,0,0,0,0,0,-,-,NA,NA,LOS ANGELES,LOS ANGELES,-118.23744964599608,33.9510498046875
8850744,2019,2019-05-02,1942,2019-04-02,1730,41973,1891,2,5,7,1942,0,0,0,R,0,18A97,S GARDENA BL,E VERMONT AV,8,E,N,A,-,N,NA,NA,NA,NA,NA,NA,NA,NA,NA,N,4,0,2,3,A,-,11,21456,B,N,-,B,B,A,H,-,A,A,0,Y,NA,NA,NA,Y,NA,N,60,0,0,2,0,2,0,0,0,0,-,-,NA,NA,LOS ANGELES,LOS ANGELES,-118.2912826538086,33.881591796875
8850748,2019,2019-05-02,1942,2019-04-22,1157,37146,1863,1,5,7,1942,0,0,0,R,0,25T23,AVALON BL,IMPERIAL HWY,45,S,N,A,-,N,NA,NA,NA,NA,NA,NA,NA,NA,NA,N,4,0,1,2,A,-,03,22350,NA,F,C,C,A,A,H,-,A,D,0,NA,NA,NA,NA,Y,NA,-,99,0,0,1,0,0,0,0,0,0,-,-,NA,NA,LOS ANGELES,LOS ANGELES,-118.2651824951172,33.93091583251953
8850752,2019,2019-05-02,1942,2019-04-18,1120,37146,1802,4,5,7,1942,0,0,0,R,0,25TL23,FIGUEROA ST,92ND ST,120,S,N,A,-,N,NA,NA,NA,NA,NA,NA,NA,NA,NA,N,4,0,1,2,A,-,03,22350,NA,N,C,C,A,A,H,-,A,A,0,NA,NA,NA,NA,Y,NA,A,01,0,0,1,0,0,0,0,0,0,-,-,NA,NA,LOS ANGELES,LOS ANGELES,-118.28271484375,33.95248031616211
8850756,2019,2019-05-02,1942,2019-04-16,1240,37724,1801,2,5,7,1942,0,0,0,R,0,18A1,W 90TH ST,S FIGUEROA ST,0,NA,Y,A,-,N,NA,NA,NA,NA,NA,NA,NA,NA,NA,Y,2,0,3,2,A,-,12,22450,A,N,D,C,A,A,H,-,A,A,0,NA,NA,NA,NA,Y,NA,A,01,1,1,1,0,0,0,0,0,0,-,-,NA,NA,LOS ANGELES,LOS ANGELES,-118.28272247314452,33.955081939697266
8850760,2019,2019-05-02,1942,2019-04-09,1805,43709,1824,2,5,7,1942,0,0,0,R,0,18A95,CENTRAL AV,92ND ST,1,S,N,A,G,N,NA,NA,NA,NA,NA,NA,NA,NA,NA,Y,2,0,1,1,A,-,03,22350,NA,N,A,I,A,A,-,-,B,A,0,NA,NA,NA,NA,Y,NA,A,07,1,0,0,0,0,0,0,0,0,-,-,NA,NA,LOS ANGELES,LOS ANGELES,-118.25643920898438,33.953277587890625
8850764,2019,2019-05-14,1941,2019-04-05,1701,10311,NA,5,5,7,1941,0,0,0,NA,0,NA,LIME AV,7TH ST,108,N,N,A,-,N,NA,NA,NA,NA,NA,NA,NA,NA,NA,N,4,0,1,2,A,-,-,NA,I,F,D,G,A,A,H,-,A,D,0,NA,Y,NA,NA,Y,NA,L,NA,0,0,1,0,0,0,1,0,0,-,-,NA,NA,LOS ANGELES,LONG BEACH,-118.18367767333984,33.775634765625
8850768,2019,2019-05-02,1941,2019-04-02,0910,11275,NA,2,5,7,1941,0,0,0,NA,0,NA,10TH ST,CHERRY AV,150,E,N,A,-,N,NA,NA,NA,NA,NA,NA,NA,NA,NA,N,4,0,1,2,A,-,00,21958,NA,F,G,B,D,A,H,-,A,A,0,Y,NA,NA,NA,Y,NA,N,NA,0,0,1,0,1,0,0,0,0,-,-,NA,NA,LOS ANGELES,LONG BEACH,-118.16716766357422,33.778961181640625
8850772,2019,2019-05-02,1941,2019-04-05,1729,11294,NA,5,5,7,1941,0,0,0,NA,0,NA,CLARK AV,29TH ST,22,N,N,A,-,N,NA,NA,NA,NA,NA,NA,NA,NA,NA,Y,3,0,1,2,B,-,22,NA,NA,N,H,C,A,A,H,-,A,D,0,NA,NA,Y,NA,Y,NA,A,NA,0,1,0,0,0,0,0,0,1,-,-,NA,NA,LOS ANGELES,LONG BEACH,-118.13397216796876,33.80924987792969
8850776,2019,2019-05-02,1941,2019-04-06,1200,10951,NA,6,5,7,1941,0,0,0,NA,0,NA,EAST 7TH ST,OHIO AV,0,NA,Y,A,-,N,NA,NA,NA,NA,NA,NA,NA,NA,NA,N,3,0,3,3,A,-,03,22350,NA,N,C,C,A,A,H,-,A,A,0,NA,NA,NA,NA,Y,NA,A,NA,0,1,2,0,0,0,0,0,0,-,-,NA,NA,LOS ANGELES,LONG BEACH,-118.16007232666016,33.77534866333008
8850780,2019,2019-05-02,1941,2019-04-06,1214,10938,NA,6,5,7,1941,0,0,0,NA,0,NA,LOS SANTOS DR,VOLK AV,7,E,N,A,-,N,NA,NA,NA,NA,NA,NA,NA,NA,NA,Y,3,0,2,2,A,-,09,21802,A,N,D,C,A,A,H,-,A,A,0,NA,NA,NA,NA,Y,NA,D,NA,0,1,1,0,0,0,0,0,0,-,-,NA,NA,LOS ANGELES,LONG BEACH,-118.09535980224608,33.792171478271484
8850784,2019,2019-05-01,1941,2019-04-07,0742,10951,NA,7,5,7,1941,0,0,0,NA,0,NA,ANAHEIM ST,GLADYS,0,NA,Y,A,-,N,NA,NA,NA,NA,NA,NA,NA,NA,NA,Y,4,0,1,2,A,-,09,21801,B,N,D,C,A,A,H,-,A,D,0,NA,NA,NA,NA,Y,NA,A,NA,0,0,1,0,0,0,0,0,0,-,-,NA,NA,LOS ANGELES,LONG BEACH,-118.15785980224608,33.78260040283203
8850788,2019,2019-05-14,1941,2019-04-07,0123,11023,NA,7,5,7,1941,0,0,0,NA,0,NA,REDONDO AV,REDONDO AV 1201,0,NA,Y,A,-,N,NA,NA,NA,NA,NA,NA,NA,NA,NA,Y,4,0,1,1,A,-,03,22350,NA,N,E,I,A,A,H,-,C,D,0,NA,NA,NA,NA,Y,NA,A,NA,0,0,1,0,0,0,0,0,0,-,-,NA,NA,LOS ANGELES,LONG BEACH,-118.152434,33.782017
8850792,2019,2019-05-01,1941,2019-04-01,0943,11227,NA,1,5,7,1941,0,0,0,NA,0,NA,W ANAHEIM ST,PINE AV,0,NA,Y,A,-,N,NA,NA,NA,NA,NA,NA,NA,NA,NA,Y,4,0,1,3,A,-,12,21453,A,N,D,C,A,A,H,-,A,A,0,NA,NA,NA,NA,Y,NA,A,NA,0,0,1,0,0,0,0,0,0,-,-,NA,NA,LOS ANGELES,LONG BEACH,-118.19239044189452,33.78260040283203
8850871,2019,2019-05-01,1931,2019-04-24,2115,5321,NA,3,5,5,1931,0,0,0,NA,0,002,MILES AV,RANDOLPH ST,16,S,N,A,-,N,NA,NA,NA,NA,NA,NA,NA,NA,NA,N,4,0,1,2,A,-,12,22450,A,N,C,C,A,A,H,-,C,A,0,NA,NA,NA,NA,Y,Y,A,01,0,0,1,0,0,0,0,0,0,-,-,NA,NA,LOS ANGELES,HUNTINGTON PARK,-118.21923065185548,33.984886169433594
8850883,2019,2019-05-02,1942,2019-04-17,1010,38503,0374,3,5,7,1942,0,0,0,C,0,25TL41,MARTIN LUTHER KING JR BL,ARLINGTON AV,0,NA,Y,A,-,N,NA,NA,NA,NA,NA,NA,NA,NA,NA,Y,4,0,4,3,A,-,12,21453,A,N,D,C,A,A,H,-,A,A,0,NA,NA,NA,NA,Y,NA,A,01,0,0,4,0,0,0,0,0,0,-,-,NA,NA,LOS ANGELES,LOS ANGELES,-118.31825256347656,34.01081848144531
8850887,2019,2019-05-14,1942,2019-04-18,1900,42118,0356,4,5,7,1942,0,0,0,C,0,3A55,JEFFERSON BL,WESTERN AV,0,NA,Y,A,-,N,NA,NA,NA,NA,NA,NA,NA,NA,NA,N,4,0,1,2,A,-,12,21453,A,N,D,C,A,A,H,-,B,A,0,NA,NA,NA,NA,Y,NA,-,-,0,0,1,0,0,0,0,0,0,-,-,NA,NA,LOS ANGELES,LOS ANGELES,-118.30889129638672,34.025550842285156
8850891,2019,2019-05-02,1942,2019-04-10,0930,33599,0378,3,5,7,1942,0,0,0,C,0,3A57,ESPOSITION BL,FIGUEROA ST,0,NA,Y,A,-,N,NA,NA,NA,NA,NA,NA,NA,NA,NA,N,4,0,1,2,A,-,05,21650,1,N,H,G,A,A,H,-,A,A,0,NA,Y,NA,NA,Y,NA,L,04,0,0,1,0,0,0,1,0,0,-,-,NA,NA,LOS ANGELES,LOS ANGELES,-118.282237,34.018404
8850892,2019,2019-05-02,1942,2019-04-10,0830,41262,0353,3,5,7,1942,0,0,0,C,0,3X95,RODEO PL,VICTORIA,5,E,N,A,G,N,NA,NA,NA,NA,NA,NA,NA,NA,NA,N,4,0,1,2,A,-,03,22350,NA,N,C,C,A,A,H,-,A,D,0,NA,NA,NA,NA,Y,NA,-,-,0,0,1,0,0,0,0,0,0,-,-,NA,NA,LOS ANGELES,LOS ANGELES,-118.3363037109375,34.01987838745117
8850895,2019,2019-05-14,1942,2019-04-05,0950,41262,0379,5,5,7,1942,0,0,0,C,0,3X95,BUDLONG,39TH ST,0,NA,Y,B,-,N,NA,NA,NA,NA,NA,NA,NA,NA,NA,N,4,0,1,2,A,-,12,22450,NA,N,G,G,A,A,H,-,A,D,0,NA,Y,NA,NA,Y,NA,A,01,0,0,1,0,0,0,1,0,0,-,-,NA,NA,LOS ANGELES,LOS ANGELES,-118.29586791992188,34.01551055908203
8850896,2019,2019-05-03,1942,2019-04-05,1314,43659,0313,5,5,7,1942,0,0,0,C,0,3A62,ADAMS BL,10TH AV,120,E,N,A,-,N,NA,NA,NA,NA,NA,NA,NA,NA,NA,Y,4,0,1,2,A,-,09,21804,A,N,B,C,A,A,H,-,A,A,0,NA,NA,NA,NA,Y,NA,A,07,0,0,1,0,0,0,0,0,0,-,-,NA,NA,LOS ANGELES,LOS ANGELES,-118.32802581787108,34.03261184692383
8850899,2019,2019-05-02,1942,2019-04-17,2050,42118,0378,3,5,7,1942,0,0,0,C,0,3A57,MARTIN LUTHER KING JR BL,VERMONT AV,0,NA,Y,A,-,N,NA,NA,NA,NA,NA,NA,NA,NA,NA,Y,3,0,2,2,A,-,09,21801,A,N,A,C,A,A,H,-,C,A,0,NA,NA,NA,NA,Y,NA,A,01,0,1,1,0,0,0,0,0,0,-,-,NA,NA,LOS ANGELES,LOS ANGELES,-118.2915267944336,34.01087188720703
8850903,2019,2019-05-14,1942,2019-04-10,0850,38688,0315,3,5,7,1942,0,0,0,C,0,3A15,ARLINGTON AV,23RD,105,N,N,A,-,N,NA,NA,NA,NA,NA,NA,NA,NA,NA,N,4,0,1,2,A,-,12,22450,A,N,D,C,A,A,H,-,A,B,0,NA,NA,NA,NA,Y,NA,-,-,0,0,1,0,0,0,0,0,0,-,-,NA,NA,LOS ANGELES,LOS ANGELES,-118.31991577148438,33.814476013183594
8850910,2019,2019-05-02,1942,2019-04-10,2215,42069,1211,3,5,7,1942,0,0,0,L,0,12A31,W SLAUSON AV,3RD AV,150,E,N,A,-,N,NA,NA,NA,NA,NA,NA,NA,NA,NA,Y,4,0,1,2,A,-,03,22350,NA,F,B,C,A,A,D,-,C,A,0,NA,NA,NA,NA,Y,NA,-,99,0,0,1,0,0,0,0,0,0,-,-,NA,NA,LOS ANGELES,LOS ANGELES,-118.32009887695313,33.98910140991211
8850915,2019,2019-05-02,1942,2019-04-21,1025,42282,0308,7,5,7,1942,0,0,0,C,0,3A19,S UNION AV,20TH ST,150,S,N,A,-,N,NA,NA,NA,NA,NA,NA,NA,NA,NA,Y,3,0,1,2,A,-,01,23152,A,N,-,E,A,A,H,-,A,A,0,NA,NA,NA,NA,Y,NA,A,01,0,1,0,0,0,0,0,0,0,-,-,NA,NA,LOS ANGELES,LOS ANGELES,-118.28236389160156,34.037052154541016
8850922,2019,2019-12-26,1942,2019-04-11,0745,41729,1268,4,5,7,1942,0,0,0,L,0,25TL23,BROADWAY ST,MANCHESTER AV,120,E,N,A,-,N,NA,NA,NA,NA,NA,NA,NA,NA,NA,N,4,0,1,2,A,-,07,21658,A,F,B,C,A,A,H,-,A,A,0,NA,NA,NA,NA,Y,NA,-,99,0,0,1,0,0,0,0,0,0,-,-,NA,NA,LOS ANGELES,LOS ANGELES,-118.27828216552734,33.960079193115234
8850926,2019,2019-05-02,1942,2019-04-17,0815,38503,1233,3,5,7,1942,0,0,0,L,0,25TL41,SLAUSON AV,WESTERN AV,35,W,N,A,-,N,NA,NA,NA,NA,NA,NA,NA,NA,NA,N,4,0,1,2,A,-,03,22350,NA,F,C,C,A,A,H,-,A,D,0,NA,NA,NA,NA,Y,NA,-,99,0,0,1,0,0,0,0,0,0,-,-,NA,NA,LOS ANGELES,LOS ANGELES,-118.30906677246094,33.9891471862793
8850930,2019,2019-05-02,1942,2019-04-16,1155,37146,1253,2,5,7,1942,0,0,0,L,0,25TL41,WESTERN AV,76TH ST,200,S,N,A,-,N,NA,NA,NA,NA,NA,NA,NA,NA,NA,N,4,0,1,2,A,-,03,22350,NA,F,C,C,A,A,H,-,A,D,0,NA,NA,NA,NA,Y,NA,-,99,0,0,1,0,0,0,0,0,0,-,-,NA,NA,LOS ANGELES,LOS ANGELES,-118.30900573730467,33.97035217285156
8850934,2019,2019-05-02,1942,2019-04-13,2055,42118,1245,6,5,7,1942,0,0,0,L,0,12A45,NORMANDIE AV,GAGE AV,50,N,N,A,-,N,NA,NA,NA,NA,NA,NA,NA,NA,NA,N,4,0,1,2,A,-,03,22350,NA,F,B,C,A,A,H,-,C,A,0,NA,NA,NA,NA,Y,NA,-,99,0,0,1,0,0,0,0,0,0,-,-,NA,NA,LOS ANGELES,LOS ANGELES,-118.30026245117188,33.982486724853516
8850938,2019,2019-05-02,1942,2019-04-21,2325,41747,1203,7,5,7,1942,0,0,0,L,0,12A3,S WESTERN AV,S 51ST ST,150,N,N,A,-,N,NA,NA,NA,NA,NA,NA,NA,NA,NA,N,3,0,1,2,A,-,11,21954,A,F,G,B,D,A,H,-,C,A,0,Y,NA,NA,NA,Y,Y,N,60,0,1,0,0,1,0,0,0,0,-,-,NA,NA,LOS ANGELES,LOS ANGELES,-118.30894470214844,33.99732971191406
8850942,2019,2019-05-02,1942,2019-04-21,2330,42665,1233,7,5,7,1942,0,0,0,L,0,25TL25,WESTERN AV,60TH ST,136,N,N,A,-,N,NA,NA,NA,NA,NA,NA,NA,NA,NA,Y,4,0,1,2,A,-,07,21658,A,F,B,C,A,-,H,-,C,A,0,NA,NA,NA,NA,Y,NA,-,99,0,0,1,0,0,0,0,0,0,-,-,NA,NA,LOS ANGELES,LOS ANGELES,-118.30895233154295,33.986244201660156
8850946,2019,2019-05-02,1942,2019-04-15,0800,38503,0398,1,5,7,1942,0,0,0,C,0,25T41,HOOVER ST,43RD ST,0,NA,Y,A,-,N,NA,NA,NA,NA,NA,NA,NA,NA,NA,Y,4,0,1,3,A,-,03,22350,NA,F,D,C,A,A,H,-,A,-,0,NA,NA,NA,NA,Y,NA,-,99,0,0,1,0,0,0,0,0,0,-,-,NA,NA,LOS ANGELES,LOS ANGELES,-118.28720855712892,34.00550079345703
8850950,2019,2019-05-02,1942,2019-04-11,1630,41844,1802,4,5,7,1942,0,0,0,R,0,18A1,WALL ST,E 91ST ST,0,NA,Y,A,-,N,NA,NA,NA,NA,NA,NA,NA,NA,NA,Y,4,0,1,2,A,-,12,22450,A,F,D,C,A,A,H,-,A,A,0,NA,NA,NA,NA,Y,NA,-,99,0,0,1,0,0,0,0,0,0,-,-,NA,NA,LOS ANGELES,LOS ANGELES,-118.27169036865234,33.953758239746094
8850954,2019,2019-05-02,1942,2019-04-16,1500,43252,0394,2,5,7,1942,0,0,0,C,0,3A28,ARLINGTON AV,MLK BL,150,S,N,A,-,N,NA,NA,NA,NA,NA,NA,NA,NA,NA,Y,4,0,1,2,A,-,03,22350,NA,N,C,E,A,A,H,-,A,D,0,NA,NA,NA,NA,Y,Y,A,01,0,0,1,0,0,0,0,0,0,-,-,NA,NA,LOS ANGELES,LOS ANGELES,-118.31825256347656,34.01041030883789