CASE_ID,ACCIDENT_YEAR,PROC_DATE,JURIS,COLLISION_DATE,COLLISION_TIME,OFFICER_ID,REPORTING_DISTRICT,DAY_OF_WEEK,CHP_SHIFT,POPULATION,CNTY_CITY_LOC,SPECIAL_COND,BEAT_TYPE,CHP_BEAT_TYPE,CITY_DIVISION_LAPD,CHP_BEAT_CLASS,BEAT_NUMBER,PRIMARY_RD,SECONDARY_RD,DISTANCE,DIRECTION,INTERSECTION,WEATHER_1,WEATHER_2,STATE_HWY_IND,CALTRANS_COUNTY,CALTRANS_DISTRICT,STATE_ROUTE,ROUTE_SUFFIX,POSTMILE_PREFIX,POSTMILE,LOCATION_TYPE,RAMP_INTERSECTION,SIDE_OF_HWY,TOW_AWAY,COLLISION_SEVERITY,NUMBER_KILLED,NUMBER_INJURED,PARTY_COUNT,PRIMARY_COLL_FACTOR,PCF_CODE_OF_VIOL,PCF_VIOL_CATEGORY,PCF_VIOLATION,PCF_VIOL_SUBSECTION,HIT_AND_RUN,TYPE_OF_COLLISION,MVIW,PED_ACTION,ROAD_SURFACE,ROAD_COND_1,ROAD_COND_2,LIGHTING,CONTROL_DEVICE,CHP_ROAD_TYPE,PEDESTRIAN_ACCIDENT,BICYCLE_ACCIDENT,MOTORCYCLE_ACCIDENT,TRUCK_ACCIDENT,NOT_PRIVATE_PROPERTY,ALCOHOL_INVOLVED,STWD_VEHTYPE_AT_FAULT,CHP_VEHTYPE_AT_FAULT,COUNT_SEVERE_INJ,COUNT_VISIBLE_INJ,COUNT_COMPLAINT_PAIN,COUNT_PED_KILLED,COUNT_PED_INJURED,COUNT_BICYCLIST_KILLED,COUNT_BICYCLIST_INJURED,COUNT_MC_KILLED,COUNT_MC_INJURED,PRIMARY_RAMP,SECONDARY_RAMP,LATITUDE,LONGITUDE,COUNTY,CITY,POINT_X,POINT_Y
8851758,2019,2019-05-08,1942,2019-04-21,0620,41921,0529,7,5,7,1942,0,0,0,E,0,5A55,ANAHEIM ST,QUAY AV,80,E,N,A,-,N,NA,NA,NA,NA,NA,NA,NA,NA,NA,Y,4,0,1,3,A,-,06,21750,NA,N,C,E,A,A,H,-,B,D,0,NA,NA,NA,NA,Y,NA,A,01,0,0,1,0,0,0,0,0,0,-,-,NA,NA,LOS ANGELES,LOS ANGELES,-118.25833129882813,33.78020095825195
8851760,2019,2019-05-17,1900,2019-04-06,1625,625459,1368,6,5,5,1952,0,0,0,NA,0,136T1,ALONDRA BL,DOWNEY AV,27,W,N,A,-,N,NA,NA,NA,NA,NA,NA,NA,NA,NA,Y,4,0,1,3,A,-,03,22350,NA,M,C,C,A,A,H,-,A,A,0,NA,NA,NA,NA,Y,NA,D,22,0,0,1,0,0,0,0,0,0,-,-,NA,NA,LOS ANGELES,PARAMOUNT,-118.15155029296876,33.88928985595703
8851851,2019,2019-05-09,1900,2019-03-22,0820,629510,1335,5,5,5,1908,0,0,0,NA,0,133T1,ARTESIA BL,LAKEWOOD BL,0,NA,Y,A,-,N,NA,NA,NA,NA,NA,NA,NA,NA,NA,N,4,0,1,2,A,-,03,22350,NA,N,C,C,A,A,H,-,A,A,0,NA,NA,NA,NA,Y,NA,D,22,0,0,1,0,0,0,0,0,0,-,-,NA,NA,LOS ANGELES,BELLFLOWER,-118.14259338378906,33.874820709228516
8851859,2019,2019-05-09,1900,2019-02-04,0725,552726,1351,1,5,3,1927,0,0,0,NA,0,135A,NORWALK BL,221ST ST,0,NA,Y,B,C,N,NA,NA,NA,NA,NA,NA,NA,NA,NA,Y,4,0,3,2,A,-,09,21801,A,N,D,C,A,B,H,-,A,A,0,NA,NA,NA,NA,Y,NA,D,22,0,0,3,0,0,0,0,0,0,-,-,NA,NA,LOS ANGELES,HAWAIIAN GARDENS,-118.07198333740234,33.82767105102539
8851871,2019,2019-05-09,1900,2019-03-23,1700,512462,1323,6,5,5,1935,0,0,0,NA,0,132T2,CARSON ST,WATSON PLAZA DR,120,E,N,A,-,N,NA,NA,NA,NA,NA,NA,NA,NA,NA,Y,3,0,1,4,A,-,03,22350,NA,N,C,C,A,A,H,-,A,D,0,NA,NA,NA,NA,Y,NA,A,01,0,1,0,0,0,0,0,0,0,-,-,NA,NA,LOS ANGELES,LAKEWOOD,-118.1547393798828,33.832340240478516
8851873,2019,2019-05-13,1942,2019-04-17,2025,42212,1449,3,5,7,1942,0,0,0,N,0,14A49,PACIFIC AV,GRAND VIEW BL,0,NA,Y,A,-,N,NA,NA,NA,NA,NA,NA,NA,NA,NA,N,4,0,1,2,A,-,10,21950,A,N,G,B,B,A,H,-,C,D,0,Y,NA,NA,NA,Y,Y,-,-,0,0,1,0,1,0,0,0,0,-,-,NA,NA,LOS ANGELES,LOS ANGELES,-118.43051147460938,34.003971099853516
8851875,2019,2019-05-09,1900,2019-03-22,1557,606987,1368,5,5,5,1952,0,0,0,NA,0,136B,PARAMOUNT BL,MADISON ST,0,NA,Y,A,-,N,NA,NA,NA,NA,NA,NA,NA,NA,NA,N,4,0,1,2,A,-,09,21802,A,N,D,C,A,A,H,-,A,A,0,NA,NA,NA,NA,Y,NA,A,01,0,0,1,0,0,0,0,0,0,-,-,33.89104080200195,-118.16021728515624,LOS ANGELES,PARAMOUNT,-118.16014862060548,33.891090393066406
8851885,2019,2019-05-03,1900,2019-02-12,1400,609643,1616,2,5,5,1977,0,0,0,NA,0,168T,CARSON ST,MAIN ST,0,NA,Y,B,-,N,NA,NA,NA,NA,NA,NA,NA,NA,NA,N,4,0,1,2,A,-,07,21658,A,N,B,C,A,A,H,-,A,D,0,NA,NA,NA,NA,Y,NA,-,-,0,0,1,0,0,0,0,0,0,-,-,NA,NA,LOS ANGELES,CARSON,-118.27808380126952,33.83168029785156
8851887,2019,2019-05-09,1900,2019-03-18,0859,624036,1336,1,5,5,1908,0,0,0,NA,0,133T2,ARTESIA BL,ARDMORE AV,0,NA,Y,A,-,N,NA,NA,NA,NA,NA,NA,NA,NA,NA,Y,4,0,1,2,A,-,12,21453,A,N,D,C,A,A,H,-,A,A,0,NA,NA,Y,NA,Y,Y,D,22,0,0,1,0,0,0,0,0,1,-,-,NA,NA,LOS ANGELES,BELLFLOWER,-118.12911987304688,33.87487030029297
8851888,2019,2020-10-06,1976,2019-04-03,1252,597,NA,3,5,3,1964,0,0,0,NA,0,003,CARMENITA RD,RT 5,0,NA,Y,B,-,Y,LA,7,5,-,-,2.232,R,4,S,Y,4,0,1,3,A,-,09,21453,C,N,D,C,A,A,H,-,A,A,0,NA,NA,NA,NA,Y,NA,D,22,0,0,1,0,0,0,0,0,0,-,TO,NA,NA,LOS ANGELES,SANTA FE SPRINGS,-118.04402160644533,33.892189025878906
8851892,2019,2019-05-24,1976,2019-04-10,1217,722,NA,3,5,3,1964,0,0,0,NA,0,NA,TELEGRAPH RD,FREEMAN AV,376,W,N,A,-,N,NA,NA,NA,NA,NA,NA,NA,NA,NA,Y,3,0,1,2,A,-,03,22350,NA,N,C,C,A,A,H,-,A,D,0,NA,NA,NA,Y,Y,NA,A,01,0,1,0,0,0,0,0,0,0,-,-,NA,NA,LOS ANGELES,SANTA FE SPRINGS,-118.0588607788086,33.94179916381836
8851895,2019,2019-05-09,1900,2019-03-24,0953,512462,1327,7,5,5,1935,0,0,0,NA,0,132T1,ALBURTIS AV,206TH ST,0,NA,Y,A,-,N,NA,NA,NA,NA,NA,NA,NA,NA,NA,Y,4,0,1,2,A,-,09,21802,A,N,A,C,A,A,H,-,A,D,0,NA,NA,NA,NA,Y,NA,A,01,0,0,1,0,0,0,0,0,0,-,-,NA,NA,LOS ANGELES,LAKEWOOD,-118.08416748046876,33.843238830566406
8851898,2019,2019-05-13,1900,2019-03-26,1643,532457,1335,2,5,5,1908,0,0,0,NA,0,133Q1/,ARDMORE AV,RAMONA ST,64,S,N,A,-,N,NA,NA,NA,NA,NA,NA,NA,NA,NA,Y,4,0,1,3,A,-,01,23152,A,N,A,E,A,A,H,-,A,D,0,NA,NA,NA,NA,Y,Y,A,01,0,0,1,0,0,0,0,0,0,-,-,33.8726692199707,-118.12904357910156,LOS ANGELES,BELLFLOWER,-118.12906646728516,33.8728141784668
8851899,2019,2019-05-09,1900,2019-03-22,1155,526288,1337,5,5,5,1908,0,0,0,NA,0,133T2,ALONDRA BL,EUCALYPTUS AV,281,E,N,A,-,N,NA,NA,NA,NA,NA,NA,NA,NA,NA,Y,2,0,3,4,A,-,01,23153,F,F,C,E,A,A,H,-,A,D,0,NA,NA,NA,NA,Y,NA,D,22,2,0,1,0,0,0,0,0,0,-,-,NA,NA,LOS ANGELES,BELLFLOWER,-118.1211166381836,33.88936996459961
8851924,2019,2019-05-09,1942,2019-04-20,1815,42801,NA,6,5,7,1942,0,0,0,NA,0,NA,BURBANK BL,WOODLEY AV,10,E,N,B,-,N,NA,NA,NA,NA,NA,NA,NA,NA,NA,Y,2,0,1,1,A,-,01,23152,A,N,E,I,A,A,H,-,A,A,0,NA,NA,NA,NA,Y,Y,-,-,1,0,0,0,0,0,0,0,0,-,-,NA,NA,LOS ANGELES,LOS ANGELES,-118.47573852539064,34.171722412109375
8851925,2019,2019-05-03,1909,2019-02-05,0904,583,1909,2,5,4,1909,0,0,0,NA,0,NORTH,GARFIELD AV,LOVELAND ST,0,NA,Y,C,-,N,NA,NA,NA,NA,NA,NA,NA,NA,NA,N,4,0,1,2,A,-,12,22450,A,M,B,C,A,B,H,-,A,A,0,NA,NA,NA,NA,Y,NA,-,NA,0,0,1,0,0,0,0,0,0,-,-,NA,NA,LOS ANGELES,BELL GARDENS,-118.14909362792967,33.97010040283203
8851927,2019,2019-05-16,1955,2019-03-22,1341,42468,84,5,5,6,1955,0,0,0,NA,0,004,PHILADELPHIA ST,PALOMARES ST,150,E,N,A,-,N,NA,NA,NA,NA,NA,NA,NA,NA,NA,N,4,0,1,2,A,-,08,22107,NA,F,B,C,A,A,H,-,A,A,0,NA,NA,NA,NA,Y,NA,D,22,0,0,1,0,0,0,0,0,0,-,-,NA,NA,LOS ANGELES,POMONA,-117.74441528320313,34.03343200683594
8851928,2019,2019-05-10,1942,2019-03-22,1400,34426,0195,5,5,7,1942,0,0,0,A,0,1A85,LOS ANGELES ST,WASHINGTON BL,26,E,N,A,-,N,NA,NA,NA,NA,NA,NA,NA,NA,NA,Y,3,0,1,2,A,-,08,22107,NA,N,A,F,A,A,H,-,A,A,0,NA,NA,NA,NA,Y,NA,A,01,0,1,0,0,0,0,0,0,0,-,-,NA,NA,LOS ANGELES,LOS ANGELES,-118.26355743408205,34.030521392822266
8851936,2019,2019-05-09,1942,2019-03-06,1325,39291,0236,3,5,7,1942,0,0,0,B,0,1X92W4,BEVERLY BL,BONNIE BRAE ST,75,W,N,C,-,N,NA,NA,NA,NA,NA,NA,NA,NA,NA,Y,3,0,2,2,A,-,03,22350,A,N,-,C,A,B,H,-,A,B,0,NA,NA,NA,NA,Y,NA,A,01,0,1,1,0,0,0,0,0,0,-,-,NA,NA,LOS ANGELES,LOS ANGELES,-118.26821136474608,34.06572723388672
8851938,2019,2019-05-03,1961,2019-02-28,0800,6490,1961,4,5,3,1961,0,0,0,NA,0,003,SOUTH MACLAY AV,CELIS ST,0,NA,Y,C,-,N,NA,NA,NA,NA,NA,NA,NA,NA,NA,N,4,0,1,2,A,-,12,21453,A,N,D,C,A,B,H,-,A,A,0,NA,NA,NA,NA,Y,NA,A,01,0,0,1,0,0,0,0,0,0,-,-,NA,NA,LOS ANGELES,SAN FERNANDO,-118.4423828125,34.28248977661133
8851939,2019,2019-05-08,1955,2019-03-08,1907,41802,98,5,5,6,1955,0,0,0,NA,0,003,INDIAN HILL BL,KEYSTONE AV,30,S,N,A,-,N,NA,NA,NA,NA,NA,NA,NA,NA,NA,Y,3,0,1,2,A,-,09,21804,A,N,D,C,A,A,H,-,C,A,0,NA,NA,NA,NA,Y,NA,A,01,0,1,0,0,0,0,0,0,0,-,-,NA,NA,LOS ANGELES,POMONA,-117.71920013427734,34.06570816040039
8851943,2019,2019-05-16,1955,2019-03-06,2143,40764,35,3,5,6,1955,0,0,0,NA,0,002,WHITE AV,MCKINLEY AV,50,N,N,C,-,N,NA,NA,NA,NA,NA,NA,NA,NA,NA,Y,4,0,1,3,A,-,03,22350,NA,N,C,C,A,B,H,-,C,A,0,NA,NA,NA,Y,Y,NA,A,01,0,0,1,0,0,0,0,0,0,-,-,NA,NA,LOS ANGELES,POMONA,-117.75987243652344,34.078025817871094
8851947,2019,2019-05-09,1955,2019-03-30,2143,40513,02,6,5,6,1955,0,0,0,NA,0,005,9TH ST,GAREY AV,300,W,N,A,-,N,NA,NA,NA,NA,NA,NA,NA,NA,NA,Y,3,0,1,4,A,-,01,23152,A,N,C,E,A,A,H,-,C,A,0,NA,NA,NA,NA,Y,Y,D,22,0,1,0,0,0,0,0,0,0,-,-,NA,NA,LOS ANGELES,POMONA,-117.75092315673828,34.051422119140625
8851950,2019,2019-05-03,1946,2019-02-23,1133,A2,1946,6,5,4,1946,0,0,0,NA,0,002,HUNTINGTON DR,PRIMROSE,13,E,N,A,-,N,NA,NA,NA,NA,NA,NA,NA,NA,NA,Y,3,0,1,2,A,-,09,21802,A,N,D,C,A,A,H,-,A,D,0,NA,NA,NA,NA,Y,NA,A,07,0,1,0,0,0,0,0,0,0,-,-,NA,NA,LOS ANGELES,MONROVIA,-118.00299072265624,34.140480041503906
8851954,2019,2019-05-03,1946,2019-02-21,1530,P7,1946,4,5,4,1946,0,0,0,NA,0,002,MAYFLOWER AV,CHESTNUT AV,0,NA,Y,A,-,N,NA,NA,NA,NA,NA,NA,NA,NA,NA,Y,4,0,1,2,A,-,12,22450,NA,N,D,C,A,A,H,-,A,A,0,NA,NA,NA,NA,Y,NA,-,-,0,0,1,0,0,0,0,0,0,-,-,NA,NA,LOS ANGELES,MONROVIA,-118.00965881347656,34.14249038696289
8851955,2019,2019-05-31,1955,2019-04-14,1451,42415,97,7,5,6,1955,0,0,0,NA,0,004,MISSION BL,LA MESA ST,75,E,N,A,-,N,NA,NA,NA,NA,NA,NA,NA,NA,NA,N,3,0,1,2,A,-,09,21804,A,F,G,B,F,A,H,-,A,D,0,Y,NA,NA,NA,Y,NA,D,22,0,1,0,0,1,0,0,0,0,-,-,NA,NA,LOS ANGELES,POMONA,-117.73455047607422,34.055503845214844
8851958,2019,2019-05-03,1946,2019-02-19,0710,P46,1,2,5,4,1946,0,0,0,NA,0,001,5TH,FOOTHILL,0,NA,Y,A,-,N,NA,NA,NA,NA,NA,NA,NA,NA,NA,N,4,0,1,2,A,-,12,21453,A,N,D,C,A,A,H,-,A,A,0,NA,NA,NA,NA,Y,NA,-,-,0,0,1,0,0,0,0,0,0,-,-,NA,NA,LOS ANGELES,MONROVIA,-118.02071380615234,34.1511116027832
8851960,2019,2019-05-16,1942,2019-03-31,1220,37505,0101,7,5,7,1942,0,0,0,A,0,1A1,SUNSET BL,VIN SKULLY AV,580,E,N,A,-,N,NA,NA,NA,NA,NA,NA,NA,NA,NA,Y,4,0,1,2,A,-,07,21658,A,N,B,C,A,A,H,-,A,A,0,NA,NA,NA,NA,Y,NA,D,22,0,0,1,0,0,0,0,0,0,-,-,NA,NA,LOS ANGELES,LOS ANGELES,-118.2505340576172,34.07090759277344
8851962,2019,2019-05-03,1946,2019-03-23,1903,P58,1946,6,5,4,1946,0,0,0,NA,0,003,MOUNTAIN AV,ROYAL OAKS,12,N,N,B,-,N,NA,NA,NA,NA,NA,NA,NA,NA,NA,N,4,0,1,2,A,-,09,21802,A,N,D,C,A,A,H,-,C,B,0,NA,NA,NA,NA,Y,NA,-,-,0,0,1,0,0,0,0,0,0,-,-,NA,NA,LOS ANGELES,MONROVIA,-117.9862823486328,34.14324188232422
8851963,2019,2019-05-08,1942,2019-04-12,1742,41749,2129,5,5,7,1942,0,0,0,NA,0,21X28,OAKDALE AV,INGOMAR ST,100,N,N,A,-,N,NA,NA,NA,NA,NA,NA,NA,NA,NA,Y,2,0,2,3,A,-,03,22350,NA,N,A,C,A,A,H,-,A,D,0,NA,NA,NA,NA,Y,NA,A,01,1,0,1,0,0,0,0,0,0,-,-,NA,NA,LOS ANGELES,LOS ANGELES,-118.5666732788086,34.212684631347656
8851966,2019,2019-05-03,1946,2019-02-05,0901,P46,1,2,5,4,1946,0,0,0,NA,0,002,5TH,HUNTINGTON,0,NA,Y,B,C,N,NA,NA,NA,NA,NA,NA,NA,NA,NA,N,3,0,1,2,A,-,10,21950,A,N,G,B,B,B,H,-,A,A,0,Y,NA,NA,NA,Y,NA,A,01,0,1,0,0,1,0,0,0,0,-,-,NA,NA,LOS ANGELES,MONROVIA,-118.02050018310548,34.14017868041992
8851967,2019,2019-05-08,1942,2019-04-21,1510,30830,NA,7,5,7,1942,0,0,0,NA,0,NA,ROSCOE BL,CANOGA AV,310,E,N,A,-,N,NA,NA,NA,NA,NA,NA,NA,NA,NA,Y,3,0,2,2,A,-,09,21801,A,N,D,C,A,A,H,-,A,D,0,NA,NA,NA,NA,Y,NA,A,01,0,1,1,0,0,0,0,0,0,-,-,NA,NA,LOS ANGELES,LOS ANGELES,-118.59649658203124,34.21982955932617
8851970,2019,2019-05-03,1946,2019-02-09,2246,P58,1946,6,5,4,1946,0,0,0,NA,0,002,W HUNTINGTON DR,HUNTINGTON DR 928,45,S,N,B,-,N,NA,NA,NA,NA,NA,NA,NA,NA,NA,N,4,0,1,2,A,-,08,22107,NA,M,D,C,A,A,H,-,C,A,0,NA,NA,NA,NA,Y,Y,-,-,0,0,1,0,0,0,0,0,0,-,-,NA,NA,LOS ANGELES,MONROVIA,NA,NA
8851971,2019,2019-06-06,1942,2019-04-14,1751,43591,2143,7,5,7,1942,0,0,0,NA,0,21A2,VICTORY BL,FALLBROOK CIR,0,NA,Y,A,-,N,NA,NA,NA,NA,NA,NA,NA,NA,NA,NA,3,0,1,2,A,-,09,21801,A,N,D,C,A,A,H,-,A,A,0,NA,NA,Y,NA,Y,NA,D,22,0,1,0,0,0,0,0,0,1,-,-,NA,NA,LOS ANGELES,LOS ANGELES,-118.62339019775392,34.186458587646484
8851974,2019,2019-05-03,1946,2019-02-03,0935,P2,1946,7,5,4,1946,0,0,0,NA,0,002,HUNTINGTON,5TH,0,NA,Y,C,-,N,NA,NA,NA,NA,NA,NA,NA,NA,NA,N,3,0,1,2,A,-,10,21950,A,N,G,B,B,B,H,-,A,A,0,Y,NA,NA,NA,Y,NA,A,01,0,1,0,0,1,0,0,0,0,-,-,NA,NA,LOS ANGELES,MONROVIA,-118.02050018310548,34.14017868041992
8851978,2019,2019-05-03,1946,2019-02-17,1801,P46,1,7,5,4,1946,0,0,0,NA,0,002,EVERGREEN,MAGNOLIA,0,NA,-,B,C,N,NA,NA,NA,NA,NA,NA,NA,NA,NA,N,4,0,1,2,A,-,10,21950,A,N,G,B,B,B,H,-,C,A,0,Y,NA,NA,NA,Y,NA,A,01,0,0,1,0,1,0,0,0,0,-,-,NA,NA,LOS ANGELES,MONROVIA,-118.00511169433594,34.134918212890625
8851979,2019,2019-05-10,1942,2019-04-19,1215,32372,1041,5,5,7,1942,0,0,0,J,0,10A83,TAMPA AV,TOPHAM ST,202,S,N,A,-,N,NA,NA,NA,NA,NA,NA,NA,NA,NA,N,4,0,1,2,A,-,08,22100,A,N,B,C,A,A,H,-,A,D,0,NA,NA,NA,NA,Y,NA,D,22,0,0,1,0,0,0,0,0,0,-,-,NA,NA,LOS ANGELES,LOS ANGELES,-118.55345916748048,34.18045425415039
8851980,2019,2019-05-17,1900,2019-04-04,1300,430275,1512,4,5,5,1954,0,0,0,NA,0,151T1,STEPHENS ST,DURFEE BL,30,E,N,B,-,N,NA,NA,NA,NA,NA,NA,NA,NA,NA,NA,4,0,1,2,A,-,03,22350,NA,N,C,C,A,A,H,-,A,A,0,NA,NA,NA,NA,Y,NA,A,01,0,0,1,0,0,0,0,0,0,-,-,34.002201080322266,-118.0781021118164,LOS ANGELES,PICO RIVERA,-118.07842254638672,34.002159118652344
8851982,2019,2019-05-03,1946,2019-02-01,2049,P58,NA,5,5,4,1946,0,0,0,NA,0,003,MOUNTAIN AV,ROYAL OAK,33,N,Y,B,-,N,NA,NA,NA,NA,NA,NA,NA,NA,NA,Y,4,0,1,2,A,-,12,21453,A,M,D,C,A,A,H,-,C,A,0,NA,NA,NA,NA,Y,Y,A,07,0,0,1,0,0,0,0,0,0,-,-,NA,NA,LOS ANGELES,MONROVIA,-117.9862823486328,34.1432991027832
8851987,2019,2019-05-08,1942,2019-04-16,1000,36406,1049,2,5,7,1942,0,0,0,J,0,10A17,MONTGOMERY AV,VICTORY BL,25,N,N,A,-,N,NA,NA,NA,NA,NA,NA,NA,NA,NA,Y,4,0,1,1,A,-,03,22350,NA,N,E,J,A,A,H,-,A,-,0,NA,NA,NA,NA,Y,NA,D,22,0,0,1,0,0,0,0,0,0,-,-,NA,NA,LOS ANGELES,LOS ANGELES,-118.48253631591795,34.18668746948242
8851988,2019,2019-05-22,1900,2019-03-26,2102,517839,1518,2,5,5,1954,0,0,0,NA,0,151T3,ROSEMEAD BL,MAXINE ST,178,N,N,A,-,N,NA,NA,NA,NA,NA,NA,NA,NA,NA,Y,3,0,1,2,A,-,08,22107,NA,N,B,E,A,A,H,-,C,D,0,NA,NA,NA,NA,Y,NA,A,01,0,1,0,0,0,0,0,0,0,-,-,33.966190338134766,-118.10739135742188,LOS ANGELES,PICO RIVERA,-118.10759735107422,33.96589660644531
8851991,2019,2019-05-10,1942,2019-04-07,1940,39402,1024,7,5,7,1942,0,0,0,J,0,10A94,RESEDA BL,BASSETT ST,0,NA,Y,A,-,N,NA,NA,NA,NA,NA,NA,NA,NA,NA,N,4,0,1,2,A,-,09,21801,A,N,D,C,A,A,H,-,B,D,0,NA,NA,NA,NA,Y,NA,D,22,0,0,1,0,0,0,0,0,0,-,-,NA,NA,LOS ANGELES,LOS ANGELES,-118.53604125976564,34.1956787109375
8851992,2019,2019-05-09,1900,2019-03-24,0556,499039,1512,7,5,5,1954,0,0,0,NA,0,151T3,DURFEE AV,OLYMPIC BL,76,S,N,A,-,N,NA,NA,NA,NA,NA,NA,NA,NA,NA,N,4,0,2,2,A,-,08,22107,NA,N,C,C,A,A,-,-,A,D,0,NA,NA,NA,NA,Y,NA,A,01,0,0,2,0,0,0,0,0,0,-,-,34.00428009033203,-118.07801055908205,LOS ANGELES,PICO RIVERA,-118.07782745361328,34.00434875488281
8851995,2019,2019-05-10,1942,2019-04-16,0645,27792,NA,2,5,7,1942,0,0,0,NA,0,NA,SHERMAN WAY,HAYVENHURST AV,200,E,N,A,-,N,NA,NA,NA,NA,NA,NA,NA,NA,NA,Y,4,0,1,3,A,-,04,21703,NA,N,C,C,A,A,H,-,A,D,0,NA,NA,NA,NA,Y,NA,D,22,0,0,1,0,0,0,0,0,0,-,-,NA,NA,LOS ANGELES,LOS ANGELES,-118.49175262451172,34.201229095458984
8851999,2019,2019-05-09,1942,2019-04-18,2110,43538,1599,4,5,7,1942,0,0,0,O,0,15A67,CAHUENGA BL,REGAL PL,500,E,N,A,-,N,NA,NA,NA,NA,NA,NA,NA,NA,NA,Y,4,0,1,2,A,-,08,22107,NA,F,C,C,A,A,H,-,C,B,0,NA,NA,NA,NA,Y,NA,-,99,0,0,1,0,0,0,0,0,0,-,-,NA,NA,LOS ANGELES,LOS ANGELES,-118.35956573486328,34.13444900512695
8852001,2019,2019-05-06,1955,2019-04-12,0756,42522,08,5,5,6,1955,0,0,0,NA,0,001,GAREY AV,CENTER ST,33,N,N,A,-,N,NA,NA,NA,NA,NA,NA,NA,NA,NA,N,4,0,1,3,A,-,03,22350,NA,F,C,C,A,A,H,-,A,A,0,NA,NA,NA,NA,Y,NA,A,01,0,0,1,0,0,0,0,0,0,-,-,NA,NA,LOS ANGELES,POMONA,-117.75028228759766,34.0615119934082
8852005,2019,2019-05-06,1955,2019-04-02,1120,41871,6,2,5,6,1955,0,0,0,NA,0,001,REBECCA ST,HOLT AV,0,NA,Y,A,-,N,NA,NA,NA,NA,NA,NA,NA,NA,NA,N,3,0,1,2,A,-,10,21950,A,N,G,B,B,A,H,-,A,A,0,Y,NA,NA,NA,Y,NA,A,01,0,1,0,0,1,0,0,0,0,-,-,NA,NA,LOS ANGELES,POMONA,-117.75682830810548,34.06222915649414
8852009,2019,2019-05-06,1955,2019-04-16,1018,41871,31,2,5,6,1955,0,0,0,NA,0,002,GAREY AV,GROVE ST,500,N,N,A,-,N,NA,NA,NA,NA,NA,NA,NA,NA,NA,Y,4,0,3,7,A,-,08,22107,NA,F,E,I,A,A,H,-,A,A,0,NA,NA,NA,NA,Y,NA,A,01,0,0,3,0,0,0,0,0,0,-,-,NA,NA,LOS ANGELES,POMONA,-117.74858856201172,34.10456085205078
8852013,2019,2019-05-06,1975,2019-04-19,1646,400,NA,5,5,6,1975,0,0,0,NA,0,003,WEST COVINA WY,SERVICE AV,5280,N,N,A,-,N,NA,NA,NA,NA,NA,NA,NA,NA,NA,N,3,0,2,3,A,-,10,21950,A,N,G,B,B,A,H,-,A,A,0,Y,NA,NA,NA,Y,NA,A,01,0,2,0,0,2,0,0,0,0,-,-,NA,NA,LOS ANGELES,WEST COVINA,-117.92710113525392,34.067779541015625
8852017,2019,2019-05-06,1975,2019-04-19,0940,455,NA,5,5,6,1975,0,0,0,NA,0,003,SUNSET AV,MERCED AV,0,NA,Y,A,-,N,NA,NA,NA,NA,NA,NA,NA,NA,NA,Y,4,0,2,2,A,-,12,21453,A,N,D,C,A,A,H,-,A,A,0,NA,NA,NA,NA,Y,NA,A,07,0,0,2,0,0,0,0,0,0,-,-,NA,NA,LOS ANGELES,WEST COVINA,-117.94612121582033,34.06132125854492
8852021,2019,2019-05-03,1975,2019-04-22,1138,685,CITRU,1,5,6,1975,0,0,0,NA,0,004,SOUTH GLENDORA AV,W CHRISTOPHER ST,223,S,N,A,-,N,NA,NA,NA,NA,NA,NA,NA,NA,NA,N,4,0,1,2,A,-,03,22350,NA,N,C,C,A,A,H,-,A,A,0,NA,NA,NA,NA,Y,NA,-,NA,0,0,1,0,0,0,0,0,0,-,-,NA,NA,LOS ANGELES,WEST COVINA,-117.92872619628906,34.06440734863281
8852025,2019,2019-05-06,1975,2019-04-20,1001,685,CITRU,6,5,6,1975,0,0,0,NA,0,005,SOUTH AZUSA AV,FAIRGROVE AV,101,S,N,A,-,N,NA,NA,NA,NA,NA,NA,NA,NA,NA,Y,4,0,1,2,A,-,03,22350,NA,N,C,C,A,A,H,-,A,A,0,NA,NA,NA,NA,Y,NA,-,NA,0,0,1,0,0,0,0,0,0,-,-,NA,NA,LOS ANGELES,WEST COVINA,-117.9113311767578,34.042911529541016
8852029,2019,2019-05-06,1975,2019-04-19,1314,686,CITRU,5,5,6,1975,0,0,0,NA,0,005,AZUSA AV,FAIRGROVE AV,0,NA,Y,A,-,N,NA,NA,NA,NA,NA,NA,NA,NA,NA,Y,3,0,3,2,A,-,12,21453,A,N,D,C,A,A,H,-,A,A,0,NA,NA,NA,NA,Y,NA,A,08,0,2,1,0,0,0,0,0,0,-,-,NA,NA,LOS ANGELES,WEST COVINA,-117.91114807128906,34.04314041137695
8852033,2019,2019-05-06,1975,2019-04-19,0915,686,CITRU,5,5,6,1975,0,0,0,NA,0,005,AMAR RD,VALINDA AV,745,E,N,A,-,N,NA,NA,NA,NA,NA,NA,NA,NA,NA,Y,3,0,1,2,A,-,08,22107,NA,N,B,C,A,A,H,-,A,D,0,NA,NA,NA,NA,Y,NA,A,01,0,1,0,0,0,0,0,0,0,-,-,NA,NA,LOS ANGELES,WEST COVINA,-117.92389678955078,34.03554916381836