CASE_ID,ACCIDENT_YEAR,PROC_DATE,JURIS,COLLISION_DATE,COLLISION_TIME,OFFICER_ID,REPORTING_DISTRICT,DAY_OF_WEEK,CHP_SHIFT,POPULATION,CNTY_CITY_LOC,SPECIAL_COND,BEAT_TYPE,CHP_BEAT_TYPE,CITY_DIVISION_LAPD,CHP_BEAT_CLASS,BEAT_NUMBER,PRIMARY_RD,SECONDARY_RD,DISTANCE,DIRECTION,INTERSECTION,WEATHER_1,WEATHER_2,STATE_HWY_IND,CALTRANS_COUNTY,CALTRANS_DISTRICT,STATE_ROUTE,ROUTE_SUFFIX,POSTMILE_PREFIX,POSTMILE,LOCATION_TYPE,RAMP_INTERSECTION,SIDE_OF_HWY,TOW_AWAY,COLLISION_SEVERITY,NUMBER_KILLED,NUMBER_INJURED,PARTY_COUNT,PRIMARY_COLL_FACTOR,PCF_CODE_OF_VIOL,PCF_VIOL_CATEGORY,PCF_VIOLATION,PCF_VIOL_SUBSECTION,HIT_AND_RUN,TYPE_OF_COLLISION,MVIW,PED_ACTION,ROAD_SURFACE,ROAD_COND_1,ROAD_COND_2,LIGHTING,CONTROL_DEVICE,CHP_ROAD_TYPE,PEDESTRIAN_ACCIDENT,BICYCLE_ACCIDENT,MOTORCYCLE_ACCIDENT,TRUCK_ACCIDENT,NOT_PRIVATE_PROPERTY,ALCOHOL_INVOLVED,STWD_VEHTYPE_AT_FAULT,CHP_VEHTYPE_AT_FAULT,COUNT_SEVERE_INJ,COUNT_VISIBLE_INJ,COUNT_COMPLAINT_PAIN,COUNT_PED_KILLED,COUNT_PED_INJURED,COUNT_BICYCLIST_KILLED,COUNT_BICYCLIST_INJURED,COUNT_MC_KILLED,COUNT_MC_INJURED,PRIMARY_RAMP,SECONDARY_RAMP,LATITUDE,LONGITUDE,COUNTY,CITY,POINT_X,POINT_Y
8856373,2019,2019-05-17,1969,2019-04-07,1115,10126,1969,7,5,5,1969,0,0,0,NA,0,001,GLENWOOD AV,TOPE AV,25,W,N,A,-,N,NA,NA,NA,NA,NA,NA,NA,NA,NA,Y,4,0,1,2,A,-,08,22103,NA,N,B,C,A,A,H,-,A,D,0,NA,NA,NA,NA,Y,NA,A,01,0,0,1,0,0,0,0,0,0,-,-,NA,NA,LOS ANGELES,SOUTH GATE,-118.22550201416016,33.954010009765625
8856374,2019,2019-05-17,1942,2019-04-09,0325,36230,1538,2,5,7,1942,0,0,0,O,0,15A39,VINELAND AV,OXNARD ST,0,NA,Y,A,-,N,NA,NA,NA,NA,NA,NA,NA,NA,NA,N,4,0,1,2,A,-,01,23152,A,N,C,C,A,A,H,-,C,A,0,NA,NA,NA,NA,Y,Y,A,01,0,0,1,0,0,0,0,0,0,-,-,NA,NA,LOS ANGELES,LOS ANGELES,-118.37030029296876,34.1794319152832
8856375,2019,2019-05-21,1942,2019-05-01,2030,37575,1433,3,5,7,1942,0,0,0,N,0,8TL35,VENICE BL,GLYNDON AV,0,NA,Y,A,-,N,NA,NA,NA,NA,NA,NA,NA,NA,NA,Y,2,0,1,2,A,-,07,21658,A,F,E,I,A,A,H,-,C,D,0,NA,NA,Y,NA,Y,NA,-,99,1,0,0,0,0,0,0,0,1,-,-,NA,NA,LOS ANGELES,LOS ANGELES,-118.44927978515624,33.99586868286133
8856377,2019,2019-05-17,1969,2019-04-07,0603,10200,PATRO,7,5,5,1969,0,0,0,NA,0,002,LIBERTY BL,CYPRESS AV,80,W,N,A,-,N,NA,NA,NA,NA,NA,NA,NA,NA,NA,Y,4,0,1,2,A,-,21,22106,NA,N,C,C,A,A,H,-,C,D,0,NA,NA,NA,NA,Y,NA,A,07,0,0,1,0,0,0,0,0,0,-,-,NA,NA,LOS ANGELES,SOUTH GATE,-118.2162628173828,33.96122360229492
8856378,2019,2019-05-17,1942,2019-04-15,1830,42995,1523,1,5,7,1942,0,0,0,O,0,15A12,VICTORY BL,COLDWATER CANYON AV,0,NA,N,A,-,N,NA,NA,NA,NA,NA,NA,NA,NA,NA,Y,3,0,1,3,A,-,08,22107,NA,N,D,C,A,A,H,-,B,A,0,NA,NA,NA,NA,Y,NA,-,NA,0,1,0,0,0,0,0,0,0,-,-,NA,NA,LOS ANGELES,LOS ANGELES,-118.41381072998048,34.18667984008789
8856379,2019,2019-06-18,1942,2019-05-06,0340,37575,2056,1,5,7,1942,0,0,0,NA,0,6T7,VERMONT AV,SAN MARINO ST,0,NA,Y,A,-,N,NA,NA,NA,NA,NA,NA,NA,NA,NA,Y,2,0,1,3,A,-,01,23152,A,N,F,C,A,A,H,-,C,D,0,NA,NA,NA,NA,Y,Y,A,01,1,0,0,0,0,0,0,0,0,-,-,NA,NA,LOS ANGELES,LOS ANGELES,-118.29164123535156,34.05500030517578
8856381,2019,2019-05-17,1969,2019-04-04,1629,10205,PATRO,4,5,5,1969,0,0,0,NA,0,002,STATE ST,SOUTHERN AV,0,NA,Y,A,-,N,NA,NA,NA,NA,NA,NA,NA,NA,NA,Y,4,0,1,2,A,-,09,21801,A,N,-,C,A,A,H,-,A,A,0,NA,NA,NA,NA,Y,NA,A,01,0,0,1,0,0,0,0,0,0,-,-,NA,NA,LOS ANGELES,SOUTH GATE,-118.2126693725586,33.95174026489258
8856382,2019,2019-05-17,1942,2019-04-17,1410,42400,1549,3,5,7,1942,0,0,0,O,0,A21,BURBANK BL,BURBANK BL 10800,0,NA,Y,A,-,N,NA,NA,NA,NA,NA,NA,NA,NA,NA,Y,3,0,2,2,A,-,08,22102,NA,N,D,C,A,A,H,-,A,D,0,NA,NA,NA,NA,Y,NA,A,01,0,1,1,0,0,0,0,0,0,-,-,NA,NA,LOS ANGELES,LOS ANGELES,-118.366165,34.172149
8856386,2019,2019-05-17,1942,2019-04-18,1350,43359,1503,4,5,7,1942,0,0,0,O,0,15A3,VANOWEN,RHODES,150,E,N,A,-,N,NA,NA,NA,NA,NA,NA,NA,NA,NA,Y,4,0,1,2,A,-,07,21658,A,N,C,J,A,A,H,-,A,D,0,NA,NA,NA,NA,Y,NA,A,01,0,0,1,0,0,0,0,0,0,-,-,NA,NA,LOS ANGELES,LOS ANGELES,-118.40260314941406,34.19395065307617
8856387,2019,2019-05-20,1928,2019-05-08,1624,324,526,3,5,5,1928,0,0,0,NA,0,501,HAWTHORN BL,116TH ST,0,NA,Y,A,-,N,NA,NA,NA,NA,NA,NA,NA,NA,NA,Y,3,0,2,2,A,-,09,21801,A,N,A,C,A,A,H,-,A,A,0,NA,NA,NA,NA,Y,NA,A,01,0,1,1,0,0,0,0,0,0,-,-,33.92921829223633,-118.35254669189452,LOS ANGELES,HAWTHORNE,-118.352484,33.929127
8856390,2019,2019-05-17,1942,2019-04-20,1445,36713,1581,6,5,7,1942,0,0,0,O,0,15U11,LAUREL CANYON BL,VALLEY SPRING LN,150,N,N,A,-,N,NA,NA,NA,NA,NA,NA,NA,NA,NA,Y,2,0,1,3,A,-,21,22106,NA,N,-,-,A,A,-,-,A,-,0,NA,NA,NA,NA,Y,NA,A,01,1,0,0,0,0,0,0,0,0,-,-,NA,NA,LOS ANGELES,LOS ANGELES,-118.39645385742188,34.147151947021484
8856391,2019,2019-05-20,1928,2019-05-01,1429,239,527,3,5,5,1928,0,0,0,NA,0,504,AVIATION BL,ROSECRANS AV,200,S,N,A,-,N,NA,NA,NA,NA,NA,NA,NA,NA,NA,Y,3,0,1,2,A,-,08,22107,NA,N,B,C,A,A,H,-,A,A,0,NA,NA,Y,NA,Y,NA,A,01,0,1,0,0,0,0,0,0,1,-,-,33.90187072753906,-118.37872314453124,LOS ANGELES,HAWTHORNE,-118.37870025634766,33.901363372802734
8856392,2019,2019-05-20,1928,2019-05-12,1104,399,524,7,5,5,1928,0,0,0,NA,0,502,VAN NESS AV,115TH ST,0,NA,Y,B,-,N,NA,NA,NA,NA,NA,NA,NA,NA,NA,Y,4,0,2,2,A,-,09,21801,A,N,D,C,A,A,H,-,A,D,0,NA,NA,NA,NA,Y,NA,A,01,0,0,2,0,0,0,0,0,0,-,-,33.93006134033203,-118.31780242919922,LOS ANGELES,HAWTHORNE,-118.31781005859376,33.929969787597656
8856394,2019,2019-05-17,1942,2019-04-28,0630,41514,1581,7,5,7,1942,0,0,0,O,0,15A85,LAUREL CANYON BL,MOORPARK ST,0,NA,Y,B,-,N,NA,NA,NA,NA,NA,NA,NA,NA,NA,Y,4,0,1,2,A,-,12,21453,A,N,D,C,A,A,H,-,A,A,0,NA,NA,NA,NA,Y,NA,A,01,0,0,1,0,0,0,0,0,0,-,-,NA,NA,LOS ANGELES,LOS ANGELES,-118.39649200439452,34.1503791809082
8856395,2019,2019-05-20,1928,2019-05-12,1416,409,503,7,5,5,1928,0,0,0,NA,0,502,126TH ST,MENLO AV,0,NA,Y,A,-,N,NA,NA,NA,NA,NA,NA,NA,NA,NA,Y,4,0,1,2,A,-,12,22450,A,N,A,C,A,A,H,-,A,A,0,NA,NA,NA,NA,Y,NA,A,01,0,0,1,0,0,0,0,0,0,-,-,33.91825866699219,-118.34716033935548,LOS ANGELES,HAWTHORNE,-118.34716796875,33.9182014465332
8856396,2019,2019-05-20,1928,2019-05-11,1549,406,525,6,5,5,1928,0,0,0,NA,0,502,118TH ST,OXFORD AV,0,NA,Y,A,-,N,NA,NA,NA,NA,NA,NA,NA,NA,NA,Y,4,0,1,2,A,-,09,21802,NA,N,D,C,A,A,H,-,A,A,0,NA,NA,NA,NA,Y,NA,A,01,0,0,1,0,0,0,0,0,0,-,-,33.92741012573242,-118.34600830078124,LOS ANGELES,HAWTHORNE,-118.34610748291016,33.927310943603516
8856398,2019,2019-05-17,1942,2019-04-28,1135,33458,1545,7,5,7,1942,0,0,0,O,0,15A43,BURBANK BL,LAUREL CANYON BL,0,NA,Y,A,-,N,NA,NA,NA,NA,NA,NA,NA,NA,NA,N,3,0,2,2,A,-,09,21801,A,N,A,C,A,A,H,-,A,A,0,NA,NA,NA,NA,Y,Y,A,08,0,1,1,0,0,0,0,0,0,-,-,NA,NA,LOS ANGELES,LOS ANGELES,-118.3965072631836,34.1721305847168
8856399,2019,2019-05-20,1928,2019-05-11,1001,413,517,6,5,5,1928,0,0,0,NA,0,503,130TH ST,PRAIRIE AV,0,NA,Y,A,-,N,NA,NA,NA,NA,NA,NA,NA,NA,NA,Y,4,0,1,3,A,-,04,21703,NA,N,C,C,A,A,H,-,A,D,0,NA,NA,NA,NA,Y,NA,A,01,0,0,1,0,0,0,0,0,0,-,-,33.914268493652344,-118.3439712524414,LOS ANGELES,HAWTHORNE,-118.34388732910156,33.914180755615234
8856402,2019,2019-06-04,1942,2019-05-03,0205,41274,1001,5,5,7,1942,0,0,0,J,0,10A3,INGOMAR ST,TAMPA AV,375,E,N,A,-,N,NA,NA,NA,NA,NA,NA,NA,NA,NA,Y,4,0,1,2,A,-,03,22350,NA,F,E,I,A,A,H,-,C,D,0,NA,NA,NA,NA,Y,NA,A,01,0,0,1,0,0,0,0,0,0,-,-,NA,NA,LOS ANGELES,LOS ANGELES,-118.55228424072266,34.212013244628906
8856432,2019,2019-05-24,1942,2019-03-07,1135,42607,1139,4,5,7,1942,0,0,0,K,0,11A25,AVENUE 60,HAYES AV,0,NA,Y,A,-,N,NA,NA,NA,NA,NA,NA,NA,NA,NA,N,4,0,1,2,A,-,10,21950,A,N,A,B,D,A,D,-,A,D,0,Y,NA,NA,NA,Y,NA,D,22,0,0,1,0,1,0,0,0,0,-,-,NA,NA,LOS ANGELES,LOS ANGELES,-118.18759918212892,34.109291076660156
8856436,2019,2020-03-04,1942,2019-03-18,1120,99999,11,1,5,7,1942,0,0,0,K,0,NA,LOS FELIZ BL,ROWENA AV,20,N,N,A,-,N,NA,NA,NA,NA,NA,NA,NA,NA,NA,N,4,0,1,2,A,-,09,21802,A,N,D,J,A,A,H,-,A,D,0,NA,NA,Y,NA,Y,NA,D,22,0,0,1,0,0,0,0,0,0,-,-,NA,NA,LOS ANGELES,LOS ANGELES,-118.28272247314452,34.11277389526367
8856440,2019,2019-05-23,1942,2019-03-30,1140,37540,1177,6,5,7,1942,0,0,0,K,0,11A89,AVENUE 26,HURON ST,0,NA,Y,A,-,N,NA,NA,NA,NA,NA,NA,NA,NA,NA,Y,3,0,2,2,A,-,09,21802,A,N,D,C,A,A,H,-,A,A,0,NA,NA,NA,NA,Y,NA,A,08,0,1,1,0,0,0,0,0,0,-,-,NA,NA,LOS ANGELES,LOS ANGELES,-118.22322082519533,34.084510803222656
8856446,2019,2019-05-20,1928,2019-04-25,1808,411,501,4,5,5,1928,0,0,0,NA,0,502,120TH ST,PRAIRIE AV,0,NA,Y,A,-,N,NA,NA,NA,NA,NA,NA,NA,NA,NA,Y,4,0,1,2,A,-,01,23152,B,N,C,C,A,A,H,-,B,A,0,NA,NA,NA,Y,Y,Y,F,26,0,0,1,0,0,0,0,0,0,-,-,33.923648834228516,-118.34397888183594,LOS ANGELES,HAWTHORNE,-118.34387969970705,33.92367935180664
8856452,2019,2019-05-20,1942,2019-03-12,0840,43601,1323,2,5,7,1942,0,0,0,M,0,13A43,CENTRAL AV,27TH ST,0,NA,Y,A,-,N,NA,NA,NA,NA,NA,NA,NA,NA,NA,N,4,0,1,2,A,-,08,22107,NA,N,C,C,A,A,H,-,A,A,0,NA,NA,NA,NA,Y,NA,D,22,0,0,1,0,0,0,0,0,0,-,-,NA,NA,LOS ANGELES,LOS ANGELES,-118.25536346435548,34.01776123046875
8856460,2019,2019-05-21,1942,2019-03-13,1810,43582,1333,3,5,7,1942,0,0,0,M,0,NA,JEFFERSON BL,MAPLE,225,E,N,A,-,N,NA,NA,NA,NA,NA,NA,NA,NA,NA,Y,2,0,3,3,A,-,03,22350,NA,N,C,C,A,A,H,-,A,D,0,NA,NA,NA,NA,Y,NA,D,22,1,0,2,0,0,0,0,0,0,-,-,NA,NA,LOS ANGELES,LOS ANGELES,-118.26879119873048,34.01689529418945
8856465,2019,2019-06-04,1941,2019-04-28,0709,6183,NA,7,5,7,1941,0,0,0,NA,0,NA,BELLFLOWER BL,WARDLOW RD,0,NA,Y,A,-,N,NA,NA,NA,NA,NA,NA,NA,NA,NA,Y,4,0,1,2,A,-,12,21453,A,N,D,C,A,A,H,-,A,A,0,NA,NA,NA,NA,Y,NA,A,NA,0,0,1,0,0,0,0,0,0,-,-,NA,NA,LOS ANGELES,LONG BEACH,-118.12548065185548,33.81888198852539
8856468,2019,2019-06-05,1942,2019-03-15,1720,42715,1375,5,5,7,1942,0,0,0,M,0,13X62,SLAUSON AV,CENTRAL AV,0,NA,N,A,-,N,NA,NA,NA,NA,NA,NA,NA,NA,NA,N,4,0,1,2,A,-,03,22350,NA,N,C,C,A,A,H,-,A,D,0,NA,NA,NA,NA,Y,Y,D,22,0,0,1,0,0,0,0,0,0,-,-,NA,NA,LOS ANGELES,LOS ANGELES,-118.25646209716795,33.989341735839844
8856472,2019,2019-05-24,1942,2019-03-15,0300,35291,1375,5,5,7,1942,0,0,0,M,0,13A75,E 55TH ST,HOOPER AV,0,NA,Y,A,-,N,NA,NA,NA,NA,NA,NA,NA,NA,NA,Y,4,0,1,3,A,-,12,21453,A,N,D,C,A,A,H,-,C,A,0,NA,NA,NA,NA,Y,NA,-,-,0,0,1,0,0,0,0,0,0,-,-,NA,NA,LOS ANGELES,LOS ANGELES,-118.25212860107422,33.99300003051758
8856476,2019,2019-05-23,1942,2019-03-13,1510,39346,1377,3,5,7,1942,0,0,0,M,0,13XL3,55TH ST,LONG BEACH AV,0,NA,Y,A,-,N,NA,NA,NA,NA,NA,NA,NA,NA,NA,N,4,0,2,2,A,-,12,22450,A,N,D,C,A,A,H,-,A,A,0,NA,NA,NA,NA,Y,NA,A,01,0,0,2,0,0,0,0,0,0,-,-,NA,NA,LOS ANGELES,LOS ANGELES,-118.24347686767578,33.99296951293945
8856477,2019,2019-05-20,1942,2019-04-30,0810,40362,0946,2,5,7,1942,0,0,0,I,0,9A37W2,OXNARD ST,RANCHITO AV,0,NA,Y,B,-,N,NA,NA,NA,NA,NA,NA,NA,NA,NA,Y,3,0,1,2,A,-,09,21804,A,N,B,C,A,A,H,-,A,D,0,NA,NA,NA,NA,Y,NA,D,22,0,1,0,0,0,0,0,0,0,-,-,NA,NA,LOS ANGELES,LOS ANGELES,-118.43562316894533,34.17940139770508
8856480,2019,2019-05-21,1942,2019-03-19,1630,39583,1124,2,5,7,1942,0,0,0,K,0,11XL26,SAN FERNANDO BL,TREADWELL ST,400,S,N,A,-,N,NA,NA,NA,NA,NA,NA,NA,NA,NA,N,4,0,1,2,A,-,03,22350,NA,N,C,C,A,A,H,-,A,D,0,NA,NA,NA,NA,Y,NA,A,01,0,0,1,0,0,0,0,0,0,-,-,NA,NA,LOS ANGELES,LOS ANGELES,-118.24951934814452,34.11855697631836
8856482,2019,2019-05-14,1942,2019-03-22,1520,37280,1333,5,5,7,1942,0,0,0,M,0,13A43,JEFFERSON BL,SAN PEDRO ST,0,NA,Y,A,-,N,NA,NA,NA,NA,NA,NA,NA,NA,NA,Y,2,0,1,4,A,-,03,22350,NA,F,B,B,E,A,H,-,A,D,0,Y,NA,NA,NA,Y,NA,-,99,1,0,0,0,1,0,0,0,0,-,-,NA,NA,LOS ANGELES,LOS ANGELES,-118.26526641845705,34.01533889770508
8856486,2019,2019-05-14,1942,2019-03-22,0015,39041,1394,5,5,7,1942,0,0,0,M,0,13A93,MAIN ST,66TH ST,0,NA,Y,A,-,N,NA,NA,NA,NA,NA,NA,NA,NA,NA,Y,4,0,1,2,A,-,05,21460,A,F,B,C,A,A,H,-,C,D,0,NA,NA,NA,NA,Y,NA,-,99,0,0,1,0,0,0,0,0,0,-,-,NA,NA,LOS ANGELES,LOS ANGELES,-118.27393341064452,33.97964096069336
8856490,2019,2019-05-14,1942,2019-03-31,0040,41487,0464,7,5,7,1942,0,0,0,D,0,4A53,1ST ST,CHICAGO ST,0,NA,Y,A,-,N,NA,NA,NA,NA,NA,NA,NA,NA,NA,Y,2,0,1,3,A,-,01,23153,A,N,C,E,A,A,H,-,C,A,0,NA,NA,NA,NA,Y,Y,A,01,1,0,0,0,0,0,0,0,0,-,-,NA,NA,LOS ANGELES,LOS ANGELES,-118.21254730224608,34.04439926147461
8856494,2019,2019-05-14,1942,2019-03-21,0740,39107,0429,4,5,7,1942,0,0,0,D,0,4A9,MAYCREST AV,HUNTINGTON DR,0,NA,Y,B,-,N,NA,NA,NA,NA,NA,NA,NA,NA,NA,N,4,0,2,3,A,-,10,21950,A,N,G,B,B,A,H,-,A,A,0,Y,NA,NA,NA,Y,NA,A,01,0,0,2,0,2,0,0,0,0,-,-,NA,NA,LOS ANGELES,LOS ANGELES,-118.16114044189452,34.09342956542969
8856498,2019,2019-05-28,1942,2019-03-21,1425,41574,0488,4,5,7,1942,0,0,0,D,0,4A78,8TH ST,DACOTAH ST,0,NA,Y,B,C,N,NA,NA,NA,NA,NA,NA,NA,NA,NA,Y,4,0,1,2,A,-,03,22350,NA,N,C,C,A,B,-,-,A,A,0,NA,NA,NA,NA,Y,NA,A,01,0,0,1,0,0,0,0,0,0,-,-,NA,NA,LOS ANGELES,LOS ANGELES,-118.21035003662108,34.02408981323242
8856502,2019,2019-05-14,1942,2019-03-21,2000,41487,0407,4,5,7,1942,0,0,0,D,0,4A3,MERCURY AV,BERYL,0,NA,N,A,-,N,NA,NA,NA,NA,NA,NA,NA,NA,NA,N,4,0,1,2,A,-,11,21950,B,N,H,B,D,A,H,-,C,D,0,Y,NA,NA,NA,Y,NA,N,60,0,0,1,0,1,0,0,0,0,-,-,NA,NA,LOS ANGELES,LOS ANGELES,-118.18948364257813,34.08591079711914
8856506,2019,2019-05-14,1942,2019-03-24,2130,33902,0408,7,5,7,1942,0,0,0,D,0,4A9,EASTERN AV,HUNTINGTON DR,0,NA,Y,A,-,N,NA,NA,NA,NA,NA,NA,NA,NA,NA,N,4,0,1,2,A,-,08,22107,NA,F,A,C,A,A,H,-,C,A,0,NA,NA,NA,NA,Y,NA,-,99,0,0,1,0,0,0,0,0,0,-,-,NA,NA,LOS ANGELES,LOS ANGELES,-118.17836761474608,34.086238861083984
8856510,2019,2019-05-29,1942,2019-03-21,1445,42698,0415,4,5,7,1942,0,0,0,D,0,4A15,DALY AV,BROADWAY,10,S,N,B,-,N,NA,NA,NA,NA,NA,NA,NA,NA,NA,N,4,0,3,2,A,-,03,22350,NA,F,C,C,A,A,H,-,A,A,0,NA,NA,NA,NA,Y,Y,-,99,0,0,3,0,0,0,0,0,0,-,-,NA,NA,LOS ANGELES,LOS ANGELES,-118.21560668945313,34.073612213134766
8856512,2019,2019-05-15,1953,2019-04-10,0723,5651,1953,3,5,6,1953,0,0,0,NA,0,003,HILL AV,ORANGE GROVE BL,100,N,N,A,-,N,NA,NA,NA,NA,NA,NA,NA,NA,NA,Y,4,0,1,2,A,-,03,22350,NA,N,C,C,A,A,H,-,A,A,0,NA,NA,NA,NA,Y,NA,A,08,0,0,1,0,0,0,0,0,0,-,-,NA,NA,LOS ANGELES,PASADENA,-118.12145233154295,34.1580924987793
8856514,2019,2019-05-14,1942,2019-03-20,2355,43016,0438,3,5,7,1942,0,0,0,D,0,4U1-W3,VALLEY BL,MARIONDALE AV,7,W,N,A,-,N,NA,NA,NA,NA,NA,NA,NA,NA,NA,N,4,0,1,2,A,-,03,22350,NA,F,C,C,A,A,H,-,C,A,0,NA,NA,NA,NA,Y,NA,-,99,0,0,1,0,0,0,0,0,0,-,-,NA,NA,LOS ANGELES,LOS ANGELES,-118.16510009765624,34.074127197265625
8856516,2019,2019-05-15,1953,2019-04-10,1421,9296,NA,3,5,6,1953,0,0,0,NA,0,NA,SIERRA MADRE BL,MICHILLINDA AV,200,W,N,A,-,N,NA,NA,NA,NA,NA,NA,NA,NA,NA,Y,3,0,1,3,A,-,09,21804,A,N,D,C,A,A,H,-,A,D,0,NA,NA,Y,NA,Y,NA,A,01,0,1,0,0,0,0,0,0,1,-,-,NA,NA,LOS ANGELES,PASADENA,-118.06870269775392,34.161949157714844
8856518,2019,2019-05-14,1942,2019-03-25,1605,39508,0497,1,5,7,1942,0,0,0,D,0,4A97,SOTO ST,PICO BL,185,S,N,A,-,N,NA,NA,NA,NA,NA,NA,NA,NA,NA,N,4,0,1,2,A,-,04,21703,NA,F,C,C,A,A,H,-,A,D,0,NA,NA,NA,NA,Y,NA,-,99,0,0,1,0,0,0,0,0,0,-,-,NA,NA,LOS ANGELES,LOS ANGELES,-118.22022247314452,34.01999282836914
8856520,2019,2019-05-15,1953,2019-04-10,2043,6300,PASAD,3,5,6,1953,0,0,0,NA,0,003,ARDEN RD,WILSON AV,0,NA,Y,A,-,N,NA,NA,NA,NA,NA,NA,NA,NA,NA,N,4,0,1,2,A,-,10,21950,A,N,G,B,D,A,H,-,C,A,0,Y,NA,NA,NA,Y,NA,A,01,0,0,1,0,1,0,0,0,0,-,-,NA,NA,LOS ANGELES,PASADENA,-118.12798309326172,34.13172912597656
8856522,2019,2019-09-30,1942,2019-03-22,1740,42932,0488,5,5,7,1942,0,0,0,D,0,4A97,EUCLID AV,8TH ST,150,N,N,A,-,N,NA,NA,NA,NA,NA,NA,NA,NA,NA,N,3,0,1,2,A,-,11,21954,A,F,G,B,D,A,H,-,A,D,0,Y,NA,NA,NA,Y,NA,N,60,0,1,0,0,1,0,0,0,0,-,-,NA,NA,LOS ANGELES,LOS ANGELES,-118.21102905273438,34.02485275268555
8856526,2019,2019-09-30,1942,2019-03-19,1130,38502,0467,2,5,7,1942,0,0,0,D,0,4A71,MOTT ST,4TH ST,0,NA,Y,A,-,N,NA,NA,NA,NA,NA,NA,NA,NA,NA,N,4,0,1,2,A,-,10,21950,A,M,G,C,B,B,H,-,A,D,0,Y,NA,NA,NA,Y,NA,-,99,0,0,1,0,1,0,0,0,0,-,-,NA,NA,LOS ANGELES,LOS ANGELES,-118.2079620361328,34.038909912109375
8856530,2019,2019-05-14,1942,2019-03-21,0710,32973,0497,4,5,7,1942,0,0,0,D,0,4A97,GLENN AV,ORME AV,100,W,N,B,-,N,NA,NA,NA,NA,NA,NA,NA,NA,NA,N,3,0,1,2,A,-,21,22106,NA,F,G,B,F,A,H,-,A,D,0,Y,NA,NA,NA,Y,NA,-,99,0,1,0,0,1,0,0,0,0,-,-,NA,NA,LOS ANGELES,LOS ANGELES,-118.21729278564452,34.02471923828125
8856534,2019,2019-05-14,1942,2019-03-28,1900,30083,0448,4,5,7,1942,0,0,0,D,0,4A59,ALCAZAR ST,MURCHISON ST,0,NA,Y,A,-,N,NA,NA,NA,NA,NA,NA,NA,NA,NA,N,4,0,1,2,A,-,21,22106,NA,F,C,C,A,A,H,-,A,D,0,NA,NA,NA,NA,Y,NA,-,99,0,0,1,0,0,0,0,0,0,-,-,NA,NA,LOS ANGELES,LOS ANGELES,-118.1948699951172,34.06098175048828
8856542,2019,2019-05-14,1942,2019-03-11,1140,38357,0171,1,5,7,1942,0,0,0,A,0,1A61,GEORGIA ST,W OLYMPIC BL,0,NA,Y,A,-,N,NA,NA,NA,NA,NA,NA,NA,NA,NA,N,4,0,1,2,A,-,09,21801,B,F,D,C,A,A,H,-,A,D,0,NA,NA,NA,NA,Y,NA,-,99,0,0,1,0,0,0,0,0,0,-,-,NA,NA,LOS ANGELES,LOS ANGELES,-118.2668914794922,34.0459098815918
8856546,2019,2019-05-14,1942,2019-03-31,2115,43547,1184,7,5,7,1942,0,0,0,K,0,11A71,SUNSET BL,PORTIA ST,0,NA,Y,A,-,N,NA,NA,NA,NA,NA,NA,NA,NA,NA,N,4,0,1,2,A,-,02,22400,B,F,G,B,F,A,H,-,C,D,0,Y,NA,NA,NA,Y,NA,-,99,0,0,1,0,1,0,0,0,0,-,-,NA,NA,LOS ANGELES,LOS ANGELES,-118.2543716430664,34.07545852661133
8856550,2019,2019-05-14,1942,2019-03-10,1345,39125,1127,7,5,7,1942,0,0,0,K,0,11A58,FIGUEROA ST,YORK BL,210,S,N,A,-,N,NA,NA,NA,NA,NA,NA,NA,NA,NA,N,4,0,1,2,A,-,08,22102,NA,F,D,C,A,A,H,-,A,D,0,NA,NA,NA,NA,Y,NA,-,99,0,0,1,0,0,0,0,0,0,-,-,NA,NA,LOS ANGELES,LOS ANGELES,-118.18478393554688,34.11505889892578
8856554,2019,2019-05-14,1942,2019-03-12,2040,39062,1323,2,5,7,1942,0,0,0,M,0,13A13,E 22ND ST,S SAN PEDRO ST,0,NA,Y,A,-,N,NA,NA,NA,NA,NA,NA,NA,NA,NA,N,2,0,1,2,A,-,11,21950,B,N,G,B,B,A,H,-,C,A,0,Y,NA,NA,NA,Y,Y,N,60,1,0,0,0,1,0,0,0,0,-,-,NA,NA,LOS ANGELES,LOS ANGELES,-118.25919342041016,34.024898529052734
8856558,2019,2019-05-14,1942,2019-03-22,1900,32277,1363,5,5,7,1942,0,0,0,M,0,13X94,54TH ST,SAN PEDRO ST,20,E,N,A,-,N,NA,NA,NA,NA,NA,NA,NA,NA,NA,N,4,0,1,2,A,-,04,21703,NA,F,C,C,A,A,H,-,A,A,0,NA,NA,NA,NA,Y,NA,-,99,0,0,1,0,0,0,0,0,0,-,-,NA,NA,LOS ANGELES,LOS ANGELES,-118.27009582519533,33.993350982666016
8856559,2019,2019-05-16,1966,2019-04-06,2030,10829,6,6,5,3,1966,0,0,0,NA,0,NA,MOUNTAIN TRAIL AV,GRANDVIEW AV,154,S,N,A,-,N,NA,NA,NA,NA,NA,NA,NA,NA,NA,Y,3,0,1,4,A,-,01,23152,A,N,C,E,A,A,H,-,D,D,0,NA,NA,NA,NA,Y,Y,A,01,0,1,0,0,0,0,0,0,0,-,-,NA,NA,LOS ANGELES,SIERRA MADRE,-118.04814910888672,34.166404724121094
8856562,2019,2019-05-16,1942,2019-04-26,1915,42890,NA,5,5,7,1942,0,0,0,NA,0,19A79,COLUMBUS AV,PARTHENIA ST,0,NA,Y,A,-,N,NA,NA,NA,NA,NA,NA,NA,NA,NA,N,4,0,1,2,A,-,21,22106,NA,F,B,C,A,A,H,-,C,A,0,NA,NA,NA,NA,Y,Y,-,99,0,0,1,0,0,0,0,0,0,-,-,NA,NA,LOS ANGELES,LOS ANGELES,-118.46543121337892,34.2282600402832