CASE_ID,ACCIDENT_YEAR,PROC_DATE,JURIS,COLLISION_DATE,COLLISION_TIME,OFFICER_ID,REPORTING_DISTRICT,DAY_OF_WEEK,CHP_SHIFT,POPULATION,CNTY_CITY_LOC,SPECIAL_COND,BEAT_TYPE,CHP_BEAT_TYPE,CITY_DIVISION_LAPD,CHP_BEAT_CLASS,BEAT_NUMBER,PRIMARY_RD,SECONDARY_RD,DISTANCE,DIRECTION,INTERSECTION,WEATHER_1,WEATHER_2,STATE_HWY_IND,CALTRANS_COUNTY,CALTRANS_DISTRICT,STATE_ROUTE,ROUTE_SUFFIX,POSTMILE_PREFIX,POSTMILE,LOCATION_TYPE,RAMP_INTERSECTION,SIDE_OF_HWY,TOW_AWAY,COLLISION_SEVERITY,NUMBER_KILLED,NUMBER_INJURED,PARTY_COUNT,PRIMARY_COLL_FACTOR,PCF_CODE_OF_VIOL,PCF_VIOL_CATEGORY,PCF_VIOLATION,PCF_VIOL_SUBSECTION,HIT_AND_RUN,TYPE_OF_COLLISION,MVIW,PED_ACTION,ROAD_SURFACE,ROAD_COND_1,ROAD_COND_2,LIGHTING,CONTROL_DEVICE,CHP_ROAD_TYPE,PEDESTRIAN_ACCIDENT,BICYCLE_ACCIDENT,MOTORCYCLE_ACCIDENT,TRUCK_ACCIDENT,NOT_PRIVATE_PROPERTY,ALCOHOL_INVOLVED,STWD_VEHTYPE_AT_FAULT,CHP_VEHTYPE_AT_FAULT,COUNT_SEVERE_INJ,COUNT_VISIBLE_INJ,COUNT_COMPLAINT_PAIN,COUNT_PED_KILLED,COUNT_PED_INJURED,COUNT_BICYCLIST_KILLED,COUNT_BICYCLIST_INJURED,COUNT_MC_KILLED,COUNT_MC_INJURED,PRIMARY_RAMP,SECONDARY_RAMP,LATITUDE,LONGITUDE,COUNTY,CITY,POINT_X,POINT_Y
8857302,2019,2019-05-15,1942,2019-04-21,0830,39745,1249,7,5,7,1942,0,0,0,L,0,12A49,S FIGUEROA ST,W 66TH ST,0,NA,Y,A,-,N,NA,NA,NA,NA,NA,NA,NA,NA,NA,Y,4,0,1,3,A,-,09,21801,A,N,B,C,A,A,H,-,A,D,0,NA,NA,NA,NA,Y,NA,A,01,0,0,1,0,0,0,0,0,0,-,-,NA,NA,LOS ANGELES,LOS ANGELES,-118.28270721435548,33.979801177978516
8857306,2019,2019-05-15,1942,2019-04-21,1015,39745,1273,7,5,7,1942,0,0,0,L,0,12A73,W MANCHESTER AV,S VAN NESS AV,0,NA,Y,A,-,N,NA,NA,NA,NA,NA,NA,NA,NA,NA,Y,3,0,1,3,A,-,09,21801,A,N,A,C,A,A,H,-,A,A,0,NA,NA,NA,NA,Y,NA,A,01,0,1,0,0,0,0,0,0,0,-,-,NA,NA,LOS ANGELES,LOS ANGELES,-118.31775665283205,33.95996856689453
8857310,2019,2019-05-15,1942,2019-04-05,1700,42096,1205,5,5,7,1942,0,0,0,L,0,12X4,DENKER AV,51ST,25,S,N,A,-,N,NA,NA,NA,NA,NA,NA,NA,NA,NA,Y,3,0,1,4,A,-,01,23152,A,N,B,E,A,A,H,-,A,D,0,NA,NA,NA,NA,Y,Y,A,01,0,1,0,0,0,0,0,0,0,-,-,NA,NA,LOS ANGELES,LOS ANGELES,-118.30457305908205,33.996803283691406
8857314,2019,2019-05-15,1942,2019-04-03,1545,43589,1233,3,5,7,1942,0,0,0,L,0,12A15,WESTERN AV,SLAUSON,0,NA,Y,A,-,N,NA,NA,NA,NA,NA,NA,NA,NA,NA,N,3,0,1,2,A,-,12,21453,A,N,D,G,A,-,-,-,A,A,0,NA,Y,NA,NA,Y,NA,L,04,0,1,0,0,0,0,1,0,0,-,-,NA,NA,LOS ANGELES,LOS ANGELES,-118.30895233154295,33.98915100097656
8857318,2019,2019-05-15,1942,2019-04-21,0620,42282,1251,7,5,7,1942,0,0,0,L,0,12A51,FLORENCE AV,CRENSHAW BL,190,W,N,A,-,N,NA,NA,NA,NA,NA,NA,NA,NA,NA,N,4,0,2,2,A,-,08,22107,NA,N,B,C,A,A,H,-,A,A,0,NA,NA,NA,NA,Y,NA,A,01,0,0,2,0,0,0,0,0,0,-,-,NA,NA,LOS ANGELES,LOS ANGELES,-118.33151245117188,33.97453308105469
8857322,2019,2019-05-15,1942,2019-04-07,1800,38510,0666,7,5,7,1942,0,0,0,F,0,20A44,VINE ST,FOUNTAIN AV,0,NA,Y,A,-,N,NA,NA,NA,NA,NA,NA,NA,NA,NA,Y,4,0,1,2,A,-,12,21453,A,N,D,C,A,A,D,-,A,A,0,NA,NA,NA,NA,Y,NA,A,01,0,0,1,0,0,0,0,0,0,-,-,NA,NA,LOS ANGELES,LOS ANGELES,-118.32662200927734,34.0943717956543
8857332,2019,2019-05-10,1931,2019-05-02,1450,5324,1931,4,5,5,1931,0,0,0,NA,0,001,BELGRAVE AV,PACIFIC BL,236,E,N,A,-,N,NA,NA,NA,NA,NA,NA,NA,NA,NA,N,4,0,1,2,A,-,03,22350,NA,N,C,C,A,A,H,-,A,D,0,NA,NA,NA,NA,Y,NA,A,07,0,0,1,0,0,0,0,0,0,-,-,NA,NA,LOS ANGELES,HUNTINGTON PARK,-118.22444152832033,33.987186431884766
8857351,2019,2019-05-10,1906,2019-05-03,1925,4429,NA,5,5,5,1906,0,0,0,NA,0,002,OLIVE ST,MERCED AV,7,S,N,A,-,N,NA,NA,NA,NA,NA,NA,NA,NA,NA,N,4,0,1,2,A,-,10,21950,A,N,G,B,B,A,H,-,B,A,0,Y,NA,NA,NA,Y,NA,A,07,0,0,1,0,1,0,0,0,0,-,-,NA,NA,LOS ANGELES,BALDWIN PARK,-117.97364044189452,34.09938049316406
8857373,2019,2019-05-20,1942,2019-04-20,1625,42799,0723,6,5,7,1942,0,0,0,G,0,7A64,BEVERLY BL,LA JOLLA AV,0,NA,Y,A,-,N,NA,NA,NA,NA,NA,NA,NA,NA,NA,N,4,0,1,2,A,-,00,21663,A,N,D,C,A,A,H,-,A,D,0,NA,NA,Y,NA,Y,NA,C,03,0,0,1,0,0,0,0,0,1,-,-,NA,NA,LOS ANGELES,LOS ANGELES,-118.36800384521484,34.07609176635742
8857374,2019,2019-05-16,1953,2019-04-12,0827,7653,PASA,5,5,6,1953,0,0,0,NA,0,001,CONGRESS PL,ORANGE GROVE BL,0,NA,Y,A,-,N,NA,NA,NA,NA,NA,NA,NA,NA,NA,N,4,0,1,2,A,-,08,22107,NA,N,G,B,B,A,H,-,A,A,0,Y,NA,NA,NA,Y,NA,A,01,0,0,1,0,1,0,0,0,0,-,-,NA,NA,LOS ANGELES,PASADENA,-118.15883636474608,34.134010314941406
8857377,2019,2019-06-06,1941,2019-04-18,0545,11266,NA,4,5,7,1941,0,0,0,NA,0,NA,BELLFLOWER BL,PALM RD,161,NA,N,A,-,N,NA,NA,NA,NA,NA,NA,NA,NA,NA,Y,1,1,1,3,A,-,08,22107,NA,N,D,C,A,A,H,-,B,D,0,NA,NA,NA,NA,Y,NA,A,NA,0,0,1,0,0,0,0,0,0,-,-,NA,NA,LOS ANGELES,LONG BEACH,-118.12223815917967,33.77798080444336
8857378,2019,2019-05-16,1953,2019-04-12,1411,0344,1953,5,5,6,1953,0,0,0,NA,0,003,SIERRA BONITA AV,COLORADO BL,50,N,N,A,-,N,NA,NA,NA,NA,NA,NA,NA,NA,NA,N,4,0,1,2,A,-,09,21804,A,N,D,C,A,A,H,-,A,D,0,NA,NA,NA,NA,Y,NA,A,01,0,0,1,0,0,0,0,0,0,-,-,NA,NA,LOS ANGELES,PASADENA,-118.11705017089844,34.14613723754883
8857381,2019,2019-05-20,1942,2019-04-14,2000,42921,1583,7,5,7,1942,0,0,0,O,0,9X16,VENTURA,RADFORD,200,E,N,A,-,N,NA,NA,NA,NA,NA,NA,NA,NA,NA,Y,4,0,1,2,A,-,03,22350,NA,F,C,C,A,A,H,-,C,D,0,NA,NA,NA,NA,Y,NA,-,99,0,0,1,0,0,0,0,0,0,-,-,NA,NA,LOS ANGELES,LOS ANGELES,-118.39226531982422,34.14337921142578
8857382,2019,2019-05-16,1953,2019-04-11,1155,3301,1953,4,5,6,1953,0,0,0,NA,0,003,LAKE AV,BELVIDERE ST,200,N,N,A,-,N,NA,NA,NA,NA,NA,NA,NA,NA,NA,N,3,0,1,2,A,-,05,21460,A,N,A,G,A,A,H,-,A,D,0,NA,Y,NA,NA,Y,NA,L,04,0,1,0,0,0,0,1,0,0,-,-,NA,NA,LOS ANGELES,PASADENA,-118.13243103027344,34.164737701416016
8857385,2019,2019-11-16,1942,2019-04-27,1000,43598,1985,6,5,7,1942,0,0,0,NA,0,19A61,ROSCOE BL,VAN NUYS BL,0,NA,Y,B,-,N,NA,NA,NA,NA,NA,NA,NA,NA,NA,N,4,0,1,2,A,-,07,21658,A,F,B,C,A,A,H,-,A,D,0,NA,NA,NA,NA,Y,NA,-,99,0,0,1,0,0,0,0,0,0,-,-,NA,NA,LOS ANGELES,LOS ANGELES,-118.4487762451172,34.22153091430664
8857386,2019,2019-05-16,1953,2019-04-11,1241,8091,PASAD,4,5,6,1953,0,0,0,NA,0,002,FAIR OAKS AV,PENN ST,0,NA,Y,A,-,N,NA,NA,NA,NA,NA,NA,NA,NA,NA,Y,3,0,2,2,A,-,09,21804,A,N,D,C,A,A,H,-,A,D,0,NA,NA,NA,NA,Y,NA,A,07,0,1,1,0,0,0,0,0,0,-,-,NA,NA,LOS ANGELES,PASADENA,-118.15072631835938,34.17449951171875
8857389,2019,2019-05-20,1942,2019-04-04,1600,43682,1999,4,5,7,1942,0,0,0,NA,0,19A58,ROSCOE BL,VENTURA CANYON AV,0,NA,Y,A,-,N,NA,NA,NA,NA,NA,NA,NA,NA,NA,Y,3,0,2,2,A,-,09,21801,A,N,D,C,A,A,H,-,A,A,0,NA,NA,NA,NA,Y,NA,A,07,0,1,1,0,0,0,0,0,0,-,-,NA,NA,LOS ANGELES,LOS ANGELES,-118.42881011962892,34.2216682434082
8857393,2019,2019-05-20,1942,2019-04-25,1520,33294,1729,4,5,7,1942,0,0,0,Q,0,17A35,RINALDI ST,WHITE OAK AV,0,NA,Y,A,-,N,NA,NA,NA,NA,NA,NA,NA,NA,NA,Y,4,0,2,2,D,-,00,NA,NA,N,D,C,A,A,H,-,A,A,0,NA,NA,NA,NA,Y,NA,-,-,0,0,2,0,0,0,0,0,0,-,-,NA,NA,LOS ANGELES,LOS ANGELES,-118.51960754394533,34.279388427734375
8857397,2019,2019-05-23,1942,2019-04-25,1320,37800,1551,4,5,7,1942,0,0,0,O,0,15A43,LAUREL CANYON BL,KLING ST,50,N,N,A,-,N,NA,NA,NA,NA,NA,NA,NA,NA,NA,N,4,0,1,2,D,-,00,NA,NA,N,B,C,A,A,H,-,A,D,0,NA,NA,NA,NA,Y,NA,-,-,0,0,1,0,0,0,0,0,0,-,-,NA,NA,LOS ANGELES,LOS ANGELES,-118.39647674560548,34.155948638916016
8857401,2019,2019-06-05,1942,2019-04-17,0320,43436,NA,3,5,7,1942,0,0,0,NA,0,9A5,VANOWEN ST,HAZELTINE AV,0,NA,Y,A,-,N,NA,NA,NA,NA,NA,NA,NA,NA,NA,Y,4,0,2,2,A,-,04,21703,NA,N,C,C,A,A,H,-,C,A,0,NA,NA,NA,NA,Y,NA,A,08,0,0,2,0,0,0,0,0,0,-,-,NA,NA,LOS ANGELES,LOS ANGELES,-118.43997955322266,34.193939208984375
8857405,2019,2019-05-23,1941,2019-04-27,0229,10562,NA,6,5,7,1941,0,0,0,NA,0,NA,7TH ST,SANTIAGO AV,0,NA,Y,A,-,N,NA,NA,NA,NA,NA,NA,NA,NA,NA,Y,4,0,2,2,A,-,01,23152,B,N,-,C,A,A,-,-,C,A,0,NA,NA,NA,NA,Y,Y,A,NA,0,0,2,0,0,0,0,0,0,-,-,NA,NA,LOS ANGELES,LONG BEACH,-118.12853240966795,33.77534866333008
8857409,2019,2019-05-20,1941,2019-04-26,1409,5617,NA,5,5,7,1941,0,0,0,NA,0,NA,HILL ST,CEDAR AV,0,NA,Y,A,-,N,NA,NA,NA,NA,NA,NA,NA,NA,NA,Y,2,0,1,2,A,-,08,22107,NA,N,C,C,A,A,H,-,A,D,0,NA,NA,NA,NA,Y,NA,M,NA,1,0,0,0,0,0,0,0,0,-,-,NA,NA,LOS ANGELES,LONG BEACH,-118.19483947753906,33.7971305847168
8857412,2019,2019-05-15,1942,2019-03-22,1440,40099,1325,5,5,7,1942,0,0,0,M,0,13A27,E ADAMS BL,S NAOMI AV,0,NA,Y,A,-,N,NA,NA,NA,NA,NA,NA,NA,NA,NA,N,4,0,1,2,A,-,09,21802,A,F,D,C,A,A,H,-,A,A,0,NA,NA,NA,NA,Y,NA,-,99,0,0,1,0,0,0,0,0,0,-,-,NA,NA,LOS ANGELES,LOS ANGELES,-118.2524871826172,34.01765060424805
8857413,2019,2019-05-20,1941,2019-04-29,1616,5163,NA,1,5,7,1941,0,0,0,NA,0,NA,STUDEBAKER RD,ATHERTON ST,20,N,N,A,-,N,NA,NA,NA,NA,NA,NA,NA,NA,NA,Y,3,0,2,4,A,-,05,21650,NA,F,B,C,A,A,H,-,A,A,0,NA,NA,NA,NA,Y,NA,A,NA,0,1,1,0,0,0,0,0,0,-,-,NA,NA,LOS ANGELES,LONG BEACH,-118.09960174560548,33.788490295410156
8857414,2019,2019-05-16,1926,2019-04-26,1200,0022,NA,5,5,5,1926,0,0,0,NA,0,001,VISTA BONITA AV,FOOTHILL BL,0,NA,Y,A,-,N,NA,NA,NA,NA,NA,NA,NA,NA,NA,Y,4,0,2,3,A,-,09,21802,A,N,D,C,A,A,H,-,A,A,0,NA,NA,NA,NA,Y,NA,A,01,0,0,2,0,0,0,0,0,0,-,-,34.13605880737305,-117.86415863037108,LOS ANGELES,GLENDORA,-117.86418151855467,34.13602828979492
8857416,2019,2019-05-24,1942,2019-03-16,0810,40008,1372,6,5,7,1942,0,0,0,M,0,13A85,SLAUSON AV,AVALON BL,100,W,N,A,-,N,NA,NA,NA,NA,NA,NA,NA,NA,NA,N,4,0,1,2,A,-,09,21804,A,F,D,C,A,A,H,-,A,D,0,NA,NA,NA,NA,Y,NA,-,99,0,0,1,0,0,0,0,0,0,-,-,NA,NA,LOS ANGELES,LOS ANGELES,-118.26554107666016,33.9892463684082
8857418,2019,2019-06-03,1926,2019-04-29,1105,0075,NA,1,5,5,1926,0,0,0,NA,0,002,RT 66,VERMONT,460,W,N,A,-,N,NA,NA,NA,NA,NA,NA,NA,NA,NA,Y,3,0,2,2,A,-,09,21804,A,N,D,C,A,A,H,-,A,D,0,NA,NA,NA,NA,Y,NA,A,01,0,2,0,0,0,0,0,0,0,-,-,NA,NA,LOS ANGELES,GLENDORA,-117.8689193725586,34.12879943847656
8857422,2019,2019-05-16,1926,2019-04-24,1651,0075,NA,3,5,5,1926,0,0,0,NA,0,002,GLADSTONE ST,CONCORD LN,0,NA,Y,A,-,N,NA,NA,NA,NA,NA,NA,NA,NA,NA,Y,3,0,4,2,A,-,09,21802,A,N,D,C,A,A,H,-,A,A,0,NA,NA,NA,NA,Y,NA,A,01,0,1,3,0,0,0,0,0,0,-,-,NA,NA,LOS ANGELES,GLENDORA,-117.85891723632813,34.11394119262695
8857426,2019,2019-05-16,1956,2019-04-29,1733,1324,70,1,5,5,1956,0,0,0,NA,0,00P,HARBOR DR,HERONDO ST,0,NA,Y,A,-,N,NA,NA,NA,NA,NA,NA,NA,NA,NA,Y,3,0,3,2,A,-,09,21801,A,N,D,C,A,A,H,-,A,A,0,NA,NA,NA,NA,Y,NA,A,01,0,2,1,0,0,0,0,0,0,-,-,NA,NA,LOS ANGELES,REDONDO BEACH,-118.39739227294922,33.85248947143555
8857430,2019,2019-05-16,1907,2019-04-09,1755,211,2,2,5,4,1907,0,0,0,NA,0,NA,FLORENCE AV,HELIOTROPE AV,107,E,N,A,-,N,NA,NA,NA,NA,NA,NA,NA,NA,NA,N,4,0,1,2,A,-,08,21460,5,N,D,C,A,A,H,-,A,D,0,NA,NA,NA,NA,Y,NA,A,01,0,0,1,0,0,0,0,0,0,-,-,33.968929290771484,-119.18057250976564,LOS ANGELES,BELL,-118.1804428100586,33.96949768066406
8857432,2019,2019-05-15,1910,2019-03-26,1759,03209,NA,2,5,4,1910,0,0,0,NA,0,006,ELEVADO AV,FOOTHILL RD,210,W,N,A,-,N,NA,NA,NA,NA,NA,NA,NA,NA,NA,Y,4,0,2,2,A,-,09,21804,NA,N,D,C,A,A,H,-,A,D,0,NA,NA,NA,NA,Y,NA,A,01,0,0,2,0,0,0,0,0,0,-,-,NA,NA,LOS ANGELES,BEVERLY HILLS,-118.40325927734376,34.081111907958984
8857434,2019,2019-05-16,1907,2019-04-19,1745,242,1,5,5,4,1907,0,0,0,NA,0,NA,FLORENCE AV,PINE AV,350,W,N,A,-,N,NA,NA,NA,NA,NA,NA,NA,NA,NA,Y,2,0,4,3,A,-,01,23152,F,N,C,C,A,A,H,-,A,D,0,NA,NA,NA,NA,Y,NA,A,01,2,0,2,0,0,0,0,0,0,-,-,33.97032165527344,-118.18814849853516,LOS ANGELES,BELL,-118.19066619873048,33.9705810546875
8857436,2019,2019-05-15,1910,2019-03-26,1756,03209,NA,2,5,4,1910,0,0,0,NA,0,004,NORTH SANTA MONICA BL,CRESCENT DR,62,W,N,A,-,N,NA,NA,NA,NA,NA,NA,NA,NA,NA,N,4,0,1,2,A,-,03,22350,NA,N,C,C,A,A,H,-,A,A,0,NA,NA,NA,NA,Y,NA,A,01,0,0,1,0,0,0,0,0,0,-,-,NA,NA,LOS ANGELES,BEVERLY HILLS,-118.40176391601564,34.072959899902344
8857438,2019,2019-05-16,1907,2019-04-21,1740,239,1,7,5,4,1907,0,0,0,NA,0,NA,GAGE AV,OTIS AV,20,E,N,A,-,N,NA,NA,NA,NA,NA,NA,NA,NA,NA,N,3,0,2,2,A,-,12,21453,A,N,D,C,A,A,H,-,A,A,0,NA,NA,NA,NA,Y,NA,D,73,0,1,1,0,0,0,0,0,0,-,-,33.978599548339844,-118.19243621826172,LOS ANGELES,BELL,-118.192626953125,33.978614807128906
8857440,2019,2019-05-15,1910,2019-03-26,1058,360,NA,2,5,4,1910,0,0,0,NA,0,005,SOUTH SANTA MONICA BL,WILSHIRE BL,0,NA,Y,A,-,N,NA,NA,NA,NA,NA,NA,NA,NA,NA,N,3,0,1,2,A,-,06,21750,NA,N,B,G,A,A,H,-,A,D,0,NA,Y,NA,NA,Y,NA,A,07,0,1,0,0,0,0,1,0,0,-,-,34.06705093383789,-118.40937042236328,LOS ANGELES,BEVERLY HILLS,-118.40946197509766,34.067081451416016
8857452,2019,2019-05-21,1942,2019-03-30,0940,43219,0331,6,5,7,1942,0,0,0,C,0,3A41,JEFFERSON BL,RIMPAU,0,NA,Y,A,-,N,NA,NA,NA,NA,NA,NA,NA,NA,NA,N,4,0,1,2,A,-,09,21801,A,N,D,C,A,A,H,-,A,D,0,NA,NA,NA,NA,Y,NA,A,01,0,0,1,0,0,0,0,0,0,-,-,NA,NA,LOS ANGELES,LOS ANGELES,-118.35202026367188,34.02553176879883
8857456,2019,2019-05-15,1942,2019-03-30,0350,42914,0357,6,5,7,1942,0,0,0,C,0,3A55,JEFFERSON,NORMANDIE,50,E,N,A,-,N,NA,NA,NA,NA,NA,NA,NA,NA,NA,Y,3,0,1,1,B,-,22,NA,NA,N,E,I,A,A,H,-,C,D,0,NA,NA,NA,NA,Y,NA,-,-,0,1,0,0,0,0,0,0,0,-,-,NA,NA,LOS ANGELES,LOS ANGELES,-118.30006408691406,34.0255126953125
8857460,2019,2019-05-15,1942,2019-03-28,1735,43639,0311,4,5,7,1942,0,0,0,C,0,3A62,JEFFERSON BL,NATIONAL BL,495,S,N,A,-,N,NA,NA,NA,NA,NA,NA,NA,NA,NA,Y,3,0,4,2,A,-,05,21460,C,N,B,C,A,A,H,-,A,A,0,NA,NA,NA,NA,Y,NA,-,-,0,2,2,0,0,0,0,0,0,-,-,NA,NA,LOS ANGELES,LOS ANGELES,-118.37650299072266,34.02534484863281
8857526,2019,2019-06-06,1900,2019-05-02,1134,527069,2608,4,5,6,1950,0,0,0,NA,0,261T1,AVE Q,20TH ST E,0,NA,Y,A,-,N,NA,NA,NA,NA,NA,NA,NA,NA,NA,Y,4,0,1,3,A,-,12,22450,A,N,D,C,A,A,H,-,A,A,0,NA,NA,NA,NA,Y,NA,A,01,0,0,1,0,0,0,0,0,0,-,-,34.58740997314453,-118.0942611694336,LOS ANGELES,PALMDALE,-118.09427642822266,34.58742904663086
8857528,2019,2019-05-28,1900,2019-04-22,1630,531099,0815,1,5,4,1960,0,0,0,NA,0,81T2,ARROW HWY,WALNUT AV,0,NA,Y,A,-,N,NA,NA,NA,NA,NA,NA,NA,NA,NA,Y,2,0,2,2,A,-,12,21453,A,N,D,I,A,A,H,-,A,A,0,NA,NA,NA,NA,Y,NA,-,NA,1,0,1,0,0,0,0,0,0,-,-,NA,NA,LOS ANGELES,SAN DIMAS,-117.8027801513672,34.10313034057617
8857534,2019,2020-01-04,1900,2019-04-20,1418,609134,2603,6,5,6,1950,0,0,0,NA,0,264F,PEARBLOSSOM HWY,47TH ST EAST,0,NA,Y,A,-,N,NA,NA,NA,NA,NA,NA,NA,NA,NA,Y,4,0,1,2,A,-,12,21453,A,N,D,C,A,A,H,-,A,A,0,NA,NA,NA,NA,Y,NA,A,01,0,0,1,0,0,0,0,0,0,-,-,34.54275894165039,-118.04537200927734,LOS ANGELES,PALMDALE,-118.04527282714844,34.542720794677734
8857546,2019,2019-05-22,1942,2019-05-01,1120,39142,0834,3,5,7,1942,0,0,0,H,0,8A34,OLYMPIC BL,ROBERTSON BL,10,E,N,A,-,N,NA,NA,NA,NA,NA,NA,NA,NA,NA,N,4,0,1,2,A,-,03,22350,NA,N,C,C,A,A,H,-,A,B,0,NA,NA,NA,NA,Y,NA,D,22,0,0,1,0,0,0,0,0,0,-,-,NA,NA,LOS ANGELES,LOS ANGELES,-118.38360595703124,34.05936813354492
8857548,2019,2019-05-28,1942,2019-05-08,2255,41870,1841,3,5,7,1942,0,0,0,R,0,18A97,S FIGUEROA ST,W IMPERIAL HWY,15,S,N,A,-,N,NA,NA,NA,NA,NA,NA,NA,NA,NA,Y,3,0,2,2,A,-,01,23152,A,F,C,C,A,A,H,-,C,A,0,NA,NA,NA,NA,Y,Y,D,22,0,1,1,0,0,0,0,0,0,-,-,NA,NA,LOS ANGELES,LOS ANGELES,-118.28260040283205,33.93095779418945
8857601,2019,2019-05-17,1900,2019-04-30,1013,527069,2608,2,5,6,1950,0,0,0,NA,0,261T1,AVENUE Q,20TH ST EAST,0,NA,Y,A,-,N,NA,NA,NA,NA,NA,NA,NA,NA,NA,Y,4,0,3,2,A,-,09,21802,A,N,D,C,A,A,H,-,A,A,0,NA,NA,NA,NA,Y,NA,A,01,0,0,3,0,0,0,0,0,0,-,-,34.58742141723633,-118.09425354003906,LOS ANGELES,PALMDALE,-118.09427642822266,34.58742904663086
8857605,2019,2019-05-20,1900,2019-04-08,1410,602995,2612,1,5,6,1950,0,0,0,NA,0,261,PARKWOOD DR,MULBERRY LN,0,NA,Y,A,-,N,NA,NA,NA,NA,NA,NA,NA,NA,NA,N,4,0,1,2,A,-,04,21703,NA,N,C,C,A,A,H,-,A,D,0,NA,NA,NA,NA,Y,NA,A,07,0,0,1,0,0,0,0,0,0,-,-,34.56476974487305,-118.17588806152344,LOS ANGELES,PALMDALE,-118.1759033203125,34.56486129760742
8857632,2019,2019-05-30,1955,2019-04-15,1131,42440,03,1,5,6,1955,0,0,0,NA,0,004,GAREY AV,9TH ST,0,NA,Y,A,-,N,NA,NA,NA,NA,NA,NA,NA,NA,NA,Y,4,0,2,2,A,-,12,21453,A,N,D,C,A,A,H,-,A,A,0,NA,NA,NA,NA,Y,NA,A,01,0,0,2,0,0,0,0,0,0,-,-,NA,NA,LOS ANGELES,POMONA,-117.74993896484376,34.05146026611328
8857640,2019,2019-05-30,1955,2019-04-17,1942,40823,58,3,5,6,1955,0,0,0,NA,0,001,POMONA BL,ROSE LAWN ST,2640,W,N,A,-,N,NA,NA,NA,NA,NA,NA,NA,NA,NA,Y,3,0,1,2,A,-,01,23152,A,N,C,C,A,A,D,-,B,A,0,NA,NA,NA,NA,Y,Y,D,22,0,1,0,0,0,0,0,0,0,-,-,NA,NA,LOS ANGELES,POMONA,-117.79068756103516,34.0577392578125
8857644,2019,2019-05-30,1955,2019-04-29,1245,41886,10,1,5,6,1955,0,0,0,NA,0,003,GAREY AV,COLUMBIA AV,70,S,N,A,-,N,NA,NA,NA,NA,NA,NA,NA,NA,NA,N,3,0,2,2,A,-,09,21804,A,N,D,C,A,A,H,-,A,A,0,NA,NA,NA,NA,Y,NA,A,07,0,2,0,0,0,0,0,0,0,-,-,NA,NA,LOS ANGELES,POMONA,-117.75211334228516,34.06852722167969
8857658,2019,2019-05-20,1928,2019-04-20,1128,414,514,6,5,5,1928,0,0,0,NA,0,504,INGLEWOOD AV,137TH ST,140,N,N,B,-,N,NA,NA,NA,NA,NA,NA,NA,NA,NA,Y,3,0,1,3,A,-,03,22350,NA,M,C,C,A,A,H,-,A,D,0,NA,NA,NA,NA,Y,Y,A,07,0,1,0,0,0,0,0,0,0,-,-,NA,NA,LOS ANGELES,HAWTHORNE,-118.36128997802734,33.90826416015625
8857668,2019,2019-05-30,1900,2019-04-30,1725,610204,2837,2,5,5,1915,0,0,0,NA,0,283T1,WILMINGTON AV,GREENLEAF BL,0,NA,Y,A,-,N,NA,NA,NA,NA,NA,NA,NA,NA,NA,Y,4,0,1,2,A,-,09,21801,A,N,D,C,A,A,H,-,A,A,0,NA,NA,NA,NA,Y,NA,A,01,0,0,1,0,0,0,0,0,0,-,-,NA,NA,LOS ANGELES,COMPTON,-118.23655700683594,33.88072967529297
8857681,2019,2019-05-17,1900,2019-04-27,1505,615106,2619,6,5,6,1950,0,0,0,NA,0,262T1,PALMDALE PROMENADE,RANCHO VISTA BL,0,NA,Y,A,-,N,NA,NA,NA,NA,NA,NA,NA,NA,NA,Y,4,0,1,2,A,-,08,22107,NA,N,D,C,A,A,H,-,A,A,0,NA,NA,NA,NA,Y,NA,A,01,0,0,1,0,0,0,0,0,0,-,-,34.601539611816406,-118.13583374023438,LOS ANGELES,PALMDALE,-118.135911,34.601691
8857685,2019,2019-05-17,1900,2019-04-29,0900,527069,2611,1,5,6,1950,0,0,0,NA,0,261T1,5TH ST WEST,ALAMOSA AV,226,N,N,A,-,N,NA,NA,NA,NA,NA,NA,NA,NA,NA,Y,4,0,1,1,A,-,08,22107,NA,N,E,C,A,A,A,-,A,D,0,NA,NA,NA,NA,Y,NA,A,01,0,0,1,0,0,0,0,0,0,-,-,NA,NA,LOS ANGELES,PALMDALE,-118.13850402832033,34.574344635009766
8857689,2019,2019-05-20,1900,2019-04-27,1334,+,2612,6,5,6,1950,0,0,0,NA,0,262T1,50TH ST WEST,AVENUE N,195,N,N,A,-,N,NA,NA,NA,NA,NA,NA,NA,NA,NA,N,4,0,1,2,A,-,21,22106,NA,N,C,C,A,A,H,-,A,D,0,NA,NA,NA,NA,Y,NA,A,01,0,0,1,0,0,0,0,0,0,-,-,NA,NA,LOS ANGELES,PALMDALE,-118.21883392333984,34.63139343261719
8857693,2019,2019-05-20,1900,2019-04-30,0509,601485,2610,2,5,6,1950,0,0,0,NA,0,262T1,10TH ST EAST,AVENUE Q,0,NA,Y,A,-,N,NA,NA,NA,NA,NA,NA,NA,NA,NA,N,4,0,2,2,A,-,09,21802,A,N,D,C,A,A,H,-,C,A,0,NA,NA,NA,NA,Y,NA,A,01,0,0,2,0,0,0,0,0,0,-,-,34.587501525878906,-118.11199951171876,LOS ANGELES,PALMDALE,-118.11202239990234,34.58726119995117