CASE_ID,ACCIDENT_YEAR,PROC_DATE,JURIS,COLLISION_DATE,COLLISION_TIME,OFFICER_ID,REPORTING_DISTRICT,DAY_OF_WEEK,CHP_SHIFT,POPULATION,CNTY_CITY_LOC,SPECIAL_COND,BEAT_TYPE,CHP_BEAT_TYPE,CITY_DIVISION_LAPD,CHP_BEAT_CLASS,BEAT_NUMBER,PRIMARY_RD,SECONDARY_RD,DISTANCE,DIRECTION,INTERSECTION,WEATHER_1,WEATHER_2,STATE_HWY_IND,CALTRANS_COUNTY,CALTRANS_DISTRICT,STATE_ROUTE,ROUTE_SUFFIX,POSTMILE_PREFIX,POSTMILE,LOCATION_TYPE,RAMP_INTERSECTION,SIDE_OF_HWY,TOW_AWAY,COLLISION_SEVERITY,NUMBER_KILLED,NUMBER_INJURED,PARTY_COUNT,PRIMARY_COLL_FACTOR,PCF_CODE_OF_VIOL,PCF_VIOL_CATEGORY,PCF_VIOLATION,PCF_VIOL_SUBSECTION,HIT_AND_RUN,TYPE_OF_COLLISION,MVIW,PED_ACTION,ROAD_SURFACE,ROAD_COND_1,ROAD_COND_2,LIGHTING,CONTROL_DEVICE,CHP_ROAD_TYPE,PEDESTRIAN_ACCIDENT,BICYCLE_ACCIDENT,MOTORCYCLE_ACCIDENT,TRUCK_ACCIDENT,NOT_PRIVATE_PROPERTY,ALCOHOL_INVOLVED,STWD_VEHTYPE_AT_FAULT,CHP_VEHTYPE_AT_FAULT,COUNT_SEVERE_INJ,COUNT_VISIBLE_INJ,COUNT_COMPLAINT_PAIN,COUNT_PED_KILLED,COUNT_PED_INJURED,COUNT_BICYCLIST_KILLED,COUNT_BICYCLIST_INJURED,COUNT_MC_KILLED,COUNT_MC_INJURED,PRIMARY_RAMP,SECONDARY_RAMP,LATITUDE,LONGITUDE,COUNTY,CITY,POINT_X,POINT_Y
8858752,2019,2019-05-17,1955,2019-04-29,0630,41138,97,1,5,6,1955,0,0,0,NA,0,004,MISSION BL,LA MESA ST,30,E,N,B,-,N,NA,NA,NA,NA,NA,NA,NA,NA,NA,N,4,0,1,3,A,-,03,22350,NA,N,C,C,A,B,H,-,A,A,0,NA,NA,NA,NA,Y,NA,A,01,0,0,1,0,0,0,0,0,0,-,-,NA,NA,LOS ANGELES,POMONA,-117.73470306396484,34.05550003051758
8858756,2019,2019-05-17,1955,2019-04-22,0810,41138,92,1,5,6,1955,0,0,0,NA,0,004,SAN ANTONIO AV,GRAND AV,20,S,N,A,-,N,NA,NA,NA,NA,NA,NA,NA,NA,NA,N,4,0,2,2,D,-,00,NA,NA,N,C,C,A,A,H,-,A,A,0,NA,NA,NA,NA,Y,NA,-,-,0,0,2,0,0,0,0,0,0,-,-,NA,NA,LOS ANGELES,POMONA,-117.73667144775392,34.048095703125
8858759,2019,2019-05-17,1976,2019-04-24,1815,499,1976,3,5,3,1964,0,0,0,NA,0,001,TELEGRAPH RD,GREENLEAF AV,0,NA,Y,A,-,N,NA,NA,NA,NA,NA,NA,NA,NA,NA,Y,4,0,4,2,A,-,12,21453,A,N,D,C,A,A,H,-,A,A,0,NA,NA,NA,NA,Y,NA,A,01,0,0,4,0,0,0,0,0,0,-,-,NA,NA,LOS ANGELES,SANTA FE SPRINGS,-118.05526733398438,33.94192886352539
8858760,2019,2019-05-17,1922,2019-04-25,0653,624,NA,4,5,6,1922,0,0,0,NA,0,NA,SANTA ANITA AV,TYLER AV,30,N,N,A,-,N,NA,NA,NA,NA,NA,NA,NA,NA,NA,N,4,0,1,2,A,-,03,22350,NA,N,C,C,A,A,H,-,A,A,0,NA,NA,NA,NA,Y,NA,A,01,0,0,1,0,0,0,0,0,0,-,-,34.08536911010742,-118.03067016601564,LOS ANGELES,EL MONTE,-118.03050994873048,34.085365295410156
8858764,2019,2019-07-02,1955,2019-04-17,1602,41149,99,3,5,6,1955,0,0,0,NA,0,003,HOLT AV,HERSHEY ST,42,E,N,A,-,N,NA,NA,NA,NA,NA,NA,NA,NA,NA,Y,4,0,1,3,A,-,04,21703,NA,N,C,C,A,A,H,-,A,D,0,NA,NA,NA,NA,Y,NA,A,01,0,0,1,0,0,0,0,0,0,-,-,NA,NA,LOS ANGELES,POMONA,-117.72669982910156,34.062965393066406
8858768,2019,2019-05-17,1900,2019-04-27,0244,615105,0454,6,5,6,1949,0,0,0,NA,0,43T1,ROSECRANS AV,PIONEER BL,0,NA,Y,A,-,N,NA,NA,NA,NA,NA,NA,NA,NA,NA,Y,4,0,2,2,A,-,12,21453,A,M,D,C,A,A,H,-,C,A,0,NA,NA,NA,NA,Y,NA,A,01,0,0,2,0,0,0,0,0,0,-,-,NA,NA,LOS ANGELES,NORWALK,-118.08258056640624,33.90224838256836
8858771,2019,2019-05-17,1976,2019-04-07,2151,332,NA,7,5,3,1964,0,0,0,NA,0,NA,SLAUSON AV,BEASOR DR,4,E,N,A,-,N,NA,NA,NA,NA,NA,NA,NA,NA,NA,Y,3,0,2,2,A,-,09,21801,A,N,D,C,A,A,H,-,C,D,0,NA,NA,NA,NA,Y,NA,A,01,0,1,1,0,0,0,0,0,0,-,-,NA,NA,LOS ANGELES,SANTA FE SPRINGS,-118.05715942382813,33.96208572387695
8858772,2019,2019-05-17,1900,2019-04-26,1322,608259,0460,5,5,4,1936,0,0,0,NA,0,46T2D,LA MIRADA BL,HUTCHINS DR,260,S,N,A,-,N,NA,NA,NA,NA,NA,NA,NA,NA,NA,N,4,0,2,2,A,-,03,22350,NA,N,C,C,A,A,C,E,A,D,0,NA,NA,NA,NA,Y,NA,A,01,0,0,2,0,0,0,0,0,0,-,-,NA,NA,LOS ANGELES,LA MIRADA,-118.01199340820313,33.9184455871582
8858775,2019,2019-05-16,1925,2019-04-23,0954,20089,185,2,5,6,1925,0,0,0,NA,0,001,GRANDVIEW AV,KENNETH RD,0,NA,Y,A,-,N,NA,NA,NA,NA,NA,NA,NA,NA,NA,Y,4,0,1,3,A,-,12,21453,A,N,D,C,A,A,H,-,A,A,0,NA,NA,NA,NA,Y,NA,A,01,0,0,1,0,0,0,0,0,0,-,-,NA,NA,LOS ANGELES,GLENDALE,-118.27919769287108,34.17251968383789
8858779,2019,2019-05-16,1925,2019-04-29,1040,21057,196,1,5,6,1925,0,0,0,NA,0,001,SAN FERNANDO RD,JUSTIN AV,0,NA,Y,B,-,N,NA,NA,NA,NA,NA,NA,NA,NA,NA,Y,4,0,1,2,A,-,12,21453,A,N,D,C,A,A,H,-,A,A,0,NA,NA,NA,NA,Y,NA,-,-,0,0,1,0,0,0,0,0,0,-,-,NA,NA,LOS ANGELES,GLENDALE,-118.2902603149414,34.16740036010742
8858783,2019,2019-05-16,1942,2019-04-14,1110,43442,314,7,5,7,1942,0,0,0,NA,0,3A41,ADAMS BL,6TH AV,30,E,N,A,-,N,NA,NA,NA,NA,NA,NA,NA,NA,NA,N,4,0,1,2,A,-,03,22350,NA,N,C,C,A,A,H,-,A,A,0,NA,NA,NA,NA,Y,NA,A,01,0,0,1,0,0,0,0,0,0,-,-,NA,NA,LOS ANGELES,LOS ANGELES,-118.32350158691406,34.03261947631836
8858786,2019,2019-05-21,1900,2019-05-04,0900,615127,0451,6,5,6,1949,0,0,0,NA,0,43T1,FIRESTONE BL,ORR AND DAY RD,0,NA,Y,A,-,N,NA,NA,NA,NA,NA,NA,NA,NA,NA,Y,2,0,1,2,A,-,01,23153,A,M,D,C,A,A,H,-,A,A,0,NA,NA,NA,NA,Y,Y,A,01,1,0,0,0,0,0,0,0,0,-,-,NA,NA,LOS ANGELES,NORWALK,-118.09129333496094,33.917720794677734
8858788,2019,2019-05-17,1955,2019-04-17,2500,41871,94,3,5,6,1955,0,0,0,NA,0,004,TOWNE AV,12TH ST,60,N,N,A,-,N,NA,NA,NA,NA,NA,NA,NA,NA,NA,N,4,0,5,2,A,-,09,21804,A,F,D,C,A,A,H,-,A,A,0,NA,NA,NA,NA,Y,NA,A,01,0,0,5,0,0,0,0,0,0,-,-,NA,NA,LOS ANGELES,POMONA,-117.74109649658205,34.04912567138672
8858790,2019,2019-05-21,1900,2019-05-01,1230,272611,0455,3,5,6,1949,0,0,0,NA,0,43T1D,PIONEER BL,LINDALE ST,150,S,N,A,-,N,NA,NA,NA,NA,NA,NA,NA,NA,NA,N,3,0,1,2,A,-,00,15760,NA,N,H,B,F,A,H,-,A,D,0,Y,Y,NA,NA,Y,NA,L,04,0,1,0,0,1,0,0,0,0,-,-,NA,NA,LOS ANGELES,NORWALK,-118.08257293701172,33.89990997314453
8858791,2019,2019-05-16,1942,2019-04-15,1720,43252,0394,1,5,7,1942,0,0,0,C,0,3X72,43RD PL,SAINT ANDREWS PL,20,W,N,A,-,N,NA,NA,NA,NA,NA,NA,NA,NA,NA,N,4,0,1,2,A,-,03,22350,NA,F,C,G,A,A,H,-,A,D,0,NA,Y,NA,NA,Y,Y,-,99,0,0,1,0,0,0,1,0,0,-,-,NA,NA,LOS ANGELES,LOS ANGELES,-118.31142425537108,34.00458908081055
8858792,2019,2019-05-17,1900,2019-04-15,1314,525862,2261,1,5,2,1993,0,0,0,NA,0,222PM,LINDERO CYN,RUSSELL RANCH RD,257,S,N,A,-,N,NA,NA,NA,NA,NA,NA,NA,NA,NA,N,4,0,1,2,A,-,03,22350,NA,N,D,G,A,A,H,-,A,A,0,NA,Y,NA,NA,Y,NA,A,07,0,0,1,0,0,0,1,0,0,-,-,34.15324020385742,-118.79859924316406,LOS ANGELES,WESTLAKE VILLAGE,-118.80210876464844,34.1519660949707
8858794,2019,2019-05-21,1955,2019-05-04,1700,42273,41,6,5,6,1955,0,0,0,NA,0,001,ELWOOD ST,DUDLEY ST,83,W,N,A,-,N,NA,NA,NA,NA,NA,NA,NA,NA,NA,Y,4,0,1,2,A,-,21,22106,NA,F,H,E,A,A,H,-,A,A,0,NA,NA,NA,NA,Y,NA,A,01,0,0,1,0,0,0,0,0,0,-,-,NA,NA,LOS ANGELES,POMONA,-117.77887725830078,34.07007598876953
8858795,2019,2019-06-03,1925,2019-04-24,0943,26039,204,3,5,6,1925,0,0,0,NA,0,001,FAIRMONT AV,FAIRCOURT LN,298,S,N,A,-,N,NA,NA,NA,NA,NA,NA,NA,NA,NA,Y,3,0,2,2,A,-,05,21651,A,N,D,C,A,A,H,-,A,A,0,NA,NA,NA,NA,Y,NA,A,01,0,1,1,0,0,0,0,0,0,-,-,NA,NA,LOS ANGELES,GLENDALE,-118.2741928100586,34.155174255371094
8858796,2019,2019-05-17,1900,2019-04-11,0845,538328,2227,4,5,3,1994,0,0,0,NA,0,222,KANAN RD,LARO DR,25,S,N,A,-,N,NA,NA,NA,NA,NA,NA,NA,NA,NA,Y,4,0,1,2,A,-,04,21703,NA,N,C,C,A,A,H,-,A,B,0,NA,NA,NA,NA,Y,NA,A,07,0,0,1,0,0,0,0,0,0,-,-,34.159271240234375,-118.75660705566406,LOS ANGELES,AGOURA HILLS,-118.75668334960938,34.15937042236328
8858799,2019,2019-05-16,1942,2019-04-18,1545,42668,0357,4,5,7,1942,0,0,0,C,0,3XL96,JEFFERSON BL,NORMANDIE AV,0,W,N,A,-,N,NA,NA,NA,NA,NA,NA,NA,NA,NA,N,4,0,1,2,A,-,21,22106,NA,N,C,C,A,A,H,-,A,D,0,NA,NA,NA,NA,Y,NA,A,01,0,0,1,0,0,0,0,0,0,-,-,NA,NA,LOS ANGELES,LOS ANGELES,-118.30023193359376,34.025508880615234
8858800,2019,2019-06-03,1900,2019-04-10,1236,622013,2222,3,5,3,1994,0,0,0,NA,0,224D,AGOURA RD,HYDE PARK,123,E,N,A,-,N,NA,NA,NA,NA,NA,NA,NA,NA,NA,Y,4,0,1,2,A,-,04,21703,NA,N,-,C,A,A,H,-,A,D,0,NA,NA,NA,NA,Y,NA,A,01,0,0,1,0,0,0,0,0,0,-,-,34.08338165283203,-118.4388427734375,LOS ANGELES,AGOURA HILLS,-118.7311553955078,34.138736724853516
8858801,2019,2019-05-21,1956,2019-05-14,1500,1257,48,2,5,5,1956,0,0,0,NA,0,003,FELTON LN,HUNTINGTON LN,112,S,N,A,-,N,NA,NA,NA,NA,NA,NA,NA,NA,NA,N,3,0,1,2,A,-,11,21954,A,N,G,B,D,A,H,-,A,D,0,Y,NA,NA,NA,Y,NA,N,60,0,1,0,0,1,0,0,0,0,-,-,NA,NA,LOS ANGELES,REDONDO BEACH,-118.36431121826172,33.86774444580078
8858809,2019,2019-05-21,1975,2019-05-04,2140,685,CITRU,6,5,6,1975,0,0,0,NA,0,002,SOUTH AZUSA AV,E GARVEY AV S,66,S,N,A,-,N,NA,NA,NA,NA,NA,NA,NA,NA,NA,N,4,0,1,2,A,-,03,22350,NA,M,C,C,A,A,H,-,C,A,0,NA,NA,NA,NA,Y,NA,-,NA,0,0,1,0,0,0,0,0,0,-,-,NA,NA,LOS ANGELES,WEST COVINA,-117.90782165527344,34.06983947753906
8858813,2019,2019-05-21,1975,2019-05-01,0747,680,NA,3,5,6,1975,0,0,0,NA,0,005,MAPLEGROVE ST,VALINDA AV,99,E,N,A,-,N,NA,NA,NA,NA,NA,NA,NA,NA,NA,Y,4,0,1,2,A,-,03,22350,NA,N,C,C,A,A,H,-,A,D,0,NA,NA,NA,NA,Y,NA,A,01,0,0,1,0,0,0,0,0,0,-,-,NA,NA,LOS ANGELES,WEST COVINA,-117.92538452148438,34.04411315917969
8858817,2019,2019-06-04,1975,2019-05-07,1621,680,NA,2,5,6,1975,0,0,0,NA,0,NA,ORANGE AV,FRANCISQUITO AV,0,NA,Y,A,-,N,NA,NA,NA,NA,NA,NA,NA,NA,NA,Y,4,0,1,2,A,-,12,21457,A,N,D,C,A,A,H,-,A,D,0,NA,NA,NA,NA,Y,NA,-,-,0,0,1,0,0,0,0,0,0,-,-,NA,NA,LOS ANGELES,WEST COVINA,-117.95883178710938,34.05733108520508
8858821,2019,2019-05-21,1956,2019-05-13,2020,1352,64,1,5,5,1956,0,0,0,NA,0,005,INGLEWOOD AV,BLAISDELL AV,21,S,N,A,-,N,NA,NA,NA,NA,NA,NA,NA,NA,NA,Y,4,0,2,2,A,-,01,23152,A,N,C,C,A,A,H,-,C,D,0,NA,NA,NA,NA,Y,Y,A,01,0,0,2,0,0,0,0,0,0,-,-,NA,NA,LOS ANGELES,REDONDO BEACH,-118.36134338378906,33.88131332397461
8858825,2019,2019-05-21,1956,2019-05-01,1711,1244,39,3,5,5,1956,0,0,0,NA,0,003,HARKNESS LN,ARMOUR LN,0,NA,Y,A,-,N,NA,NA,NA,NA,NA,NA,NA,NA,NA,Y,4,0,1,2,A,-,09,21802,A,N,D,C,A,A,H,-,A,A,0,NA,NA,NA,NA,Y,NA,-,NA,0,0,1,0,0,0,0,0,0,-,-,NA,NA,LOS ANGELES,REDONDO BEACH,-118.3811492919922,33.85873031616211
8858829,2019,2019-05-21,1928,2019-05-12,0338,407,514,7,5,5,1928,0,0,0,NA,0,504,HAWTHORNE BL,139TH ST,0,NA,Y,A,-,N,NA,NA,NA,NA,NA,NA,NA,NA,NA,Y,4,0,1,2,A,-,01,23152,B,N,D,C,A,A,H,-,C,A,0,NA,NA,NA,NA,Y,Y,A,01,0,0,1,0,0,0,0,0,0,-,-,33.90525817871094,-118.35259246826172,LOS ANGELES,HAWTHORNE,-118.3527603149414,33.905250549316406
8858833,2019,2019-06-04,1922,2019-05-03,2127,678,4,5,5,6,1922,0,0,0,NA,0,004,POINSETTIA,CAMINAR,0,NA,Y,A,-,N,NA,NA,NA,NA,NA,NA,NA,NA,NA,N,4,0,1,2,A,-,-,NA,NA,F,D,C,A,A,H,-,C,D,0,NA,NA,NA,NA,Y,NA,A,01,0,0,1,0,0,0,0,0,0,-,-,NA,NA,LOS ANGELES,EL MONTE,-118.0168914794922,34.052860260009766
8858837,2019,2019-05-21,1928,2019-05-13,1625,324,513,1,5,5,1928,0,0,0,NA,0,504,132ND ST,INGLEWOOD AV,165,E,N,A,-,N,NA,NA,NA,NA,NA,NA,NA,NA,NA,Y,4,0,1,2,A,-,09,21804,A,N,A,C,A,A,H,-,A,D,0,NA,NA,NA,NA,Y,NA,A,01,0,0,1,0,0,0,0,0,0,-,-,33.912960052490234,-118.36128997802734,LOS ANGELES,HAWTHORNE,-118.36074066162108,33.91265869140625
8858841,2019,2019-05-21,1928,2019-05-16,0001,411,505,4,5,5,1928,0,0,0,NA,0,503,137TH ST,PRAIRIE AV,0,NA,Y,B,-,N,NA,NA,NA,NA,NA,NA,NA,NA,NA,N,4,0,1,2,A,-,03,22350,NA,N,C,C,A,A,H,-,C,A,0,NA,NA,NA,NA,Y,NA,A,01,0,0,1,0,0,0,0,0,0,-,-,NA,NA,LOS ANGELES,HAWTHORNE,-118.3438720703125,33.90748977661133
8858845,2019,2019-05-21,1928,2019-05-13,2230,411,505,1,5,5,1928,0,0,0,NA,0,501,GREVILLEA AV,120TH ST,0,NA,Y,A,-,N,NA,NA,NA,NA,NA,NA,NA,NA,NA,N,2,0,1,2,A,-,12,21453,A,N,G,G,A,A,H,-,C,A,0,NA,Y,NA,NA,Y,NA,L,04,1,0,0,0,0,0,1,0,0,-,-,NA,NA,LOS ANGELES,HAWTHORNE,-118.35478973388672,33.92366027832031
8858849,2019,2019-05-21,1928,2019-05-13,2233,400,509,1,5,5,1928,0,0,0,NA,0,502,EL SEGUNDO BL,DOTY AV,0,NA,Y,A,-,N,NA,NA,NA,NA,NA,NA,NA,NA,NA,N,4,0,1,2,A,-,10,21950,A,N,G,B,B,A,H,-,C,A,0,Y,NA,NA,NA,Y,NA,A,01,0,0,1,0,1,0,0,0,0,-,-,33.91643142700195,-118.33954620361328,LOS ANGELES,HAWTHORNE,-118.33956146240234,33.916419982910156
8858853,2019,2019-05-21,1902,2019-05-10,1349,763,22,5,5,5,1902,0,0,0,NA,0,002,CAMINO GROVE AV,6TH AV,72,E,-,A,-,N,NA,NA,NA,NA,NA,NA,NA,NA,NA,N,4,0,1,2,D,-,00,NA,NA,N,G,B,E,A,H,-,A,D,0,Y,NA,NA,NA,Y,NA,-,-,0,0,1,0,1,0,0,0,0,-,-,NA,NA,LOS ANGELES,ARCADIA,-118.01848602294922,34.125492095947266
8858869,2019,2019-05-21,1902,2019-05-11,1607,777,34,6,5,5,1902,0,0,0,NA,0,005,LAS TUNAS DR,HOLLY AV,0,NA,Y,A,-,N,NA,NA,NA,NA,NA,NA,NA,NA,NA,Y,3,0,2,2,A,-,12,21453,A,N,D,C,A,A,H,-,A,A,0,NA,NA,NA,NA,Y,NA,A,01,0,1,1,0,0,0,0,0,0,-,-,NA,NA,LOS ANGELES,ARCADIA,-118.04547882080078,34.10768127441406
8858896,2019,2019-05-20,1955,2019-04-19,2004,40386,28,5,5,6,1955,0,0,0,NA,0,002,TOWNE AV,BONITA AV,0,NA,Y,A,-,N,NA,NA,NA,NA,NA,NA,NA,NA,NA,Y,4,0,1,2,A,-,12,21453,A,N,A,C,A,A,H,-,C,A,0,NA,NA,NA,NA,Y,NA,A,01,0,0,1,0,0,0,0,0,0,-,-,NA,NA,LOS ANGELES,POMONA,-117.7367935180664,34.09619903564453
8858912,2019,2019-08-23,1900,2019-04-19,1950,525042,1012,5,5,3,1995,0,0,0,NA,0,101T2,RT 1,HEATHERCLIFF RD,5,NA,N,A,-,Y,LA,7,1,-,-,54.32,H,-,S,Y,2,0,2,2,A,-,01,23152,A,N,G,B,F,A,H,-,C,D,0,Y,NA,NA,NA,Y,Y,D,22,1,1,0,0,1,0,0,0,0,-,-,NA,NA,LOS ANGELES,MALIBU,-118.808349609375,34.022151947021484
8858916,2019,2019-05-20,1900,2019-04-11,1515,622013,2262,4,5,2,1993,0,0,0,NA,0,224P,LINDERO CANYON RD,RUSSELL RANCH RD,0,NA,Y,A,-,N,NA,NA,NA,NA,NA,NA,NA,NA,NA,Y,4,0,1,2,A,-,12,21453,A,N,A,C,A,A,H,-,A,A,0,NA,NA,NA,NA,Y,NA,A,01,0,0,1,0,0,0,0,0,0,-,-,34.152000427246094,-118.8010025024414,LOS ANGELES,WESTLAKE VILLAGE,-118.80145263671876,34.152408599853516
8858937,2019,2019-06-06,1902,2019-05-03,1217,734,35,5,5,5,1902,0,0,0,NA,0,005,BALDWIN AV,LAS TUNAS DR,100,S,N,A,-,N,NA,NA,NA,NA,NA,NA,NA,NA,NA,Y,4,0,1,2,D,-,00,NA,NA,N,B,C,A,-,H,-,A,D,0,NA,NA,NA,Y,Y,NA,-,-,0,0,1,0,0,0,0,0,0,-,-,NA,NA,LOS ANGELES,ARCADIA,-118.05224609375,34.107452392578125
8858960,2019,2019-05-20,1925,2019-04-22,0817,27527,192,1,5,6,1925,0,0,0,NA,0,001,GLENOAKS BL,JUSTIN AV,0,NA,Y,A,-,N,NA,NA,NA,NA,NA,NA,NA,NA,NA,N,4,0,1,2,A,-,03,22350,NA,N,C,C,A,A,H,-,A,A,0,NA,NA,NA,NA,Y,NA,D,22,0,0,1,0,0,0,0,0,0,-,-,NA,NA,LOS ANGELES,GLENDALE,-118.287841796875,34.16967010498047
8858970,2019,2019-06-04,1900,2019-05-03,1310,510509,1127,5,5,6,1992,0,0,0,NA,0,11274,AV I,40TH ST WEST,435,E,N,A,-,N,NA,NA,NA,NA,NA,NA,NA,NA,NA,N,4,0,1,1,A,-,08,22107,NA,N,F,I,A,A,H,-,A,D,0,NA,NA,NA,NA,Y,NA,E,22,0,0,1,0,0,0,0,0,0,-,-,NA,NA,LOS ANGELES,LANCASTER,-118.2002182006836,34.704071044921875
8859006,2019,2019-05-24,1900,2019-03-30,0616,610525,1900,6,5,4,1939,0,0,0,NA,0,35T1,HAWTHORNE BL,MARINE AV,0,NA,Y,A,-,N,NA,NA,NA,NA,NA,NA,NA,NA,NA,Y,3,0,1,2,A,-,12,21453,A,N,D,C,A,A,H,-,B,A,0,NA,NA,NA,NA,Y,NA,D,22,0,1,0,0,0,0,0,0,0,-,-,33.89466094970703,-118.35237121582033,LOS ANGELES,LAWNDALE,-118.3527374267578,33.8946418762207
8859009,2019,2019-05-28,1928,2019-05-09,1157,239,509,4,5,5,1928,0,0,0,NA,0,502,DOTY AV,EL SEGUNDO BL,600,S,N,B,-,N,NA,NA,NA,NA,NA,NA,NA,NA,NA,Y,4,0,1,3,A,-,03,22350,NA,N,C,E,A,A,H,-,A,D,0,NA,NA,NA,NA,Y,NA,A,01,0,0,1,0,0,0,0,0,0,-,-,33.91600036621094,-118.33899688720705,LOS ANGELES,HAWTHORNE,-118.33956146240234,33.91477584838867
8859011,2019,2019-05-21,1975,2019-04-27,1150,686,CITRU,6,5,6,1975,0,0,0,NA,0,001,WORKMAN AV,NORTH AZUSA AV,0,NA,Y,A,-,N,NA,NA,NA,NA,NA,NA,NA,NA,NA,N,4,0,2,3,A,-,21,22106,NA,N,C,C,A,A,H,-,A,A,0,NA,NA,NA,NA,Y,NA,A,01,0,0,2,0,0,0,0,0,0,-,-,NA,NA,LOS ANGELES,WEST COVINA,-117.90780639648438,34.07548141479492
8859013,2019,2019-05-24,1922,2019-04-11,2200,671,4,4,5,6,1922,0,0,0,NA,0,004,VALLEY BL,DURFEE AV,134,E,N,A,-,N,NA,NA,NA,NA,NA,NA,NA,NA,NA,Y,3,0,2,3,A,-,03,22350,NA,N,C,C,A,A,H,-,C,A,0,NA,NA,NA,NA,Y,Y,D,22,0,2,0,0,0,0,0,0,0,-,-,37.05961990356445,-118.0139617919922,LOS ANGELES,EL MONTE,-118.01287078857422,34.059547424316406
8859015,2019,2019-05-21,1975,2019-04-25,1537,438,NA,4,5,6,1975,0,0,0,NA,0,004,GLENDORA AV,VINE AV,0,NA,Y,A,-,N,NA,NA,NA,NA,NA,NA,NA,NA,NA,Y,4,0,1,2,A,-,12,21453,A,N,-,C,A,A,H,-,A,A,0,NA,NA,NA,NA,Y,NA,-,NA,0,0,1,0,0,0,0,0,0,-,-,NA,NA,LOS ANGELES,WEST COVINA,-117.9359130859375,34.057891845703125
8859023,2019,2019-05-24,1900,2019-04-17,0755,610525,0331,3,5,4,1939,0,0,0,NA,0,35T1,154TH ST,OSAGE AV,4,W,N,A,-,N,NA,NA,NA,NA,NA,NA,NA,NA,NA,N,4,0,1,2,A,-,17,2815,NA,N,G,B,B,A,H,-,A,A,0,Y,NA,NA,NA,Y,NA,A,01,0,0,1,0,1,0,0,0,0,-,-,33.89099884033203,-118.34622955322266,LOS ANGELES,LAWNDALE,-118.34617614746094,33.89101028442383
8859027,2019,2019-05-21,1900,2019-04-15,1041,552335,0332,1,5,4,1939,0,0,0,NA,0,035,MANHATTAN BEACH BL,MANSEL AV,0,NA,Y,B,-,N,NA,NA,NA,NA,NA,NA,NA,NA,NA,Y,3,0,2,2,A,-,09,21801,A,N,A,C,A,A,H,-,A,D,0,NA,NA,NA,NA,Y,NA,A,01,0,2,0,0,0,0,0,0,0,-,-,33.88740158081055,-118.35579681396484,LOS ANGELES,LAWNDALE,-118.35582733154295,33.8874397277832
8859031,2019,2019-05-21,1975,2019-04-23,1417,455,CITRU,2,5,6,1975,0,0,0,NA,0,004,CAMERON AV,GRETTA AV,12,E,N,A,-,N,NA,NA,NA,NA,NA,NA,NA,NA,NA,Y,4,0,2,4,A,-,03,22350,NA,N,C,C,A,A,H,-,A,A,0,NA,NA,NA,NA,Y,NA,-,NA,0,0,2,0,0,0,0,0,0,-,-,NA,NA,LOS ANGELES,WEST COVINA,-117.92156219482422,34.06121063232422
8859035,2019,2019-05-21,1922,2019-04-12,1515,680,4,5,5,6,1922,0,0,0,NA,0,004,VALLEY BL,MAXSON,0,NA,Y,A,-,N,NA,NA,NA,NA,NA,NA,NA,NA,NA,Y,4,0,3,2,A,-,09,21801,A,N,A,C,A,A,H,-,A,D,0,NA,NA,NA,NA,Y,NA,A,01,0,0,3,0,0,0,0,0,0,-,-,34.060829162597656,-118.015380859375,LOS ANGELES,EL MONTE,-118.01538848876952,34.060829162597656
8859039,2019,2019-05-21,1922,2019-04-12,0829,694,4,5,5,6,1922,0,0,0,NA,0,NA,MEEKER,PECK,0,NA,Y,A,-,N,NA,NA,NA,NA,NA,NA,NA,NA,NA,N,3,0,1,2,A,-,08,22100,B,N,G,G,A,A,H,-,A,A,0,NA,Y,NA,NA,Y,NA,A,01,0,1,0,0,0,0,1,0,0,-,-,NA,NA,LOS ANGELES,EL MONTE,-118.03043365478516,34.06557846069336
8859043,2019,2019-05-21,1922,2019-04-13,1920,690,NA,6,5,6,1922,0,0,0,NA,0,001,RANCHITO ST,CYPRESS AV,150,E,N,A,-,N,NA,NA,NA,NA,NA,NA,NA,NA,NA,Y,2,0,1,2,A,-,03,22350,NA,N,A,E,A,A,H,-,C,D,0,NA,NA,Y,NA,Y,NA,C,02,1,0,0,0,0,0,0,0,1,-,-,34.0908203125,-118.02433013916016,LOS ANGELES,EL MONTE,-118.02411651611328,34.09035110473633
8859044,2019,2019-06-05,1900,2019-05-05,0649,602401,1121,7,5,6,1992,0,0,0,NA,0,112T1,CEDAR AV,NEWGROVE ST,0,NA,Y,A,-,N,NA,NA,NA,NA,NA,NA,NA,NA,NA,NA,4,0,2,2,A,-,09,21802,A,N,D,C,A,A,H,-,A,A,0,NA,NA,NA,NA,Y,NA,A,01,0,0,2,0,0,0,0,0,0,-,-,NA,NA,LOS ANGELES,LANCASTER,-118.13894653320313,34.694480895996094