CASE_ID,ACCIDENT_YEAR,PROC_DATE,JURIS,COLLISION_DATE,COLLISION_TIME,OFFICER_ID,REPORTING_DISTRICT,DAY_OF_WEEK,CHP_SHIFT,POPULATION,CNTY_CITY_LOC,SPECIAL_COND,BEAT_TYPE,CHP_BEAT_TYPE,CITY_DIVISION_LAPD,CHP_BEAT_CLASS,BEAT_NUMBER,PRIMARY_RD,SECONDARY_RD,DISTANCE,DIRECTION,INTERSECTION,WEATHER_1,WEATHER_2,STATE_HWY_IND,CALTRANS_COUNTY,CALTRANS_DISTRICT,STATE_ROUTE,ROUTE_SUFFIX,POSTMILE_PREFIX,POSTMILE,LOCATION_TYPE,RAMP_INTERSECTION,SIDE_OF_HWY,TOW_AWAY,COLLISION_SEVERITY,NUMBER_KILLED,NUMBER_INJURED,PARTY_COUNT,PRIMARY_COLL_FACTOR,PCF_CODE_OF_VIOL,PCF_VIOL_CATEGORY,PCF_VIOLATION,PCF_VIOL_SUBSECTION,HIT_AND_RUN,TYPE_OF_COLLISION,MVIW,PED_ACTION,ROAD_SURFACE,ROAD_COND_1,ROAD_COND_2,LIGHTING,CONTROL_DEVICE,CHP_ROAD_TYPE,PEDESTRIAN_ACCIDENT,BICYCLE_ACCIDENT,MOTORCYCLE_ACCIDENT,TRUCK_ACCIDENT,NOT_PRIVATE_PROPERTY,ALCOHOL_INVOLVED,STWD_VEHTYPE_AT_FAULT,CHP_VEHTYPE_AT_FAULT,COUNT_SEVERE_INJ,COUNT_VISIBLE_INJ,COUNT_COMPLAINT_PAIN,COUNT_PED_KILLED,COUNT_PED_INJURED,COUNT_BICYCLIST_KILLED,COUNT_BICYCLIST_INJURED,COUNT_MC_KILLED,COUNT_MC_INJURED,PRIMARY_RAMP,SECONDARY_RAMP,LATITUDE,LONGITUDE,COUNTY,CITY,POINT_X,POINT_Y
8869584,2019,2019-06-06,1942,2019-04-24,0910,37952,119,3,5,7,1942,0,0,0,K,0,1A1,N VIGNES ST,CESAR E CHAVEZ AV,220,S,N,A,-,N,NA,NA,NA,NA,NA,NA,NA,NA,NA,N,3,0,1,2,A,-,09,21804,A,N,H,G,A,A,H,-,A,D,0,NA,Y,NA,NA,Y,NA,A,01,0,1,0,0,0,0,1,0,0,-,-,NA,NA,LOS ANGELES,LOS ANGELES,-118.23200225830078,34.05600357055664
8869588,2019,2019-06-14,1942,2019-04-24,1855,39062,127,3,5,7,1942,0,0,0,L,0,1A1,E ALISO ST,N LOS ANGELES ST,0,NA,Y,A,-,N,NA,NA,NA,NA,NA,NA,NA,NA,NA,Y,4,0,2,2,A,-,12,21453,A,N,D,C,A,A,H,-,A,A,0,NA,NA,NA,NA,Y,NA,-,-,0,0,2,0,0,0,0,0,0,-,-,NA,NA,LOS ANGELES,LOS ANGELES,-118.23956298828124,34.05485153198242
8869592,2019,2019-06-06,1942,2019-04-23,1735,40099,0159,2,5,7,1942,0,0,0,A,0,1A29,EAST 4TH ST,S HEWITT ST,15,E,N,A,-,N,NA,NA,NA,NA,NA,NA,NA,NA,NA,N,4,0,1,2,A,-,09,21802,A,N,D,C,A,A,H,-,A,D,0,NA,NA,Y,NA,Y,NA,A,01,0,0,1,0,0,0,0,0,1,-,-,NA,NA,LOS ANGELES,LOS ANGELES,-118.23535919189452,34.04356384277344
8869594,2019,2019-06-07,1900,2019-04-20,1300,636526,1336,6,5,5,1908,0,0,0,NA,0,133D,WOODRUFF AV,FLORA VISTA AV,0,NA,Y,A,-,N,NA,NA,NA,NA,NA,NA,NA,NA,NA,N,4,0,1,2,A,-,10,21950,A,N,G,B,B,A,H,-,A,A,0,Y,NA,NA,NA,Y,NA,A,01,0,0,1,0,1,0,0,0,0,-,-,NA,NA,LOS ANGELES,BELLFLOWER,-118.1173095703125,33.88188934326172
8869596,2019,2019-06-06,1942,2019-04-17,1130,43714,132,3,5,7,1942,0,0,0,M,0,1A1,FIGUEROA AV,3RD ST,0,NA,Y,A,-,N,NA,NA,NA,NA,NA,NA,NA,NA,NA,Y,4,0,1,2,A,-,12,21453,A,N,D,C,A,A,H,-,A,A,0,NA,NA,NA,NA,Y,NA,A,01,0,0,1,0,0,0,0,0,0,-,-,NA,NA,LOS ANGELES,LOS ANGELES,-118.25460815429688,34.05501174926758
8869600,2019,2019-06-06,1942,2019-04-17,1925,42926,0105,3,5,7,1942,0,0,0,A,0,1A1,PARK ROW DR,CASANOVA ST,257,E,N,A,-,N,NA,NA,NA,NA,NA,NA,NA,NA,NA,N,3,0,1,2,A,-,05,21650,NA,F,H,G,A,A,H,-,A,D,0,NA,Y,NA,NA,Y,NA,-,99,0,1,0,0,0,0,1,0,0,-,-,NA,NA,LOS ANGELES,LOS ANGELES,-118.2292709350586,34.07371139526367
8869603,2019,2019-06-10,1942,2019-05-18,2030,43521,1241,6,5,7,1942,0,0,0,L,0,12A83,CRENSHAW BL,63RD ST,0,NA,Y,B,-,N,NA,NA,NA,NA,NA,NA,NA,NA,NA,Y,4,0,1,2,A,-,09,21801,A,N,F,C,A,A,C,-,C,A,0,NA,NA,NA,NA,Y,NA,A,07,0,0,1,0,0,0,0,0,0,-,-,NA,NA,LOS ANGELES,LOS ANGELES,-118.33087921142578,33.9829216003418
8869607,2019,2019-06-10,1942,2019-05-20,1420,41747,0505,1,5,7,1942,0,0,0,E,0,5A1,W 190TH ST,S VERMONT AV,0,NA,Y,A,-,N,NA,NA,NA,NA,NA,NA,NA,NA,NA,Y,4,0,2,2,A,-,03,22350,NA,N,C,C,A,A,H,-,A,D,0,NA,NA,NA,NA,Y,NA,A,01,0,0,2,0,0,0,0,0,0,-,-,NA,NA,LOS ANGELES,LOS ANGELES,-118.29054260253906,33.858829498291016
8869611,2019,2019-06-10,1942,2019-05-10,0810,38503,0501,5,5,7,1942,0,0,0,E,0,25TL41,186TH ST,VERMONT AV,0,NA,Y,B,-,N,NA,NA,NA,NA,NA,NA,NA,NA,NA,N,4,0,2,2,A,-,09,21802,A,N,D,C,A,A,H,-,A,A,0,NA,NA,NA,NA,Y,NA,A,01,0,0,2,0,0,0,0,0,0,-,-,NA,NA,LOS ANGELES,LOS ANGELES,-118.29054260253906,33.86201095581055
8869614,2019,2019-06-10,1955,2019-05-27,0023,42416,35,1,5,6,1955,0,0,0,NA,0,002,WHITE AV,MCKINLEY AV,0,NA,Y,B,-,N,NA,NA,NA,NA,NA,NA,NA,NA,NA,Y,3,0,2,2,A,-,03,22350,NA,N,C,C,A,B,H,-,C,A,0,NA,NA,NA,NA,Y,NA,A,08,0,1,1,0,0,0,0,0,0,-,-,NA,NA,LOS ANGELES,POMONA,-117.75984191894533,34.07788848876953
8869615,2019,2019-06-19,1942,2019-05-23,1615,41072,0504,4,5,7,1942,0,0,0,E,0,5A1,W 206TH ST,S HARVARD BL,90,E,N,B,-,N,NA,NA,NA,NA,NA,NA,NA,NA,NA,Y,3,0,1,3,C,-,18,NA,NA,N,B,E,A,A,H,-,A,D,0,NA,NA,NA,NA,Y,NA,-,-,0,1,0,0,0,0,0,0,0,-,-,NA,NA,LOS ANGELES,LOS ANGELES,-118.30631256103516,33.843833923339844
8869618,2019,2019-06-10,1955,2019-05-21,1150,42609,0013,2,5,6,1955,0,0,0,NA,0,003,TOWNE AV,LINCOLN AV,0,NA,Y,A,-,N,NA,NA,NA,NA,NA,NA,NA,NA,NA,Y,3,0,1,2,A,-,09,21801,A,N,D,C,A,A,H,-,A,A,0,NA,NA,NA,NA,Y,NA,A,08,0,1,0,0,0,0,0,0,0,-,-,NA,NA,LOS ANGELES,POMONA,-117.74186706542967,34.0706901550293
8869619,2019,2019-06-10,1942,2019-05-25,0950,39397,0557,6,5,7,1942,0,0,0,E,0,5A55,GAFFEY ST,W 7TH ST,0,NA,Y,A,-,N,NA,NA,NA,NA,NA,NA,NA,NA,NA,N,3,0,2,2,A,-,12,21453,A,N,D,C,A,A,H,-,A,A,0,NA,NA,NA,NA,Y,NA,A,07,0,1,1,0,0,0,0,0,0,-,-,NA,NA,LOS ANGELES,LOS ANGELES,-118.29235076904295,33.73788070678711
8869623,2019,2019-06-10,1942,2019-05-07,1210,37146,0555,2,5,7,1942,0,0,0,E,0,5A55,N GAFFEY AV,SUMMERLAND AV,0,NA,Y,A,-,N,NA,NA,NA,NA,NA,NA,NA,NA,NA,N,4,0,1,2,A,-,12,21453,A,N,D,C,A,A,H,-,A,A,0,NA,NA,NA,NA,Y,NA,A,01,0,0,1,0,0,0,0,0,0,-,-,NA,NA,LOS ANGELES,LOS ANGELES,-118.29290008544922,33.747650146484375
8869626,2019,2019-06-10,1942,2019-05-06,1800,38434,1235,1,5,7,1942,0,0,0,L,0,12X18,HALLDALE,58TH PL,4,S,N,A,-,N,NA,NA,NA,NA,NA,NA,NA,NA,NA,Y,3,0,1,1,A,-,03,22350,NA,N,E,I,A,A,H,-,A,D,0,NA,NA,NA,NA,Y,NA,A,01,0,1,0,0,0,0,0,0,0,-,-,NA,NA,LOS ANGELES,LOS ANGELES,-118.30239105224608,33.98833084106445
8869627,2019,2019-07-02,1942,2019-05-24,0710,41129,0599,5,5,7,1942,0,0,0,E,0,25T23,NAVY WY,REEVES AV,3584,S,N,A,-,N,NA,NA,NA,NA,NA,NA,NA,NA,NA,Y,4,0,1,2,A,-,03,22350,NA,N,B,C,A,A,H,-,A,A,0,NA,NA,NA,NA,Y,NA,A,07,0,0,1,0,0,0,0,0,0,-,-,NA,NA,LOS ANGELES,LOS ANGELES,-118.24462127685548,33.74330520629883
8869630,2019,2019-06-19,1942,2019-05-04,1540,39526,12A56,6,5,7,1942,0,0,0,L,0,12A31,75TH ST,HOOVER ST,120,E,N,A,-,N,NA,NA,NA,NA,NA,NA,NA,NA,NA,N,4,0,1,2,A,-,03,22350,A,N,C,C,A,A,H,-,A,D,0,NA,NA,NA,NA,Y,NA,A,01,0,0,1,0,0,0,0,0,0,-,-,NA,NA,LOS ANGELES,LOS ANGELES,-118.28672790527344,33.971710205078125
8869634,2019,2019-06-10,1942,2019-05-11,1900,42969,1239,6,5,7,1942,0,0,0,L,0,12A15,SLAUSON AV,HOOVER ST,35,E,N,A,-,N,NA,NA,NA,NA,NA,NA,NA,NA,NA,Y,3,0,1,2,A,-,09,21804,A,N,D,C,A,A,H,-,A,A,0,NA,NA,Y,NA,Y,NA,C,03,0,1,0,0,0,0,0,0,1,-,-,NA,NA,LOS ANGELES,LOS ANGELES,-118.28702545166016,33.98914337158203
8869638,2019,2019-06-10,1942,2019-05-17,2230,42151,1215,5,5,7,1942,0,0,0,L,0,12Z7,VERMONT AV,52ND AV,0,NA,Y,A,-,N,NA,NA,NA,NA,NA,NA,NA,NA,NA,N,4,0,1,3,B,-,22,NA,NA,N,D,C,A,A,H,-,C,D,0,NA,NA,NA,NA,Y,NA,A,01,0,0,1,0,0,0,0,0,0,-,-,NA,NA,LOS ANGELES,LOS ANGELES,-118.2915267944336,33.99525833129883
8869642,2019,2019-06-19,1942,2019-05-17,0820,42546,1209,5,5,7,1942,0,0,0,L,0,1208,FIGUEROA ST,46TH ST,0,NA,Y,A,-,N,NA,NA,NA,NA,NA,NA,NA,NA,NA,Y,4,0,1,2,A,-,09,21801,A,N,D,D,A,A,H,-,A,D,0,NA,NA,NA,NA,Y,NA,A,01,0,0,1,0,0,0,0,0,0,-,-,NA,NA,LOS ANGELES,LOS ANGELES,-118.28273010253906,34.00196075439453
8869644,2019,2019-06-10,1955,2019-05-27,0015,42424,48,1,5,6,1955,0,0,0,NA,0,001,ORANGE GROVE AV,GORDON ST,117,W,N,B,-,N,NA,NA,NA,NA,NA,NA,NA,NA,NA,Y,3,0,1,2,A,-,01,23152,A,N,C,E,A,B,H,-,C,D,0,NA,NA,NA,NA,Y,Y,A,01,0,1,0,0,0,0,0,0,0,-,-,NA,NA,LOS ANGELES,POMONA,-117.7541732788086,34.07182312011719
8869646,2019,2019-06-10,1942,2019-05-01,1736,43567,1265,3,5,7,1942,0,0,0,L,0,12A69,58TH PL,NORMANDIE AV,0,NA,Y,A,-,N,NA,NA,NA,NA,NA,NA,NA,NA,NA,N,3,0,1,2,A,-,10,21950,A,N,G,B,B,A,H,-,A,A,0,Y,NA,NA,NA,Y,NA,A,01,0,1,0,0,1,0,0,0,0,-,-,NA,NA,LOS ANGELES,LOS ANGELES,-118.30020904541016,33.98833084106445
8869647,2019,2019-06-10,1900,2019-05-19,0035,610411,0972,7,5,4,1979,0,0,0,NA,0,91T3,DORRINGTON AV,ROBERTSON BL,0,NA,Y,C,-,N,NA,NA,NA,NA,NA,NA,NA,NA,NA,Y,4,0,1,2,A,-,09,21802,A,N,-,C,A,B,H,-,C,D,0,NA,NA,NA,NA,Y,NA,A,01,0,0,1,0,0,0,0,0,0,-,-,NA,NA,LOS ANGELES,WEST HOLLYWOOD,-118.38462829589844,34.079368591308594
8869650,2019,2019-06-10,1942,2019-05-06,0001,43384,1255,1,5,7,1942,0,0,0,L,0,12A53,NORMANDIE AV,79TH ST,300,N,N,B,C,N,NA,NA,NA,NA,NA,NA,NA,NA,NA,N,4,0,4,2,A,-,08,22107,NA,N,D,C,A,B,H,-,C,D,0,NA,NA,NA,NA,Y,NA,A,01,0,0,4,0,0,0,0,0,0,-,-,NA,NA,LOS ANGELES,LOS ANGELES,-118.30029296875,33.96812438964844
8869651,2019,2019-06-19,1900,2019-05-15,1700,600358,0975,3,5,4,1979,0,0,0,NA,0,93H,FAIRFAX AV,ROMAINE ST,0,NA,Y,A,-,N,NA,NA,NA,NA,NA,NA,NA,NA,NA,Y,4,0,1,2,A,-,09,21802,A,N,D,C,A,A,H,-,A,D,0,NA,NA,NA,NA,Y,NA,A,07,0,0,1,0,0,0,0,0,0,-,-,34.08879089355469,-118.36148071289064,LOS ANGELES,WEST HOLLYWOOD,-118.3615493774414,34.08877944946289
8869654,2019,2019-06-10,1942,2019-05-27,0100,38389,1283,1,5,7,1942,0,0,0,L,0,12A73,WESTERN AV,94TH ST,0,NA,Y,B,-,N,NA,NA,NA,NA,NA,NA,NA,NA,NA,Y,3,0,2,2,A,-,01,23152,A,F,C,E,A,-,H,-,C,D,0,NA,NA,NA,NA,Y,Y,A,01,0,1,1,0,0,0,0,0,0,-,-,NA,NA,LOS ANGELES,LOS ANGELES,-118.30901336669922,33.95111846923828
8869655,2019,2019-06-10,1900,2019-05-02,1935,609125,0973,4,5,4,1979,0,0,0,NA,0,93T4,SANTA MONICA BL,POINSETTIA DR,0,NA,Y,A,-,N,NA,NA,NA,NA,NA,NA,NA,NA,NA,N,3,0,1,2,D,-,00,NA,NA,F,G,G,A,A,H,-,C,A,0,NA,Y,NA,NA,Y,NA,-,-,0,1,0,0,0,0,1,0,0,-,-,NA,NA,LOS ANGELES,WEST HOLLYWOOD,-118.34821319580078,34.09074020385742
8869658,2019,2019-06-19,1942,2019-05-01,0650,43614,1263,3,5,7,1942,0,0,0,L,0,12A39,WESTERN AV,W 83RD ST,15,E,N,A,-,N,NA,NA,NA,NA,NA,NA,NA,NA,NA,Y,3,0,3,2,A,-,09,21801,A,N,D,C,A,A,H,-,A,A,0,NA,NA,NA,NA,Y,NA,A,01,0,1,2,0,0,0,0,0,0,-,-,NA,NA,LOS ANGELES,LOS ANGELES,-118.30901336669922,33.96364974975586
8869659,2019,2019-06-10,1900,2019-05-29,0050,624101,0974,3,5,4,1979,0,0,0,NA,0,91J,SANTA MONICA BL,MARTEL AV,0,NA,Y,A,-,N,NA,NA,NA,NA,NA,NA,NA,NA,NA,Y,3,0,1,2,A,-,01,23152,A,N,D,C,A,A,H,-,C,A,0,NA,NA,NA,NA,Y,Y,A,01,0,1,0,0,0,0,0,0,0,-,-,34.09080123901367,-118.3511962890625,LOS ANGELES,WEST HOLLYWOOD,-118.35111236572266,34.09077072143555
8869662,2019,2019-06-10,1942,2019-05-17,1230,42996,1200,5,5,7,1942,0,0,0,L,0,3X72,VERNON AV,FIGUEROA ST,20,W,N,A,-,N,NA,NA,NA,NA,NA,NA,NA,NA,NA,N,4,0,1,2,A,-,12,21453,A,N,D,C,A,A,H,-,A,A,0,NA,NA,NA,NA,Y,NA,A,01,0,0,1,0,0,0,0,0,0,-,-,NA,NA,LOS ANGELES,LOS ANGELES,-118.28280639648438,34.00374984741211
8869663,2019,2019-06-10,1900,2019-05-28,1245,605567,0986,2,5,4,1979,0,0,0,NA,0,92T1,SUNSET BL,ALTA LOMA RD,20,E,N,A,-,N,NA,NA,NA,NA,NA,NA,NA,NA,NA,N,3,0,1,2,A,-,11,21955,NA,N,G,B,E,A,H,-,A,A,0,Y,NA,NA,NA,Y,NA,N,60,0,1,0,0,1,0,0,0,0,-,-,34.09305953979492,-118.37728881835938,LOS ANGELES,WEST HOLLYWOOD,-118.3777313232422,34.093536376953125
8869666,2019,2019-07-11,1942,2019-05-02,1230,43567,1265,4,5,7,1942,0,0,0,L,0,12A83,VERMONT AV,MANCHESTER AV,0,NA,Y,A,-,N,NA,NA,NA,NA,NA,NA,NA,NA,NA,N,4,0,2,2,A,-,04,21703,NA,N,C,C,A,A,H,-,A,A,0,NA,NA,NA,NA,Y,NA,A,01,0,0,2,0,0,0,0,0,0,-,-,NA,NA,LOS ANGELES,LOS ANGELES,-118.2917709350586,33.960018157958984
8869667,2019,2019-06-10,1900,2019-05-23,0928,507075,0977,4,5,4,1979,0,0,0,NA,0,92B,SANTA MONICA BL,WESTMOUNT DR,250,E,N,B,-,N,NA,NA,NA,NA,NA,NA,NA,NA,NA,N,4,0,1,2,A,-,08,22107,NA,N,D,G,A,A,H,-,A,D,0,NA,Y,NA,NA,Y,NA,A,01,0,0,1,0,0,0,1,0,0,-,-,34.08850860595703,-118.37834167480467,LOS ANGELES,WEST HOLLYWOOD,-118.3783721923828,34.08843231201172
8869670,2019,2019-06-10,1942,2019-05-11,0001,42940,1213,6,5,7,1942,0,0,0,L,0,12XL7,WESTERN AV,57TH ST,0,NA,Y,A,-,N,NA,NA,NA,NA,NA,NA,NA,NA,NA,Y,4,0,1,2,A,-,03,22350,NA,N,C,C,A,A,H,-,C,D,0,NA,NA,NA,NA,Y,NA,A,01,0,0,1,0,0,0,0,0,0,-,-,NA,NA,LOS ANGELES,LOS ANGELES,-118.30895233154295,33.9909782409668
8869671,2019,2019-06-10,1900,2019-05-22,1248,605567,0977,3,5,4,1979,0,0,0,NA,0,92T1,HOLLOWAY  DR,PALM AV,147,E,N,A,-,N,NA,NA,NA,NA,NA,NA,NA,NA,NA,Y,4,0,1,4,A,-,08,22107,NA,N,B,E,A,A,H,-,A,D,0,NA,NA,NA,NA,Y,NA,-,NA,0,0,1,0,0,0,0,0,0,-,-,34.091861724853516,-118.37409210205078,LOS ANGELES,WEST HOLLYWOOD,-118.38238525390624,34.090599060058594
8869674,2019,2020-03-11,1942,2019-05-11,1900,42151,1211,6,5,7,1942,0,0,0,L,0,12A73,54TH ST,2ND AV,0,NA,Y,A,-,N,NA,NA,NA,NA,NA,NA,NA,NA,NA,N,4,0,1,2,A,-,09,21801,A,N,D,C,A,A,H,-,A,A,0,NA,NA,NA,NA,Y,NA,A,01,0,0,1,0,0,0,0,0,0,-,-,NA,NA,LOS ANGELES,LOS ANGELES,-118.31928253173828,33.99319839477539
8869675,2019,2019-06-19,1942,2019-05-06,2315,40325,0195,1,5,7,1942,0,0,0,A,0,1A85,LOS ANGELES ST,E 16TH ST,0,NA,Y,A,-,N,NA,NA,NA,NA,NA,NA,NA,NA,NA,N,2,0,1,2,A,-,12,21453,A,N,D,G,A,A,H,-,C,A,0,NA,Y,NA,NA,Y,Y,-,-,1,0,0,0,0,0,1,0,0,-,-,NA,NA,LOS ANGELES,LOS ANGELES,-118.26155090332033,34.03303909301758
8869678,2019,2019-06-19,1942,2019-05-14,0530,43083,1215,2,5,7,1942,0,0,0,L,0,NA,NORMANDIE,53RD ST,0,NA,Y,A,-,N,NA,NA,NA,NA,NA,NA,NA,NA,NA,Y,4,0,1,2,A,-,09,21802,A,N,D,D,A,A,H,-,B,D,0,NA,NA,NA,NA,Y,NA,A,08,0,0,1,0,0,0,0,0,0,-,-,NA,NA,LOS ANGELES,LOS ANGELES,-118.30019378662108,33.9941291809082
8869679,2019,2019-06-10,1942,2019-05-14,1925,42798,0128,2,5,7,1942,0,0,0,A,0,1A29,1ST ST,CENTRAL AV,0,NA,Y,A,-,N,NA,NA,NA,NA,NA,NA,NA,NA,NA,N,4,0,1,2,A,-,12,21453,A,N,G,B,B,A,H,-,C,A,0,Y,NA,NA,NA,Y,NA,-,99,0,0,1,0,1,0,0,0,0,-,-,NA,NA,LOS ANGELES,LOS ANGELES,-118.23915100097656,34.04920959472656
8869694,2019,2019-06-11,1920,2019-04-09,0643,12476,NA,2,5,6,1920,0,0,0,NA,0,005,LAKEWOOD BL,FIRESTONE BL,0,NA,Y,A,-,N,NA,NA,NA,NA,NA,NA,NA,NA,NA,Y,4,0,1,2,A,-,09,21801,A,N,D,C,A,A,H,-,A,A,0,NA,NA,NA,NA,Y,NA,A,01,0,0,1,0,0,0,0,0,0,-,-,NA,NA,LOS ANGELES,DOWNEY,-118.1240234375,33.93553161621094
8869698,2019,2019-06-11,1942,2019-04-07,0705,34997,1333,7,5,7,1942,0,0,0,M,0,13A27,29TH ST,TRINITY ST,150,E,N,A,-,N,NA,NA,NA,NA,NA,NA,NA,NA,NA,Y,3,0,1,5,A,-,01,23152,NA,N,B,C,A,A,H,-,A,D,0,NA,NA,NA,NA,Y,Y,A,01,0,1,0,0,0,0,0,0,0,-,-,NA,NA,LOS ANGELES,LOS ANGELES,-118.26437377929688,34.019866943359375
8869702,2019,2019-06-11,1942,2019-04-05,2145,33452,1325,5,5,7,1942,0,0,0,M,0,13A27,S NAOMI AV,E ADAMS BL,0,NA,Y,A,-,N,NA,NA,NA,NA,NA,NA,NA,NA,NA,Y,3,0,2,3,A,-,12,22450,A,N,D,C,A,A,H,-,C,A,0,NA,NA,NA,NA,Y,NA,A,01,0,1,1,0,0,0,0,0,0,-,-,NA,NA,LOS ANGELES,LOS ANGELES,-118.2524871826172,34.01765060424805
8869706,2019,2019-06-11,1942,2019-04-08,0855,38357,1345,1,5,7,1942,0,0,0,M,0,13A27,HOOPER AV,E 42ND ST,0,NA,Y,A,-,N,NA,NA,NA,NA,NA,NA,NA,NA,NA,Y,4,0,2,3,A,-,09,21801,B,N,D,-,A,A,H,-,A,-,0,NA,NA,NA,NA,Y,NA,A,01,0,0,2,0,0,0,0,0,0,-,-,NA,NA,LOS ANGELES,LOS ANGELES,-118.25214385986328,34.00756072998047
8869710,2019,2019-06-11,1942,2019-04-09,0735,38357,1323,2,5,7,1942,0,0,0,M,0,13A13,S SAN PEDRO ST,S 23RD ST,0,NA,Y,A,-,N,NA,NA,NA,NA,NA,NA,NA,NA,NA,Y,3,0,2,2,A,-,09,21801,A,N,A,C,A,A,H,-,A,D,0,NA,NA,NA,NA,Y,NA,A,01,0,1,1,0,0,0,0,0,0,-,-,NA,NA,LOS ANGELES,LOS ANGELES,-118.2597427368164,34.0240592956543
8869714,2019,2019-06-17,1942,2019-04-09,2110,40730,1313,2,5,7,1942,0,0,0,M,0,13A13,EAST WASHINGTON BL,CENTRAL AV E,37,E,N,A,-,N,NA,NA,NA,NA,NA,NA,NA,NA,NA,Y,3,0,1,2,A,-,12,21453,A,N,D,G,A,A,H,-,C,A,0,NA,Y,NA,NA,Y,NA,-,-,0,1,0,0,0,0,1,0,0,-,-,NA,NA,LOS ANGELES,LOS ANGELES,-118.25045776367188,34.02436447143555
8869718,2019,2019-06-11,1942,2019-04-10,0935,38357,1361,3,5,7,1942,0,0,0,M,0,13A61,E 51ST ST,MAIN ST,21,E,N,A,-,N,NA,NA,NA,NA,NA,NA,NA,NA,NA,N,4,0,1,2,A,-,10,21950,A,N,G,B,B,A,H,-,A,D,0,Y,NA,NA,NA,Y,NA,A,01,0,0,1,0,1,0,0,0,0,-,-,NA,NA,LOS ANGELES,LOS ANGELES,-118.2739028930664,33.996490478515625
8869722,2019,2019-06-11,1942,2019-04-26,0820,32973,0139,5,5,7,1942,0,0,0,A,0,1A29,E 3RD ST,S ALAMEDA ST,0,NA,Y,A,-,N,NA,NA,NA,NA,NA,NA,NA,NA,NA,N,3,0,2,2,A,-,12,21453,A,N,D,C,A,A,H,-,A,A,0,NA,NA,NA,NA,Y,NA,A,07,0,2,0,0,0,0,0,0,0,-,-,NA,NA,LOS ANGELES,LOS ANGELES,-118.23809051513672,34.04553985595703
8869726,2019,2019-06-11,1942,2019-04-27,2044,43512,0119,6,5,7,1942,0,0,0,A,0,1X37,N VIGNES ST,METRO DRWY,0,NA,Y,A,-,N,NA,NA,NA,NA,NA,NA,NA,NA,NA,Y,3,0,2,2,A,-,05,21651,B,N,A,C,A,A,H,-,C,A,0,NA,NA,NA,NA,Y,NA,A,01,0,1,1,0,0,0,0,0,0,-,-,NA,NA,LOS ANGELES,LOS ANGELES,NA,NA
8869730,2019,2019-06-11,1942,2019-04-22,2135,42222,1245,1,5,7,1942,0,0,0,L,0,12X56,WESTERN AV,GAGE AV,0,NA,Y,A,-,N,NA,NA,NA,NA,NA,NA,NA,NA,NA,Y,4,0,1,2,A,-,12,21453,A,F,C,C,A,A,H,-,C,D,0,NA,NA,NA,NA,Y,NA,-,99,0,0,1,0,0,0,0,0,0,-,-,NA,NA,LOS ANGELES,LOS ANGELES,-118.30896759033205,33.98236083984375
8869746,2019,2019-06-11,1900,2019-04-04,2135,609125,0986,4,5,4,1979,0,0,0,NA,0,93T4,SUNSET BL,WETHERLY DR,0,NA,Y,A,-,N,NA,NA,NA,NA,NA,NA,NA,NA,NA,Y,4,0,1,2,A,-,04,21703,NA,N,C,C,A,A,H,-,C,D,0,NA,NA,NA,NA,Y,NA,A,01,0,0,1,0,0,0,0,0,0,-,-,NA,NA,LOS ANGELES,WEST HOLLYWOOD,-118.38854217529295,34.09062957763672
8869750,2019,2019-06-11,1942,2019-04-20,1600,42932,0111,6,5,7,1942,0,0,0,A,0,1A1,NORTH SPRING ST,ALPINE ST,0,NA,Y,A,-,N,NA,NA,NA,NA,NA,NA,NA,NA,NA,N,4,0,1,2,A,-,09,21801,A,F,H,J,A,A,H,-,A,A,0,NA,NA,Y,NA,Y,NA,-,99,0,0,1,0,0,0,0,0,1,-,-,NA,NA,LOS ANGELES,LOS ANGELES,-118.23693084716795,34.061859130859375
8869754,2019,2019-06-11,1942,2019-04-25,1340,43781,0256,4,5,7,1942,0,0,0,B,0,2A17,UNION AV,SHATTO ST,0,NA,Y,A,-,N,NA,NA,NA,NA,NA,NA,NA,NA,NA,N,3,0,2,2,A,-,08,22107,NA,N,D,C,A,A,H,-,A,D,0,NA,NA,NA,NA,Y,NA,A,01,0,1,1,0,0,0,0,0,0,-,-,NA,NA,LOS ANGELES,LOS ANGELES,-118.26968383789064,34.05617141723633
8869758,2019,2019-06-11,1942,2019-04-06,0235,38330,0404,6,5,7,1942,0,0,0,D,0,4A53,MONTEREY DR,LOMITAS DR,0,NA,Y,A,-,N,NA,NA,NA,NA,NA,NA,NA,NA,NA,Y,3,0,1,2,A,-,03,22350,NA,N,D,E,A,A,H,-,C,D,0,NA,NA,NA,NA,Y,Y,A,01,0,1,0,0,0,0,0,0,0,-,-,NA,NA,LOS ANGELES,LOS ANGELES,-118.1876220703125,34.08858871459961
8869763,2019,2019-06-24,1910,2019-04-25,1310,3438,NA,4,5,4,1910,0,0,0,NA,0,007,N BEVERLY DR,SOUTH SANTA MONICA BL,350,S,N,A,-,N,NA,NA,NA,NA,NA,NA,NA,NA,NA,N,4,0,1,2,A,-,03,22350,NA,N,G,B,-,A,H,-,A,D,0,Y,NA,NA,NA,Y,NA,A,01,0,0,1,0,1,0,0,0,0,-,-,NA,NA,LOS ANGELES,BEVERLY HILLS,-118.40257263183594,34.07054901123047