CASE_ID,ACCIDENT_YEAR,PROC_DATE,JURIS,COLLISION_DATE,COLLISION_TIME,OFFICER_ID,REPORTING_DISTRICT,DAY_OF_WEEK,CHP_SHIFT,POPULATION,CNTY_CITY_LOC,SPECIAL_COND,BEAT_TYPE,CHP_BEAT_TYPE,CITY_DIVISION_LAPD,CHP_BEAT_CLASS,BEAT_NUMBER,PRIMARY_RD,SECONDARY_RD,DISTANCE,DIRECTION,INTERSECTION,WEATHER_1,WEATHER_2,STATE_HWY_IND,CALTRANS_COUNTY,CALTRANS_DISTRICT,STATE_ROUTE,ROUTE_SUFFIX,POSTMILE_PREFIX,POSTMILE,LOCATION_TYPE,RAMP_INTERSECTION,SIDE_OF_HWY,TOW_AWAY,COLLISION_SEVERITY,NUMBER_KILLED,NUMBER_INJURED,PARTY_COUNT,PRIMARY_COLL_FACTOR,PCF_CODE_OF_VIOL,PCF_VIOL_CATEGORY,PCF_VIOLATION,PCF_VIOL_SUBSECTION,HIT_AND_RUN,TYPE_OF_COLLISION,MVIW,PED_ACTION,ROAD_SURFACE,ROAD_COND_1,ROAD_COND_2,LIGHTING,CONTROL_DEVICE,CHP_ROAD_TYPE,PEDESTRIAN_ACCIDENT,BICYCLE_ACCIDENT,MOTORCYCLE_ACCIDENT,TRUCK_ACCIDENT,NOT_PRIVATE_PROPERTY,ALCOHOL_INVOLVED,STWD_VEHTYPE_AT_FAULT,CHP_VEHTYPE_AT_FAULT,COUNT_SEVERE_INJ,COUNT_VISIBLE_INJ,COUNT_COMPLAINT_PAIN,COUNT_PED_KILLED,COUNT_PED_INJURED,COUNT_BICYCLIST_KILLED,COUNT_BICYCLIST_INJURED,COUNT_MC_KILLED,COUNT_MC_INJURED,PRIMARY_RAMP,SECONDARY_RAMP,LATITUDE,LONGITUDE,COUNTY,CITY,POINT_X,POINT_Y
8871994,2019,2019-08-14,1942,2019-06-08,1550,43529,1861,6,5,7,1942,0,0,0,R,0,18A41,HOOVER,116TH PL,0,NA,Y,A,-,N,NA,NA,NA,NA,NA,NA,NA,NA,NA,N,4,0,1,2,A,-,12,22450,A,N,D,C,A,A,H,-,A,D,0,NA,NA,NA,Y,Y,NA,-,-,0,0,1,0,0,0,0,0,0,-,-,NA,NA,LOS ANGELES,LOS ANGELES,-118.28701,33.92809
8871995,2019,2019-11-25,1900,2019-06-17,0640,527069,2611,1,5,6,1950,0,0,0,NA,0,261T1,RT 138,6TH ST EAST,0,NA,Y,A,-,Y,LA,7,138,-,-,44.329,I,5,W,Y,4,0,2,3,A,-,12,21453,A,N,D,C,A,A,H,-,A,A,0,NA,NA,NA,NA,Y,NA,D,22,0,0,2,0,0,0,0,0,0,-,-,34.579551696777344,-118.11824798583984,LOS ANGELES,PALMDALE,-118.1182098388672,34.579490661621094
8871998,2019,2019-07-23,1942,2019-06-08,0840,43397,1826,6,5,7,1942,0,0,0,R,0,18A1,CENTURY BL,SUCCESS AV,12,E,N,A,-,N,NA,NA,NA,NA,NA,NA,NA,NA,NA,Y,4,0,2,2,A,-,03,22350,NA,N,C,D,A,A,H,-,A,A,0,NA,NA,NA,Y,Y,NA,F,21,0,0,2,0,0,0,0,0,0,-,-,NA,NA,LOS ANGELES,LOS ANGELES,-118.24911499023438,33.94560241699219
8871999,2019,2019-11-25,1900,2019-06-16,2155,606079,2607,7,5,6,1950,0,0,0,NA,0,264T1,FORT TEJON RD,PEARBLOSSOM HWY,1954,N,N,A,-,Y,LA,7,138,-,-,51.04,H,-,W,Y,3,0,4,2,A,-,09,21804,A,N,D,C,A,A,H,-,D,D,0,NA,NA,NA,Y,Y,NA,F,25,0,3,1,0,0,0,0,0,0,-,-,34.546451568603516,-118.03530120849608,LOS ANGELES,PALMDALE,-118.03524780273438,34.54635238647461
8872014,2019,2019-06-10,1900,2019-05-20,1430,466331,1321,1,5,5,1935,0,0,0,NA,0,132T1P,LAKEWOOD BL,SOUTH ST,200,S,N,A,-,N,NA,NA,NA,NA,NA,NA,NA,NA,NA,Y,4,0,1,3,A,-,03,22350,NA,N,C,C,A,A,H,-,A,A,0,NA,NA,NA,NA,Y,NA,D,22,0,0,1,0,0,0,0,0,0,-,-,33.86000061035156,-118.13999938964844,LOS ANGELES,LAKEWOOD,-118.14258575439452,33.859703063964844
8872022,2019,2019-06-07,1900,2019-05-18,2200,624032,1320,6,5,5,1935,0,0,0,NA,0,132T2,DEL AMO BL,DOWNEY AV,0,NA,Y,A,-,N,NA,NA,NA,NA,NA,NA,NA,NA,NA,Y,4,0,1,2,A,-,01,23152,A,N,A,C,A,A,H,-,C,A,0,NA,NA,NA,NA,Y,Y,A,01,0,0,1,0,0,0,0,0,0,-,-,33.847198486328125,-118.15119934082033,LOS ANGELES,LAKEWOOD,-118.15119171142578,33.847198486328125
8872027,2019,2019-11-07,1976,2019-05-12,1157,590,NA,7,5,5,1976,0,0,0,NA,0,NA,WHITTIER BL,COSTA GLEN AV,18,E,N,A,-,Y,LA,7,72,-,-,0.601,I,5,S,Y,3,0,1,1,A,-,01,23152,A,N,E,I,A,A,H,-,A,D,0,NA,NA,NA,NA,Y,Y,M,47,0,1,0,0,0,0,0,0,0,-,-,NA,NA,LOS ANGELES,WHITTIER,-117.98646545410156,33.94166946411133
8872043,2019,2019-06-10,1961,2019-04-26,1040,6490,1961,5,5,3,1961,0,0,0,NA,0,003,PICO ST,SOUTH MACLAY AV,0,NA,Y,A,-,N,NA,NA,NA,NA,NA,NA,NA,NA,NA,N,4,0,2,2,A,-,08,22107,NA,N,B,C,A,B,B,D,A,A,0,NA,NA,NA,Y,Y,NA,F,26,0,0,2,0,0,0,0,0,0,-,-,NA,NA,LOS ANGELES,SAN FERNANDO,-118.44303131103516,34.282020568847656
8872051,2019,2019-06-07,1900,2019-05-23,0419,610045,1369,4,5,5,1952,0,0,0,NA,0,136D,DOWNEY AV,FLOWER ST,0,NA,Y,A,-,N,NA,NA,NA,NA,NA,NA,NA,NA,NA,Y,4,0,1,2,A,-,12,21453,A,M,-,C,A,A,H,-,C,A,0,NA,NA,NA,NA,Y,NA,D,22,0,0,1,0,0,0,0,0,0,-,-,NA,NA,LOS ANGELES,PARAMOUNT,-118.15132904052734,33.881988525390625
8872057,2019,2019-06-06,1900,2019-05-19,1251,545089,2847,7,5,5,1915,0,0,0,NA,0,282T1,ATLANTIC AV,ALONDRA BL,100,N,N,A,-,N,NA,NA,NA,NA,NA,NA,NA,NA,NA,N,4,0,2,2,A,-,08,22107,NA,N,B,E,A,A,H,-,A,D,0,NA,NA,NA,NA,Y,NA,A,01,0,0,2,0,0,0,0,0,0,-,-,NA,NA,LOS ANGELES,COMPTON,-118.19293212890624,33.889041900634766
8872059,2019,2019-06-13,1900,2019-05-24,1550,550672,1337+,5,5,5,1908,0,0,0,NA,0,133T1,ALONDRA BL,WOODRUFF AV,300,W,N,A,-,N,NA,NA,NA,NA,NA,NA,NA,NA,NA,N,3,0,1,2,A,-,09,21804,A,N,D,G,A,A,H,-,A,D,0,NA,Y,NA,NA,Y,NA,L,04,0,1,0,0,0,0,1,0,0,-,-,33.888999938964844,-118.11799621582033,LOS ANGELES,BELLFLOWER,-118.11837768554688,33.88936233520508
8872061,2019,2019-06-06,1900,2019-05-14,1059,545089,2826,2,5,5,1915,0,0,0,NA,0,282K1,ROSECRANS AV,LONG BEACH BL,0,NA,Y,A,-,N,NA,NA,NA,NA,NA,NA,NA,NA,NA,N,4,0,1,2,A,-,11,21950,B,N,G,B,B,-,-,-,A,A,0,Y,NA,NA,NA,Y,NA,N,60,0,0,1,0,1,0,0,0,0,-,-,NA,NA,LOS ANGELES,COMPTON,-118.2084503173828,33.903499603271484
8872065,2019,2019-06-06,1900,2019-05-26,1205,545089,2811,7,5,5,1915,0,0,0,NA,0,282T1,COMPTON BL,NESTOR AV,87,W,N,B,C,N,NA,NA,NA,NA,NA,NA,NA,NA,NA,Y,3,0,1,1,A,-,08,22107,NA,F,E,I,A,B,H,-,A,D,0,NA,NA,NA,NA,Y,NA,A,01,0,1,0,0,0,0,0,0,0,-,-,NA,NA,LOS ANGELES,COMPTON,-118.24921417236328,33.89584732055664
8872066,2019,2019-06-18,1900,2019-05-17,2149,610045,1368,5,5,5,1952,0,0,0,NA,0,136T1,ALONDRA BL,COLORADO AV,30,W,N,A,-,N,NA,NA,NA,NA,NA,NA,NA,NA,NA,Y,3,0,1,2,A,-,03,22350,NA,N,C,C,A,A,H,-,C,A,0,NA,NA,NA,NA,Y,NA,D,22,0,1,0,0,0,0,0,0,0,-,-,NA,NA,LOS ANGELES,PARAMOUNT,-118.16156005859376,33.88924026489258
8872069,2019,2019-06-06,1900,2019-05-07,0816,545089,2835,2,5,5,1915,0,0,0,NA,0,282T1,COMPTON BL,BARRON AV,0,NA,Y,A,-,N,NA,NA,NA,NA,NA,NA,NA,NA,NA,N,4,0,1,2,A,-,08,22107,NA,N,D,C,A,A,H,-,A,A,0,NA,NA,NA,NA,Y,NA,A,01,0,0,1,0,0,0,0,0,0,-,-,NA,NA,LOS ANGELES,COMPTON,-118.23104858398438,33.89590835571289
8872070,2019,2019-06-07,1900,2019-05-04,0925,625459,1336,6,5,5,1908,0,0,0,NA,0,133B,ARTESIA BL,CANEHILL AV,0,NA,Y,B,-,N,NA,NA,NA,NA,NA,NA,NA,NA,NA,Y,4,0,1,4,A,-,09,21801,A,N,A,C,A,A,H,-,A,A,0,NA,NA,NA,NA,Y,NA,A,01,0,0,1,0,0,0,0,0,0,-,-,33.87289810180664,-118.11139678955078,LOS ANGELES,BELLFLOWER,-118.11141967773438,33.87287902832031
8872071,2019,2019-06-13,1900,2019-05-12,0818,544630,1334,7,5,5,1908,0,0,0,NA,0,133T1,CLARK AV,OLIVE ST,0,NA,Y,A,-,N,NA,NA,NA,NA,NA,NA,NA,NA,NA,Y,4,0,4,2,A,-,09,21801,A,N,A,C,A,A,H,-,A,A,0,NA,NA,NA,NA,Y,NA,D,22,0,0,4,0,0,0,0,0,0,-,-,NA,NA,LOS ANGELES,BELLFLOWER,-118.13397216796876,33.88631820678711
8872083,2019,2019-06-06,1942,2019-05-11,0230,38353,2115,6,5,7,1942,0,0,0,NA,0,21X39,CANOGA AV,STRATHERN ST,450,N,N,A,-,N,NA,NA,NA,NA,NA,NA,NA,NA,NA,Y,4,0,2,2,A,-,01,23153,A,N,C,C,A,A,H,-,C,D,0,NA,NA,NA,NA,Y,Y,A,01,0,0,2,0,0,0,0,0,0,-,-,NA,NA,LOS ANGELES,LOS ANGELES,-118.59751892089844,34.2167854309082
8872095,2019,2019-06-06,1900,2019-05-16,2328,459090,2820,4,5,5,1915,0,0,0,NA,0,O8T1,OAKS ST,ALAMEDA AV,26,E,N,A,-,N,NA,NA,NA,NA,NA,NA,NA,NA,NA,Y,3,0,1,1,A,-,03,22350,NA,N,E,I,A,A,H,-,C,A,0,NA,NA,NA,NA,Y,NA,A,01,0,1,0,0,0,0,0,0,0,-,-,33.54330062866211,-118.13179779052734,LOS ANGELES,COMPTON,-118.22184753417967,33.909027099609375
8872099,2019,2019-06-11,1900,2019-05-14,1700,610204,2852,2,5,5,1915,0,0,0,NA,0,283T1,ATLANTIC AV,ALONDRA BL,410,N,N,A,-,N,NA,NA,NA,NA,NA,NA,NA,NA,NA,Y,4,0,1,2,A,-,09,21804,A,F,D,C,A,A,H,-,A,D,0,NA,NA,NA,NA,Y,NA,A,07,0,0,1,0,0,0,0,0,0,-,-,NA,NA,LOS ANGELES,COMPTON,-118.1929931640625,33.889892578125
8872103,2019,2019-06-06,1900,2019-05-18,1145,529393,2811,6,5,5,1915,0,0,0,NA,0,282T1,COMPTON BL,MAIE AV,0,NA,Y,A,-,N,NA,NA,NA,NA,NA,NA,NA,NA,NA,Y,4,0,1,2,A,-,09,21802,A,N,D,C,A,A,H,-,A,D,0,NA,NA,NA,NA,Y,NA,A,07,0,0,1,0,0,0,0,0,0,-,-,NA,NA,LOS ANGELES,COMPTON,-118.244140625,33.895870208740234
8872106,2019,2019-06-06,1961,2019-05-03,1715,10387,1961,5,5,3,1961,0,0,0,NA,0,003,SOUTH BRAND BL,OMELVENY ST,0,NA,Y,A,-,N,NA,NA,NA,NA,NA,NA,NA,NA,NA,Y,3,0,2,2,A,-,09,21804,NA,N,B,D,A,A,-,-,A,A,0,NA,NA,NA,NA,Y,NA,A,01,0,2,0,0,0,0,0,0,0,-,-,NA,NA,LOS ANGELES,SAN FERNANDO,-118.44663238525392,34.27676010131836
8872107,2019,2019-06-06,1900,2019-05-20,2020,620972,2812,1,5,5,1915,0,0,0,NA,0,283T3,EL SEGUNDO BL,COMPTON AV,0,NA,Y,A,-,N,NA,NA,NA,NA,NA,NA,NA,NA,NA,N,4,0,4,3,A,-,12,21453,A,N,D,D,A,A,H,-,C,A,0,NA,NA,NA,NA,Y,NA,A,01,0,0,4,0,0,0,0,0,0,-,-,NA,NA,LOS ANGELES,COMPTON,-118.24623107910156,33.916221618652344
8872110,2019,2019-06-11,1961,2019-05-09,1800,10465,1961,4,5,3,1961,0,0,0,NA,0,002,4TH ST,PARK AV,0,NA,Y,B,-,N,NA,NA,NA,NA,NA,NA,NA,NA,NA,Y,4,0,2,2,D,-,00,NA,NA,N,D,C,A,A,H,-,A,A,0,NA,NA,NA,NA,Y,NA,-,-,0,0,2,0,0,0,0,0,0,-,-,NA,NA,LOS ANGELES,SAN FERNANDO,-118.4326629638672,34.28247833251953
8872114,2019,2019-06-06,1961,2019-05-11,1745,10465,1961,6,5,3,1961,0,0,0,NA,0,001,MOUNTAIN VIEW ST,MACLAY AV,108,W,N,A,-,N,NA,NA,NA,NA,NA,NA,NA,NA,NA,N,4,0,1,2,A,-,08,22107,NA,F,B,E,A,A,H,-,A,D,0,NA,NA,NA,NA,Y,Y,A,01,0,0,1,0,0,0,0,0,0,-,-,NA,NA,LOS ANGELES,SAN FERNANDO,-118.4262924194336,34.29468536376953
8872118,2019,2019-06-06,1961,2019-05-13,1709,10281,1961,1,5,3,1961,0,0,0,NA,0,002,JESSIE ST,1ST ST,0,NA,Y,A,-,N,NA,NA,NA,NA,NA,NA,NA,NA,NA,N,4,0,1,2,A,-,10,21950,A,N,G,G,A,A,H,-,A,D,0,NA,Y,NA,NA,Y,NA,A,01,0,0,1,0,0,0,1,0,0,-,-,NA,NA,LOS ANGELES,SAN FERNANDO,-118.43671,34.28057
8872122,2019,2019-06-06,1961,2019-05-19,1336,10281,1961,7,5,3,1961,0,0,0,NA,0,002,TRUMAN ST,WORKMAN ST,0,NA,Y,B,-,N,NA,NA,NA,NA,NA,NA,NA,NA,NA,N,3,0,2,2,A,-,09,21801,A,N,D,C,A,B,H,-,A,A,0,NA,NA,NA,NA,Y,NA,A,01,0,2,0,0,0,0,0,0,0,-,-,NA,NA,LOS ANGELES,SAN FERNANDO,-118.44493865966795,34.286861419677734
8872126,2019,2019-06-06,1961,2019-05-22,0955,6490,1961,3,5,3,1961,0,0,0,NA,0,004,HEWITT ST,WORKMAN ST,0,NA,Y,A,-,N,NA,NA,NA,NA,NA,NA,NA,NA,NA,Y,4,0,2,2,A,-,09,21802,A,N,D,C,A,A,H,-,A,A,0,NA,NA,NA,NA,Y,NA,A,01,0,0,2,0,0,0,0,0,0,-,-,NA,NA,LOS ANGELES,SAN FERNANDO,-118.4487075805664,34.28413009643555
8872130,2019,2019-06-06,1976,2019-05-16,1445,466,NA,4,5,5,1976,0,0,0,NA,0,001,BEVERLY BL,FLORAL DR,59,E,N,A,-,N,NA,NA,NA,NA,NA,NA,NA,NA,NA,N,4,0,2,2,A,-,03,22350,NA,N,C,C,A,A,H,-,A,A,0,NA,NA,NA,NA,Y,NA,A,01,0,0,2,0,0,0,0,0,0,-,-,NA,NA,LOS ANGELES,WHITTIER,-118.05059051513672,33.99161911010742
8872134,2019,2019-06-06,1976,2019-05-13,1628,233,NA,1,5,5,1976,0,0,0,NA,0,NA,NORWALK BL,DORLAND ST,0,NA,Y,A,-,N,NA,NA,NA,NA,NA,NA,NA,NA,NA,Y,3,0,2,2,A,-,09,21802,A,N,D,C,A,A,H,-,A,A,0,NA,NA,NA,NA,Y,NA,A,01,0,1,1,0,0,0,0,0,0,-,-,NA,NA,LOS ANGELES,WHITTIER,-118.06366729736328,33.990318298339844
8872138,2019,2019-06-06,1976,2019-05-06,0639,397,NA,1,5,5,1976,0,0,0,NA,0,NA,PICKERING AV,HADLEY ST,10,S,N,A,-,N,NA,NA,NA,NA,NA,NA,NA,NA,NA,N,4,0,1,2,A,-,03,22350,NA,F,C,C,A,A,H,-,A,A,0,NA,NA,NA,NA,Y,NA,A,01,0,0,1,0,0,0,0,0,0,-,-,NA,NA,LOS ANGELES,WHITTIER,-118.04206085205078,33.98268127441406
8872142,2019,2019-06-06,1976,2019-05-01,1752,266,NA,3,5,5,1976,0,0,0,NA,0,NA,COLIMA RD,MAR VISTA ST,780,N,N,A,-,N,NA,NA,NA,NA,NA,NA,NA,NA,NA,N,4,0,1,2,A,-,08,22107,NA,N,B,C,A,A,H,-,A,D,0,NA,NA,Y,NA,Y,NA,A,01,0,0,1,0,0,0,0,0,1,-,-,NA,NA,LOS ANGELES,WHITTIER,-118.0020751953125,33.9639892578125
8872163,2019,2019-06-10,1953,2019-05-05,1250,3809,PASAD,7,5,6,1953,0,0,0,NA,0,002,ORANGE GROVE BL,MADISON AV,0,NA,Y,A,-,N,NA,NA,NA,NA,NA,NA,NA,NA,NA,Y,3,0,2,2,A,-,09,21801,NA,N,H,C,A,A,H,-,A,A,0,NA,NA,NA,NA,Y,Y,A,08,0,2,0,0,0,0,0,0,0,-,-,NA,NA,LOS ANGELES,PASADENA,-118.1388702392578,34.15776824951172
8872168,2019,2019-06-07,1953,2019-05-02,2057,5472,1953,4,5,6,1953,0,0,0,NA,0,001,SOUTH FAIR OAKS AV,S FAIR OAKS AV 452,0,NA,N,A,-,N,NA,NA,NA,NA,NA,NA,NA,NA,NA,N,4,0,1,2,A,-,21,22106,NA,N,G,B,E,A,H,-,C,D,0,Y,NA,NA,NA,Y,Y,A,01,0,0,1,0,1,0,0,0,0,-,-,NA,NA,LOS ANGELES,PASADENA,-118.150406,34.137863
8872171,2019,2019-06-10,1942,2019-05-09,1820,39271,2155,4,5,7,1942,0,0,0,NA,0,21X44,OXNARD ST,FARRALONE AV,0,NA,Y,B,-,N,NA,NA,NA,NA,NA,NA,NA,NA,NA,Y,4,0,2,2,A,-,09,21801,A,N,A,C,A,A,H,-,A,A,0,NA,NA,NA,NA,Y,NA,A,07,0,0,2,0,0,0,0,0,0,-,-,NA,NA,LOS ANGELES,LOS ANGELES,-118.61035919189452,34.17919158935547
8872173,2019,2019-06-10,1942,2019-04-02,1210,42367,2113,2,5,7,1942,0,0,0,NA,0,21Z31,ROSCOE BL,FALLBROOK AV,300,E,N,A,-,N,NA,NA,NA,NA,NA,NA,NA,NA,NA,Y,4,0,2,2,A,-,09,21804,A,N,D,C,A,A,H,-,A,A,0,NA,NA,NA,NA,Y,Y,A,01,0,0,2,0,0,0,0,0,0,-,-,NA,NA,LOS ANGELES,LOS ANGELES,-118.6225128173828,34.21940231323242
8872176,2019,2019-06-07,1900,2019-05-17,0942,551435,1137,5,5,6,1992,0,0,0,NA,0,111T1,AVENUE J,40TH ST E,0,NA,Y,A,-,N,NA,NA,NA,NA,NA,NA,NA,NA,NA,Y,4,0,1,2,D,-,00,NA,NA,N,D,C,A,A,H,-,A,A,0,NA,NA,NA,NA,Y,NA,-,-,0,0,1,0,0,0,0,0,0,-,-,NA,NA,LOS ANGELES,LANCASTER,-118.05924987792967,34.68994140625
8872184,2019,2019-06-07,1941,2019-05-17,0816,11274,NA,5,5,7,1941,0,0,0,NA,0,NA,LOMA AV,11TH ST,0,NA,N,A,-,N,NA,NA,NA,NA,NA,NA,NA,NA,NA,N,4,0,1,2,A,-,09,21802,A,N,D,G,A,A,H,-,A,D,0,NA,Y,NA,NA,Y,NA,D,NA,0,0,1,0,0,0,1,0,0,-,-,NA,NA,LOS ANGELES,LONG BEACH,-118.15026092529295,33.78076934814453
8872236,2018,2019-06-07,1942,2018-11-25,2500,38417,9999,7,5,7,1942,0,0,0,NA,0,NA,ROSE AV,WASHINGTON,0,NA,N,-,-,N,NA,NA,NA,NA,NA,NA,NA,NA,NA,N,4,0,1,2,A,-,00,20001,NA,F,-,-,A,-,-,-,-,-,0,NA,NA,NA,NA,Y,NA,-,NA,0,0,1,0,0,0,0,0,0,-,-,NA,NA,LOS ANGELES,LOS ANGELES,-118.17048645019533,33.855220794677734
8872241,2019,2019-06-07,1941,2019-05-20,0902,10957,NA,1,5,7,1941,0,0,0,NA,0,NA,7TH ST,NEWPORT AV,13,W,N,A,-,N,NA,NA,NA,NA,NA,NA,NA,NA,NA,Y,4,0,2,2,A,-,08,22107,NA,N,D,C,A,A,H,-,A,D,0,NA,NA,NA,NA,Y,NA,A,NA,0,0,2,0,0,0,0,0,0,-,-,NA,NA,LOS ANGELES,LONG BEACH,-118.1513900756836,33.77534103393555
8872243,2019,2019-06-07,1900,2019-05-23,1605,461784,2928,4,5,5,1990,0,0,0,NA,0,292K2,GOLDEN SPRINGS DR,ADEL AV,317,W,N,A,-,N,NA,NA,NA,NA,NA,NA,NA,NA,NA,N,4,0,1,2,A,-,03,22350,NA,N,C,C,A,A,H,-,A,D,0,NA,NA,NA,NA,Y,NA,A,01,0,0,1,0,0,0,0,0,0,-,-,NA,NA,LOS ANGELES,DIAMOND BAR,-117.84145355224608,34.00074768066406
8872253,2019,2019-06-10,1941,2019-05-20,2010,11234,NA,1,5,7,1941,0,0,0,NA,0,NA,LONG BEACH BL,10TH ST,0,NA,Y,A,-,N,NA,NA,NA,NA,NA,NA,NA,NA,NA,N,4,0,1,2,A,-,08,22105,NA,F,B,C,A,A,H,-,A,A,0,NA,NA,NA,NA,Y,NA,A,NA,0,0,1,0,0,0,0,0,0,-,-,NA,NA,LOS ANGELES,LONG BEACH,-118.18948364257813,33.778968811035156
8872255,2019,2019-06-07,1941,2019-05-10,1151,11029,NA,5,5,7,1941,0,0,0,NA,0,NA,CHERRY AV,36TH ST,26,E,N,A,-,N,NA,NA,NA,NA,NA,NA,NA,NA,NA,Y,4,0,1,2,A,-,12,21453,A,N,D,C,A,A,H,-,A,A,0,NA,NA,NA,NA,Y,NA,A,NA,0,0,1,0,0,0,0,0,0,-,-,NA,NA,LOS ANGELES,LONG BEACH,-118.16747283935548,33.82210922241211
8872281,2019,2019-06-11,1942,2019-04-15,1015,43408,1344,1,5,7,1942,0,0,0,M,0,13A41,42ND ST,CENTRAL AV,0,NA,Y,A,-,N,NA,NA,NA,NA,NA,NA,NA,NA,NA,N,4,0,1,2,A,-,09,21804,A,N,A,C,A,A,H,-,A,D,0,NA,NA,NA,NA,Y,NA,A,01,0,0,1,0,0,0,0,0,0,-,-,NA,NA,LOS ANGELES,LOS ANGELES,-118.25649261474608,34.00751876831055
8872296,2019,2019-06-10,1900,2019-04-27,0321,637297,0987,6,5,4,1979,0,0,0,NA,0,91E,SUNSET BL,LA CIENEGA BL,50,E,N,A,-,N,NA,NA,NA,NA,NA,NA,NA,NA,NA,Y,3,0,2,2,A,-,08,22107,NA,N,D,C,A,A,H,-,C,A,0,NA,NA,NA,NA,Y,Y,A,01,0,2,0,0,0,0,0,0,0,-,-,34.09429931640625,-118.37640380859376,LOS ANGELES,WEST HOLLYWOOD,-118.37622833251952,34.094398498535156
8872300,2019,2019-06-07,1955,2019-04-29,1950,42468,05,1,5,6,1955,0,0,0,NA,0,004,4TH ST,GIBBS ST,0,NA,Y,A,-,N,NA,NA,NA,NA,NA,NA,NA,NA,NA,Y,4,0,1,2,A,-,12,22450,A,N,D,C,A,A,H,-,C,A,0,NA,NA,NA,NA,Y,NA,A,01,0,0,1,0,0,0,0,0,0,-,-,NA,NA,LOS ANGELES,POMONA,-117.74790954589844,34.05604934692383
8872329,2019,2019-06-11,1942,2019-04-28,2220,41629,1177,7,5,7,1942,0,0,0,K,0,11A89,AVE 26TH ST,HURON ST,0,NA,Y,A,-,N,NA,NA,NA,NA,NA,NA,NA,NA,NA,Y,4,0,1,3,A,-,09,21802,A,F,D,C,A,A,H,-,C,D,0,NA,NA,NA,NA,Y,NA,D,22,0,0,1,0,0,0,0,0,0,-,-,NA,NA,LOS ANGELES,LOS ANGELES,-118.22322082519533,34.084510803222656
8872341,2019,2019-06-11,1953,2019-05-21,0407,0701,PASAD,2,5,6,1953,0,0,0,NA,0,005,LAKE AV,CALIFORNIA BL,0,NA,Y,B,-,N,NA,NA,NA,NA,NA,NA,NA,NA,NA,Y,4,0,2,2,A,-,12,21453,NA,N,D,C,A,B,H,-,C,A,0,NA,NA,NA,NA,Y,NA,D,22,0,0,2,0,0,0,0,0,0,-,-,NA,NA,LOS ANGELES,PASADENA,-118.1322784423828,34.13587951660156
8872349,2019,2019-06-11,1942,2019-04-26,1416,43777,0499,5,5,7,1942,0,0,0,D,0,4A59,E OLMPIC BL,SPENCE,0,NA,N,A,-,N,NA,NA,NA,NA,NA,NA,NA,NA,NA,Y,3,0,1,2,A,-,09,21804,A,N,A,C,A,A,H,-,A,D,0,NA,NA,NA,NA,Y,NA,M,44,0,1,0,0,0,0,0,0,0,-,-,NA,NA,LOS ANGELES,LOS ANGELES,-118.20284271240234,34.01879119873047
8872358,2019,2019-06-21,1953,2019-05-30,1252,8091,PASAD,4,5,6,1953,0,0,0,NA,0,003,COLORADO BL,MICHIGAN AV,0,NA,Y,A,-,N,NA,NA,NA,NA,NA,NA,NA,NA,NA,N,4,0,2,2,A,-,03,22350,NA,N,C,C,A,A,H,-,A,A,0,NA,NA,NA,NA,Y,NA,I,20,0,0,2,0,0,0,0,0,0,-,-,NA,NA,LOS ANGELES,PASADENA,-118.12600708007813,34.14596176147461
8872361,2019,2019-06-11,1942,2019-04-03,1320,37908,0473,3,5,7,1942,0,0,0,D,0,4Z1,SOTO ST,8TH ST,250,N,N,B,-,N,NA,NA,NA,NA,NA,NA,NA,NA,NA,N,4,0,1,2,A,-,08,22107,NA,N,B,C,A,A,H,-,A,D,0,NA,NA,NA,NA,Y,NA,A,07,0,0,1,0,0,0,0,0,0,-,-,NA,NA,LOS ANGELES,LOS ANGELES,-118.21910858154295,34.02871322631836
8872362,2019,2019-06-13,1953,2019-06-03,0825,00706,PASAD,1,5,6,1953,0,0,0,NA,0,003,SIERRA MADRE BL,COLORADO BL,0,NA,Y,B,-,N,NA,NA,NA,NA,NA,NA,NA,NA,NA,N,4,0,1,2,A,-,03,22350,NA,F,C,C,A,A,H,-,A,A,0,NA,NA,NA,Y,Y,NA,F,26,0,0,1,0,0,0,0,0,0,-,-,NA,NA,LOS ANGELES,PASADENA,-118.1017608642578,34.146080017089844
8872365,2019,2019-06-11,1942,2019-04-04,1145,30524,0421,4,5,7,1942,0,0,0,D,0,4A12,N BROADWAY,AVENUE 18,0,NA,Y,A,-,N,NA,NA,NA,NA,NA,NA,NA,NA,NA,Y,4,0,2,3,A,-,12,21453,A,N,D,C,A,A,-,-,A,A,0,NA,NA,NA,NA,Y,NA,A,07,0,0,2,0,0,0,0,0,0,-,-,NA,NA,LOS ANGELES,LOS ANGELES,-118.22245025634766,34.071651458740234
8872369,2019,2019-06-11,1942,2019-04-14,1355,43091,NA,7,5,7,1942,0,0,0,NA,0,4A56,BRITTANIA ST,POMEROY AV,0,NA,-,A,-,N,NA,NA,NA,NA,NA,NA,NA,NA,NA,N,4,0,1,2,B,-,22,NA,NA,N,G,B,F,A,H,-,A,D,0,Y,NA,NA,NA,Y,NA,D,22,0,0,1,0,1,0,0,0,0,-,-,NA,NA,LOS ANGELES,LOS ANGELES,-118.20932769775392,34.05561828613281