CASE_ID,ACCIDENT_YEAR,PROC_DATE,JURIS,COLLISION_DATE,COLLISION_TIME,OFFICER_ID,REPORTING_DISTRICT,DAY_OF_WEEK,CHP_SHIFT,POPULATION,CNTY_CITY_LOC,SPECIAL_COND,BEAT_TYPE,CHP_BEAT_TYPE,CITY_DIVISION_LAPD,CHP_BEAT_CLASS,BEAT_NUMBER,PRIMARY_RD,SECONDARY_RD,DISTANCE,DIRECTION,INTERSECTION,WEATHER_1,WEATHER_2,STATE_HWY_IND,CALTRANS_COUNTY,CALTRANS_DISTRICT,STATE_ROUTE,ROUTE_SUFFIX,POSTMILE_PREFIX,POSTMILE,LOCATION_TYPE,RAMP_INTERSECTION,SIDE_OF_HWY,TOW_AWAY,COLLISION_SEVERITY,NUMBER_KILLED,NUMBER_INJURED,PARTY_COUNT,PRIMARY_COLL_FACTOR,PCF_CODE_OF_VIOL,PCF_VIOL_CATEGORY,PCF_VIOLATION,PCF_VIOL_SUBSECTION,HIT_AND_RUN,TYPE_OF_COLLISION,MVIW,PED_ACTION,ROAD_SURFACE,ROAD_COND_1,ROAD_COND_2,LIGHTING,CONTROL_DEVICE,CHP_ROAD_TYPE,PEDESTRIAN_ACCIDENT,BICYCLE_ACCIDENT,MOTORCYCLE_ACCIDENT,TRUCK_ACCIDENT,NOT_PRIVATE_PROPERTY,ALCOHOL_INVOLVED,STWD_VEHTYPE_AT_FAULT,CHP_VEHTYPE_AT_FAULT,COUNT_SEVERE_INJ,COUNT_VISIBLE_INJ,COUNT_COMPLAINT_PAIN,COUNT_PED_KILLED,COUNT_PED_INJURED,COUNT_BICYCLIST_KILLED,COUNT_BICYCLIST_INJURED,COUNT_MC_KILLED,COUNT_MC_INJURED,PRIMARY_RAMP,SECONDARY_RAMP,LATITUDE,LONGITUDE,COUNTY,CITY,POINT_X,POINT_Y
8876246,2019,2019-06-12,1941,2019-05-31,1708,10861,NA,5,5,7,1941,0,0,0,NA,0,NA,OCEAN,E LONG BEACH BL,80,E,N,A,-,N,NA,NA,NA,NA,NA,NA,NA,NA,NA,N,4,0,1,3,A,-,03,22350,NA,N,C,C,A,A,H,-,A,A,0,NA,NA,NA,NA,Y,NA,A,NA,0,0,1,0,0,0,0,0,0,-,-,NA,NA,LOS ANGELES,LONG BEACH,-118.189208984375,33.76691818237305
8876248,2019,2019-06-14,1942,2019-05-02,0750,32242,RD963,4,5,7,1942,0,0,0,NA,0,9A19,HAZELTINE AV,FASHION SQUARE,0,NA,Y,A,-,N,NA,NA,NA,NA,NA,NA,NA,NA,NA,Y,4,0,1,2,A,-,12,21453,A,N,D,C,A,A,H,-,A,A,0,NA,NA,NA,NA,Y,NA,A,01,0,0,1,0,0,0,0,0,0,-,-,NA,NA,LOS ANGELES,LOS ANGELES,-118.43997955322266,34.15652084350586
8876250,2019,2019-06-12,1941,2019-05-31,1521,10542,NA,5,5,7,1941,0,0,0,NA,0,NA,SHORELINE DR,PINE AV,0,NA,Y,A,-,N,NA,NA,NA,NA,NA,NA,NA,NA,NA,N,2,0,1,2,A,-,12,21453,A,N,D,G,A,A,H,-,A,A,0,NA,Y,NA,NA,Y,NA,A,NA,1,0,0,0,0,0,1,0,0,-,-,NA,NA,LOS ANGELES,LONG BEACH,-118.19277954101564,33.762908935546875
8876252,2019,2019-06-14,1942,2019-05-02,1915,42029,0939,4,5,7,1942,0,0,0,I,0,9T57,VICTORY BL,MARY ELLEN AV,8,N,N,A,-,N,NA,NA,NA,NA,NA,NA,NA,NA,NA,Y,4,0,2,2,A,-,09,21801,A,N,D,C,A,A,H,-,A,D,0,NA,NA,NA,NA,Y,NA,A,01,0,0,2,0,0,0,0,0,0,-,-,NA,NA,LOS ANGELES,LOS ANGELES,-118.41925811767578,34.186668395996094
8876254,2019,2019-06-12,1941,2019-05-11,1845,10538,NA,6,5,7,1941,0,0,0,NA,0,NA,ANDY ST,ANDY ST 3361,0,NA,Y,A,-,N,NA,NA,NA,NA,NA,NA,NA,NA,NA,Y,4,0,1,4,A,-,03,22350,NA,N,B,C,A,A,H,-,A,D,0,NA,NA,NA,NA,Y,NA,A,NA,0,0,1,0,0,0,0,0,0,-,-,NA,NA,LOS ANGELES,LONG BEACH,-118.15308,33.861547
8876255,2019,2019-06-12,1942,2019-05-29,2047,32774,0937,3,5,7,1942,0,0,0,I,0,9A41,HAZELTINE AV,CALVERT ST,0,NA,Y,A,-,N,NA,NA,NA,NA,NA,NA,NA,NA,NA,N,4,0,3,2,A,-,09,21802,A,M,D,-,A,A,H,-,C,A,0,NA,NA,NA,NA,Y,NA,-,99,0,0,3,0,0,0,0,0,0,-,-,NA,NA,LOS ANGELES,LOS ANGELES,-118.43997192382813,34.18212127685547
8876256,2019,2019-06-17,1942,2019-05-02,0715,35569,935,4,5,7,1942,0,0,0,NA,0,95L19,HAZELTINE AV,ERWIN ST,0,NA,Y,A,-,N,NA,NA,NA,NA,NA,NA,NA,NA,NA,N,4,0,1,3,A,-,10,21950,A,N,G,B,B,A,H,-,A,D,0,Y,NA,NA,NA,Y,NA,-,NA,0,0,1,0,1,0,0,0,0,-,-,NA,NA,LOS ANGELES,LOS ANGELES,-118.4399871826172,34.18363952636719
8876259,2019,2019-06-12,1942,2019-05-24,1530,43649,FOOTH,5,5,7,1942,0,0,0,NA,0,16A35,CANTARA ST,LANKERSHIM BL,12,E,N,A,-,N,NA,NA,NA,NA,NA,NA,NA,NA,NA,N,4,0,1,2,A,-,09,21802,A,F,G,G,A,A,H,-,A,A,0,NA,Y,NA,NA,Y,NA,-,99,0,0,1,0,0,0,1,0,0,-,-,NA,NA,LOS ANGELES,LOS ANGELES,-118.38776397705078,34.21931838989258
8876260,2019,2019-06-19,1942,2019-05-01,1510,37304,0946,3,5,7,1942,0,0,0,I,0,9A41,OXNARD ST,HAZELTINE AV,280,E,N,A,-,N,NA,NA,NA,NA,NA,NA,NA,NA,NA,N,4,0,1,2,A,-,09,21804,A,N,B,C,A,A,H,-,A,D,0,NA,NA,NA,NA,Y,NA,A,07,0,0,1,0,0,0,0,0,0,-,-,NA,NA,LOS ANGELES,LOS ANGELES,-118.43904876708984,34.17940139770508
8876263,2019,2019-06-12,1942,2019-05-31,2220,42309,1021,5,5,7,1942,0,0,0,J,0,10A21,TAMPA AV,KITTRIDGE ST,178,N,N,B,-,N,NA,NA,NA,NA,NA,NA,NA,NA,NA,N,4,0,1,2,A,-,07,21658,A,F,B,C,A,A,H,-,C,D,0,NA,NA,Y,NA,Y,NA,A,01,0,0,1,0,0,0,0,0,1,-,-,NA,NA,LOS ANGELES,LOS ANGELES,-118.5534439086914,34.19105911254883
8876264,2019,2019-06-20,1942,2019-05-04,1944,42489,0909,6,5,7,1942,0,0,0,I,0,9X52,WOODMAN,VALERIO,0,NA,Y,B,-,N,NA,NA,NA,NA,NA,NA,NA,NA,NA,Y,4,0,4,2,A,-,09,21801,A,N,A,C,A,A,H,-,B,A,0,NA,NA,NA,NA,Y,NA,A,07,0,0,4,0,0,0,0,0,0,-,-,NA,NA,LOS ANGELES,LOS ANGELES,-118.43125152587892,34.20481872558594
8876267,2019,2019-06-12,1942,2019-05-24,0735,30452,966,5,5,7,1942,0,0,0,NA,0,9A37,CHANDLER BL,BUFFALO AV,46,E,N,A,-,N,NA,NA,NA,NA,NA,NA,NA,NA,NA,N,3,0,1,2,A,-,07,21658,A,N,H,G,A,A,H,-,A,D,0,NA,Y,NA,NA,Y,NA,A,01,0,1,0,0,0,0,1,0,0,-,-,NA,NA,LOS ANGELES,LOS ANGELES,-118.43001556396484,34.16856002807617
8876268,2019,2019-07-09,1942,2019-05-06,1740,30830,0963,1,5,7,1942,0,0,0,I,0,9A63,VAN NUYS BL,HARTSOOK ST,0,NA,Y,A,-,N,NA,NA,NA,NA,NA,NA,NA,NA,NA,N,4,0,1,2,A,-,06,21755,A,N,D,C,A,A,H,-,A,D,0,NA,NA,NA,NA,Y,NA,A,01,0,0,1,0,0,0,0,0,0,-,-,NA,NA,LOS ANGELES,LOS ANGELES,-118.4487075805664,34.1639518737793
8876271,2019,2019-06-12,1942,2019-05-30,1530,27595,0926,4,5,7,1942,0,0,0,I,0,35M24,VANOWEN ST,COSTELLO AV,100,E,N,A,-,N,NA,NA,NA,NA,NA,NA,NA,NA,NA,N,4,0,1,2,A,-,07,21658,A,N,B,C,A,A,D,-,A,D,0,NA,NA,NA,NA,Y,NA,A,01,0,0,1,0,0,0,0,0,0,-,-,NA,NA,LOS ANGELES,LOS ANGELES,-118.43749237060548,34.193939208984375
8876272,2019,2019-07-10,1942,2019-05-08,0650,36257,0941,3,5,7,1942,0,0,0,I,0,NA,SEPULVEDA BL,OXNARD ST,306,S,N,B,-,N,NA,NA,NA,NA,NA,NA,NA,NA,NA,Y,3,0,3,5,A,-,08,22107,NA,N,B,E,F,A,H,-,A,D,0,Y,NA,NA,NA,Y,NA,A,01,0,1,2,0,2,0,0,0,0,-,-,NA,NA,LOS ANGELES,LOS ANGELES,-118.46616363525392,34.178531646728516
8876275,2019,2019-08-14,1942,2019-05-31,1555,37304,919,5,5,7,1942,0,0,0,NA,0,9A19,SHERMAN WAY,ALLOTT AV,0,NA,Y,A,-,N,NA,NA,NA,NA,NA,NA,NA,NA,NA,N,4,0,1,2,A,-,09,21801,A,N,D,-,A,A,H,-,A,-,0,NA,NA,NA,NA,Y,NA,A,01,0,0,1,0,0,0,0,0,0,-,-,NA,NA,LOS ANGELES,LOS ANGELES,-118.42807006835938,34.20119094848633
8876276,2019,2019-07-10,1942,2019-05-08,0815,40634,0923,3,5,7,1942,0,0,0,I,0,9A23,KESTER AV,VICTORY BL,97,S,N,A,-,N,NA,NA,NA,NA,NA,NA,NA,NA,NA,N,4,0,1,2,A,-,05,21650,1,N,H,G,A,A,H,-,A,D,0,NA,Y,NA,NA,Y,NA,L,04,0,0,1,0,0,0,1,0,0,-,-,NA,NA,LOS ANGELES,LOS ANGELES,-118.45745086669922,34.18639373779297
8876278,2019,2019-06-12,1941,2019-05-09,0719,6160,NA,4,5,7,1941,0,0,0,NA,0,NA,SPRING ST,KILROY AIRPORT WY,875,E,N,A,-,N,NA,NA,NA,NA,NA,NA,NA,NA,NA,Y,3,0,1,1,A,-,08,22107,NA,N,B,I,A,A,H,-,A,D,0,NA,NA,NA,NA,Y,NA,A,NA,0,1,0,0,0,0,0,0,0,-,-,NA,NA,LOS ANGELES,LONG BEACH,-118.1446533203125,33.81126022338867
8876279,2019,2019-06-12,1942,2019-05-10,1425,42285,964,5,5,7,1942,0,0,0,NA,0,9X14,HAZELTINE AV,HARTSOOK ST,75,N,N,B,-,N,NA,NA,NA,NA,NA,NA,NA,NA,NA,Y,3,0,2,5,A,-,04,21703,NA,N,C,C,A,A,H,-,A,D,0,NA,NA,NA,NA,Y,NA,A,01,0,1,1,0,0,0,0,0,0,-,-,NA,NA,LOS ANGELES,LOS ANGELES,-118.44000244140624,34.16367721557617
8876280,2019,2019-07-10,1942,2019-05-08,1005,30452,0989,3,5,7,1942,0,0,0,I,0,9A89,VENTURA BL,WOODMAN AV,200,E,N,B,-,N,NA,NA,NA,NA,NA,NA,NA,NA,NA,Y,4,0,2,2,A,-,21,22106,NA,N,D,C,A,A,H,-,A,D,0,NA,NA,NA,NA,Y,NA,A,01,0,0,2,0,0,0,0,0,0,-,-,NA,NA,LOS ANGELES,LOS ANGELES,-118.43058013916016,34.14791488647461
8876282,2019,2019-06-12,1941,2019-05-30,1656,5854,NA,4,5,7,1941,0,0,0,NA,0,NA,9TH ST,PINE AV,0,NA,Y,A,-,N,NA,NA,NA,NA,NA,NA,NA,NA,NA,Y,4,0,2,2,A,-,12,21453,A,N,D,C,A,A,H,-,A,A,0,NA,NA,NA,NA,Y,NA,A,NA,0,0,2,0,0,0,0,0,0,-,-,NA,NA,LOS ANGELES,LONG BEACH,-118.19236755371094,33.77777099609375
8876283,2019,2019-06-12,1942,2019-05-13,2035,339410,935,1,5,7,1942,0,0,0,NA,0,9A41,SYLVAN ST,TYRONE AV,200,W,N,A,-,N,NA,NA,NA,NA,NA,NA,NA,NA,NA,N,4,0,3,2,A,-,21,22106,NA,N,B,C,A,A,H,-,C,B,0,NA,NA,NA,NA,Y,NA,A,01,0,0,3,0,0,0,0,0,0,-,-,NA,NA,LOS ANGELES,LOS ANGELES,-118.44500732421876,34.18466567993164
8876284,2019,2019-07-10,1942,2019-05-08,1130,30452,0963,3,5,7,1942,0,0,0,I,0,9A63,MAGNOLIA BL,N SEPULVEDA BL,115,E,N,B,-,N,NA,NA,NA,NA,NA,NA,NA,NA,NA,N,4,0,1,2,A,-,09,21804,A,N,D,C,A,A,H,-,A,D,0,NA,NA,NA,NA,Y,NA,A,01,0,0,1,0,0,0,0,0,0,-,-,NA,NA,LOS ANGELES,LOS ANGELES,-118.46576690673828,34.164859771728516
8876286,2019,2019-06-12,1941,2019-05-25,1544,10999,NA,6,5,7,1941,0,0,0,NA,0,NA,ARTESIA BL,SARNIA AV,373,E,N,A,-,N,NA,NA,NA,NA,NA,NA,NA,NA,NA,N,4,0,1,2,A,-,11,21954,A,N,G,B,D,A,H,-,A,D,0,Y,NA,NA,NA,Y,NA,N,NA,0,0,1,0,1,0,0,0,0,-,-,NA,NA,LOS ANGELES,LONG BEACH,-118.16444396972656,33.87460708618164
8876287,2019,2019-06-12,1942,2019-05-10,1910,43149,969,5,5,7,1942,0,0,0,NA,0,9X34,COLDWATER CANYON AV,MAGNOLIA,200,N,N,B,C,N,NA,NA,NA,NA,NA,NA,NA,NA,NA,Y,4,0,3,2,A,-,09,21804,A,N,D,C,A,B,-,-,B,D,0,NA,NA,NA,NA,Y,NA,A,01,0,0,3,0,0,0,0,0,0,-,-,NA,NA,LOS ANGELES,LOS ANGELES,-118.41380310058594,34.1654167175293
8876288,2019,2019-07-10,1942,2019-05-08,2210,33504,0905,3,5,7,1942,0,0,0,I,0,9A5,VAN NUYS BL,SATICOY ST,0,NA,Y,B,-,N,NA,NA,NA,NA,NA,NA,NA,NA,NA,N,4,0,1,2,A,-,04,21703,NA,N,C,C,A,A,H,-,C,A,0,NA,NA,NA,NA,Y,NA,A,01,0,0,1,0,0,0,0,0,0,-,-,NA,NA,LOS ANGELES,LOS ANGELES,-118.4487762451172,34.20846176147461
8876290,2019,2019-06-12,1941,2019-05-28,0658,5767,NA,2,5,7,1941,0,0,0,NA,0,NA,W 7TH ST,PACIFIC AV,0,NA,Y,A,-,N,NA,NA,NA,NA,NA,NA,NA,NA,NA,Y,4,0,1,2,A,-,12,21453,A,N,D,C,A,A,H,-,A,A,0,NA,NA,NA,NA,Y,NA,A,NA,0,0,1,0,0,0,0,0,0,-,-,NA,NA,LOS ANGELES,LONG BEACH,-118.19373321533205,33.775360107421875
8876291,2019,2019-06-12,1942,2019-05-03,1500,42285,933,5,5,7,1942,0,0,0,NA,0,9X14,VICTORY BL,VAN NUYS,119,W,N,A,-,N,NA,NA,NA,NA,NA,NA,NA,NA,NA,N,4,0,1,3,A,-,04,21703,NA,N,C,C,A,A,H,-,A,A,0,NA,NA,NA,NA,Y,NA,A,01,0,0,1,0,0,0,0,0,0,-,-,NA,NA,LOS ANGELES,LOS ANGELES,-118.44913482666016,34.186668395996094
8876292,2019,2019-07-22,1942,2019-05-11,1100,32268,0941,6,5,7,1942,0,0,0,I,0,9A41,VAN NUYS BL,OXNARD ST,0,NA,Y,B,-,N,NA,NA,NA,NA,NA,NA,NA,NA,NA,Y,4,0,1,2,A,-,12,21453,A,N,D,C,A,A,H,-,A,A,0,NA,NA,NA,NA,Y,NA,A,07,0,0,1,0,0,0,0,0,0,-,-,NA,NA,LOS ANGELES,LOS ANGELES,-118.44873809814452,34.17940139770508
8876294,2019,2019-06-12,1941,2019-05-18,0937,11029,NA,6,5,7,1941,0,0,0,NA,0,NA,ATLANTIC AV,MARSHALL ST,300,S,N,A,-,N,NA,NA,NA,NA,NA,NA,NA,NA,NA,N,4,0,1,2,A,-,03,22350,NA,N,C,C,A,A,H,-,A,D,0,NA,NA,NA,NA,Y,NA,A,NA,0,0,1,0,0,0,0,0,0,-,-,NA,NA,LOS ANGELES,LONG BEACH,-118.1850814819336,33.829986572265625
8876295,2019,2019-06-12,1942,2019-05-24,1645,43062,2107,5,5,7,1942,0,0,0,NA,0,21A42,ROSCOE BL,DE SOTO AV,125,E,N,A,-,N,NA,NA,NA,NA,NA,NA,NA,NA,NA,Y,4,0,4,5,A,-,03,22350,NA,N,C,C,A,A,H,-,A,D,0,NA,NA,NA,NA,Y,NA,A,01,0,0,4,0,0,0,0,0,0,-,-,NA,NA,LOS ANGELES,LOS ANGELES,-118.58808135986328,34.21995544433594
8876296,2019,2019-07-10,1942,2019-05-10,0800,39217,0963,5,5,7,1942,0,0,0,I,0,9A63,HARTSOOK ST,KESTER AV,0,NA,Y,C,-,N,NA,NA,NA,NA,NA,NA,NA,NA,NA,Y,3,0,2,2,A,-,09,21802,A,N,C,C,A,B,H,-,A,A,0,NA,NA,NA,NA,Y,NA,A,01,0,1,1,0,0,0,0,0,0,-,-,NA,NA,LOS ANGELES,LOS ANGELES,-118.45741271972656,34.1639518737793
8876298,2019,2019-06-18,1941,2019-05-29,0952,11271,NA,3,5,7,1941,0,0,0,NA,0,NA,ANAHEIM ST,LEE AV,10,E,N,A,-,N,NA,NA,NA,NA,NA,NA,NA,NA,NA,Y,4,0,1,2,D,-,00,NA,NA,N,C,C,A,A,H,-,A,D,0,NA,NA,NA,NA,Y,NA,-,-,0,0,1,0,0,0,0,0,0,-,-,NA,NA,LOS ANGELES,LONG BEACH,-118.13990020751952,33.782588958740234
8876299,2019,2019-06-12,1942,2019-05-11,1755,39223,0998,6,5,7,1942,0,0,0,I,0,10X5,VENTURA BL,ETHEL AV,0,NA,Y,A,-,N,NA,NA,NA,NA,NA,NA,NA,NA,NA,N,4,0,1,2,A,-,17,21235,G,N,D,J,A,A,H,-,A,D,0,NA,NA,Y,NA,Y,NA,C,03,0,0,1,0,0,0,0,0,1,-,-,NA,NA,LOS ANGELES,LOS ANGELES,-118.41834259033205,34.14588928222656
8876300,2019,2019-07-10,1942,2019-05-28,1235,35481,0984,2,5,7,1942,0,0,0,I,0,9TL54,DICKENS ST,CEDROS AV,200,W,N,A,-,N,NA,NA,NA,NA,NA,NA,NA,NA,NA,Y,4,0,1,2,A,-,21,22106,NA,N,D,C,A,A,H,-,A,D,0,NA,NA,NA,NA,Y,NA,A,01,0,0,1,0,0,0,0,0,0,-,-,NA,NA,LOS ANGELES,LOS ANGELES,-118.45243072509766,34.15048599243164
8876302,2019,2019-06-12,1941,2019-05-29,1043,10968,NA,3,5,7,1941,0,0,0,NA,0,NA,ATLANTIC AV,ANAHEIM ST,0,NA,Y,A,-,N,NA,NA,NA,NA,NA,NA,NA,NA,NA,N,4,0,1,2,A,-,07,21658,A,N,B,C,A,A,H,-,A,A,0,NA,NA,Y,NA,Y,NA,A,NA,0,0,1,0,0,0,0,0,1,-,-,NA,NA,LOS ANGELES,LONG BEACH,-118.18504333496094,33.78261184692383
8876303,2019,2019-06-12,1942,2019-05-24,1100,34428,2107,5,5,7,1942,0,0,0,NA,0,21A5,ROSCOE BL,DE SOTO AV,0,NA,Y,A,-,N,NA,NA,NA,NA,NA,NA,NA,NA,NA,N,4,0,1,2,A,-,05,21202,NA,N,B,G,A,A,H,-,A,D,0,NA,Y,NA,NA,Y,NA,L,04,0,0,1,0,0,0,1,0,0,-,-,NA,NA,LOS ANGELES,LOS ANGELES,-118.58849334716795,34.219940185546875
8876304,2019,2019-07-10,1942,2019-05-28,1910,36599,0981,2,5,7,1942,0,0,0,I,0,9A89,VENTURA BL,NOBLE AV,0,NA,Y,A,-,N,NA,NA,NA,NA,NA,NA,NA,NA,NA,N,4,0,1,2,A,-,10,21950,A,N,G,B,B,A,H,-,A,A,0,Y,NA,NA,NA,Y,NA,A,01,0,0,1,0,1,0,0,0,0,-,-,NA,NA,LOS ANGELES,LOS ANGELES,-118.46179962158205,34.153079986572266
8876305,2019,2019-06-13,1941,2019-05-12,1319,10947,NA,7,5,7,1941,0,0,0,NA,0,NA,ATLANTIC AV,36TH ST,0,NA,Y,A,-,N,NA,NA,NA,NA,NA,NA,NA,NA,NA,N,4,0,1,2,A,-,09,21801,A,N,D,B,B,A,H,-,A,A,0,Y,NA,NA,NA,Y,NA,A,NA,0,0,1,0,1,0,0,0,0,-,-,NA,NA,LOS ANGELES,LONG BEACH,-118.18502807617188,33.822139739990234
8876306,2019,2019-06-12,1941,2019-05-28,1115,6117,NA,2,5,7,1941,0,0,0,NA,0,NA,SOUTH ST,ATLANTIC AV,9,E,N,A,-,N,NA,NA,NA,NA,NA,NA,NA,NA,NA,N,3,0,1,2,A,-,10,21950,A,N,B,B,B,A,H,-,A,A,0,Y,NA,NA,NA,Y,NA,A,NA,0,1,0,0,1,0,0,0,0,-,-,NA,NA,LOS ANGELES,LONG BEACH,-118.1850128173828,33.86008071899414
8876307,2019,2019-06-12,1942,2019-05-23,1245,43815,2143,4,5,7,1942,0,0,0,NA,0,21A43,FALLBROOK,VANOWEN,150,S,N,A,-,N,NA,NA,NA,NA,NA,NA,NA,NA,NA,Y,3,0,1,2,A,-,09,21801,NA,N,D,C,A,A,H,-,A,D,0,NA,NA,NA,NA,Y,NA,A,01,0,1,0,0,0,0,0,0,0,-,-,NA,NA,LOS ANGELES,LOS ANGELES,-118.6234130859375,34.19330978393555
8876308,2019,2019-07-10,1942,2019-05-28,0935,36257,0941,2,5,7,1942,0,0,0,I,0,NA,BURBANK BL,KESTER AV,270,W,N,A,-,N,NA,NA,NA,NA,NA,NA,NA,NA,NA,N,4,0,1,2,A,-,03,22350,NA,N,C,C,A,A,H,-,A,D,0,NA,NA,NA,NA,Y,NA,A,01,0,0,1,0,0,0,0,0,0,-,-,NA,NA,LOS ANGELES,LOS ANGELES,-118.45834350585938,34.17211151123047
8876309,2019,2019-08-27,1941,2019-05-31,1555,6007,NA,5,5,7,1941,0,0,0,NA,0,NA,PACIFIC COAST HWY,TERMINO AV,256,E,N,-,-,Y,LA,7,1,-,-,3.71,H,-,N,N,4,0,2,2,A,-,08,22107,NA,N,B,C,A,A,H,-,A,D,0,NA,NA,NA,NA,Y,NA,I,NA,0,0,2,0,0,0,0,0,0,-,-,NA,NA,LOS ANGELES,LONG BEACH,-118.14516448974608,33.78990936279297
8876310,2019,2019-06-12,1941,2019-05-29,1442,11249,NA,3,5,7,1941,0,0,0,NA,0,NA,BROADWAY,MAGNOLIA AV,0,NA,Y,A,-,N,NA,NA,NA,NA,NA,NA,NA,NA,NA,Y,4,0,2,2,A,-,12,21453,A,N,D,C,A,A,H,-,A,A,0,NA,NA,NA,NA,Y,NA,A,NA,0,0,2,0,0,0,0,0,0,-,-,NA,NA,LOS ANGELES,LONG BEACH,-118.19802856445313,33.769290924072266
8876311,2019,2019-06-12,1942,2019-05-29,1330,42051,2157,3,5,7,1942,0,0,0,NA,0,15TL44,VANOWEN ST,LURLINE AV,70,W,N,A,-,N,NA,NA,NA,NA,NA,NA,NA,NA,NA,Y,3,0,2,2,A,-,08,22107,NA,N,D,C,A,A,H,-,A,A,0,NA,NA,NA,NA,Y,NA,A,07,0,1,1,0,0,0,0,0,0,-,-,NA,NA,LOS ANGELES,LOS ANGELES,-118.58406829833984,34.19377136230469
8876312,2019,2019-07-10,1942,2019-05-28,1040,36257,0991,2,5,7,1942,0,0,0,I,0,NA,BEVERLY GLEN BL,KNOBHILL DR,126,N,N,A,-,N,NA,NA,NA,NA,NA,NA,NA,NA,NA,Y,3,0,2,2,A,-,03,22350,NA,N,C,C,A,A,H,-,A,D,0,NA,NA,NA,NA,Y,NA,A,01,0,1,1,0,0,0,0,0,0,-,-,NA,NA,LOS ANGELES,LOS ANGELES,-118.4523468017578,34.13622283935547
8876313,2019,2019-06-13,1941,2019-05-30,2257,10562,NA,4,5,7,1941,0,0,0,NA,0,NA,2ND ST,BAYSHORE AV,30,W,N,A,-,N,NA,NA,NA,NA,NA,NA,NA,NA,NA,Y,4,0,1,1,A,-,01,23152,B,N,E,I,A,A,-,-,C,A,0,NA,NA,NA,NA,Y,Y,D,NA,0,0,1,0,0,0,0,0,0,-,-,NA,NA,LOS ANGELES,LONG BEACH,-118.13028717041016,33.7582893371582
8876314,2019,2019-06-12,1941,2019-05-20,0838,10850,NA,1,5,7,1941,0,0,0,NA,0,NA,CEDAR AV,HILL ST,0,NA,Y,A,-,N,NA,NA,NA,NA,NA,NA,NA,NA,NA,Y,4,0,1,2,A,-,09,21802,A,N,D,C,A,A,H,-,A,D,0,NA,NA,NA,NA,Y,NA,A,NA,0,0,1,0,0,0,0,0,0,-,-,NA,NA,LOS ANGELES,LONG BEACH,-118.19483947753906,33.7971305847168
8876315,2019,2019-06-18,1942,2019-05-30,1435,26319,2107,4,5,7,1942,0,0,0,NA,0,19TL74,DE SOTO AV,ROSCOE BL,220,N,N,A,-,N,NA,NA,NA,NA,NA,NA,NA,NA,NA,Y,3,0,1,2,A,-,08,22102,NA,N,B,C,A,A,H,-,A,A,0,NA,NA,NA,NA,Y,NA,A,01,0,1,0,0,0,0,0,0,0,-,-,NA,NA,LOS ANGELES,LOS ANGELES,-118.58849334716795,34.220542907714844
8876316,2019,2019-07-10,1942,2019-05-17,0910,32268,0946,5,5,7,1942,0,0,0,I,0,9A37,WOODMAN AV,BURBANK BL,130,S,N,A,-,N,NA,NA,NA,NA,NA,NA,NA,NA,NA,Y,3,0,1,2,A,-,09,21801,A,N,D,C,A,A,H,-,A,A,0,NA,NA,NA,NA,Y,NA,A,07,0,1,0,0,0,0,0,0,0,-,-,NA,NA,LOS ANGELES,LOS ANGELES,-118.43125915527344,34.17177200317383
8876317,2019,2019-06-13,1941,2019-05-31,1750,10925,NA,5,5,7,1941,0,0,0,NA,0,NA,LONG BEACH BL,SPRING ST,0,NA,Y,A,-,N,NA,NA,NA,NA,NA,NA,NA,NA,NA,Y,3,0,2,2,A,-,09,21801,A,N,A,C,A,A,H,-,A,A,0,NA,NA,NA,NA,Y,NA,A,NA,0,1,1,0,0,0,0,0,0,-,-,NA,NA,LOS ANGELES,LONG BEACH,-118.18948364257813,33.811649322509766
8876318,2019,2019-06-12,1941,2019-05-27,1840,5146,NA,1,5,7,1941,0,0,0,NA,0,NA,STUDEBAKER RD,WILLOW ST,0,NA,Y,A,-,N,NA,NA,NA,NA,NA,NA,NA,NA,NA,Y,4,0,1,3,A,-,12,21453,A,N,D,C,A,A,H,-,A,A,0,NA,NA,NA,NA,Y,NA,A,NA,0,0,1,0,0,0,0,0,0,-,-,NA,NA,LOS ANGELES,LONG BEACH,-118.09947204589844,33.803409576416016
8876319,2019,2019-06-12,1942,2019-05-04,1530,41316,929,6,5,7,1942,0,0,0,NA,0,9A37,VICTORY BL,ATOLL AV,0,NA,Y,A,-,N,NA,NA,NA,NA,NA,NA,NA,NA,NA,Y,3,0,1,2,A,-,09,21802,A,N,D,C,A,A,H,-,A,A,0,NA,NA,NA,NA,Y,NA,A,07,0,1,0,0,0,0,0,0,0,-,-,NA,NA,LOS ANGELES,LOS ANGELES,-118.42031860351564,34.18667984008789
8876320,2019,2019-07-10,1942,2019-05-12,2230,39059,0984,7,5,7,1942,0,0,0,I,0,9A89,VENTURA BL,KESTER AV,0,NA,Y,A,-,N,NA,NA,NA,NA,NA,NA,NA,NA,NA,Y,4,0,2,2,A,-,00,22453,A,N,A,C,A,A,H,-,C,A,0,NA,NA,NA,NA,Y,NA,A,01,0,0,2,0,0,0,0,0,0,-,-,NA,NA,LOS ANGELES,LOS ANGELES,-118.45742797851564,34.15235137939453
8876321,2019,2019-06-14,1942,2019-05-30,2145,38049,1612,4,5,7,1942,0,0,0,P,0,16A71,GLENOAKS BL,PAXTON ST,150,N,N,A,-,N,NA,NA,NA,NA,NA,NA,NA,NA,NA,N,4,0,1,2,A,-,03,22350,NA,F,C,C,A,A,H,-,C,A,0,NA,NA,NA,NA,Y,NA,-,99,0,0,1,0,0,0,0,0,0,-,-,NA,NA,LOS ANGELES,LOS ANGELES,-118.41831970214844,34.279972076416016