CASE_ID,ACCIDENT_YEAR,PROC_DATE,JURIS,COLLISION_DATE,COLLISION_TIME,OFFICER_ID,REPORTING_DISTRICT,DAY_OF_WEEK,CHP_SHIFT,POPULATION,CNTY_CITY_LOC,SPECIAL_COND,BEAT_TYPE,CHP_BEAT_TYPE,CITY_DIVISION_LAPD,CHP_BEAT_CLASS,BEAT_NUMBER,PRIMARY_RD,SECONDARY_RD,DISTANCE,DIRECTION,INTERSECTION,WEATHER_1,WEATHER_2,STATE_HWY_IND,CALTRANS_COUNTY,CALTRANS_DISTRICT,STATE_ROUTE,ROUTE_SUFFIX,POSTMILE_PREFIX,POSTMILE,LOCATION_TYPE,RAMP_INTERSECTION,SIDE_OF_HWY,TOW_AWAY,COLLISION_SEVERITY,NUMBER_KILLED,NUMBER_INJURED,PARTY_COUNT,PRIMARY_COLL_FACTOR,PCF_CODE_OF_VIOL,PCF_VIOL_CATEGORY,PCF_VIOLATION,PCF_VIOL_SUBSECTION,HIT_AND_RUN,TYPE_OF_COLLISION,MVIW,PED_ACTION,ROAD_SURFACE,ROAD_COND_1,ROAD_COND_2,LIGHTING,CONTROL_DEVICE,CHP_ROAD_TYPE,PEDESTRIAN_ACCIDENT,BICYCLE_ACCIDENT,MOTORCYCLE_ACCIDENT,TRUCK_ACCIDENT,NOT_PRIVATE_PROPERTY,ALCOHOL_INVOLVED,STWD_VEHTYPE_AT_FAULT,CHP_VEHTYPE_AT_FAULT,COUNT_SEVERE_INJ,COUNT_VISIBLE_INJ,COUNT_COMPLAINT_PAIN,COUNT_PED_KILLED,COUNT_PED_INJURED,COUNT_BICYCLIST_KILLED,COUNT_BICYCLIST_INJURED,COUNT_MC_KILLED,COUNT_MC_INJURED,PRIMARY_RAMP,SECONDARY_RAMP,LATITUDE,LONGITUDE,COUNTY,CITY,POINT_X,POINT_Y
8876322,2019,2019-06-18,1941,2019-06-02,0052,11133,NA,7,5,7,1941,0,0,0,NA,0,NA,4TH ST,PARK AV,0,NA,Y,A,-,N,NA,NA,NA,NA,NA,NA,NA,NA,NA,Y,3,0,1,2,A,-,12,21453,A,N,D,-,A,A,H,-,C,A,0,NA,NA,NA,NA,Y,NA,-,-,0,1,0,0,0,0,0,0,0,-,-,NA,NA,LOS ANGELES,LONG BEACH,-118.13720703125,33.771690368652344
8876325,2019,2019-06-14,1942,2019-05-29,0740,30452,0981,3,5,7,1942,0,0,0,I,0,9A89,LEMONA AV,VENTURA BL,0,NA,Y,A,-,N,NA,NA,NA,NA,NA,NA,NA,NA,NA,N,3,0,1,2,A,-,10,21950,A,N,-,B,B,A,H,-,A,A,0,Y,NA,NA,NA,Y,NA,A,07,0,1,0,0,1,0,0,0,0,-,-,NA,NA,LOS ANGELES,LOS ANGELES,-118.45963287353516,34.1527099609375
8876326,2019,2019-06-12,1941,2019-06-02,1102,11271,NA,7,5,7,1941,0,0,0,NA,0,NA,10TH ST,WALNUT AV,0,NA,Y,B,-,N,NA,NA,NA,NA,NA,NA,NA,NA,NA,Y,3,0,1,3,A,-,09,21804,A,N,D,C,A,A,H,-,A,A,0,NA,NA,NA,NA,Y,NA,A,NA,0,1,0,0,0,0,0,0,0,-,-,NA,NA,LOS ANGELES,LONG BEACH,-118.17202758789064,33.77894973754883
8876329,2019,2019-06-14,1942,2019-05-24,1600,43679,0964,5,5,7,1942,0,0,0,I,0,9A69,MOORPARK ST,VAN NUYS BL,0,NA,Y,A,-,N,NA,NA,NA,NA,NA,NA,NA,NA,NA,N,4,0,1,2,A,-,03,22350,NA,N,E,I,A,A,H,-,A,A,0,NA,NA,Y,NA,Y,NA,C,02,0,0,1,0,0,0,0,0,1,-,-,NA,NA,LOS ANGELES,LOS ANGELES,-118.44869232177734,34.15190887451172
8876330,2019,2019-06-12,1941,2019-06-02,1359,10938,NA,7,5,7,1941,0,0,0,NA,0,NA,2ND ST,GRANADA AV,0,NA,Y,A,-,N,NA,NA,NA,NA,NA,NA,NA,NA,NA,N,4,0,1,3,A,-,03,22350,NA,N,C,C,A,A,H,-,A,A,0,NA,NA,NA,NA,Y,NA,A,NA,0,0,1,0,0,0,0,0,0,-,-,NA,NA,LOS ANGELES,LONG BEACH,-118.13597106933594,33.76068878173828
8876333,2019,2019-06-14,1942,2019-05-25,0350,43556,1942,6,5,7,1942,0,0,0,NA,0,9A5,OXNARD BL,ETHEL AV,0,NA,Y,A,-,N,NA,NA,NA,NA,NA,NA,NA,NA,NA,N,4,0,2,2,A,-,04,21703,NA,N,C,C,A,A,H,-,C,A,0,NA,NA,NA,NA,Y,NA,A,01,0,0,2,0,0,0,0,0,0,-,-,NA,NA,LOS ANGELES,LOS ANGELES,-118.41813659667967,34.17940139770508
8876334,2019,2019-08-27,1941,2019-06-02,1231,10996,NA,7,5,7,1941,0,0,0,NA,0,NA,PACIFIC COAST HWY,PACIFIC AV,0,NA,Y,A,-,Y,LA,7,1,-,-,6.511,I,5,N,N,4,0,1,2,A,-,12,21453,A,N,D,C,A,A,H,-,A,A,0,NA,NA,NA,NA,Y,NA,A,NA,0,0,1,0,0,0,0,0,0,-,-,NA,NA,LOS ANGELES,LONG BEACH,-118.19361877441406,33.7899169921875
8876337,2019,2019-06-14,1942,2019-05-24,2230,43272,LOS A,5,5,7,1942,0,0,0,NA,0,9A63,VAN NUYS BL,OXNARD ST,0,NA,Y,A,-,N,NA,NA,NA,NA,NA,NA,NA,NA,NA,Y,4,0,1,2,A,-,12,21453,A,N,D,C,A,A,H,-,C,A,0,NA,NA,NA,NA,Y,NA,A,01,0,0,1,0,0,0,0,0,0,-,-,NA,NA,LOS ANGELES,LOS ANGELES,-118.44873809814452,34.17940139770508
8876341,2019,2019-06-14,1942,2019-05-24,1200,38191,0974,5,5,7,1942,0,0,0,I,0,9A63,VAN NUYS BL,MOORPARK ST,0,NA,Y,A,-,N,NA,NA,NA,NA,NA,NA,NA,NA,NA,Y,3,0,2,2,A,-,09,21801,A,N,D,C,A,A,H,-,A,A,0,NA,NA,NA,NA,Y,NA,A,07,0,1,1,0,0,0,0,0,0,-,-,NA,NA,LOS ANGELES,LOS ANGELES,-118.44869232177734,34.15190887451172
8876345,2019,2019-06-14,1942,2019-05-18,2130,42448,VAN N,6,5,7,1942,0,0,0,NA,0,9A41,VAN NUYS BL,VANOWEN ST,1,S,N,B,C,N,NA,NA,NA,NA,NA,NA,NA,NA,NA,Y,4,0,2,2,A,-,09,21801,A,N,D,D,A,B,H,-,C,A,0,NA,NA,NA,NA,Y,NA,A,01,0,0,2,0,0,0,0,0,0,-,-,NA,NA,LOS ANGELES,LOS ANGELES,-118.44873809814452,34.19390869140625
8876349,2019,2019-06-14,1942,2019-05-21,1655,30830,0939,2,5,7,1942,0,0,0,I,0,15A21,VICTORY BL,COLDWATER CANYON AV,100,W,N,A,-,N,NA,NA,NA,NA,NA,NA,NA,NA,NA,N,4,0,1,2,A,-,04,21703,NA,N,C,C,A,A,H,-,A,D,0,NA,NA,NA,NA,Y,NA,A,01,0,0,1,0,0,0,0,0,0,-,-,NA,NA,LOS ANGELES,LOS ANGELES,-118.41413879394533,34.18667984008789
8876353,2019,2019-06-14,1942,2019-05-21,0740,40362,0937,2,5,7,1942,0,0,0,I,0,9A37,ERWIN ST,WOODMAN AV,0,NA,Y,B,-,N,NA,NA,NA,NA,NA,NA,NA,NA,NA,N,4,0,1,2,A,-,09,21804,NA,N,B,C,A,A,H,-,A,D,0,NA,NA,NA,NA,Y,NA,A,01,0,0,1,0,0,0,0,0,0,-,-,NA,NA,LOS ANGELES,LOS ANGELES,-118.43125915527344,34.18302917480469
8876357,2019,2019-06-14,1942,2019-05-23,1545,38399,0957,4,5,7,1942,0,0,0,I,0,19TL72,CHANDLER BL,RANCHITO AV,281,E,N,B,-,N,NA,NA,NA,NA,NA,NA,NA,NA,NA,Y,3,0,2,3,A,-,07,21658,A,N,C,C,A,A,H,-,A,D,0,NA,NA,NA,NA,Y,NA,A,01,0,1,1,0,0,0,0,0,0,-,-,NA,NA,LOS ANGELES,LOS ANGELES,-118.4346923828125,34.168556213378906
8876361,2019,2019-06-14,1942,2019-05-23,2305,40065,0904,4,5,7,1942,0,0,0,I,0,21T65,SEPULVEDA BL,WYANDOTTE ST,2,S,N,A,-,N,NA,NA,NA,NA,NA,NA,NA,NA,NA,Y,3,0,1,1,A,-,03,22350,NA,N,E,I,A,A,H,-,C,D,0,NA,NA,NA,NA,Y,NA,A,01,0,1,0,0,0,0,0,0,0,-,-,NA,NA,LOS ANGELES,LOS ANGELES,-118.46620178222656,34.20299530029297
8876365,2019,2019-06-14,1942,2019-05-26,0805,39281,0941,7,5,7,1942,0,0,0,I,0,9A41,VAN NUYS BL,OXNARD ST,0,NA,Y,B,-,N,NA,NA,NA,NA,NA,NA,NA,NA,NA,Y,4,0,2,2,A,-,12,21453,A,N,D,C,A,A,H,-,A,A,0,NA,NA,NA,NA,Y,NA,A,01,0,0,2,0,0,0,0,0,0,-,-,NA,NA,LOS ANGELES,LOS ANGELES,-118.44873809814452,34.17940139770508
8876369,2019,2019-06-14,1942,2019-05-26,1255,40574,0926,7,5,7,1942,0,0,0,I,0,9A19,VANOWEN ST,HAZELTINE AV,0,NA,Y,B,-,N,NA,NA,NA,NA,NA,NA,NA,NA,NA,Y,3,0,4,2,A,-,12,21453,A,N,D,-,A,A,H,-,A,A,0,NA,NA,NA,NA,Y,NA,A,01,0,1,3,0,0,0,0,0,0,-,-,NA,NA,LOS ANGELES,LOS ANGELES,-118.43997955322266,34.193939208984375
8876370,2019,2019-06-18,1941,2019-06-01,0906,10805,NA,6,5,7,1941,0,0,0,NA,0,NA,ORANGE AV,SOUTH ST,0,NA,Y,A,-,N,NA,NA,NA,NA,NA,NA,NA,NA,NA,N,4,0,1,2,D,-,00,NA,NA,N,B,C,A,A,H,-,A,D,0,NA,NA,Y,NA,Y,NA,-,-,0,0,1,0,0,0,0,0,1,-,-,NA,NA,LOS ANGELES,LONG BEACH,-118.17729949951172,33.860111236572266
8876373,2019,2019-06-14,1942,2019-05-25,1810,36336,0941,6,5,7,1942,0,0,0,I,0,9A41,BURBANK BL,NATICK AV,73,W,N,A,-,N,NA,NA,NA,NA,NA,NA,NA,NA,NA,Y,2,0,5,2,A,-,05,21460,A,N,A,C,A,A,H,-,A,D,0,NA,NA,NA,NA,Y,NA,A,01,2,3,0,0,0,0,0,0,0,-,-,NA,NA,LOS ANGELES,LOS ANGELES,-118.45442962646484,34.17210388183594
8876374,2019,2019-06-13,1941,2019-06-01,1722,11134,NA,6,5,7,1941,0,0,0,NA,0,NA,7TH ST,EUCLID AV,0,NA,Y,A,-,N,NA,NA,NA,NA,NA,NA,NA,NA,NA,N,4,0,1,2,A,-,03,22350,NA,N,C,-,A,A,H,-,A,A,0,NA,NA,NA,NA,Y,NA,A,NA,0,0,1,0,0,0,0,0,0,-,-,NA,NA,LOS ANGELES,LONG BEACH,-118.14917755126952,33.77534103393555
8876377,2019,2019-06-14,1942,2019-05-29,1250,32372,0974,3,5,7,1942,0,0,0,I,0,9A43,KESTER AV,CAMARILLO ST,535,S,N,A,-,N,NA,NA,NA,NA,NA,NA,NA,NA,NA,N,4,0,2,2,A,-,09,21804,A,N,D,C,A,A,H,-,A,D,0,NA,NA,NA,NA,Y,NA,-,NA,0,0,2,0,0,0,0,0,0,-,-,NA,NA,LOS ANGELES,LOS ANGELES,-118.45745086669922,34.15660095214844
8876378,2019,2019-06-12,1941,2019-06-02,0108,10063,NA,7,5,7,1941,0,0,0,NA,0,NA,OCEAN BL,ATLANTIC AV,20,W,N,A,-,N,NA,NA,NA,NA,NA,NA,NA,NA,NA,Y,4,0,2,2,A,-,01,23152,NA,N,C,C,A,A,H,-,C,A,0,NA,NA,NA,NA,Y,Y,A,NA,0,0,2,0,0,0,0,0,0,-,-,NA,NA,LOS ANGELES,LONG BEACH,-118.18513488769533,33.76641845703125
8876379,2019,2019-06-13,1941,2019-06-05,0050,10918,NA,3,5,7,1941,0,0,0,NA,0,NA,LONG BEACH BL,6TH ST,0,NA,Y,A,-,N,NA,NA,NA,NA,NA,NA,NA,NA,NA,Y,2,0,4,2,A,-,12,21453,NA,N,D,C,A,A,H,-,C,A,0,NA,NA,NA,NA,Y,Y,A,NA,1,0,3,0,0,0,0,0,0,-,-,NA,NA,LOS ANGELES,LONG BEACH,-118.18949127197266,33.77415084838867
8876381,2019,2019-06-14,1942,2019-05-30,0855,36257,0932,4,5,7,1942,0,0,0,I,0,NA,KESTER AV,DELANO ST,159,N,N,A,-,N,NA,NA,NA,NA,NA,NA,NA,NA,NA,Y,4,0,2,2,A,-,03,22350,NA,N,C,C,A,A,H,-,A,D,0,NA,NA,NA,NA,Y,NA,A,01,0,0,2,0,0,0,0,0,0,-,-,NA,NA,LOS ANGELES,LOS ANGELES,-118.45745849609376,34.18308639526367
8876383,2019,2019-08-27,1941,2019-06-04,1101,11240,NA,2,5,7,1941,0,0,0,NA,0,NA,LEMON AV,PACIFIC COAST HWY,0,N,-,A,-,Y,LA,7,1,-,-,5.63,H,-,N,N,4,0,1,2,A,-,05,21202,A,N,B,G,A,A,H,-,A,D,0,NA,Y,NA,NA,Y,NA,L,NA,0,0,1,0,0,0,1,0,0,-,-,NA,NA,LOS ANGELES,LONG BEACH,-118.17826080322266,33.789913177490234
8876385,2019,2019-08-14,1942,2019-05-28,1150,42634,0938,2,5,7,1942,0,0,0,I,0,9A89,VICTORY BL,SUNNYSLOPE AV,0,NA,Y,A,-,N,NA,NA,NA,NA,NA,NA,NA,NA,NA,Y,4,0,1,2,A,-,09,21801,A,N,D,-,A,A,H,-,A,D,0,NA,NA,NA,NA,Y,NA,A,01,0,0,1,0,0,0,0,0,0,-,-,NA,NA,LOS ANGELES,LOS ANGELES,-118.42688751220705,34.18667984008789
8876386,2019,2019-06-13,1942,2019-06-01,1345,38191,1502,6,5,7,1942,0,0,0,O,0,15A21,COLDWATER CANYON AV,ELKWOOD ST,315,N,N,A,-,N,NA,NA,NA,NA,NA,NA,NA,NA,NA,N,3,0,1,2,A,-,11,21956,A,F,B,B,E,A,H,-,A,D,0,Y,NA,NA,NA,Y,NA,N,60,0,1,0,0,1,0,0,0,0,-,-,NA,NA,LOS ANGELES,LOS ANGELES,-118.41439056396484,34.21290588378906
8876387,2019,2019-06-13,1941,2019-06-03,1720,5970,NA,1,5,7,1941,0,0,0,NA,0,NA,PACIFIC AV,25TH ST,104,N,N,B,-,N,NA,NA,NA,NA,NA,NA,NA,NA,NA,N,4,0,1,2,A,-,08,22107,NA,N,C,C,A,A,H,-,A,A,0,NA,NA,NA,NA,Y,NA,A,NA,0,0,1,0,0,0,0,0,0,-,-,NA,NA,LOS ANGELES,LONG BEACH,-118.19377899169922,33.802833557128906
8876389,2019,2019-06-14,1942,2019-05-15,1110,34599,0919,3,5,7,1942,0,0,0,I,0,19L75,FULTON AV,VANOWEN ST,55,S,N,A,-,N,NA,NA,NA,NA,NA,NA,NA,NA,NA,N,4,0,1,2,A,-,03,22350,NA,N,C,C,A,A,H,-,A,A,0,NA,NA,NA,NA,Y,NA,A,07,0,0,1,0,0,0,0,0,0,-,-,NA,NA,LOS ANGELES,LOS ANGELES,-118.42253112792967,34.19379806518555
8876390,2019,2019-06-13,1942,2019-06-01,1300,40165,0979,6,5,7,1942,0,0,0,I,0,9A63,COLDWATER CANYON AV,LANDALE ST,30,S,N,A,-,N,NA,NA,NA,NA,NA,NA,NA,NA,NA,Y,4,0,2,2,A,-,08,22107,NA,N,B,C,A,A,H,-,A,A,0,NA,NA,NA,NA,Y,NA,A,07,0,0,2,0,0,0,0,0,0,-,-,NA,NA,LOS ANGELES,LOS ANGELES,-118.41378784179688,34.15212631225586
8876391,2019,2019-06-17,1941,2019-06-02,1151,10938,NA,7,5,7,1941,0,0,0,NA,0,NA,STUDEBAKER RD,7TH ST,28,N,N,A,-,N,NA,NA,NA,NA,NA,NA,NA,NA,NA,N,4,0,2,2,A,-,03,22350,NA,N,-,-,A,A,H,-,A,A,0,NA,NA,NA,NA,Y,NA,A,NA,0,0,2,0,0,0,0,0,0,-,-,NA,NA,LOS ANGELES,LONG BEACH,-118.10313415527344,33.77440643310547
8876393,2019,2019-06-14,1942,2019-05-15,0800,33458,0926,3,5,7,1942,0,0,0,I,0,9A18,ARCHWOOD ST,MAMMOTH AV,20,E,N,B,-,N,NA,NA,NA,NA,NA,NA,NA,NA,NA,Y,3,0,1,1,A,-,03,22350,NA,N,E,I,A,A,H,-,A,D,0,NA,NA,NA,NA,Y,NA,A,01,0,1,0,0,0,0,0,0,0,-,-,NA,NA,LOS ANGELES,LOS ANGELES,-118.43238067626952,34.19301986694336
8876394,2019,2019-06-13,1942,2019-06-02,1500,38326,0964,7,5,7,1942,0,0,0,I,0,9A63,HAZELTINE AV,RIVERSIDE DR,200,N,N,A,-,N,NA,NA,NA,NA,NA,NA,NA,NA,NA,N,2,0,1,2,B,-,22,NA,NA,N,G,B,F,A,H,-,A,-,0,Y,NA,NA,NA,Y,NA,A,01,1,0,0,0,1,0,0,0,0,-,-,NA,NA,LOS ANGELES,LOS ANGELES,-118.44000244140624,34.15815734863281
8876395,2019,2021-05-25,1941,2019-06-02,2200,5915,NA,7,5,7,1941,0,0,0,NA,0,NA,SANTA FE AV,W 16TH ST,0,NA,Y,A,-,N,NA,NA,NA,NA,NA,NA,NA,NA,NA,N,1,1,0,2,A,-,11,21954,A,N,G,B,D,A,H,-,C,D,0,Y,NA,NA,NA,Y,Y,N,NA,0,0,0,1,0,0,0,0,0,-,-,NA,NA,LOS ANGELES,LONG BEACH,-118.21547698974608,33.787330627441406
8876397,2019,2019-06-14,1942,2019-05-16,0845,34482,0929,4,5,7,1942,0,0,0,I,0,9A19,VICTORY BL,ETHEL AV,0,NA,Y,C,-,N,NA,NA,NA,NA,NA,NA,NA,NA,NA,Y,4,0,1,2,A,-,12,21453,A,N,D,C,A,B,H,-,A,A,0,NA,NA,NA,NA,Y,NA,A,01,0,0,1,0,0,0,0,0,0,-,-,NA,NA,LOS ANGELES,LOS ANGELES,-118.41813659667967,34.18667984008789
8876398,2019,2019-06-13,1942,2019-06-03,1745,36599,0943,1,5,7,1942,0,0,0,I,0,9A63,CHANDLER BL,CIRCLE DR,0,NA,Y,A,-,N,NA,NA,NA,NA,NA,NA,NA,NA,NA,N,4,0,1,2,A,-,03,22350,NA,N,C,C,A,A,H,-,A,A,0,NA,NA,NA,NA,Y,NA,A,01,0,0,1,0,0,0,0,0,0,-,-,NA,NA,LOS ANGELES,LOS ANGELES,-118.44622802734376,34.16841125488281
8876408,2019,2019-06-12,1942,2019-04-04,1945,39142,0816,4,5,7,1942,0,0,0,H,0,8A53,MIDVALE AV,LEVERING AV,0,NA,Y,A,-,N,NA,NA,NA,NA,NA,NA,NA,NA,NA,N,2,0,1,2,A,-,10,21950,NA,N,G,B,B,A,H,-,C,D,0,Y,NA,NA,NA,Y,NA,A,01,1,0,0,0,1,0,0,0,0,-,-,NA,NA,LOS ANGELES,LOS ANGELES,-118.45197296142578,34.06644058227539
8876412,2019,2019-06-12,1942,2019-04-16,1100,43765,1177,2,5,7,1942,0,0,0,K,0,11A89,W AVENUE 28,IDELL ST,0,NA,Y,A,-,N,NA,NA,NA,NA,NA,NA,NA,NA,NA,N,4,0,2,2,A,-,08,22107,NA,N,D,C,A,A,H,-,A,A,0,NA,NA,NA,NA,Y,NA,A,07,0,0,2,0,0,0,0,0,0,-,-,NA,NA,LOS ANGELES,LOS ANGELES,-118.22361755371094,34.086971282958984
8876416,2019,2019-06-24,1942,2019-04-17,1410,43140,1172,3,5,7,1942,0,0,0,K,0,11A71,GLENDALE BL,WATERLOO ST,100,E,N,A,-,N,NA,NA,NA,NA,NA,NA,NA,NA,NA,N,4,0,1,2,A,-,00,21563,A,N,D,C,A,A,H,-,A,A,0,NA,NA,NA,NA,Y,NA,-,-,0,0,1,0,0,0,0,0,0,-,-,NA,NA,LOS ANGELES,LOS ANGELES,-118.25853729248048,34.09168243408203
8876420,2019,2019-06-12,1942,2019-04-25,1500,42294,1143,4,5,7,1942,0,0,0,K,0,11EL3,ROWENA,HYPERION AV,0,NA,Y,A,-,N,NA,NA,NA,NA,NA,NA,NA,NA,NA,Y,3,0,2,2,A,-,09,21801,A,N,D,C,A,A,H,-,A,A,0,NA,NA,NA,NA,Y,NA,A,07,0,1,1,0,0,0,0,0,0,-,-,NA,NA,LOS ANGELES,LOS ANGELES,-118.27133178710938,34.10921859741211
8876424,2019,2019-06-13,1942,2019-04-17,0850,34332,1127,3,5,7,1942,0,0,0,K,0,11A25,NORTH FIGUEROA ST,MERIDIAN ST,30,S,N,A,-,N,NA,NA,NA,NA,NA,NA,NA,NA,NA,N,4,0,1,2,A,-,03,22350,NA,N,C,C,A,-,H,-,A,A,0,NA,NA,NA,NA,Y,NA,A,01,0,0,1,0,0,0,0,0,0,-,-,NA,NA,LOS ANGELES,LOS ANGELES,-118.18370819091795,34.12006759643555
8876428,2019,2019-06-13,1942,2019-04-18,1715,34426,1101,4,5,7,1942,0,0,0,K,0,11A1,RIVERSIDE DR,ZOO DR,0,N,N,A,-,N,NA,NA,NA,NA,NA,NA,NA,NA,NA,N,4,0,1,2,A,-,04,21703,NA,N,C,G,A,A,H,-,A,D,0,NA,Y,NA,NA,Y,NA,A,01,0,0,1,0,0,0,1,0,0,-,-,NA,NA,LOS ANGELES,LOS ANGELES,-118.29396057128906,34.15481948852539
8876432,2019,2019-06-13,1942,2019-04-20,0900,39972,1184,6,5,7,1942,0,0,0,K,0,11A17,MORTON AV,ECHO PARK AV,400,N,N,A,-,N,NA,NA,NA,NA,NA,NA,NA,NA,NA,Y,3,0,1,3,A,-,03,22350,NA,N,B,E,A,A,H,-,A,D,0,NA,NA,NA,NA,Y,NA,A,01,0,1,0,0,0,0,0,0,0,-,-,NA,NA,LOS ANGELES,LOS ANGELES,-118.25362396240234,34.081729888916016
8876436,2019,2019-06-13,1942,2019-04-19,1230,42126,1141,5,5,7,1942,0,0,0,K,0,11A17W,HOLLYWOOD BL,ALEXANDER AV,0,NA,Y,A,-,N,NA,NA,NA,NA,NA,NA,NA,NA,NA,NA,4,0,2,2,A,-,08,22107,NA,N,A,C,A,A,H,-,A,A,0,NA,NA,NA,NA,Y,NA,A,01,0,0,2,0,0,0,0,0,0,-,-,NA,NA,LOS ANGELES,LOS ANGELES,-118.2983627319336,34.10176086425781
8876444,2019,2019-06-13,1942,2019-04-30,0720,38050,1141,2,5,7,1942,0,0,0,K,0,11A51,N EDGEMONT ST,HOLLYWOOD BL,350,N,N,B,-,N,NA,NA,NA,NA,NA,NA,NA,NA,NA,Y,3,0,2,2,A,-,09,21804,A,N,D,C,A,A,H,-,A,D,0,NA,NA,NA,NA,Y,NA,A,01,0,2,0,0,0,0,0,0,0,-,-,NA,NA,LOS ANGELES,LOS ANGELES,-118.29615020751952,34.10274124145508
8876448,2019,2019-06-13,1942,2019-04-28,1030,34332,1136,7,5,7,1942,0,0,0,K,0,11A17,EAGLE ROCK BL,EL PASO DR,0,NA,Y,B,-,N,NA,NA,NA,NA,NA,NA,NA,NA,NA,N,3,0,1,2,A,-,10,21950,NA,N,H,C,B,A,H,-,A,A,0,Y,NA,NA,NA,Y,NA,A,07,0,1,0,0,1,0,0,0,0,-,-,NA,NA,LOS ANGELES,LOS ANGELES,-118.22437286376952,34.12236022949219
8876452,2019,2019-06-13,1942,2019-04-28,2125,39062,1142,7,5,7,1942,0,0,0,K,0,11A1,HILLHURST AV,RUSSELL AV,140,S,N,B,-,N,NA,NA,NA,NA,NA,NA,NA,NA,NA,N,4,0,2,3,A,-,11,21954,A,N,G,B,D,A,H,-,C,D,0,Y,NA,NA,NA,Y,NA,N,60,0,0,2,0,2,0,0,0,0,-,-,NA,NA,LOS ANGELES,LOS ANGELES,-118.28742218017578,34.1041259765625
8876456,2019,2019-06-13,1942,2019-04-28,1810,40099,1162,7,5,7,1942,0,0,0,K,0,11A51,W SUNSET BL,HILLHURST AV,0,NA,Y,A,-,N,NA,NA,NA,NA,NA,NA,NA,NA,NA,N,4,0,1,2,A,-,04,21703,NA,N,C,C,A,A,H,-,A,A,0,NA,NA,NA,NA,Y,NA,A,01,0,0,1,0,0,0,0,0,0,-,-,NA,NA,LOS ANGELES,LOS ANGELES,-118.28740692138672,34.09812927246094
8876460,2019,2019-06-13,1942,2019-04-26,1850,30083,1189,5,5,7,1942,0,0,0,K,0,11A89,W AVENUE 26,PASADENA FWY,0,NA,Y,A,-,N,NA,NA,NA,NA,NA,NA,NA,NA,NA,Y,4,0,2,2,A,-,09,21801,A,N,D,C,A,A,H,-,B,D,0,NA,NA,NA,NA,Y,NA,A,01,0,0,2,0,0,0,0,0,0,-,-,NA,NA,LOS ANGELES,LOS ANGELES,-118.21571350097656,34.07659912109375
8876464,2019,2019-06-13,1942,2019-04-25,1830,35291,1101,4,5,7,1942,0,0,0,K,0,11A1,CRYSTAL SPRINGS DR,GRIFFITH PARK DR,0,NA,Y,A,-,N,NA,NA,NA,NA,NA,NA,NA,NA,NA,N,4,0,1,2,A,-,00,20015,A,F,C,C,A,A,H,-,D,D,0,NA,NA,NA,NA,Y,NA,-,-,0,0,1,0,0,0,0,0,0,-,-,NA,NA,LOS ANGELES,LOS ANGELES,-118.28204345703124,34.13536834716797
8876468,2019,2019-06-13,1942,2019-04-24,0850,40865,1181,3,5,7,1942,0,0,0,K,0,11A71,N ALVARADO ST,RESERVOIR ST,0,NA,Y,A,-,N,NA,NA,NA,NA,NA,NA,NA,NA,NA,N,4,0,1,2,A,-,09,21801,A,N,-,C,A,-,H,-,A,A,0,NA,NA,NA,NA,Y,NA,A,01,0,0,1,0,0,0,0,0,0,-,-,NA,NA,LOS ANGELES,LOS ANGELES,-118.26260375976564,34.07904815673828
8876472,2019,2019-06-13,1942,2019-04-15,0800,39817,11A71,1,5,7,1942,0,0,0,K,0,1181,GLENDALE BL,MONTANA ST,0,NA,Y,A,-,N,NA,NA,NA,NA,NA,NA,NA,NA,NA,Y,4,0,1,2,A,-,08,22107,NA,N,D,C,A,A,-,-,A,A,0,NA,NA,NA,NA,Y,NA,A,01,0,0,1,0,0,0,0,0,0,-,-,NA,NA,LOS ANGELES,LOS ANGELES,-118.26026916503906,34.07984161376953
8876476,2019,2019-06-13,1942,2019-04-08,0905,36694,1136,1,5,7,1942,0,0,0,K,0,11A17,AVENUE 50,EL PASO DR,0,NA,N,A,-,N,NA,NA,NA,NA,NA,NA,NA,NA,NA,Y,4,0,3,2,A,-,09,21801,A,N,A,C,A,A,H,-,A,A,0,NA,NA,NA,NA,Y,NA,A,01,0,0,3,0,0,0,0,0,0,-,-,NA,NA,LOS ANGELES,LOS ANGELES,-118.2079620361328,34.11309051513672
8876480,2019,2019-06-13,1942,2019-04-04,1950,43725,1136,4,5,7,1942,0,0,0,K,0,11A17,EAGLE ROCK BL,CHIA ST,5,W,N,A,-,N,NA,NA,NA,NA,NA,NA,NA,NA,NA,N,4,0,1,2,A,-,09,21801,B,N,D,G,A,A,H,-,C,D,0,NA,Y,NA,NA,Y,NA,A,01,0,0,1,0,0,0,1,0,0,-,-,NA,NA,LOS ANGELES,LOS ANGELES,-118.222222,34.123185
8876482,2019,2019-06-13,1942,2019-05-23,1530,36553,0855,4,5,7,1942,0,0,0,H,0,8A29,OHIO AV,PONTIUS AV,0,NA,Y,B,-,N,NA,NA,NA,NA,NA,NA,NA,NA,NA,Y,4,0,2,3,A,-,09,21802,A,N,A,C,A,A,H,-,A,A,0,NA,NA,NA,NA,Y,NA,A,01,0,0,2,0,0,0,0,0,0,-,-,NA,NA,LOS ANGELES,LOS ANGELES,-118.4472198486328,34.0500602722168
8876486,2019,2019-06-13,1942,2019-05-24,0230,39022,0818,5,5,7,1942,0,0,0,H,0,7T23,SUNSET BL,BELLAGIO DR,200,E,N,A,-,N,NA,NA,NA,NA,NA,NA,NA,NA,NA,Y,4,0,1,1,A,-,03,22350,NA,N,E,I,A,A,H,-,C,D,0,NA,NA,NA,NA,Y,NA,A,01,0,0,1,0,0,0,0,0,0,-,-,NA,NA,LOS ANGELES,LOS ANGELES,-118.45415496826172,34.07693862915039