CASE_ID,ACCIDENT_YEAR,PROC_DATE,JURIS,COLLISION_DATE,COLLISION_TIME,OFFICER_ID,REPORTING_DISTRICT,DAY_OF_WEEK,CHP_SHIFT,POPULATION,CNTY_CITY_LOC,SPECIAL_COND,BEAT_TYPE,CHP_BEAT_TYPE,CITY_DIVISION_LAPD,CHP_BEAT_CLASS,BEAT_NUMBER,PRIMARY_RD,SECONDARY_RD,DISTANCE,DIRECTION,INTERSECTION,WEATHER_1,WEATHER_2,STATE_HWY_IND,CALTRANS_COUNTY,CALTRANS_DISTRICT,STATE_ROUTE,ROUTE_SUFFIX,POSTMILE_PREFIX,POSTMILE,LOCATION_TYPE,RAMP_INTERSECTION,SIDE_OF_HWY,TOW_AWAY,COLLISION_SEVERITY,NUMBER_KILLED,NUMBER_INJURED,PARTY_COUNT,PRIMARY_COLL_FACTOR,PCF_CODE_OF_VIOL,PCF_VIOL_CATEGORY,PCF_VIOLATION,PCF_VIOL_SUBSECTION,HIT_AND_RUN,TYPE_OF_COLLISION,MVIW,PED_ACTION,ROAD_SURFACE,ROAD_COND_1,ROAD_COND_2,LIGHTING,CONTROL_DEVICE,CHP_ROAD_TYPE,PEDESTRIAN_ACCIDENT,BICYCLE_ACCIDENT,MOTORCYCLE_ACCIDENT,TRUCK_ACCIDENT,NOT_PRIVATE_PROPERTY,ALCOHOL_INVOLVED,STWD_VEHTYPE_AT_FAULT,CHP_VEHTYPE_AT_FAULT,COUNT_SEVERE_INJ,COUNT_VISIBLE_INJ,COUNT_COMPLAINT_PAIN,COUNT_PED_KILLED,COUNT_PED_INJURED,COUNT_BICYCLIST_KILLED,COUNT_BICYCLIST_INJURED,COUNT_MC_KILLED,COUNT_MC_INJURED,PRIMARY_RAMP,SECONDARY_RAMP,LATITUDE,LONGITUDE,COUNTY,CITY,POINT_X,POINT_Y
8877017,2019,2019-06-26,1947,2019-05-19,1028,1351,NA,7,5,5,1947,0,0,0,NA,0,00A,WEST BEVERLY BL,GARFIELD AV,111,E,N,B,-,N,NA,NA,NA,NA,NA,NA,NA,NA,NA,Y,4,0,2,2,A,-,08,22107,NA,N,B,C,A,A,-,-,A,D,0,NA,NA,NA,NA,Y,NA,A,01,0,0,2,0,0,0,0,0,0,-,-,34.02246856689453,-118.13400268554688,LOS ANGELES,MONTEBELLO,-118.1337432861328,34.022212982177734
8877019,2019,2019-06-17,1969,2019-05-03,1718,10130,PATRO,5,5,5,1969,0,0,0,NA,0,001,TWEEDY BL,TRUBA AV,10,W,N,A,-,N,NA,NA,NA,NA,NA,NA,NA,NA,NA,Y,4,0,1,2,A,-,09,21801,A,N,A,C,A,A,H,-,A,A,0,NA,NA,NA,NA,Y,NA,A,01,0,0,1,0,0,0,0,0,0,-,-,NA,NA,LOS ANGELES,SOUTH GATE,-118.22537994384766,33.946372985839844
8877020,2019,2019-06-25,1942,2019-04-19,0719,43673,1791,5,5,7,1942,0,0,0,Q,0,17A81,PARTHENIA ST,LURLINE AV,0,NA,Y,A,-,N,NA,NA,NA,NA,NA,NA,NA,NA,NA,N,4,0,1,2,A,-,09,21801,A,N,D,C,A,A,H,-,B,D,0,NA,NA,NA,NA,Y,NA,A,01,0,0,1,0,0,0,0,0,0,-,-,NA,NA,LOS ANGELES,LOS ANGELES,-118.58413696289064,34.22819900512695
8877022,2019,2019-06-17,1900,2019-05-20,1215,272611,0455,1,5,6,1949,0,0,0,NA,0,43T1D,PIONEER BL,MAPLEDALE ST,0,NA,Y,A,-,N,NA,NA,NA,NA,NA,NA,NA,NA,NA,N,3,0,1,2,D,-,00,NA,NA,N,D,G,A,A,H,-,A,A,0,NA,Y,NA,NA,Y,NA,-,-,0,1,0,0,0,0,1,0,0,-,-,NA,NA,LOS ANGELES,NORWALK,-118.08280181884766,33.898460388183594
8877023,2019,2019-06-17,1969,2019-05-04,2143,10800,PATRO,6,5,5,1969,0,0,0,NA,0,005,GARDENDALE ST,INDUSTRIAL AV,300,E,N,A,-,N,NA,NA,NA,NA,NA,NA,NA,NA,NA,Y,3,0,1,4,A,-,08,22107,NA,N,C,E,A,A,H,-,C,D,0,NA,NA,NA,NA,Y,NA,A,01,0,1,0,0,0,0,0,0,0,-,-,NA,NA,LOS ANGELES,SOUTH GATE,-118.16423034667967,33.92073059082031
8877024,2019,2019-06-25,1942,2019-04-18,1700,43032,1745,4,5,7,1942,0,0,0,Q,0,17X96W,CHATSWORTH,LINDLEY,0,E,-,A,-,N,NA,NA,NA,NA,NA,NA,NA,NA,NA,Y,3,0,1,2,A,-,03,22350,NA,N,E,I,A,A,-,-,A,A,0,NA,NA,NA,NA,Y,NA,-,NA,0,1,0,0,0,0,0,0,0,-,-,NA,NA,LOS ANGELES,LOS ANGELES,-118.52723693847656,34.26451873779297
8877026,2019,2019-06-17,1900,2019-05-26,0047,621410,0455,7,5,6,1949,0,0,0,NA,0,45K2E,GARD AV,ALONDRA BL,0,NA,Y,B,-,N,NA,NA,NA,NA,NA,NA,NA,NA,NA,Y,3,0,1,1,A,-,01,23152,A,M,E,I,A,A,H,-,C,D,0,NA,NA,NA,NA,Y,Y,A,01,0,1,0,0,0,0,0,0,0,-,-,NA,NA,LOS ANGELES,NORWALK,-118.08860778808594,33.88753890991211
8877027,2019,2019-06-17,1969,2019-05-05,0107,10200,PATRO,7,5,5,1969,0,0,0,NA,0,005,FIRESTONE BL,RT 710,26,E,N,A,-,N,NA,NA,NA,NA,NA,NA,NA,NA,NA,Y,4,0,1,2,A,-,01,23152,A,N,-,C,A,A,H,-,C,A,0,NA,NA,NA,NA,Y,Y,A,07,0,0,1,0,0,0,0,0,0,-,-,NA,NA,LOS ANGELES,SOUTH GATE,-118.17046356201172,33.94974136352539
8877028,2019,2019-07-02,1942,2019-04-18,1710,27782,1712,4,5,7,1942,0,0,0,Q,0,17A35,RINALDI ST,WILBUR AV,24,W,N,A,B,N,NA,NA,NA,NA,NA,NA,NA,NA,NA,N,3,0,1,2,A,-,04,21703,NA,N,C,C,A,A,H,-,A,A,0,NA,NA,Y,NA,Y,NA,C,02,0,1,0,0,0,0,0,0,1,-,-,NA,NA,LOS ANGELES,LOS ANGELES,-118.5473403930664,34.275489807128906
8877029,2019,2019-06-26,1900,2019-05-03,1742,615272,1126,5,5,6,1992,0,0,0,NA,0,112T1,AVENUE K,17TH ST W,0,NA,Y,A,-,N,NA,NA,NA,NA,NA,NA,NA,NA,NA,NA,4,0,1,2,A,-,03,22350,NA,N,C,C,A,A,H,-,A,A,0,NA,NA,NA,NA,Y,NA,A,01,0,0,1,0,0,0,0,0,0,-,-,NA,NA,LOS ANGELES,LANCASTER,-118.16126251220705,34.67498016357422
8877030,2019,2019-06-17,1900,2019-05-07,1400,622672,0455,2,5,6,1949,0,0,0,NA,0,43T1P,ALONDRA BL,LEIBACHER AV,115,W,N,B,-,N,NA,NA,NA,NA,NA,NA,NA,NA,NA,N,4,0,2,2,A,-,03,22350,NA,N,C,C,A,A,H,-,A,A,0,NA,NA,NA,NA,Y,NA,A,07,0,0,2,0,0,0,0,0,0,-,-,NA,NA,LOS ANGELES,NORWALK,-118.10298919677734,33.88767623901367
8877032,2019,2019-06-18,1942,2019-04-18,1325,35391,1712,4,5,7,1942,0,0,0,Q,0,35M29,RINALDI ST,TAMPA AV,45,E,N,A,-,N,NA,NA,NA,NA,NA,NA,NA,NA,NA,Y,4,0,1,2,A,-,09,21804,NA,N,D,C,A,A,H,-,A,D,0,NA,NA,NA,NA,Y,NA,A,07,0,0,1,0,0,0,0,0,0,-,-,NA,NA,LOS ANGELES,LOS ANGELES,-118.5564193725586,34.27476501464844
8877033,2019,2019-06-17,1956,2019-05-28,1201,1292,08,2,5,5,1956,0,0,0,NA,0,001,SOUTH CATALINA AV,AVE D,0,NA,Y,A,-,N,NA,NA,NA,NA,NA,NA,NA,NA,NA,Y,4,0,1,2,A,-,09,21802,A,N,D,C,A,A,H,-,A,D,0,NA,NA,NA,NA,Y,NA,A,07,0,0,1,0,0,0,0,0,0,-,-,NA,NA,LOS ANGELES,REDONDO BEACH,-118.38858032226564,33.82448959350586
8877034,2019,2019-06-17,1900,2019-05-08,1720,622672,0450,3,5,6,1949,0,0,0,NA,0,43T1P,BLOOMFIELD AV,IMPERIAL HWY,430,N,N,B,-,N,NA,NA,NA,NA,NA,NA,NA,NA,NA,N,4,0,1,2,A,-,04,21703,NA,N,C,C,A,A,H,-,A,A,0,NA,NA,NA,NA,Y,NA,A,01,0,0,1,0,0,0,0,0,0,-,-,NA,NA,LOS ANGELES,NORWALK,-118.06391143798828,33.91835021972656
8877036,2019,2019-06-18,1942,2019-04-17,1720,27782,1795,3,5,7,1942,0,0,0,Q,0,17A95,BALBOA BL,ROSCOE BL,500,N,N,A,-,N,NA,NA,NA,NA,NA,NA,NA,NA,NA,N,3,0,1,2,A,-,08,22107,NA,N,B,C,A,A,H,-,A,D,0,NA,NA,NA,NA,Y,NA,A,07,0,1,0,0,0,0,0,0,0,-,-,NA,NA,LOS ANGELES,LOS ANGELES,-118.5026397705078,34.222572326660156
8877038,2019,2019-06-17,1900,2019-05-29,1600,489533,0467,3,5,4,1936,0,0,0,NA,0,46T1,BEACH BL,HILLSBOROUGH DR,184,N,N,A,-,N,NA,NA,NA,NA,NA,NA,NA,NA,NA,N,4,0,1,2,A,-,10,21952,NA,N,G,B,F,A,H,-,A,D,0,Y,NA,NA,NA,Y,NA,A,01,0,0,1,0,1,0,0,0,0,-,-,NA,NA,LOS ANGELES,LA MIRADA,-117.9775619506836,33.90901184082031
8877064,2019,2019-06-20,1900,2019-05-22,1900,621533,0331,3,5,4,1939,0,0,0,NA,0,35B,HAWTHORNE BL,MARINE AV,137,N,N,C,-,N,NA,NA,NA,NA,NA,NA,NA,NA,NA,Y,3,0,1,2,A,-,07,21658,A,N,G,B,F,B,H,-,A,D,0,Y,NA,NA,NA,Y,NA,D,22,0,1,0,0,1,0,0,0,0,-,-,33.89509963989258,-118.3523178100586,LOS ANGELES,LAWNDALE,-118.3527374267578,33.895015716552734
8877068,2019,2019-09-23,1900,2019-03-31,1448,538664,2115,7,5,5,1943,0,0,0,NA,0,212T3,ATLANTIC AV,IMPERIAL HWY,0,NA,Y,A,-,N,NA,NA,NA,NA,NA,NA,NA,NA,NA,Y,4,0,2,4,A,-,03,22350,NA,N,C,C,A,A,H,-,A,D,0,NA,NA,NA,Y,Y,Y,F,27,0,0,2,0,0,0,0,0,0,-,-,NA,NA,LOS ANGELES,LYNWOOD,-118.18360900878906,33.930728912353516
8877070,2019,2019-06-19,1900,2019-05-17,1810,615122,2811,5,5,5,1915,0,0,0,NA,0,283T1,CENTRAL AV,149TH ST,0,NA,Y,A,-,N,NA,NA,NA,NA,NA,NA,NA,NA,NA,N,4,0,3,2,A,-,09,21801,A,N,D,C,A,A,H,-,A,A,0,NA,NA,NA,NA,Y,NA,A,07,0,0,3,0,0,0,0,0,0,-,-,33.89860153198242,-118.25260162353516,LOS ANGELES,COMPTON,-118.25228118896484,33.89768981933594
8877077,2019,2019-09-25,1900,2019-06-11,1545,623588,0633,2,5,6,1985,0,0,0,NA,0,62T1,SIERRA HWY,SOLEDAD CANYON RD,779,S,N,A,-,N,NA,NA,NA,NA,NA,NA,NA,NA,NA,Y,2,0,1,3,A,-,02,22400,A,M,C,C,A,A,H,-,A,D,0,NA,NA,Y,Y,Y,NA,C,02,1,0,0,0,0,0,0,0,1,-,-,34.39630126953125,-118.56432342529295,LOS ANGELES,SANTA CLARITA,-118.4569091796875,34.41437530517578
8877078,2019,2019-07-08,1900,2019-04-12,0733,530661,2826,5,5,5,1915,0,0,0,NA,0,282T1,ROSECRANS AV,COOKACRE AV,0,NA,Y,A,-,N,NA,NA,NA,NA,NA,NA,NA,NA,NA,N,4,0,1,3,A,-,03,22350,NA,N,C,C,A,A,H,-,A,D,0,NA,NA,NA,NA,Y,NA,A,01,0,0,1,0,0,0,0,0,0,-,-,NA,NA,LOS ANGELES,COMPTON,-118.19499206542967,33.903560638427734
8877081,2019,2019-06-19,1900,2019-05-17,2043,627798,0612,5,5,6,1985,0,0,0,NA,0,61T1/P,WHITES CANYON RD,SOLEDAD CANYON RD,160,S,N,A,-,N,NA,NA,NA,NA,NA,NA,NA,NA,NA,Y,4,0,2,3,A,-,03,22350,NA,N,C,C,A,A,H,-,C,A,0,NA,NA,NA,NA,Y,NA,D,22,0,0,2,0,0,0,0,0,0,-,-,NA,NA,LOS ANGELES,SANTA CLARITA,-118.47227478027344,34.41529083251953
8877082,2019,2019-06-19,1900,2019-05-20,0730,545089,2813,1,5,5,1915,0,0,0,NA,0,282T1,WILMINGTON AV,STOCKWELL ST,0,NA,Y,A,-,N,NA,NA,NA,NA,NA,NA,NA,NA,NA,N,4,0,1,3,A,-,12,21453,A,N,D,C,A,-,H,-,A,A,0,NA,NA,NA,NA,Y,NA,D,22,0,0,1,0,0,0,0,0,0,-,-,NA,NA,LOS ANGELES,COMPTON,-118.23915863037108,33.90903854370117
8877084,2019,2019-06-24,1900,2019-05-24,1705,538664,2112,5,5,5,1943,0,0,0,NA,0,212T3,LONG BEACH BL,IMPERIAL HWY,25,S,N,A,-,N,NA,NA,NA,NA,NA,NA,NA,NA,NA,N,4,0,1,3,A,-,08,22107,NA,N,B,C,F,A,H,-,A,A,0,Y,NA,NA,NA,Y,NA,D,22,0,0,1,0,1,0,0,0,0,-,-,NA,NA,LOS ANGELES,LYNWOOD,-118.21163177490234,33.9304313659668
8877092,2019,2019-06-24,1900,2019-06-02,1200,641898,2116,7,5,5,1943,0,0,0,NA,0,212A,LYNWOOD RD,BELLINGER ST,0,NA,Y,A,-,N,NA,NA,NA,NA,NA,NA,NA,NA,NA,N,4,0,1,2,A,-,08,22107,NA,N,D,C,A,A,H,-,A,A,0,NA,NA,NA,NA,Y,NA,A,01,0,0,1,0,0,0,0,0,0,-,-,NA,NA,LOS ANGELES,LYNWOOD,-118.22006225585938,33.925941467285156
8877113,2019,2019-06-20,1900,2019-05-12,1420,459717,0644,7,5,6,1985,0,0,0,NA,0,61T1,CREEKSIDE RD,MCBEAN PKWY,0,NA,Y,A,-,N,NA,NA,NA,NA,NA,NA,NA,NA,NA,Y,4,0,1,2,D,-,00,NA,NA,N,D,C,A,A,H,-,A,A,0,NA,NA,Y,NA,Y,NA,-,-,0,0,1,0,0,0,0,0,1,-,-,34.42182159423828,-118.56257629394533,LOS ANGELES,SANTA CLARITA,-118.5627212524414,34.42168045043945
8877139,2019,2019-06-25,1942,2019-05-18,1930,43409,1821,6,5,7,1942,0,0,0,R,0,18A26,CENTURY,FIGUEROA,0,NA,N,A,-,N,NA,NA,NA,NA,NA,NA,NA,NA,NA,N,4,0,1,2,A,-,03,22350,NA,M,C,C,A,A,H,-,A,A,0,NA,NA,NA,NA,Y,NA,-,99,0,0,1,0,0,0,0,0,0,-,-,NA,NA,LOS ANGELES,LOS ANGELES,-118.28265380859376,33.94554138183594
8877147,2019,2019-06-25,1942,2019-05-26,0120,42728,1824,7,5,7,1942,0,0,0,R,0,18Z71,CENTRAL AV,103RD ST,0,NA,Y,A,-,N,NA,NA,NA,NA,NA,NA,NA,NA,NA,N,3,0,1,2,A,-,09,21801,B,F,B,C,A,A,H,-,C,A,0,NA,NA,NA,NA,Y,NA,-,99,0,1,0,0,0,0,0,0,0,-,-,NA,NA,LOS ANGELES,LOS ANGELES,-118.25411224365234,33.94327163696289
8877155,2019,2019-06-26,1942,2019-05-15,1500,43261,1802,3,5,7,1942,0,0,0,R,0,18U3,MANCHESTER,MAIN,30,W,N,A,-,N,NA,NA,NA,NA,NA,NA,NA,NA,NA,N,4,0,3,2,A,-,08,22107,NA,N,D,C,A,A,-,-,A,D,0,NA,NA,NA,NA,Y,NA,-,NA,0,0,3,0,0,0,0,0,0,-,-,NA,NA,LOS ANGELES,LOS ANGELES,-118.27397918701172,33.96009063720703
8877203,2019,2019-06-12,1975,2019-05-31,1451,686,CITRU,5,5,6,1975,0,0,0,NA,0,004,AZUSA AV,MERCED AV,90,N,N,A,-,N,NA,NA,NA,NA,NA,NA,NA,NA,NA,Y,4,0,3,3,A,-,03,22350,NA,N,C,C,A,A,H,-,A,A,0,NA,NA,NA,NA,Y,NA,A,01,0,0,3,0,0,0,0,0,0,-,-,NA,NA,LOS ANGELES,WEST COVINA,-117.90804290771484,34.05409622192383
8877207,2019,2019-06-17,1975,2019-05-30,1035,455,CITRU,4,5,6,1975,0,0,0,NA,0,001,WHITEBIRCH DR,CAMERON AV,0,NA,Y,A,-,N,NA,NA,NA,NA,NA,NA,NA,NA,NA,Y,4,0,2,2,A,-,09,21804,A,N,D,C,A,A,H,-,A,A,0,NA,NA,NA,NA,Y,NA,A,01,0,0,2,0,0,0,0,0,0,-,-,NA,NA,LOS ANGELES,WEST COVINA,-117.87465667724608,34.05997848510742
8877217,2019,2019-06-13,1900,2019-05-29,1912,618405,211,3,5,5,1943,0,0,0,NA,0,212T3,LONG BEACH BL,IMPERIAL HWY,6,N,N,A,-,N,NA,NA,NA,NA,NA,NA,NA,NA,NA,N,4,0,1,2,A,-,03,22350,NA,N,C,C,A,A,H,-,A,A,0,NA,NA,NA,NA,Y,NA,A,07,0,0,1,0,0,0,0,0,0,-,-,NA,NA,LOS ANGELES,LYNWOOD,-118.21165466308594,33.93051528930664
8877224,2019,2019-06-12,1944,2019-05-08,1408,345,SOUTH,3,5,4,1944,0,0,0,NA,0,003,ROSECRANS AV,BELL AV,21,N,N,B,-,N,NA,NA,NA,NA,NA,NA,NA,NA,NA,Y,3,0,2,2,A,-,09,21801,A,N,D,C,A,A,H,-,A,A,0,NA,NA,NA,NA,Y,NA,A,01,0,1,1,0,0,0,0,0,0,-,-,NA,NA,LOS ANGELES,MANHATTAN BEACH,-118.41255950927734,33.901939392089844
8877229,2019,2019-06-17,1900,2019-04-06,1823,612178,2112,6,5,5,1943,0,0,0,NA,0,212T3,PEACH ST,IMPERIAL HWY,30,S,N,A,-,N,NA,NA,NA,NA,NA,NA,NA,NA,NA,N,4,0,1,2,A,-,03,22350,NA,N,C,C,A,A,H,-,A,A,0,NA,NA,NA,NA,Y,NA,A,01,0,0,1,0,0,0,0,0,0,-,-,NA,NA,LOS ANGELES,LYNWOOD,-118.21319580078124,33.930118560791016
8877236,2019,2019-06-12,1967,2019-05-29,1735,142,NA,3,5,2,1967,0,0,0,NA,0,NA,DAWSON AV,27TH,61,S,N,A,-,N,NA,NA,NA,NA,NA,NA,NA,NA,NA,N,3,0,1,2,A,-,17,22517,NA,N,H,G,A,A,H,-,A,A,0,NA,Y,NA,NA,Y,NA,A,01,0,1,0,0,0,0,1,0,0,-,-,NA,NA,LOS ANGELES,SIGNAL HILL,-118.16545104980467,33.806053161621094
8877248,2019,2019-06-12,1972,2019-05-09,0604,18059,NA,4,5,6,1972,0,0,0,NA,0,NA,DEL AMO,CRENSHAW,765,W,N,B,-,N,NA,NA,NA,NA,NA,NA,NA,NA,NA,Y,4,0,1,2,A,-,09,21801,A,N,D,C,A,A,H,-,A,D,0,NA,NA,Y,NA,Y,Y,C,NA,0,0,1,0,0,0,0,0,0,-,-,NA,NA,LOS ANGELES,TORRANCE,-118.33135986328124,33.84716033935547
8877252,2019,2019-06-12,1972,2019-05-14,0838,12825,NA,2,5,6,1972,0,0,0,NA,0,NA,VAN NESS AV,166TH ST,0,NA,Y,B,-,N,NA,NA,NA,NA,NA,NA,NA,NA,NA,Y,3,0,1,2,A,-,09,21801,A,N,D,C,A,A,H,-,A,A,0,NA,NA,NA,NA,Y,NA,A,NA,0,1,0,0,0,0,0,0,0,-,-,NA,NA,LOS ANGELES,TORRANCE,-118.31786346435548,33.88011932373047
8877256,2019,2019-06-12,1942,2019-05-18,0655,35393,0567,6,5,7,1942,0,0,0,E,0,5A59,W 19TH ST,S MESA ST,110,E,N,A,-,N,NA,NA,NA,NA,NA,NA,NA,NA,NA,Y,4,0,1,3,A,-,03,22350,NA,F,B,-,A,A,H,-,A,D,0,NA,NA,NA,NA,Y,NA,A,01,0,0,1,0,0,0,0,0,0,-,-,NA,NA,LOS ANGELES,LOS ANGELES,-118.2854461669922,33.726959228515625
8877260,2019,2019-06-12,1975,2019-05-15,1558,675,NA,3,5,6,1975,0,0,0,NA,0,005,AMAR RD,LEANNA DR,0,NA,Y,A,-,N,NA,NA,NA,NA,NA,NA,NA,NA,NA,Y,4,0,1,2,A,-,09,21804,A,N,D,C,A,A,H,-,A,D,0,NA,NA,NA,NA,Y,NA,A,01,0,0,1,0,0,0,0,0,0,-,-,NA,NA,LOS ANGELES,WEST COVINA,-117.9006576538086,34.02669906616211
8877264,2019,2019-06-12,1975,2019-05-18,2254,436,CITRU,6,5,6,1975,0,0,0,NA,0,001,SAN BERNARDINO RD,AZUSA CANYON RD,229,W,N,C,-,N,NA,NA,NA,NA,NA,NA,NA,NA,NA,Y,2,0,1,1,A,-,08,22107,NA,N,E,I,A,B,H,-,C,D,0,NA,NA,NA,NA,Y,Y,A,01,1,0,0,0,0,0,0,0,0,-,-,NA,NA,LOS ANGELES,WEST COVINA,-117.94383239746094,34.09015655517578
8877268,2019,2019-07-18,1975,2019-05-26,0957,686,CITRU,7,5,6,1975,0,0,0,NA,0,003,VINCENT AV,LAKES DR,21,S,N,B,-,N,NA,NA,NA,NA,NA,NA,NA,NA,NA,Y,4,0,3,2,A,-,03,22350,NA,N,C,C,A,A,H,-,A,A,0,NA,NA,NA,NA,Y,NA,A,07,0,0,3,0,0,0,0,0,0,-,-,NA,NA,LOS ANGELES,WEST COVINA,-117.92676544189452,34.069664001464844
8877269,2019,2019-06-18,1900,2019-06-03,2016,618405,2111,1,5,5,1943,0,0,0,NA,0,212T3,IMPERIAL HWY,LONG BEACH BL,0,NA,Y,A,-,N,NA,NA,NA,NA,NA,NA,NA,NA,NA,Y,3,0,1,2,A,-,09,21801,A,N,A,C,A,A,H,-,C,A,0,NA,NA,NA,NA,Y,NA,A,01,0,1,0,0,0,0,0,0,0,-,-,NA,NA,LOS ANGELES,LYNWOOD,-118.2116470336914,33.93050003051758
8877272,2019,2019-06-12,1975,2019-05-14,0800,427,NA,2,5,6,1975,0,0,0,NA,0,TRAFFI,AMAR RD,VALINDA AV,170,E,N,A,-,N,NA,NA,NA,NA,NA,NA,NA,NA,NA,Y,3,0,3,2,A,-,09,21801,A,N,D,C,A,A,H,-,A,D,0,NA,NA,NA,NA,Y,NA,D,22,0,1,2,0,0,0,0,0,0,-,-,NA,NA,LOS ANGELES,WEST COVINA,-117.92578125,34.035675048828125
8877280,2019,2019-06-12,1975,2019-05-24,0545,369,NA,5,5,6,1975,0,0,0,NA,0,002,CITRUS ST,WORKMAN AV,0,NA,Y,A,-,N,NA,NA,NA,NA,NA,NA,NA,NA,NA,N,3,0,1,2,A,-,17,21451,A,N,-,G,A,A,-,-,A,A,0,NA,Y,NA,NA,Y,NA,A,07,0,1,0,0,0,0,1,0,0,-,-,NA,NA,LOS ANGELES,WEST COVINA,-117.89016723632813,34.075340270996094
8877283,2019,2019-06-13,1942,2019-06-04,1515,37304,2175,2,5,7,1942,0,0,0,NA,0,21A73,PONCE AV,VENTURA BL,8,N,N,A,-,N,NA,NA,NA,NA,NA,NA,NA,NA,NA,N,4,0,1,2,A,-,12,22450,A,F,D,G,A,A,H,-,A,A,0,NA,Y,NA,NA,Y,NA,-,99,0,0,1,0,0,0,1,0,0,-,-,NA,NA,LOS ANGELES,LOS ANGELES,-118.62075042724608,34.16687774658203
8877287,2019,2019-06-13,1942,2019-06-04,1230,38399,1981,2,5,7,1942,0,0,0,NA,0,19TL72,SEPULVEDA BL,ROSCOE BL,50,S,N,A,-,N,NA,NA,NA,NA,NA,NA,NA,NA,NA,Y,4,0,2,2,A,-,07,21658,A,F,B,C,A,A,H,-,A,A,0,NA,NA,NA,NA,Y,NA,-,99,0,0,2,0,0,0,0,0,0,-,-,NA,NA,LOS ANGELES,LOS ANGELES,-118.46773529052734,34.22125244140625
8877291,2019,2019-06-13,1942,2019-06-04,0740,34420,0909,2,5,7,1942,0,0,0,I,0,9A5,WOODMAN AV,WOODMAN PL,0,NA,Y,B,-,N,NA,NA,NA,NA,NA,NA,NA,NA,NA,N,3,0,1,2,A,-,09,21453,B,F,H,G,A,A,H,-,A,A,0,NA,Y,NA,NA,Y,NA,-,99,0,1,0,0,0,0,1,0,0,-,-,NA,NA,LOS ANGELES,LOS ANGELES,-118.43125915527344,34.20716094970703
8877319,2019,2019-06-13,1967,2019-06-03,0745,143,NA,1,5,2,1967,0,0,0,NA,0,NORTH,CHERRY AV,29TH ST,0,NA,Y,B,-,N,NA,NA,NA,NA,NA,NA,NA,NA,NA,Y,3,0,1,2,A,-,04,21703,NA,N,C,C,A,A,H,-,A,D,0,NA,NA,NA,NA,Y,NA,A,01,0,1,0,0,0,0,0,0,0,-,-,NA,NA,LOS ANGELES,SIGNAL HILL,-118.16763305664064,33.809879302978516
8877323,2019,2019-06-13,1975,2019-06-03,2104,404,NA,1,5,6,1975,0,0,0,NA,0,001,W GARVEY AV NORTH,CAMERON AV,0,NA,Y,A,-,N,NA,NA,NA,NA,NA,NA,NA,NA,NA,N,3,0,1,2,A,-,11,21453,D,N,D,G,A,A,H,-,C,A,0,NA,Y,NA,NA,Y,NA,L,04,0,1,0,0,0,0,1,0,0,-,-,NA,NA,LOS ANGELES,WEST COVINA,-117.94638061523438,34.072608947753906
8877331,2019,2019-06-13,1925,2019-06-01,1000,24466,5,6,5,6,1925,0,0,0,NA,0,123,LA CRESCENTA AV,PIEDMONT AV,0,NA,Y,A,-,N,NA,NA,NA,NA,NA,NA,NA,NA,NA,Y,3,0,1,2,A,-,08,22107,NA,N,D,C,A,A,H,-,A,A,0,NA,NA,NA,NA,Y,NA,A,01,0,1,0,0,0,0,0,0,0,-,-,NA,NA,LOS ANGELES,GLENDALE,-118.2399673461914,34.214080810546875
8877335,2019,2019-06-13,1925,2019-06-02,1718,25751,219,7,5,6,1925,0,0,0,NA,0,001,CENTRAL AV,GOODE AV,8,N,N,A,-,N,NA,NA,NA,NA,NA,NA,NA,NA,NA,N,4,0,1,2,A,-,12,21453,A,N,D,C,A,A,H,-,A,A,0,NA,NA,NA,NA,Y,NA,A,01,0,0,1,0,0,0,0,0,0,-,-,NA,NA,LOS ANGELES,GLENDALE,-118.25792694091795,34.15677261352539
8877362,2019,2019-07-08,1947,2019-05-24,1347,1363,NA,5,5,5,1947,0,0,0,NA,0,00B,WEST BEVERLY BL,19TH ST,75,W,N,A,-,N,NA,NA,NA,NA,NA,NA,NA,NA,NA,N,3,0,1,3,A,-,03,22350,NA,N,A,E,A,A,H,-,A,D,0,NA,NA,NA,NA,Y,NA,A,01,0,1,0,0,0,0,0,0,0,-,-,34.019981384277344,-118.11917114257813,LOS ANGELES,MONTEBELLO,-118.11943817138672,34.019989013671875
8877368,2019,2019-06-13,1925,2019-06-04,1143,14089,191,2,5,6,1925,0,0,0,NA,0,001,GLENOAK BL,WINCHESTER AV,115,W,N,A,-,N,NA,NA,NA,NA,NA,NA,NA,NA,NA,N,3,0,1,2,A,-,10,21952,NA,N,G,B,F,A,H,-,A,D,0,Y,NA,NA,NA,Y,NA,A,01,0,1,0,0,1,0,0,0,0,-,-,NA,NA,LOS ANGELES,GLENDALE,-118.2890625,34.170562744140625
8877374,2019,2019-06-19,1942,2019-05-28,1545,41516,0721,2,5,7,1942,0,0,0,G,0,7A21,N LA CIENEGA BL,BEVERLY BL,22,N,N,A,-,N,NA,NA,NA,NA,NA,NA,NA,NA,NA,N,2,0,1,2,A,-,10,21950,A,N,G,B,B,A,H,-,A,A,0,Y,NA,NA,NA,Y,NA,D,22,1,0,0,0,1,0,0,0,0,-,-,NA,NA,LOS ANGELES,LOS ANGELES,-118.37660980224608,34.07611846923828