CASE_ID,ACCIDENT_YEAR,PROC_DATE,JURIS,COLLISION_DATE,COLLISION_TIME,OFFICER_ID,REPORTING_DISTRICT,DAY_OF_WEEK,CHP_SHIFT,POPULATION,CNTY_CITY_LOC,SPECIAL_COND,BEAT_TYPE,CHP_BEAT_TYPE,CITY_DIVISION_LAPD,CHP_BEAT_CLASS,BEAT_NUMBER,PRIMARY_RD,SECONDARY_RD,DISTANCE,DIRECTION,INTERSECTION,WEATHER_1,WEATHER_2,STATE_HWY_IND,CALTRANS_COUNTY,CALTRANS_DISTRICT,STATE_ROUTE,ROUTE_SUFFIX,POSTMILE_PREFIX,POSTMILE,LOCATION_TYPE,RAMP_INTERSECTION,SIDE_OF_HWY,TOW_AWAY,COLLISION_SEVERITY,NUMBER_KILLED,NUMBER_INJURED,PARTY_COUNT,PRIMARY_COLL_FACTOR,PCF_CODE_OF_VIOL,PCF_VIOL_CATEGORY,PCF_VIOLATION,PCF_VIOL_SUBSECTION,HIT_AND_RUN,TYPE_OF_COLLISION,MVIW,PED_ACTION,ROAD_SURFACE,ROAD_COND_1,ROAD_COND_2,LIGHTING,CONTROL_DEVICE,CHP_ROAD_TYPE,PEDESTRIAN_ACCIDENT,BICYCLE_ACCIDENT,MOTORCYCLE_ACCIDENT,TRUCK_ACCIDENT,NOT_PRIVATE_PROPERTY,ALCOHOL_INVOLVED,STWD_VEHTYPE_AT_FAULT,CHP_VEHTYPE_AT_FAULT,COUNT_SEVERE_INJ,COUNT_VISIBLE_INJ,COUNT_COMPLAINT_PAIN,COUNT_PED_KILLED,COUNT_PED_INJURED,COUNT_BICYCLIST_KILLED,COUNT_BICYCLIST_INJURED,COUNT_MC_KILLED,COUNT_MC_INJURED,PRIMARY_RAMP,SECONDARY_RAMP,LATITUDE,LONGITUDE,COUNTY,CITY,POINT_X,POINT_Y
8879774,2019,2019-06-17,1900,2019-05-20,0816,530855,0523,1,5,4,1971,0,0,0,NA,0,5WT1,TEMPLE CITY BL,OLIVE ST,0,NA,Y,A,-,N,NA,NA,NA,NA,NA,NA,NA,NA,NA,Y,3,0,2,2,A,-,09,21801,A,N,D,C,A,A,H,-,A,A,0,NA,NA,NA,NA,Y,NA,A,08,0,1,1,0,0,0,0,0,0,-,-,34.097900390625,-118.05909729003906,LOS ANGELES,TEMPLE CITY,-118.05906677246094,34.09788131713867
8879778,2019,2019-06-17,1900,2019-05-23,1539,601891,0533,4,5,5,1959,0,0,0,NA,0,53K1,WILLARD AV,GARVEY AV,489,S,N,A,-,N,NA,NA,NA,NA,NA,NA,NA,NA,NA,Y,4,0,1,2,A,-,21,22106,NA,N,C,D,A,A,H,-,C,D,0,NA,NA,NA,NA,Y,NA,A,01,0,0,1,0,0,0,0,0,0,-,-,34.01612091064453,-118.08339691162108,LOS ANGELES,ROSEMEAD,-118.08357238769533,34.062679290771484
8879782,2019,2019-06-17,1900,2019-05-20,0847,530855,0522,1,5,4,1971,0,0,0,NA,0,52T1,ROSEMEAD BL,LAS TUNAS DR,0,NA,Y,A,-,N,NA,NA,NA,NA,NA,NA,NA,NA,NA,N,3,0,1,2,A,-,08,22107,NA,N,G,G,A,A,H,-,A,D,0,NA,Y,NA,NA,Y,NA,A,07,0,1,0,0,0,0,1,0,0,-,-,34.10430145263672,-118.07360076904295,LOS ANGELES,TEMPLE CITY,-118.07364654541016,34.10367965698242
8879786,2019,2019-06-17,1900,2019-05-20,0757,434049,-532,1,5,5,1959,0,0,0,NA,0,53T1,GARVEY AV,SAN GABRIEL BL,0,NA,Y,A,-,N,NA,NA,NA,NA,NA,NA,NA,NA,NA,Y,3,0,2,2,A,-,04,21703,NA,N,C,C,A,A,H,-,A,A,0,NA,NA,NA,NA,Y,NA,A,01,0,2,0,0,0,0,0,0,0,-,-,34.062599182128906,-118.09052276611328,LOS ANGELES,ROSEMEAD,-118.09050750732422,34.06264114379883
8879787,2019,2019-06-18,1942,2019-05-31,1040,30452,1743,5,5,7,1942,0,0,0,Q,0,17A35,ETIWANDA AV,CHATSWORTH ST,0,NA,Y,A,-,N,NA,NA,NA,NA,NA,NA,NA,NA,NA,N,2,0,1,2,A,-,09,21804,A,N,H,C,A,A,H,-,A,A,0,NA,NA,Y,NA,Y,NA,C,03,1,0,0,0,0,0,0,0,1,-,-,NA,NA,LOS ANGELES,LOS ANGELES,-118.53173065185548,34.26454162597656
8879790,2019,2019-06-17,1900,2019-05-15,1210,608905,0531,3,5,5,1959,0,0,0,NA,0,53T1,VALLEY BL,LOMA AV,139,E,N,A,-,N,NA,NA,NA,NA,NA,NA,NA,NA,NA,Y,3,0,1,2,A,-,08,22102,NA,N,D,C,A,A,H,-,A,D,0,NA,NA,NA,NA,Y,NA,A,08,0,1,0,0,0,0,0,0,0,-,-,34.08095169067383,-118.06835174560548,LOS ANGELES,ROSEMEAD,-118.06837463378906,34.081016540527344
8879791,2019,2019-06-18,1942,2019-05-31,0115,40972,1975,5,5,7,1942,0,0,0,NA,0,19A85,NORDHOFF ST,WAKEFIELD AV,60,E,N,A,-,N,NA,NA,NA,NA,NA,NA,NA,NA,NA,Y,3,0,1,4,A,-,01,23152,A,N,D,-,A,A,H,-,C,A,0,NA,NA,NA,NA,Y,Y,A,01,0,1,0,0,0,0,0,0,0,-,-,NA,NA,LOS ANGELES,LOS ANGELES,-118.44785308837892,34.23539733886719
8879794,2019,2019-06-17,1900,2019-05-28,2225,546256,0531,2,5,5,1959,0,0,0,NA,0,53T1,OLNEY ST,MARYBETH AV,17,E,N,A,-,N,NA,NA,NA,NA,NA,NA,NA,NA,NA,Y,3,0,3,2,A,-,09,21801,B,N,A,C,A,A,H,-,C,D,0,NA,NA,NA,NA,Y,NA,A,01,0,3,0,0,0,0,0,0,0,-,-,34.08317184448242,-118.0610580444336,LOS ANGELES,ROSEMEAD,-118.0610809326172,34.07316207885742
8879795,2019,2019-06-18,1942,2019-05-12,0125,25907,1934,7,5,7,1942,0,0,0,NA,0,19A43,RINALDI ST,N SEPULVEDA BL,0,NA,Y,A,-,N,NA,NA,NA,NA,NA,NA,NA,NA,NA,Y,2,0,3,2,A,-,12,21453,A,N,D,C,A,A,H,-,C,A,0,NA,NA,NA,NA,Y,NA,A,01,1,0,2,0,0,0,0,0,0,-,-,NA,NA,LOS ANGELES,LOS ANGELES,-118.46878814697266,34.279090881347656
8879798,2019,2019-06-18,1900,2019-05-27,0940,527455,0541,1,5,3,1921,0,0,0,NA,0,58T1,ROYAL OAKS DR,ROYAL OAKS DR N,0,NA,Y,A,-,N,NA,NA,NA,NA,NA,NA,NA,NA,NA,NA,3,0,1,2,A,-,03,22350,NA,N,C,C,A,A,H,-,A,D,0,NA,NA,NA,NA,Y,NA,A,01,0,1,0,0,0,0,0,0,0,-,-,NA,NA,LOS ANGELES,DUARTE,-117.979736328125,34.14323043823242
8879802,2019,2019-06-18,1900,2019-05-08,2301,525335,0562,3,5,3,1968,0,0,0,NA,0,55T1,DURFEE AV,RUSH ST,333,S,N,A,-,N,NA,NA,NA,NA,NA,NA,NA,NA,NA,Y,3,0,1,1,A,-,08,22107,NA,N,E,I,A,A,H,-,C,A,0,NA,NA,NA,NA,Y,NA,A,01,0,1,0,0,0,0,0,0,0,-,-,34.04499816894531,-118.02999877929688,LOS ANGELES,SOUTH EL MONTE,-118.03067779541016,34.04507827758789
8879832,2019,2019-06-18,1900,2019-05-30,1350,615122,2812,4,5,5,1915,0,0,0,NA,0,0PM,EL SEGUNDO BL,COMPTON AV,0,NA,Y,A,-,N,NA,NA,NA,NA,NA,NA,NA,NA,NA,Y,4,0,3,2,C,-,18,NA,NA,N,D,C,A,A,H,-,A,A,0,NA,NA,NA,NA,Y,NA,-,-,0,0,3,0,0,0,0,0,0,-,-,NA,NA,LOS ANGELES,COMPTON,-118.24623107910156,33.916221618652344
8879834,2019,2019-06-18,1906,2019-05-24,1521,4410,NA,5,5,5,1906,0,0,0,NA,0,001,TRACY ST,BALDWIN PARK BL,105,W,N,A,-,N,NA,NA,NA,NA,NA,NA,NA,NA,NA,N,4,0,1,2,A,-,09,21801,A,N,D,C,A,A,H,-,A,D,0,NA,NA,Y,NA,Y,NA,A,01,0,0,1,0,0,0,0,0,0,-,-,NA,NA,LOS ANGELES,BALDWIN PARK,-117.9800262451172,34.06978225708008
8879836,2019,2019-06-18,1900,2019-05-30,1220,529393,2833,4,5,5,1915,0,0,0,NA,0,282T1,CALDWELL ST,HILLFORD AV,470,W,N,A,-,N,NA,NA,NA,NA,NA,NA,NA,NA,NA,Y,4,0,2,3,A,-,09,21801,A,N,D,C,A,A,H,-,A,D,0,NA,NA,NA,NA,Y,NA,A,01,0,0,2,0,0,0,0,0,0,-,-,NA,NA,LOS ANGELES,COMPTON,-118.24942779541016,33.88323974609375
8879837,2019,2019-06-18,1972,2019-03-08,1649,18450,NA,5,5,6,1972,0,0,0,NA,0,NA,EL DORADO,CRENSHAW,120,W,N,A,-,N,NA,NA,NA,NA,NA,NA,NA,NA,NA,N,4,0,1,2,A,-,21,22106,NA,N,G,B,F,A,H,-,A,D,0,Y,NA,NA,NA,Y,NA,A,NA,0,0,1,0,1,0,0,0,0,-,-,NA,NA,LOS ANGELES,TORRANCE,-118.3290557861328,33.834407806396484
8879840,2019,2019-06-25,1900,2019-05-27,2130,546540,2825,1,5,5,1915,0,0,0,NA,0,281T1,ROSECRANS AV,GIBSON AV,0,NA,Y,A,-,N,NA,NA,NA,NA,NA,NA,NA,NA,NA,N,4,0,1,2,A,-,01,23153,NA,N,C,C,A,A,H,-,C,A,0,NA,NA,NA,NA,Y,Y,A,07,0,0,1,0,0,0,0,0,0,-,-,NA,NA,LOS ANGELES,COMPTON,-118.18955993652344,33.90367126464844
8879842,2019,2019-06-18,1942,2019-05-20,1415,43457,1487,1,5,7,1942,0,0,0,N,0,14A73,SEPULVEDA BL,MANCHESTER AV,40,N,N,A,-,N,NA,NA,NA,NA,NA,NA,NA,NA,NA,Y,4,0,2,2,A,-,12,21453,A,N,A,C,A,A,H,-,A,A,0,NA,NA,NA,NA,Y,NA,A,01,0,0,2,0,0,0,0,0,0,-,-,NA,NA,LOS ANGELES,LOS ANGELES,-118.39622497558594,33.96002960205078
8879844,2019,2019-06-18,1910,2019-06-06,0933,04335,NA,4,5,4,1910,0,0,0,NA,0,007,N PALM DR,WILSHIRE BL,0,NA,Y,A,-,N,NA,NA,NA,NA,NA,NA,NA,NA,NA,N,4,0,1,2,A,-,08,22107,NA,N,B,G,A,A,H,-,A,A,0,NA,Y,NA,NA,Y,NA,A,01,0,0,1,0,0,0,1,0,0,-,-,34.06698989868164,-118.39176177978516,LOS ANGELES,BEVERLY HILLS,-118.39224243164064,34.06705856323242
8879846,2019,2019-06-18,1942,2019-05-16,1620,34882,1488,4,5,7,1942,0,0,0,N,0,14A88,RAMSGATE AV,MANCHESTER AV,500,S,N,A,-,N,NA,NA,NA,NA,NA,NA,NA,NA,NA,N,4,0,1,2,A,-,21,22106,NA,N,H,E,A,A,H,-,A,D,0,NA,NA,NA,NA,Y,NA,A,07,0,0,1,0,0,0,0,0,0,-,-,NA,NA,LOS ANGELES,LOS ANGELES,-118.38269805908205,33.958587646484375
8879848,2019,2019-06-18,1910,2019-06-05,1637,03410,NA,3,5,4,1910,0,0,0,NA,0,006,SUNSET BL,ALPINE DR,0,NA,Y,A,-,N,NA,NA,NA,NA,NA,NA,NA,NA,NA,Y,3,0,2,2,A,-,03,22350,NA,N,C,C,A,A,H,-,A,A,0,NA,NA,NA,NA,Y,NA,A,01,0,1,1,0,0,0,0,0,0,-,-,NA,NA,LOS ANGELES,BEVERLY HILLS,-118.40799713134766,34.08530044555664
8879849,2019,2019-06-18,1900,2019-05-11,2125,630373,0641,6,5,6,1985,0,0,0,NA,0,67A,HASKELL CANYON RD,FALLING STAR LN,50,S,N,A,-,N,NA,NA,NA,NA,NA,NA,NA,NA,NA,Y,3,0,2,2,A,-,09,21801,A,N,D,C,A,A,H,-,C,D,0,NA,NA,NA,NA,Y,NA,A,01,0,1,1,0,0,0,0,0,0,-,-,34.43429946899414,-118.5127182006836,LOS ANGELES,SANTA CLARITA,-118.51285552978516,34.443687438964844
8879850,2019,2019-06-18,1942,2019-05-25,1330,41516,1444,6,5,7,1942,0,0,0,N,0,14A45,WASHINGTON BL,YALE AV,0,NA,Y,A,-,N,NA,NA,NA,NA,NA,NA,NA,NA,NA,N,4,0,1,2,A,-,09,21802,A,N,D,C,A,A,H,-,A,A,0,NA,NA,NA,NA,Y,NA,A,01,0,0,1,0,0,0,0,0,0,-,-,NA,NA,LOS ANGELES,LOS ANGELES,-118.4498291015625,33.98944854736328
8879851,2019,2019-06-18,1900,2019-05-20,1700,621508,0334,1,5,4,1939,0,0,0,NA,0,35T1,MANHATTAN BEACH BL,FREEMAN AV,210,E,N,A,-,N,NA,NA,NA,NA,NA,NA,NA,NA,NA,N,3,0,2,2,A,-,03,22350,NA,N,C,C,A,A,H,-,A,D,0,NA,NA,NA,NA,Y,NA,A,01,0,2,0,0,0,0,0,0,0,-,-,33.88732147216797,-118.34810638427734,LOS ANGELES,LAWNDALE,-118.34822845458984,33.887451171875
8879852,2019,2019-06-18,1910,2019-06-05,1248,03209,NA,3,5,4,1910,0,0,0,NA,0,007,WILSHIRE BL,CRESCENT DR,0,NA,Y,A,-,N,NA,NA,NA,NA,NA,NA,NA,NA,NA,N,4,0,1,2,A,-,03,22350,NA,N,C,C,A,A,H,-,A,A,0,NA,NA,NA,NA,Y,NA,A,01,0,0,1,0,0,0,0,0,0,-,-,NA,NA,LOS ANGELES,BEVERLY HILLS,-118.39594268798828,34.06705093383789
8879853,2019,2019-06-18,1900,2019-05-27,0825,537Q36,0633,1,5,6,1985,0,0,0,NA,0,61T1,SOLEDAD CANYON RD,RAINBOW GLEN DR,0,NA,Y,A,-,N,NA,NA,NA,NA,NA,NA,NA,NA,NA,Y,4,0,2,2,D,-,00,NA,NA,N,G,C,A,A,H,-,A,A,0,NA,NA,NA,NA,Y,NA,-,-,0,0,2,0,0,0,0,0,0,-,-,34.42176055908203,-118.4902572631836,LOS ANGELES,SANTA CLARITA,-118.4902572631836,34.42161178588867
8879854,2019,2019-06-18,1942,2019-05-14,1436,43706,1476,2,5,7,1942,0,0,0,N,0,14A11,KENTWOOD AV,84TH ST,0,NA,Y,A,-,N,NA,NA,NA,NA,NA,NA,NA,NA,NA,Y,3,0,1,2,A,-,09,21802,A,F,A,C,A,A,H,-,A,A,0,NA,NA,NA,NA,Y,NA,A,01,0,1,0,0,0,0,0,0,0,-,-,NA,NA,LOS ANGELES,LOS ANGELES,-118.4003677368164,33.96295928955078
8879855,2019,2019-06-18,1900,2019-05-20,0827,552335,0333,1,5,4,1939,0,0,0,NA,0,35T1,168TH ST,ALLEY WEST OF HAWTHORNE BL,6,W,N,B,-,N,NA,NA,NA,NA,NA,NA,NA,NA,NA,Y,3,0,1,2,A,-,09,21802,A,N,D,C,A,A,H,-,A,A,0,NA,NA,NA,NA,Y,NA,A,01,0,1,0,0,0,0,0,0,0,-,-,33.878501892089844,-118.35320281982422,LOS ANGELES,LAWNDALE,-118.35326385498048,33.87849807739258
8879856,2019,2019-06-18,1910,2019-06-03,1811,03494,NA,1,5,4,1910,0,0,0,NA,0,007,BURTON WY,PALM DR,75,E,N,A,-,N,NA,NA,NA,NA,NA,NA,NA,NA,NA,Y,4,0,1,2,A,-,03,22350,NA,N,C,C,A,A,H,-,A,D,0,NA,NA,NA,NA,Y,NA,A,01,0,0,1,0,0,0,0,0,0,-,-,NA,NA,LOS ANGELES,BEVERLY HILLS,-118.39201354980467,34.07236099243164
8879857,2019,2019-06-18,1900,2019-05-24,1720,623588,0612,5,5,6,1985,0,0,0,NA,0,62T1,SOLEDAD CANYON RD,HIDAWAY AV,350,W,N,A,-,N,NA,NA,NA,NA,NA,NA,NA,NA,NA,Y,2,0,2,2,A,-,09,21801,A,N,D,C,A,A,H,-,A,D,0,NA,NA,Y,NA,Y,NA,A,01,1,1,0,0,0,0,0,0,1,-,-,34.41559982299805,-118.46980285644533,LOS ANGELES,SANTA CLARITA,-118.47013092041016,34.41571044921875
8879858,2019,2019-06-18,1942,2019-05-18,2100,40690,1436,6,5,7,1942,0,0,0,N,0,7T23,VENICE,SAWTELLE,30,W,N,C,-,N,NA,NA,NA,NA,NA,NA,NA,NA,NA,N,4,0,3,2,A,-,03,22350,NA,F,C,C,A,B,H,-,C,D,0,NA,NA,NA,NA,Y,NA,-,99,0,0,3,0,0,0,0,0,0,-,-,NA,NA,LOS ANGELES,LOS ANGELES,-118.41989135742188,34.0114631652832
8879859,2019,2019-06-18,1900,2019-05-07,0830,641898,2112,2,5,5,1943,0,0,0,NA,0,212A,IMPERIAL HWY,STOCKWELL DR,0,NA,Y,A,-,N,NA,NA,NA,NA,NA,NA,NA,NA,NA,N,4,0,1,2,A,-,09,21801,A,N,D,C,A,A,H,-,A,A,0,NA,NA,NA,NA,Y,NA,A,01,0,0,1,0,0,0,0,0,0,-,-,NA,NA,LOS ANGELES,LYNWOOD,-118.20062255859376,33.93217849731445
8879860,2019,2019-06-18,1910,2019-06-04,0851,360,NA,2,5,4,1910,0,0,0,NA,0,006,SUNSET BL,N REXFORD DR,0,NA,Y,B,-,N,NA,NA,NA,NA,NA,NA,NA,NA,NA,Y,3,0,2,2,A,-,12,21453,A,N,D,C,A,A,H,-,A,A,0,NA,NA,Y,NA,Y,NA,C,02,0,1,1,0,0,0,0,0,1,-,-,34.083011627197266,-118.41011810302734,LOS ANGELES,BEVERLY HILLS,-118.41017150878906,34.08317947387695
8879861,2019,2019-06-18,1900,2019-05-17,1745,407357,0644,5,5,6,1985,0,0,0,NA,0,64T1,CREEKSIDE DR,VALENCIA BL,0,NA,Y,A,-,N,NA,NA,NA,NA,NA,NA,NA,NA,NA,N,4,0,1,2,D,-,00,NA,NA,N,B,C,A,A,H,-,A,A,0,NA,NA,NA,NA,Y,NA,-,-,0,0,1,0,0,0,0,0,0,-,-,34.41756057739258,-118.54942321777344,LOS ANGELES,SANTA CLARITA,-118.54926300048828,34.417510986328125
8879862,2019,2019-06-18,1942,2019-05-31,1400,40610,1449,5,5,7,1942,0,0,0,N,0,14A58,VENICE BL,MCLAUGHLIN AV,20,E,N,A,-,N,NA,NA,NA,NA,NA,NA,NA,NA,NA,N,3,0,1,2,A,-,17,21209,A,F,B,G,A,A,H,-,A,D,0,NA,Y,NA,NA,Y,NA,-,99,0,1,0,0,0,0,1,0,0,-,-,NA,NA,LOS ANGELES,LOS ANGELES,-118.42459869384766,34.008750915527344
8879864,2019,2019-06-18,1900,2019-06-03,1819,519502,0561,1,5,3,1968,0,0,0,NA,0,55T1PM,RUSH ST,MERCED AV,82,W,N,A,-,N,NA,NA,NA,NA,NA,NA,NA,NA,NA,N,2,0,1,2,A,-,08,22107,NA,N,D,G,A,A,H,-,A,D,0,NA,Y,NA,NA,Y,NA,L,04,1,0,0,0,0,0,1,0,0,-,-,34.051849365234375,-118.05164337158205,LOS ANGELES,SOUTH EL MONTE,-118.0515594482422,34.051856994628906
8879865,2019,2019-06-18,1900,2019-05-19,0315,624172,0633,7,5,6,1985,0,0,0,NA,0,61T1,SANDY DR,JAKES WY,0,NA,Y,C,-,N,NA,NA,NA,NA,NA,NA,NA,NA,NA,Y,4,0,3,2,D,-,00,NA,NA,N,D,A,A,B,H,-,C,D,0,NA,NA,NA,NA,Y,NA,-,-,0,0,3,0,0,0,0,0,0,-,-,34.411441802978516,-118.4499969482422,LOS ANGELES,SANTA CLARITA,-118.44994354248048,34.411338806152344
8879866,2019,2019-06-18,1942,2019-05-23,1645,42834,1452,4,5,7,1942,0,0,0,N,0,14A25,BARRINGTON AV,NATIONAL BL,200,N,N,A,-,N,NA,NA,NA,NA,NA,NA,NA,NA,NA,N,4,0,1,2,A,-,05,21651,A,F,D,C,A,A,H,-,A,A,0,NA,NA,NA,NA,Y,NA,-,99,0,0,1,0,0,0,0,0,0,-,-,NA,NA,LOS ANGELES,LOS ANGELES,-118.4390106201172,34.02312088012695
8879868,2019,2019-06-18,1942,2019-06-02,0240,38817,1787,7,5,7,1942,0,0,0,Q,0,17A1,ZELZAH AV,NORMANDIE AV,150,S,N,A,-,N,NA,NA,NA,NA,NA,NA,NA,NA,NA,Y,4,0,1,2,A,-,01,23152,A,N,C,E,A,A,H,-,D,D,0,NA,NA,NA,NA,Y,Y,A,01,0,0,1,0,0,0,0,0,0,-,-,NA,NA,LOS ANGELES,LOS ANGELES,NA,NA
8879869,2019,2019-06-18,1900,2019-05-22,1150,612439,0622,3,5,6,1985,0,0,0,NA,0,62T1,VALENCIA BL,MALL ENTRANCE,0,NA,Y,A,-,N,NA,NA,NA,NA,NA,NA,NA,NA,NA,Y,3,0,2,2,A,-,12,21453,A,M,-,C,A,A,H,-,A,A,0,NA,NA,NA,NA,Y,NA,A,08,0,2,0,0,0,0,0,0,0,-,-,34.41320037841797,-118.55740356445313,LOS ANGELES,SANTA CLARITA,-118.55753326416016,34.41318893432617
8879870,2019,2019-07-02,1942,2019-05-18,0805,41977,1467,6,5,7,1942,0,0,0,N,0,14A73,SEPULVEDA BL,77TH ST,37,N,N,A,-,N,NA,NA,NA,NA,NA,NA,NA,NA,NA,Y,2,0,5,7,A,-,09,21801,A,N,D,C,A,A,H,-,A,A,0,NA,NA,NA,NA,Y,NA,A,07,1,0,4,0,0,0,0,0,0,-,-,NA,NA,LOS ANGELES,LOS ANGELES,-118.39491271972656,33.9717903137207
8879872,2019,2019-06-18,1900,2019-06-09,1200,543256,0532,7,5,5,1959,0,0,0,NA,0,53T1PM,SAN GABRIEL BL,GARVEY AV,0,NA,Y,A,-,N,NA,NA,NA,NA,NA,NA,NA,NA,NA,Y,3,0,1,3,A,-,12,21453,A,N,D,C,A,A,H,-,A,A,0,NA,NA,NA,NA,Y,NA,A,01,0,1,0,0,0,0,0,0,0,-,-,34.06264114379883,-118.09056854248048,LOS ANGELES,ROSEMEAD,-118.09050750732422,34.06264114379883
8879873,2019,2019-06-18,1900,2019-05-16,1730,508705,0631,4,5,6,1985,0,0,0,NA,0,61T1,SIERRA HWY,SOLEDAD CANYON RD,740,S,N,A,-,N,NA,NA,NA,NA,NA,NA,NA,NA,NA,N,3,0,1,2,A,-,05,21650,1,N,D,G,A,A,H,-,A,D,0,NA,Y,NA,NA,Y,NA,L,04,0,1,0,0,0,0,1,0,0,-,-,34.415000915527344,-118.45639801025392,LOS ANGELES,SANTA CLARITA,-118.45687103271484,34.41447830200195
8879874,2019,2019-06-18,1942,2019-05-29,1920,39022,1469,3,5,7,1942,0,0,0,N,0,7T23,LA CIENEGA BL,FAIRVIEW BL,200,N,N,A,-,N,NA,NA,NA,NA,NA,NA,NA,NA,NA,N,3,0,1,3,A,-,17,22517,NA,N,B,C,A,A,H,-,A,D,0,NA,NA,Y,NA,Y,NA,A,01,0,1,0,0,0,0,0,0,1,-,-,NA,NA,LOS ANGELES,LOS ANGELES,-118.37037658691406,33.980445861816406
8879876,2019,2019-06-18,1900,2019-06-07,0910,600019,0560,5,5,3,1968,0,0,0,NA,0,55T1AM,CENTRAL AV,ENLOE ST,208,S,N,A,-,N,NA,NA,NA,NA,NA,NA,NA,NA,NA,Y,3,0,2,2,A,-,09,21804,A,N,D,C,A,A,H,-,A,D,0,NA,NA,NA,NA,Y,NA,A,01,0,2,0,0,0,0,0,0,0,-,-,34.05303955078125,-118.0469207763672,LOS ANGELES,SOUTH EL MONTE,-118.04692840576172,34.05308151245117
8879877,2019,2019-06-18,1900,2019-05-16,1945,NA,0642,4,5,6,1985,0,0,0,NA,0,64T1,NEWHALL RANCH RD,BOUQUETE CANYON RD,0,NA,Y,B,-,N,NA,NA,NA,NA,NA,NA,NA,NA,NA,Y,3,0,2,2,A,-,03,22350,NA,N,C,C,A,A,H,-,C,A,0,NA,NA,NA,NA,Y,NA,A,01,0,1,1,0,0,0,0,0,0,-,-,34.42731857299805,-118.5372314453125,LOS ANGELES,SANTA CLARITA,-118.5373306274414,34.42713928222656
8879878,2019,2019-06-18,1942,2019-05-31,1130,40452,1488,5,5,7,1942,0,0,0,N,0,14A67,ARBOR VITAE ST,AIRPORT BL,0,NA,Y,A,-,N,NA,NA,NA,NA,NA,NA,NA,NA,NA,N,3,0,2,2,A,-,09,21801,A,N,A,C,A,A,H,-,A,A,0,NA,NA,NA,NA,Y,NA,A,07,0,1,1,0,0,0,0,0,0,-,-,NA,NA,LOS ANGELES,LOS ANGELES,-118.38587188720705,33.952659606933594
8879881,2019,2019-06-18,1900,2019-05-22,1430,407357,0611,3,5,6,1985,0,0,0,NA,0,61T1,WHITES CANYON RD,PLEASANTDALE ST,48,S,N,A,-,N,NA,NA,NA,NA,NA,NA,NA,NA,NA,N,4,0,1,2,A,-,03,22350,NA,N,C,C,A,A,H,-,A,D,0,NA,NA,NA,NA,Y,NA,A,01,0,0,1,0,0,0,0,0,0,-,-,34.42055892944336,-118.47222900390624,LOS ANGELES,SANTA CLARITA,-118.4722137451172,34.420677185058594
8879882,2019,2019-07-02,1942,2019-05-22,0700,39655,1464,3,5,7,1942,0,0,0,N,0,14A45,JEFFERSON BL,LINCOLN BL,0,NA,Y,A,-,N,NA,NA,NA,NA,NA,NA,NA,NA,NA,Y,3,0,2,2,A,-,12,21453,A,N,D,C,A,A,H,-,A,A,0,NA,NA,NA,NA,Y,NA,-,-,0,1,1,0,0,0,0,0,0,-,-,NA,NA,LOS ANGELES,LOS ANGELES,-118.43032836914064,33.971961975097656
8879886,2019,2019-06-18,1942,2019-05-29,2235,33757,1497,3,5,7,1942,0,0,0,N,0,6T7,CENTURY BL,GLASGOW PL,100,E,N,A,-,N,NA,NA,NA,NA,NA,NA,NA,NA,NA,Y,3,0,2,3,A,-,03,22350,NA,N,C,C,A,A,H,-,C,D,0,NA,NA,NA,NA,Y,NA,A,01,0,1,1,0,0,0,0,0,0,-,-,NA,NA,LOS ANGELES,LOS ANGELES,-118.37081146240234,33.945396423339844
8879887,2019,2019-06-18,1942,2019-05-23,0900,41729,1861,4,5,7,1942,0,0,0,R,0,25TL25,W 117TH ST,S HOOVER ST,100,W,N,A,-,N,NA,NA,NA,NA,NA,NA,NA,NA,NA,Y,3,0,1,4,A,-,03,22350,NA,N,B,E,A,A,H,-,A,D,0,NA,NA,NA,NA,Y,NA,A,01,0,1,0,0,0,0,0,0,0,-,-,NA,NA,LOS ANGELES,LOS ANGELES,-118.28733825683594,33.92734146118164
8879888,2019,2019-06-18,1906,2019-06-04,1432,4431,NA,2,5,5,1906,0,0,0,NA,0,003,PADDY LN,MACDEVITT ST,454,N,N,A,-,N,NA,NA,NA,NA,NA,NA,NA,NA,NA,N,3,0,1,2,A,-,21,22106,NA,N,H,G,A,A,H,-,A,D,0,NA,Y,NA,NA,Y,NA,A,07,0,1,0,0,0,0,1,0,0,-,-,NA,NA,LOS ANGELES,BALDWIN PARK,-117.9630126953125,34.082008361816406