CASE_ID,ACCIDENT_YEAR,PROC_DATE,JURIS,COLLISION_DATE,COLLISION_TIME,OFFICER_ID,REPORTING_DISTRICT,DAY_OF_WEEK,CHP_SHIFT,POPULATION,CNTY_CITY_LOC,SPECIAL_COND,BEAT_TYPE,CHP_BEAT_TYPE,CITY_DIVISION_LAPD,CHP_BEAT_CLASS,BEAT_NUMBER,PRIMARY_RD,SECONDARY_RD,DISTANCE,DIRECTION,INTERSECTION,WEATHER_1,WEATHER_2,STATE_HWY_IND,CALTRANS_COUNTY,CALTRANS_DISTRICT,STATE_ROUTE,ROUTE_SUFFIX,POSTMILE_PREFIX,POSTMILE,LOCATION_TYPE,RAMP_INTERSECTION,SIDE_OF_HWY,TOW_AWAY,COLLISION_SEVERITY,NUMBER_KILLED,NUMBER_INJURED,PARTY_COUNT,PRIMARY_COLL_FACTOR,PCF_CODE_OF_VIOL,PCF_VIOL_CATEGORY,PCF_VIOLATION,PCF_VIOL_SUBSECTION,HIT_AND_RUN,TYPE_OF_COLLISION,MVIW,PED_ACTION,ROAD_SURFACE,ROAD_COND_1,ROAD_COND_2,LIGHTING,CONTROL_DEVICE,CHP_ROAD_TYPE,PEDESTRIAN_ACCIDENT,BICYCLE_ACCIDENT,MOTORCYCLE_ACCIDENT,TRUCK_ACCIDENT,NOT_PRIVATE_PROPERTY,ALCOHOL_INVOLVED,STWD_VEHTYPE_AT_FAULT,CHP_VEHTYPE_AT_FAULT,COUNT_SEVERE_INJ,COUNT_VISIBLE_INJ,COUNT_COMPLAINT_PAIN,COUNT_PED_KILLED,COUNT_PED_INJURED,COUNT_BICYCLIST_KILLED,COUNT_BICYCLIST_INJURED,COUNT_MC_KILLED,COUNT_MC_INJURED,PRIMARY_RAMP,SECONDARY_RAMP,LATITUDE,LONGITUDE,COUNTY,CITY,POINT_X,POINT_Y
8881099,2019,2019-06-21,1942,2019-05-31,1700,40165,2158,5,5,7,1942,0,0,0,NA,0,21A97,VICTORY BL,MASON AV,1220,E,N,A,-,N,NA,NA,NA,NA,NA,NA,NA,NA,NA,N,4,0,1,2,A,-,09,21804,A,N,C,C,A,A,H,-,A,D,0,NA,NA,NA,NA,Y,NA,A,01,0,0,1,0,0,0,0,0,0,-,-,NA,NA,LOS ANGELES,LOS ANGELES,-118.5756607055664,34.18831253051758
8881100,2019,2019-06-21,1942,2019-05-15,1540,33294,1735,3,5,7,1942,0,0,0,Q,0,17A49,CHATSWORTH ST,AMESTOY AV,0,NA,Y,B,-,N,NA,NA,NA,NA,NA,NA,NA,NA,NA,N,4,0,1,2,A,-,10,21950,A,N,G,B,B,A,H,-,A,A,0,Y,NA,NA,NA,Y,NA,A,01,0,0,1,0,1,0,0,0,0,-,-,NA,NA,LOS ANGELES,LOS ANGELES,-118.50666046142578,34.264808654785156
8881101,2019,2019-06-21,1942,2019-06-04,2050,37613,2126,2,5,7,1942,0,0,0,NA,0,21A5,ROSCOE BL,DE SOTO AV,300,E,N,A,-,N,NA,NA,NA,NA,NA,NA,NA,NA,NA,Y,3,0,3,2,A,-,09,21801,A,N,D,C,A,A,H,-,C,D,0,NA,NA,NA,NA,Y,NA,A,01,0,2,1,0,0,0,0,0,0,-,-,NA,NA,LOS ANGELES,LOS ANGELES,-118.58750152587892,34.219974517822266
8881103,2019,2019-06-21,1942,2019-05-31,0945,41497,2144,5,5,7,1942,0,0,0,NA,0,21TL63,FALLBROOK AV,VANOWEN ST,582,S,N,A,-,N,NA,NA,NA,NA,NA,NA,NA,NA,NA,Y,3,0,1,2,A,-,09,21801,A,N,D,C,A,A,H,-,A,D,0,NA,NA,Y,NA,Y,NA,A,01,0,1,0,0,0,0,0,0,1,-,-,NA,NA,LOS ANGELES,LOS ANGELES,-118.62340545654295,34.19212341308594
8881104,2019,2019-06-21,1942,2019-05-17,1945,43496,1723,5,5,7,1942,0,0,0,Q,0,17X96,MASON AV,HIAWATHA ST,0,NA,Y,A,-,N,NA,NA,NA,NA,NA,NA,NA,NA,NA,Y,3,0,2,2,A,-,09,21801,A,N,D,C,A,A,H,-,B,D,0,NA,NA,NA,NA,Y,NA,A,01,0,2,0,0,0,0,0,0,0,-,-,NA,NA,LOS ANGELES,LOS ANGELES,-118.57984924316406,34.2592887878418
8881105,2019,2019-06-21,1942,2019-06-07,2135,41396,1545,5,5,7,1942,0,0,0,O,0,15A43,LAUREL CANYON BL,BURBANK BL,0,NA,Y,A,-,N,NA,NA,NA,NA,NA,NA,NA,NA,NA,N,4,0,3,3,A,-,03,22350,NA,F,C,C,A,A,H,-,C,A,0,NA,NA,NA,NA,Y,NA,-,99,0,0,3,0,0,0,0,0,0,-,-,NA,NA,LOS ANGELES,LOS ANGELES,-118.3965072631836,34.1721305847168
8881108,2019,2019-06-21,1942,2019-05-10,1825,43038,1785,5,5,7,1942,0,0,0,Q,0,10X44,RESEDA BL,PARTHENIA ST,0,NA,Y,B,-,N,NA,NA,NA,NA,NA,NA,NA,NA,NA,Y,4,0,1,2,A,-,03,22350,NA,N,C,C,A,A,H,-,A,A,0,NA,NA,NA,NA,Y,NA,A,01,0,0,1,0,0,0,0,0,0,-,-,NA,NA,LOS ANGELES,LOS ANGELES,-118.5360870361328,34.228248596191406
8881109,2019,2019-06-21,1942,2019-06-03,1310,38687,2133,1,5,7,1942,0,0,0,NA,0,21A1,SHERMAN WY,MAYNARD AV,175,W,N,A,-,N,NA,NA,NA,NA,NA,NA,NA,NA,NA,Y,4,0,3,3,A,-,03,22350,NA,N,C,C,A,A,H,-,A,D,0,NA,NA,NA,NA,Y,NA,A,01,0,0,3,0,0,0,0,0,0,-,-,NA,NA,LOS ANGELES,LOS ANGELES,-118.62179565429688,34.201011657714844
8881110,2019,2019-06-21,1966,2019-05-08,1329,10852,4,3,5,3,1966,0,0,0,NA,0,NA,S LIMA ST,SIERRA MADRE BL,137,S,N,B,-,N,NA,NA,NA,NA,NA,NA,NA,NA,NA,N,4,0,1,3,A,-,21,22106,NA,N,C,E,A,A,H,-,A,D,0,NA,NA,NA,NA,Y,NA,A,01,0,0,1,0,0,0,0,0,0,-,-,NA,NA,LOS ANGELES,SIERRA MADRE,-118.05979919433594,34.16146469116211
8881112,2019,2019-06-21,1942,2019-05-14,2050,43630,1778,2,5,7,1942,0,0,0,Q,0,17A95,NORDHOFF ST,WOODLEY AV,15,E,N,A,-,N,NA,NA,NA,NA,NA,NA,NA,NA,NA,Y,4,0,1,2,A,-,08,22100,NA,N,A,C,A,A,H,-,C,A,0,NA,NA,NA,NA,Y,NA,A,01,0,0,1,0,0,0,0,0,0,-,-,NA,NA,LOS ANGELES,LOS ANGELES,-118.48502349853516,34.23563766479492
8881113,2019,2019-06-21,1942,2019-06-02,0410,42491,2111,7,5,7,1942,0,0,0,NA,0,21A97,BELL CANYON RD,VALLEY CIRCLE BL,1500,W,N,A,-,N,NA,NA,NA,NA,NA,NA,NA,NA,NA,Y,4,0,1,2,A,-,03,22350,NA,N,B,I,A,A,H,-,C,D,0,NA,NA,NA,NA,Y,NA,A,01,0,0,1,0,0,0,0,0,0,-,-,NA,NA,LOS ANGELES,LOS ANGELES,-118.6605987548828,34.203529357910156
8881115,2019,2019-06-21,1942,2019-05-29,1520,43728,2175,3,5,7,1942,0,0,0,NA,0,21A97,SHOUP,BURBANK BL,0,NA,Y,A,-,N,NA,NA,NA,NA,NA,NA,NA,NA,NA,Y,4,0,2,2,A,-,12,21453,A,N,D,C,A,A,H,-,A,A,0,NA,NA,NA,NA,Y,NA,A,01,0,0,2,0,0,0,0,0,0,-,-,NA,NA,LOS ANGELES,LOS ANGELES,-118.6145477294922,34.171958923339844
8881116,2019,2019-06-21,1942,2019-05-16,0835,42296,1729,4,5,7,1942,0,0,0,Q,0,17A35,RINALDI ST,WHITE OAK AV,60,E,N,C,-,N,NA,NA,NA,NA,NA,NA,NA,NA,NA,Y,2,0,5,4,A,-,08,22107,NA,N,C,C,A,B,H,-,A,D,0,NA,NA,NA,NA,Y,NA,A,01,1,0,4,0,0,0,0,0,0,-,-,NA,NA,LOS ANGELES,LOS ANGELES,-118.5194091796875,34.279388427734375
8881120,2019,2019-07-02,1942,2019-05-15,0805,40028,1764,3,5,7,1942,0,0,0,Q,0,17A81,NORDHOFF WY,NORDHOFF PL,0,NA,Y,B,-,N,NA,NA,NA,NA,NA,NA,NA,NA,NA,Y,4,0,1,2,A,-,09,21801,A,N,A,C,A,A,H,-,A,A,0,NA,NA,NA,NA,Y,NA,A,07,0,0,1,0,0,0,0,0,0,-,-,NA,NA,LOS ANGELES,LOS ANGELES,-118.56681823730467,34.23619079589844
8881202,2019,2019-06-24,1961,2019-05-07,0750,36257,1921,2,5,3,1961,0,0,0,NA,0,NA,ROXFORD ST,TELFAIR AV,54,E,N,B,-,N,NA,NA,NA,NA,NA,NA,NA,NA,NA,N,4,0,2,2,A,-,03,22350,NA,N,C,C,A,A,H,-,A,A,0,NA,NA,NA,NA,Y,NA,A,01,0,0,2,0,0,0,0,0,0,-,-,NA,NA,LOS ANGELES,SAN FERNANDO,-118.47632598876952,34.307220458984375
8881203,2019,2019-06-24,1942,2019-06-03,1910,42344,1916,1,5,7,1942,0,0,0,NA,0,19A1,POLK ST,GLENOAKS BL,0,NA,Y,A,-,N,NA,NA,NA,NA,NA,NA,NA,NA,NA,Y,3,0,5,2,A,-,09,21801,A,N,D,C,A,A,H,-,A,A,0,NA,NA,NA,NA,Y,NA,A,01,0,4,1,0,0,0,0,0,0,-,-,NA,NA,LOS ANGELES,LOS ANGELES,-118.44969177246094,34.30760955810547
8881206,2019,2019-07-02,1942,2019-05-04,1750,26319,1959,6,5,7,1942,0,0,0,NA,0,19A79,COLDWATER CANYON AV,ROSCOE BL,0,NA,Y,A,-,N,NA,NA,NA,NA,NA,NA,NA,NA,NA,Y,3,0,2,2,A,-,12,21453,A,N,B,C,A,A,H,-,A,A,0,NA,NA,NA,NA,Y,NA,A,01,0,1,1,0,0,0,0,0,0,-,-,NA,NA,LOS ANGELES,LOS ANGELES,-118.41441345214844,34.2216796875
8881207,2019,2019-06-24,1942,2019-06-01,0110,42890,1985,6,5,7,1942,0,0,0,NA,0,19A61,VAN NUYS BL,PARTHENIA ST,0,NA,Y,A,-,N,NA,NA,NA,NA,NA,NA,NA,NA,NA,Y,4,0,1,2,A,-,03,22350,NA,F,B,C,A,A,H,-,C,A,0,NA,NA,NA,NA,Y,NA,A,01,0,0,1,0,0,0,0,0,0,-,-,NA,NA,LOS ANGELES,LOS ANGELES,-118.45023345947266,34.22882080078125
8881208,2019,2019-06-26,1942,2019-05-29,1320,33294,1951,3,5,7,1942,0,0,0,NA,0,19A43,DEVONSHIRE ST,LANGDON AV,3,W,N,A,-,N,NA,NA,NA,NA,NA,NA,NA,NA,NA,Y,4,0,1,2,A,-,05,21650,1,N,D,G,A,A,H,-,A,A,0,NA,Y,NA,NA,Y,NA,L,04,0,0,1,0,0,0,1,0,0,-,-,NA,NA,LOS ANGELES,LOS ANGELES,-118.46965026855467,34.25730895996094
8881210,2019,2019-06-24,1942,2019-05-09,1555,42864,1952,4,5,7,1942,0,0,0,NA,0,1925,SEPULVEDA BL,DEVONSHIRE ST,700,N,N,B,-,N,NA,NA,NA,NA,NA,NA,NA,NA,NA,N,4,0,1,2,A,-,05,21650,1,N,D,G,A,A,H,-,A,D,0,NA,Y,NA,NA,Y,NA,L,04,0,0,1,0,0,0,1,0,0,-,-,NA,NA,LOS ANGELES,LOS ANGELES,-118.46745300292967,34.25923156738281
8881211,2019,2019-06-24,1942,2019-06-11,2245,42344,1913,2,5,7,1942,0,0,0,NA,0,19A1,COBALT ST,BRADLEY AV,440,W,N,A,-,N,NA,NA,NA,NA,NA,NA,NA,NA,NA,N,4,0,2,3,A,-,09,21804,A,F,B,C,A,A,H,-,C,D,0,NA,Y,NA,NA,Y,NA,L,04,0,0,2,0,0,0,0,0,0,-,-,NA,NA,LOS ANGELES,LOS ANGELES,-118.46714019775392,34.309478759765625
8881213,2019,2019-06-24,1942,2019-05-10,0830,41158,1999,5,5,7,1942,0,0,0,NA,0,19A93,ROSCOE BL,VENTURA CANYON AV,0,NA,Y,C,-,N,NA,NA,NA,NA,NA,NA,NA,NA,NA,N,4,0,1,2,A,-,09,21801,A,N,D,C,A,B,H,-,A,A,0,NA,NA,Y,NA,Y,NA,A,07,0,0,1,0,0,0,0,0,1,-,-,NA,NA,LOS ANGELES,LOS ANGELES,-118.42881011962892,34.2216682434082
8881214,2019,2019-06-24,1942,2019-05-11,1310,37686,1995,6,5,7,1942,0,0,0,NA,0,NA,VAN NUYS BL,ARMINTA ST,200,S,N,A,-,N,NA,NA,NA,NA,NA,NA,NA,NA,NA,Y,3,0,1,2,B,-,22,NA,NA,N,H,B,F,A,H,-,D,D,0,Y,Y,NA,NA,Y,NA,L,04,0,1,0,0,0,0,1,0,0,-,-,NA,NA,LOS ANGELES,LOS ANGELES,-118.44911193847656,34.2128791809082
8881215,2019,2019-06-24,1942,2019-06-05,1245,40165,1972,3,5,7,1942,0,0,0,NA,0,19A61,NORDHOFF ST,COLUMBUS AV,0,NA,Y,A,-,N,NA,NA,NA,NA,NA,NA,NA,NA,NA,N,4,0,1,2,A,-,05,21650,1,N,H,G,A,A,H,-,A,D,0,NA,Y,NA,NA,Y,NA,L,04,0,0,1,0,0,0,1,0,0,-,-,NA,NA,LOS ANGELES,LOS ANGELES,-118.4653778076172,34.235511779785156
8881216,2019,2019-06-25,1942,2019-06-04,2050,38185,1944,2,5,7,1942,0,0,0,NA,0,19A43,LAUREL CANYON BL,FOX ST,140,N,N,A,-,N,NA,NA,NA,NA,NA,NA,NA,NA,NA,Y,3,0,1,3,A,-,09,21801,A,N,D,C,A,A,H,-,C,A,0,NA,NA,NA,NA,Y,NA,D,22,0,1,0,0,0,0,0,0,0,-,-,NA,NA,LOS ANGELES,LOS ANGELES,-118.44620513916016,34.272037506103516
8881218,2019,2019-06-24,1942,2019-05-19,0530,34599,1993,7,5,7,1942,0,0,0,NA,0,19TL75,ROSCOE BL,SEPULVEDA BL,65,E,N,C,-,N,NA,NA,NA,NA,NA,NA,NA,NA,NA,N,3,0,1,1,A,-,03,22350,NA,N,E,I,A,B,H,-,B,A,0,NA,NA,NA,NA,Y,NA,A,07,0,1,0,0,0,0,0,0,0,-,-,NA,NA,LOS ANGELES,LOS ANGELES,-118.467529296875,34.221397399902344
8881219,2019,2019-07-11,1942,2019-06-05,0745,41497,1958,3,5,7,1942,0,0,0,NA,0,NA,VAN NUYS BL,BEACHY AV,116,S,N,B,-,N,NA,NA,NA,NA,NA,NA,NA,NA,NA,Y,4,0,1,4,A,-,07,21658,A,N,B,C,A,A,H,-,A,A,0,NA,NA,NA,NA,Y,NA,-,-,0,0,1,0,0,0,0,0,0,-,-,NA,NA,LOS ANGELES,LOS ANGELES,-118.44226837158205,34.25138854980469
8881220,2019,2019-06-25,1942,2019-05-08,2120,31652,1962,3,5,7,1942,0,0,0,NA,0,19A61,NORDHOFF ST,SEPULVEDA BL,0,NA,Y,B,-,N,NA,NA,NA,NA,NA,NA,NA,NA,NA,N,4,0,1,2,A,-,11,21950,B,N,G,B,B,A,H,-,C,A,0,Y,NA,NA,NA,Y,Y,N,60,0,0,1,0,1,0,0,0,0,-,-,NA,NA,LOS ANGELES,LOS ANGELES,-118.46771240234376,34.235530853271484
8881221,2019,2019-06-24,1942,2019-05-14,1735,43563,LAPD,2,5,7,1942,0,0,0,NA,0,19A75,SATICOY ST,GREENBUSH AV,0,NA,Y,A,-,N,NA,NA,NA,NA,NA,NA,NA,NA,NA,Y,3,0,1,2,A,-,03,22350,NA,N,C,D,A,A,H,-,A,D,0,NA,NA,NA,NA,Y,NA,-,NA,0,1,0,0,0,0,0,0,0,-,-,NA,NA,LOS ANGELES,LOS ANGELES,-118.4267578125,34.20906066894531
8881222,2019,2019-06-24,1942,2019-05-09,0800,39217,1998,4,5,7,1942,0,0,0,NA,0,19A93,TILDEN AV,LANARK ST,0,NA,Y,A,-,N,NA,NA,NA,NA,NA,NA,NA,NA,NA,N,4,0,3,2,A,-,09,21804,A,N,D,-,A,A,H,-,A,D,0,NA,NA,NA,NA,Y,NA,A,01,0,0,3,0,0,0,0,0,0,-,-,NA,NA,LOS ANGELES,LOS ANGELES,-118.44735717773438,34.21794891357422
8881223,2019,2019-06-24,1942,2019-06-06,0110,36336,1924,4,5,7,1942,0,0,0,NA,0,19A5,LAUREL CANYON BL,HUBBARD ST,484,S,N,A,-,N,NA,NA,NA,NA,NA,NA,NA,NA,NA,Y,4,0,1,1,A,-,08,22107,NA,N,E,I,A,A,H,-,C,D,0,NA,NA,NA,NA,Y,NA,A,07,0,0,1,0,0,0,0,0,0,-,-,NA,NA,LOS ANGELES,LOS ANGELES,-118.45711517333984,34.283058166503906
8881224,2019,2019-06-26,1942,2019-05-24,0620,30452,1901,5,5,7,1942,0,0,0,NA,0,19A1,FOOTHILL BL,BALBOA BL,0,NA,Y,A,-,N,NA,NA,NA,NA,NA,NA,NA,NA,NA,N,4,0,1,2,A,-,12,21453,A,N,D,C,A,A,H,-,B,A,0,NA,NA,NA,NA,Y,NA,E,22,0,0,1,0,0,0,0,0,0,-,-,NA,NA,LOS ANGELES,LOS ANGELES,-118.49581146240234,34.32154846191406
8881225,2019,2019-06-24,1942,2019-05-21,1415,41917,1837,2,5,7,1942,0,0,0,R,0,18X38,108TH ST,GRANDEE AV,0,NA,Y,A,-,N,NA,NA,NA,NA,NA,NA,NA,NA,NA,N,4,0,1,2,A,-,03,22350,NA,F,D,C,A,A,H,-,A,D,0,NA,NA,NA,NA,Y,NA,-,99,0,0,1,0,0,0,0,0,0,-,-,NA,NA,LOS ANGELES,LOS ANGELES,-118.24403381347656,33.93785858154297
8881226,2019,2019-06-24,1942,2019-05-11,0930,34561,1961,6,5,7,1942,0,0,0,NA,0,19A61,PLUMMER ST,SEPULVEDA BL,0,NA,Y,A,-,N,NA,NA,NA,NA,NA,NA,NA,NA,NA,Y,4,0,1,2,A,-,09,21801,A,N,D,C,A,A,H,-,A,A,0,NA,NA,NA,NA,Y,NA,A,08,0,0,1,0,0,0,0,0,0,-,-,NA,NA,LOS ANGELES,LOS ANGELES,-118.46764373779295,34.24279022216797
8881227,2019,2019-06-24,1942,2019-06-03,1145,30830,1962,1,5,7,1942,0,0,0,NA,0,19A61,NORDHOFF ST,SEPULVEDA BL,100,W,N,A,-,N,NA,NA,NA,NA,NA,NA,NA,NA,NA,N,4,0,1,2,D,-,00,NA,NA,N,C,C,A,A,H,-,A,D,0,NA,NA,NA,NA,Y,NA,-,-,0,0,1,0,0,0,0,0,0,-,-,NA,NA,LOS ANGELES,LOS ANGELES,-118.4680404663086,34.235530853271484
8881228,2019,2019-07-10,1942,2019-05-24,1935,40108,1917,5,5,7,1942,0,0,0,NA,0,19X62-,FOOTHILL BL,SAYRE ST,0,NA,Y,A,-,N,NA,NA,NA,NA,NA,NA,NA,NA,NA,N,4,0,1,3,A,-,09,21801,A,N,A,C,A,A,H,-,C,A,0,NA,NA,NA,NA,Y,NA,-,NA,0,0,1,0,0,0,0,0,0,-,-,NA,NA,LOS ANGELES,LOS ANGELES,-118.43377685546876,34.31013107299805
8881230,2019,2019-06-24,1942,2019-05-03,2240,38956,1981,5,5,7,1942,0,0,0,NA,0,19A93,ROSCOE BL,ORION AV,170,W,N,A,-,N,NA,NA,NA,NA,NA,NA,NA,NA,NA,Y,4,0,1,2,A,-,12,21453,A,N,D,C,A,A,H,-,C,A,0,NA,NA,NA,NA,Y,NA,A,01,0,0,1,0,0,0,0,0,0,-,-,NA,NA,LOS ANGELES,LOS ANGELES,-118.47264862060548,34.221370697021484
8881232,2019,2019-07-08,1942,2019-05-24,1630,42053,1921,5,5,7,1942,0,0,0,NA,0,19EL4,SAN FERNANDO RD,TYLER ST,30,N,N,A,-,N,NA,NA,NA,NA,NA,NA,NA,NA,NA,N,2,0,2,2,A,-,04,21703,NA,N,C,C,A,A,H,-,A,A,0,NA,NA,NA,NA,Y,NA,A,01,1,0,1,0,0,0,0,0,0,-,-,NA,NA,LOS ANGELES,LOS ANGELES,-118.46320343017578,34.30225372314453
8881233,2019,2019-07-03,1942,2019-04-24,0815,34332,0448,3,5,7,1942,0,0,0,D,0,4A59,N SOTO ST,ALCAZAR ST,325,N,N,A,-,N,NA,NA,NA,NA,NA,NA,NA,NA,NA,Y,4,0,1,2,A,-,09,21802,B,N,D,C,A,A,H,-,A,A,0,NA,NA,NA,NA,Y,NA,A,01,0,0,1,0,0,0,0,0,0,-,-,NA,NA,LOS ANGELES,LOS ANGELES,-118.19770050048828,34.06318283081055
8881234,2019,2019-06-24,1942,2019-05-02,1500,40165,1916,4,5,7,1942,0,0,0,NA,0,19A1,GLENOAKS BL,RAVEN ST,20,S,N,A,-,N,NA,NA,NA,NA,NA,NA,NA,NA,NA,N,4,0,1,2,A,-,03,22350,NA,N,C,C,A,A,H,-,A,D,0,NA,NA,NA,NA,Y,NA,A,08,0,0,1,0,0,0,0,0,0,-,-,NA,NA,LOS ANGELES,LOS ANGELES,-118.44353485107422,34.30284118652344
8881236,2019,2019-06-26,1942,2019-05-15,1310,37686,1981,3,5,7,1942,0,0,0,NA,0,35M43,ROSCOE BL,SEPULVEDA BL,50,S,N,A,-,N,NA,NA,NA,NA,NA,NA,NA,NA,NA,N,4,0,1,3,A,-,03,22350,NA,N,C,C,A,A,H,-,A,A,0,NA,NA,NA,NA,Y,NA,D,22,0,0,1,0,0,0,0,0,0,-,-,NA,NA,LOS ANGELES,LOS ANGELES,-118.46774291992188,34.22138977050781
8881237,2019,2019-07-02,1942,2019-03-06,1515,38264,1373,3,5,7,1942,0,0,0,M,0,0W2,E SLAUSON AV,CENTRAL AV,0,NA,Y,C,-,N,NA,NA,NA,NA,NA,NA,NA,NA,NA,Y,2,0,5,3,A,-,09,21801,A,N,D,C,A,B,H,-,A,D,0,NA,NA,NA,NA,Y,NA,D,22,1,0,4,0,0,0,0,0,0,-,-,NA,NA,LOS ANGELES,LOS ANGELES,-118.25646209716795,33.989341735839844
8881238,2019,2019-08-27,1942,2019-05-02,0700,43495,1907,4,5,7,1942,0,0,0,NA,0,19A7W2,MACLAY ST,RT 210,0,NA,Y,A,-,Y,LA,7,210,-,R,4.792,R,4,W,N,4,0,1,2,A,-,09,21801,A,N,D,C,A,A,H,-,A,A,0,NA,NA,NA,NA,Y,NA,-,NA,0,0,1,0,0,0,0,0,0,-,WO,NA,NA,LOS ANGELES,LOS ANGELES,-118.42117309570313,34.30107879638672
8881239,2019,2019-06-24,1942,2019-06-10,1415,42293,0507,1,5,7,1942,0,0,0,E,0,5A1,W 223RD ST,S NORMANDIE AV,12,W,N,A,-,N,NA,NA,NA,NA,NA,NA,NA,NA,NA,N,2,0,1,2,A,-,05,21650,1,N,A,G,A,A,H,-,A,A,0,NA,Y,NA,NA,Y,NA,L,04,1,0,0,0,0,0,1,0,0,-,-,NA,NA,LOS ANGELES,LOS ANGELES,-118.2996063232422,33.824493408203125
8881242,2019,2019-06-24,1942,2019-05-01,0915,43495,1964,3,5,7,1942,0,0,0,NA,0,19A7W2,VAN NUYS BL,PLUMMER ST,50,S,N,A,-,N,NA,NA,NA,NA,NA,NA,NA,NA,NA,N,4,0,1,2,A,-,03,22350,NA,N,G,G,A,A,H,-,A,D,0,NA,Y,NA,NA,Y,NA,L,04,0,0,1,0,0,0,1,0,0,-,-,NA,NA,LOS ANGELES,LOS ANGELES,-118.45023345947266,34.2425422668457
8881245,2019,2019-07-03,1942,2019-04-22,0645,38357,0467,1,5,7,1942,0,0,0,D,0,NA,SOTO ST,ALCAZAR ST,325,N,N,A,-,N,NA,NA,NA,NA,NA,NA,NA,NA,NA,Y,3,0,2,2,A,-,09,21802,A,N,D,C,A,A,H,-,A,D,0,NA,NA,NA,NA,Y,NA,D,22,0,1,1,0,0,0,0,0,0,-,-,NA,NA,LOS ANGELES,LOS ANGELES,-118.19770050048828,34.06318283081055
8881246,2019,2019-06-24,1942,2019-05-01,0920,38687,1961,3,5,7,1942,0,0,0,NA,0,19A61,LANGDON AV,NORDHOFF ST,150,S,N,A,-,N,NA,NA,NA,NA,NA,NA,NA,NA,NA,N,3,0,2,2,A,-,09,21804,A,N,D,C,A,A,H,-,A,D,0,NA,NA,NA,NA,Y,NA,A,01,0,2,0,0,0,0,0,0,0,-,-,NA,NA,LOS ANGELES,LOS ANGELES,-118.46977996826172,34.235137939453125
8881250,2019,2019-06-24,1942,2019-05-01,1630,37304,1924,3,5,7,1942,0,0,0,NA,0,19A1,LAUREL CANYON BL,HUBBARD ST,50,S,N,A,-,N,NA,NA,NA,NA,NA,NA,NA,NA,NA,N,4,0,1,2,A,-,03,22350,NA,N,C,C,A,A,H,-,A,D,0,NA,NA,NA,NA,Y,NA,A,07,0,0,1,0,0,0,0,0,0,-,-,NA,NA,LOS ANGELES,LOS ANGELES,-118.45787811279295,34.28406524658203
8881253,2019,2019-07-03,1942,2019-04-22,1700,40099,0497,1,5,7,1942,0,0,0,D,0,4A97,E OLYMPIC BL,SPENCE ST,40,E,N,A,-,N,NA,NA,NA,NA,NA,NA,NA,NA,NA,N,4,0,1,4,A,-,03,22350,NA,N,C,C,A,A,H,-,A,B,0,NA,NA,NA,NA,Y,NA,A,01,0,0,1,0,0,0,0,0,0,-,-,NA,NA,LOS ANGELES,LOS ANGELES,-118.20270538330078,34.01879119873047
8881254,2019,2019-06-24,1942,2019-05-22,0625,40634,1982,3,5,7,1942,0,0,0,NA,0,19A61,PARTHENIA PL,COLUMBUS AV,80,E,N,A,-,N,NA,NA,NA,NA,NA,NA,NA,NA,NA,N,3,0,1,2,A,-,09,21804,A,N,D,G,A,A,H,-,A,D,0,NA,Y,NA,NA,Y,NA,L,04,0,1,0,0,0,0,1,0,0,-,-,NA,NA,LOS ANGELES,LOS ANGELES,-118.46543884277344,34.228965759277344
8881257,2019,2019-07-03,1942,2019-04-17,1155,40275,1321,3,5,7,1942,0,0,0,M,0,13A13,S FIGUEROA ST,W 20TH ST,0,NA,Y,A,-,N,NA,NA,NA,NA,NA,NA,NA,NA,NA,Y,3,0,1,2,A,-,09,21801,A,N,D,C,A,A,H,-,A,D,0,NA,NA,NA,NA,Y,NA,D,22,0,1,0,0,0,0,0,0,0,-,-,NA,NA,LOS ANGELES,LOS ANGELES,-118.2729263305664,34.0329704284668
8881258,2019,2019-06-24,1942,2019-05-29,1815,37686,1961,3,5,7,1942,0,0,0,NA,0,19A61,SEPULVEDA BL,NORDHOFF ST,450,N,N,A,-,N,NA,NA,NA,NA,NA,NA,NA,NA,NA,Y,4,0,1,2,A,-,08,22107,NA,N,D,C,A,A,H,-,A,D,0,NA,NA,NA,NA,Y,NA,A,01,0,0,1,0,0,0,0,0,0,-,-,NA,NA,LOS ANGELES,LOS ANGELES,-118.46769714355467,34.23676300048828
8881261,2019,2019-07-03,1942,2019-04-22,0820,38050,1353,1,5,7,1942,0,0,0,M,0,13A43,E VERNON AV,CENTRAL AV,0,NA,N,A,-,N,NA,NA,NA,NA,NA,NA,NA,NA,NA,Y,4,0,1,2,A,-,09,21801,A,N,D,C,A,A,H,-,A,D,0,NA,NA,NA,NA,Y,NA,D,22,0,0,1,0,0,0,0,0,0,-,-,NA,NA,LOS ANGELES,LOS ANGELES,-118.25649261474608,34.003929138183594
8881262,2019,2019-06-24,1942,2019-05-29,1215,38980,1999,3,5,7,1942,0,0,0,NA,0,19A93,WOODMAN AV,LANARK ST,0,NA,Y,A,-,N,NA,NA,NA,NA,NA,NA,NA,NA,NA,Y,3,0,3,2,A,-,09,21801,A,N,A,C,A,A,H,-,A,A,0,NA,NA,NA,NA,Y,NA,A,01,0,1,2,0,0,0,0,0,0,-,-,NA,NA,LOS ANGELES,LOS ANGELES,-118.43209838867188,34.219478607177734