CASE_ID,ACCIDENT_YEAR,PROC_DATE,JURIS,COLLISION_DATE,COLLISION_TIME,OFFICER_ID,REPORTING_DISTRICT,DAY_OF_WEEK,CHP_SHIFT,POPULATION,CNTY_CITY_LOC,SPECIAL_COND,BEAT_TYPE,CHP_BEAT_TYPE,CITY_DIVISION_LAPD,CHP_BEAT_CLASS,BEAT_NUMBER,PRIMARY_RD,SECONDARY_RD,DISTANCE,DIRECTION,INTERSECTION,WEATHER_1,WEATHER_2,STATE_HWY_IND,CALTRANS_COUNTY,CALTRANS_DISTRICT,STATE_ROUTE,ROUTE_SUFFIX,POSTMILE_PREFIX,POSTMILE,LOCATION_TYPE,RAMP_INTERSECTION,SIDE_OF_HWY,TOW_AWAY,COLLISION_SEVERITY,NUMBER_KILLED,NUMBER_INJURED,PARTY_COUNT,PRIMARY_COLL_FACTOR,PCF_CODE_OF_VIOL,PCF_VIOL_CATEGORY,PCF_VIOLATION,PCF_VIOL_SUBSECTION,HIT_AND_RUN,TYPE_OF_COLLISION,MVIW,PED_ACTION,ROAD_SURFACE,ROAD_COND_1,ROAD_COND_2,LIGHTING,CONTROL_DEVICE,CHP_ROAD_TYPE,PEDESTRIAN_ACCIDENT,BICYCLE_ACCIDENT,MOTORCYCLE_ACCIDENT,TRUCK_ACCIDENT,NOT_PRIVATE_PROPERTY,ALCOHOL_INVOLVED,STWD_VEHTYPE_AT_FAULT,CHP_VEHTYPE_AT_FAULT,COUNT_SEVERE_INJ,COUNT_VISIBLE_INJ,COUNT_COMPLAINT_PAIN,COUNT_PED_KILLED,COUNT_PED_INJURED,COUNT_BICYCLIST_KILLED,COUNT_BICYCLIST_INJURED,COUNT_MC_KILLED,COUNT_MC_INJURED,PRIMARY_RAMP,SECONDARY_RAMP,LATITUDE,LONGITUDE,COUNTY,CITY,POINT_X,POINT_Y
8882356,2019,2019-07-05,1969,2019-06-12,1426,20226,TRAFF,3,5,5,1969,0,0,0,NA,0,004,FIRESTONE BL,MASON ST,7,W,N,A,-,N,NA,NA,NA,NA,NA,NA,NA,NA,NA,N,4,0,1,2,A,-,03,22350,NA,F,D,C,A,A,H,-,A,A,0,NA,NA,NA,NA,Y,NA,A,01,0,0,1,0,0,0,0,0,0,-,-,NA,NA,LOS ANGELES,SOUTH GATE,-118.18012237548828,33.95127487182617
8882360,2019,2019-07-05,1969,2019-06-10,2014,10023,PATRO,1,5,5,1969,0,0,0,NA,0,A.4,ATLANTIC BL,MICHIGAN AV,0,NA,Y,A,-,N,NA,NA,NA,NA,NA,NA,NA,NA,NA,Y,4,0,2,2,A,-,01,23152,A,N,D,C,A,A,H,-,B,A,0,NA,NA,NA,NA,Y,Y,A,01,0,0,2,0,0,0,0,0,0,-,-,NA,NA,LOS ANGELES,SOUTH GATE,-118.18192291259766,33.93891143798828
8882364,2019,2019-07-05,1969,2019-06-07,2241,10194,PATRO,5,5,5,1969,0,0,0,NA,0,001,SOUTHERN AV,LONG BEACH BL,0,NA,Y,A,-,N,NA,NA,NA,NA,NA,NA,NA,NA,NA,Y,4,0,2,2,A,-,01,23152,A,N,A,C,A,A,H,-,C,A,0,NA,NA,NA,NA,Y,Y,A,01,0,0,2,0,0,0,0,0,0,-,-,NA,NA,LOS ANGELES,SOUTH GATE,-118.21833801269533,33.95235824584961
8882368,2019,2019-07-05,1969,2019-06-10,1925,10145,PATRO,1,5,5,1969,0,0,0,NA,0,004,FIRESTONE BL,ATLANTIC AV,10,E,N,A,-,N,NA,NA,NA,NA,NA,NA,NA,NA,NA,N,4,0,1,2,A,-,03,22350,NA,N,C,C,A,A,H,-,A,A,0,NA,NA,NA,NA,Y,NA,A,01,0,0,1,0,0,0,0,0,0,-,-,NA,NA,LOS ANGELES,SOUTH GATE,-118.18326568603516,33.9520149230957
8882402,2019,2019-07-05,1976,2019-06-06,1558,331,1976,4,5,5,1976,0,0,0,NA,0,002,MULBERRY DR,GREENLEAF AV,275,W,N,A,-,N,NA,NA,NA,NA,NA,NA,NA,NA,NA,Y,4,0,3,2,A,-,03,22350,NA,N,C,C,A,A,H,-,A,D,0,NA,NA,NA,NA,Y,NA,-,NA,0,0,3,0,0,0,0,0,0,-,-,NA,NA,LOS ANGELES,WHITTIER,-118.04752349853516,33.95659637451172
8882406,2019,2019-07-05,1976,2019-06-04,0752,469,NA,2,5,5,1976,0,0,0,NA,0,NA,LAMBERT RD,SANTA FE SPRINGS RD,150,E,N,A,-,N,NA,NA,NA,NA,NA,NA,NA,NA,NA,N,4,0,1,2,A,-,03,22350,NA,N,C,C,A,A,H,-,A,A,0,NA,NA,NA,NA,Y,NA,-,NA,0,0,1,0,0,0,0,0,0,-,-,NA,NA,LOS ANGELES,WHITTIER,-118.04554748535156,33.9634895324707
8882410,2019,2019-07-05,1976,2019-06-13,1034,410,NA,4,5,5,1976,0,0,0,NA,0,003,WASHINGTON AV,LA QUARTA ST,12,S,N,A,-,N,NA,NA,NA,NA,NA,NA,NA,NA,NA,N,4,0,1,2,A,-,10,21950,A,N,G,B,B,A,H,-,A,A,0,Y,NA,NA,NA,Y,NA,A,01,0,0,1,0,1,0,0,0,0,-,-,NA,NA,LOS ANGELES,WHITTIER,-118.035028,33.968119
8882412,2019,2019-07-08,1900,2019-06-26,1230,614589,2110,3,5,5,1943,0,0,0,NA,0,212T4,MONA BL,120TH ST,75,S,N,B,-,N,NA,NA,NA,NA,NA,NA,NA,NA,NA,Y,4,0,1,2,A,-,06,21750,NA,N,D,C,A,A,H,-,A,D,0,NA,NA,NA,NA,Y,NA,A,01,0,0,1,0,0,0,0,0,0,-,-,NA,NA,LOS ANGELES,LYNWOOD,-118.2290267944336,33.92327880859375
8882414,2019,2019-07-05,1976,2019-06-10,1508,509,NA,1,5,5,1976,0,0,0,NA,0,NA,LAMBERT RD,SANTA FE SPRINGS RD,125,W,N,A,-,N,NA,NA,NA,NA,NA,NA,NA,NA,NA,Y,4,0,1,2,A,-,09,21804,A,N,D,C,A,A,H,-,A,D,0,NA,NA,NA,NA,Y,NA,A,01,0,0,1,0,0,0,0,0,0,-,-,NA,NA,LOS ANGELES,WHITTIER,-118.04608917236328,33.96407699584961
8882418,2019,2019-07-05,1976,2019-06-17,1619,474,NA,1,5,5,1976,0,0,0,NA,0,001,NORWALK BL,ORANGE DR,11,S,N,A,-,N,NA,NA,NA,NA,NA,NA,NA,NA,NA,N,4,0,1,2,A,-,09,21802,A,N,B,C,A,A,H,-,A,A,0,NA,NA,NA,NA,Y,NA,A,07,0,0,1,0,0,0,0,0,0,-,-,NA,NA,LOS ANGELES,WHITTIER,-118.06175231933594,33.99223709106445
8882422,2019,2019-07-05,1976,2019-06-07,2236,442,NA,5,5,5,1976,0,0,0,NA,0,001,MILTON AV,CAMILLA ST,168,N,N,A,-,N,NA,NA,NA,NA,NA,NA,NA,NA,NA,Y,3,0,1,3,A,-,01,23152,A,N,C,E,A,A,H,-,C,D,0,NA,NA,NA,NA,Y,Y,-,NA,0,1,0,0,0,0,0,0,0,-,-,NA,NA,LOS ANGELES,WHITTIER,-118.03971099853516,33.98495101928711
8882424,2019,2019-07-19,1900,2019-06-20,0308,453085,2112,4,5,5,1943,0,0,0,NA,0,212T4,IMPERIAL HWY,CALIFORNIA AV,0,NA,Y,A,-,N,NA,NA,NA,NA,NA,NA,NA,NA,NA,Y,4,0,2,1,A,-,03,22350,NA,N,E,I,A,A,H,-,C,A,0,NA,NA,NA,NA,Y,NA,A,07,0,0,2,0,0,0,0,0,0,-,-,NA,NA,LOS ANGELES,LYNWOOD,-118.20870971679688,33.93069076538086
8882426,2019,2019-07-05,1976,2019-06-10,1455,474,NA,1,5,5,1976,0,0,0,NA,0,002,LAMBERT RD,PAINTER AV,0,NA,Y,A,-,N,NA,NA,NA,NA,NA,NA,NA,NA,NA,N,4,0,1,2,A,-,12,21453,A,N,D,C,A,A,H,-,A,A,0,NA,NA,NA,NA,Y,NA,A,01,0,0,1,0,0,0,0,0,0,-,-,NA,NA,LOS ANGELES,WHITTIER,-118.03795623779295,33.958248138427734
8882434,2019,2019-07-22,1969,2019-06-19,1453,10096,TRAFF,3,5,5,1969,0,0,0,NA,0,005,IMPERIAL HWY,RT 710,840,E,N,A,-,N,NA,NA,NA,NA,NA,NA,NA,NA,NA,N,4,0,2,3,A,-,03,22350,NA,N,C,C,A,A,H,-,A,D,0,NA,NA,NA,NA,Y,NA,A,01,0,0,2,0,0,0,0,0,0,-,-,NA,NA,LOS ANGELES,SOUTH GATE,-118.17872619628906,33.93082809448242
8882454,2019,2019-07-05,1969,2019-06-13,2031,10100,PATRO,4,5,5,1969,0,0,0,NA,0,002,ELIZABETH AV,MINNESOTA AV,0,NA,Y,A,-,N,NA,NA,NA,NA,NA,NA,NA,NA,NA,N,4,0,1,2,A,-,09,21802,A,N,D,G,A,A,H,-,C,D,0,NA,Y,NA,NA,Y,NA,L,04,0,0,1,0,0,0,1,0,0,-,-,NA,NA,LOS ANGELES,SOUTH GATE,-118.20960998535156,33.94375991821289
8882458,2019,2019-07-05,1969,2019-06-14,0733,10195,PATRO,5,5,5,1969,0,0,0,NA,0,003,SOUTHERN AV,OTIS ST,150,E,N,B,-,N,NA,NA,NA,NA,NA,NA,NA,NA,NA,N,3,0,1,2,A,-,17,22517,NA,N,B,G,A,A,H,-,A,D,0,NA,Y,NA,NA,Y,NA,A,01,0,1,0,0,0,0,1,0,0,-,-,NA,NA,LOS ANGELES,SOUTH GATE,-118.19637298583984,33.950008392333984
8882462,2019,2019-07-05,1969,2019-06-15,1907,10100,PATRO,6,5,5,1969,0,0,0,NA,0,002,STATE ST,SANTA ANA ST,0,NA,Y,A,-,N,NA,NA,NA,NA,NA,NA,NA,NA,NA,Y,2,0,2,2,A,-,09,21801,A,N,D,C,A,A,H,-,A,A,0,NA,NA,NA,NA,Y,NA,-,NA,1,1,0,0,0,0,0,0,0,-,-,NA,NA,LOS ANGELES,SOUTH GATE,-118.21089935302734,33.96350860595703
8882466,2019,2019-07-16,1969,2019-06-16,1534,G CHAVEZ,PATRO,7,5,5,1969,0,0,0,NA,0,A-4,TWEEDY BL,BRYSON AV,24,E,-,A,-,N,NA,NA,NA,NA,NA,NA,NA,NA,NA,Y,4,0,1,3,A,-,01,23152,A,N,C,C,A,A,H,-,A,A,0,NA,NA,NA,NA,Y,Y,A,01,0,0,1,0,0,0,0,0,0,-,-,NA,NA,LOS ANGELES,SOUTH GATE,-118.1934051513672,33.94286346435547
8882470,2019,2019-07-05,1969,2019-06-16,1734,10200,PATRO,7,5,5,1969,0,0,0,NA,0,004,IMPERIAL HWY,WRIGHT RD,250,E,N,A,-,N,NA,NA,NA,NA,NA,NA,NA,NA,NA,N,4,0,1,2,A,-,03,22350,NA,N,C,C,A,A,H,-,A,D,0,NA,NA,NA,NA,Y,NA,A,01,0,0,1,0,0,0,0,0,0,-,-,NA,NA,LOS ANGELES,SOUTH GATE,-118.18001556396484,33.93096923828125
8882474,2019,2019-07-05,1969,2019-06-14,1657,10210,PATRO,5,5,5,1969,0,0,0,NA,0,003,TWEEDY BL,SAN CARLOS AV,20,W,-,A,-,N,NA,NA,NA,NA,NA,NA,NA,NA,NA,Y,3,0,2,3,A,-,03,22350,NA,F,C,C,A,A,H,-,A,A,0,NA,NA,NA,NA,Y,NA,A,08,0,1,1,0,0,0,0,0,0,-,-,NA,NA,LOS ANGELES,SOUTH GATE,-118.20541381835938,33.94417953491211
8882478,2019,2019-07-05,1969,2019-06-15,1724,10100,PATRO,6,5,5,1969,0,0,0,NA,0,002,LIBERTY BL,SEVILLE AV,120,E,N,A,-,N,NA,NA,NA,NA,NA,NA,NA,NA,NA,Y,4,0,1,1,A,-,08,22107,NA,N,E,I,A,A,H,-,A,D,0,NA,NA,NA,NA,Y,NA,-,NA,0,0,1,0,0,0,0,0,0,-,-,NA,NA,LOS ANGELES,SOUTH GATE,-118.2224578857422,33.96186447143555
8882532,2019,2019-07-08,1900,2019-05-18,2230,438154,1418,6,5,1,1932,0,0,0,NA,0,141T1,RAILROAD ST,CHARLIE RD,1403,E,N,B,-,N,NA,NA,NA,NA,NA,NA,NA,NA,NA,Y,3,0,1,1,A,-,03,22350,NA,N,E,I,A,A,H,-,C,D,0,NA,NA,NA,NA,Y,NA,A,01,0,1,0,0,0,0,0,0,0,-,-,33.99700164794922,-117.88990020751952,LOS ANGELES,INDUSTRY,-117.89010620117188,33.99771499633789
8882556,2019,2019-07-08,1969,2019-05-22,0722,10156,TRAFF,3,5,5,1969,0,0,0,NA,0,005,IMPERIAL HWY,AMERY AV,0,NA,Y,A,-,N,NA,NA,NA,NA,NA,NA,NA,NA,NA,N,4,0,2,2,A,-,09,21801,A,N,D,C,A,A,H,-,A,A,0,NA,NA,NA,NA,Y,NA,A,08,0,0,2,0,0,0,0,0,0,-,-,NA,NA,LOS ANGELES,SOUTH GATE,-118.16494750976564,33.92953109741211
8882561,2019,2019-07-30,1942,2019-06-04,1740,38088,1431,2,5,7,1942,0,0,0,N,0,14A12,SAN JUAN AV,MAIN ST,150,E,N,A,-,N,NA,NA,NA,NA,NA,NA,NA,NA,NA,N,3,0,1,2,A,-,08,22102,NA,N,D,C,A,A,H,-,A,D,0,NA,NA,NA,NA,Y,NA,A,01,0,1,0,0,0,0,0,0,0,-,-,NA,NA,LOS ANGELES,LOS ANGELES,-118.47200012207033,33.989994049072266
8882563,2019,2019-07-31,1928,2019-06-12,1600,416,504,3,5,5,1928,0,0,0,NA,0,502,PRAIRIE AV,118TH ST,0,NA,Y,A,-,N,NA,NA,NA,NA,NA,NA,NA,NA,NA,N,4,0,1,2,A,-,05,21650,NA,M,-,G,A,A,H,-,A,A,0,NA,Y,NA,NA,Y,Y,L,04,0,0,1,0,0,0,1,0,0,-,-,33.92742156982422,-118.34382629394533,LOS ANGELES,HAWTHORNE,-118.34390258789064,33.92731857299805
8882565,2019,2019-07-30,1947,2019-06-22,0850,627,MPD,6,5,5,1947,0,0,0,NA,0,003,CASANOVA AV,N FREMONT ST,277,S,N,A,-,N,NA,NA,NA,NA,NA,NA,NA,NA,NA,N,4,0,1,2,A,-,03,22350,NA,N,C,C,A,A,H,-,A,D,0,NA,NA,NA,NA,Y,NA,A,07,0,0,1,0,0,0,0,0,0,-,-,NA,NA,LOS ANGELES,MONTEBELLO,NA,NA
8882566,2019,2019-07-30,1942,2019-06-04,1130,42301,1488,2,5,7,1942,0,0,0,N,0,14A11,MANCHESTER AV,OSAGE AV,0,NA,Y,A,-,N,NA,NA,NA,NA,NA,NA,NA,NA,NA,N,4,0,1,2,A,-,09,21801,A,N,D,C,A,A,H,-,A,D,0,NA,NA,NA,NA,Y,NA,A,01,0,0,1,0,0,0,0,0,0,-,-,NA,NA,LOS ANGELES,LOS ANGELES,-118.37882232666016,33.95988845825195
8882568,2019,2019-07-30,1928,2019-06-08,1523,413,530,6,5,5,1928,0,0,0,NA,0,501,IMPERIAL HWY,BURIN AV,0,NA,Y,A,-,N,NA,NA,NA,NA,NA,NA,NA,NA,NA,N,4,0,1,2,A,-,09,21801,A,N,D,C,A,A,H,-,A,A,0,NA,NA,NA,NA,Y,NA,A,01,0,0,1,0,0,0,0,0,0,-,-,33.930938720703125,-118.35379028320313,LOS ANGELES,HAWTHORNE,-118.35379028320313,33.930938720703125
8882569,2019,2019-12-18,1942,2019-06-15,2130,43224,1441,6,5,7,1942,0,0,0,N,0,14A11,ABBOTT KINNEY,MARR ST,0,NA,-,A,-,N,NA,NA,NA,NA,NA,NA,NA,NA,NA,Y,4,0,4,2,A,-,04,21703,NA,N,C,C,A,A,H,-,C,D,0,NA,NA,NA,NA,Y,NA,A,01,0,0,4,0,0,0,0,0,0,-,-,NA,NA,LOS ANGELES,LOS ANGELES,-118.458740234375,33.98796081542969
8882570,2019,2019-07-30,1942,2019-06-11,0625,40235,1436,2,5,7,1942,0,0,0,N,0,14A25,VENICE BL,SAWTELLE BL,315,W,N,A,-,N,NA,NA,NA,NA,NA,NA,NA,NA,NA,Y,4,0,2,2,A,-,07,21658,A,N,B,C,A,A,H,-,A,A,0,NA,NA,NA,NA,Y,NA,A,01,0,0,2,0,0,0,0,0,0,-,-,NA,NA,LOS ANGELES,LOS ANGELES,-118.42066192626952,34.011016845703125
8882571,2019,2019-07-30,1928,2019-06-15,1546,409,519,6,5,5,1928,0,0,0,NA,0,503,CRENSHAW BL,139TH ST,0,NA,Y,A,-,N,NA,NA,NA,NA,NA,NA,NA,NA,NA,Y,4,0,3,2,A,-,12,22450,A,N,D,C,A,A,H,-,A,A,0,NA,NA,NA,NA,Y,NA,A,01,0,0,3,0,0,0,0,0,0,-,-,33.905548095703125,-118.32650756835938,LOS ANGELES,HAWTHORNE,-118.32650756835938,33.90555191040039
8882572,2019,2019-07-31,1906,2019-06-15,0048,4415,BPPD,6,5,5,1906,0,0,0,NA,0,003,VIRGINIA AV,EDISON POLE 1290554E,16,W,N,A,-,N,NA,NA,NA,NA,NA,NA,NA,NA,NA,Y,4,0,1,1,A,-,03,22350,NA,N,E,I,A,A,H,-,C,A,0,NA,NA,NA,NA,Y,Y,A,01,0,0,1,0,0,0,0,0,0,-,-,NA,NA,LOS ANGELES,BALDWIN PARK,NA,NA
8882573,2019,2019-07-30,1942,2019-06-14,2110,37839,1493,5,5,7,1942,0,0,0,N,0,14A73,VISTA DEL MAR,IMPERIAL HWY,0,NA,Y,A,-,N,NA,NA,NA,NA,NA,NA,NA,NA,NA,Y,4,0,3,2,A,-,09,21801,A,N,D,A,A,A,A,-,C,A,0,NA,NA,NA,NA,Y,NA,A,01,0,0,3,0,0,0,0,0,0,-,-,NA,NA,LOS ANGELES,LOS ANGELES,-118.43498992919922,33.93088150024414
8882574,2019,2019-07-30,1942,2019-06-03,1730,43171,1483,1,5,7,1942,0,0,0,N,0,14A76,LA CIENEGA,W 99TH ST,35,N,N,B,-,N,NA,NA,NA,NA,NA,NA,NA,NA,NA,N,4,0,1,2,A,-,09,21802,A,N,D,C,A,A,H,-,A,A,0,NA,NA,NA,NA,Y,NA,A,01,0,0,1,0,0,0,0,0,0,-,-,NA,NA,LOS ANGELES,LOS ANGELES,-118.37006378173828,33.946475982666016
8882575,2019,2019-07-30,1928,2019-06-18,1144,324,511,2,5,5,1928,0,0,0,NA,0,504,AVIATION BL,135TH ST,0,NA,Y,A,-,N,NA,NA,NA,NA,NA,NA,NA,NA,NA,N,3,0,1,2,A,-,10,21950,A,N,G,B,B,A,H,-,A,A,0,Y,NA,NA,NA,Y,NA,A,01,0,1,0,0,1,0,0,0,0,-,-,33.909400939941406,-118.37869262695313,LOS ANGELES,HAWTHORNE,-118.37872314453124,33.90946960449219
8882576,2019,2019-07-30,1928,2019-06-14,1441,324,522,5,5,5,1928,0,0,0,NA,0,503,PRAIRIE AV,147TH ST,0,NA,Y,A,-,N,NA,NA,NA,NA,NA,NA,NA,NA,NA,Y,4,0,1,2,A,-,21,22106,NA,N,C,C,A,A,H,-,A,A,0,NA,NA,NA,NA,Y,NA,A,07,0,0,1,0,0,0,0,0,0,-,-,33.89823913574219,-118.3438720703125,LOS ANGELES,HAWTHORNE,-118.34384918212892,33.89828109741211
8882577,2019,2019-07-30,1942,2019-06-14,1800,43322,1431,5,5,7,1942,0,0,0,N,0,NA,PACIFIC AV,MILDRED AV,0,NA,Y,A,-,N,NA,NA,NA,NA,NA,NA,NA,NA,NA,N,4,0,1,2,A,-,09,21802,A,N,D,C,A,A,H,-,A,A,0,NA,NA,NA,NA,Y,NA,A,01,0,0,1,0,0,0,0,0,0,-,-,NA,NA,LOS ANGELES,LOS ANGELES,-118.47136688232422,33.98664093017578
8882578,2019,2019-07-30,1942,2019-06-04,1250,41510,1454,2,5,7,1942,0,0,0,N,0,14A25,LINCOLN BL,MINDANAO WY,0,NA,Y,A,-,N,NA,NA,NA,NA,NA,NA,NA,NA,NA,N,4,0,1,2,A,-,12,21453,A,N,B,C,A,A,H,-,A,A,0,NA,NA,NA,NA,Y,Y,A,01,0,0,1,0,0,0,0,0,0,-,-,NA,NA,LOS ANGELES,LOS ANGELES,-118.43901824951172,33.98054885864258
8882579,2019,2019-07-30,1928,2019-06-15,0945,410,502,6,5,5,1928,0,0,0,NA,0,501,HAWTHORNE BL,102ND ST,0,NA,Y,A,-,N,NA,NA,NA,NA,NA,NA,NA,NA,NA,Y,4,0,1,2,A,-,04,21703,NA,N,C,C,A,A,H,-,A,A,0,NA,NA,NA,NA,Y,NA,A,01,0,0,1,0,0,0,0,0,0,-,-,33.92362976074219,-118.35269927978516,LOS ANGELES,HAWTHORNE,-118.35272979736328,33.94361877441406
8882580,2019,2019-07-30,1928,2019-06-09,0157,416,519,7,5,5,1928,0,0,0,NA,0,503,PRAIRIE AV,137TH ST,30,S,N,A,-,N,NA,NA,NA,NA,NA,NA,NA,NA,NA,Y,4,0,1,2,A,-,03,22350,NA,N,C,C,A,A,H,-,C,A,0,NA,NA,NA,NA,Y,NA,A,01,0,0,1,0,0,0,0,0,0,-,-,33.907508850097656,-118.34396362304688,LOS ANGELES,HAWTHORNE,-118.3438720703125,33.907405853271484
8882642,2019,2019-07-22,1942,2019-06-12,2000,40404,0395,3,5,7,1942,0,0,0,C,0,3A99,W MARTIN LUTHER KING BL,S WESTERN AV,105,E,N,A,-,N,NA,NA,NA,NA,NA,NA,NA,NA,NA,N,4,0,1,2,A,-,03,22350,NA,F,C,C,A,A,H,-,A,A,0,NA,NA,NA,NA,Y,NA,-,99,0,0,1,0,0,0,0,0,0,-,-,NA,NA,LOS ANGELES,LOS ANGELES,-118.30858612060548,34.01084899902344
8882643,2019,2019-07-22,1942,2019-06-08,1400,41072,0314,6,5,7,1942,0,0,0,C,0,3A15,EDGEHILL DR,W ADAMS BL,0,NA,Y,A,-,N,NA,NA,NA,NA,NA,NA,NA,NA,NA,Y,4,0,4,2,A,-,12,21453,A,F,D,C,A,A,H,-,A,A,0,NA,NA,NA,NA,Y,NA,A,01,0,0,4,0,0,0,0,0,0,-,-,NA,NA,LOS ANGELES,LOS ANGELES,-118.32842254638672,34.03261184692383
8882644,2019,2019-07-22,1942,2019-06-18,1450,39177,0336,2,5,7,1942,0,0,0,C,0,3A55,W ARLINGTON AV,JEFFERSON BL,55,S,N,A,-,N,NA,NA,NA,NA,NA,NA,NA,NA,NA,Y,3,0,1,2,A,-,03,22350,NA,N,A,C,A,A,H,-,A,D,0,NA,NA,NA,NA,Y,NA,A,01,0,1,0,0,0,0,0,0,0,-,-,NA,NA,LOS ANGELES,LOS ANGELES,-118.31765747070313,34.0253791809082
8882645,2019,2019-07-22,1942,2019-06-11,1735,42011,0314,2,5,7,1942,0,0,0,C,0,3A15,5TH AV,MONTCLAIR ST,0,NA,Y,A,-,N,NA,NA,NA,NA,NA,NA,NA,NA,NA,N,4,0,1,2,A,-,09,21802,A,N,-,C,A,A,H,-,A,A,0,NA,NA,NA,NA,Y,NA,A,01,0,0,1,0,0,0,0,0,0,-,-,NA,NA,LOS ANGELES,LOS ANGELES,-118.32241058349608,34.029640197753906
8882646,2019,2019-07-22,1942,2019-06-11,0745,35393,0338,2,5,7,1942,0,0,0,C,0,3A57,JEFFERSON BL,MCCLINTOCK AV,0,NA,Y,A,-,N,NA,NA,NA,NA,NA,NA,NA,NA,NA,N,3,0,2,2,A,-,09,21801,A,N,D,C,A,A,H,-,A,A,0,NA,NA,NA,NA,Y,NA,A,01,0,1,1,0,0,0,0,0,0,-,-,NA,NA,LOS ANGELES,LOS ANGELES,-118.287109375,34.02505111694336
8882647,2019,2019-07-22,1942,2019-06-17,1050,39397,0376,1,5,7,1942,0,0,0,C,0,NA,WESTERN AV,39TH ST,40,S,N,A,-,N,NA,NA,NA,NA,NA,NA,NA,NA,NA,N,4,0,3,5,A,-,03,22350,NA,N,C,C,A,A,H,-,A,D,0,NA,NA,NA,NA,Y,NA,A,08,0,0,3,0,0,0,0,0,0,-,-,NA,NA,LOS ANGELES,LOS ANGELES,-118.30890655517578,34.01449203491211
8882648,2019,2019-07-22,1942,2019-06-12,1615,39745,0336,3,5,7,1942,0,0,0,C,0,3A31,S WESTERN AV,W 31ST ST,0,NA,Y,A,-,N,NA,NA,NA,NA,NA,NA,NA,NA,NA,Y,4,0,2,2,A,-,07,21658,A,N,D,C,A,A,H,-,A,D,0,NA,NA,NA,NA,Y,NA,A,01,0,0,2,0,0,0,0,0,0,-,-,NA,NA,LOS ANGELES,LOS ANGELES,-118.30892181396484,34.02648162841797
8882649,2019,2019-07-22,1941,2019-06-07,0915,5755,493,5,5,7,1941,0,0,0,NA,0,009,BROADWAY,OBISPO AV,0,NA,Y,B,-,N,NA,NA,NA,NA,NA,NA,NA,NA,NA,Y,4,0,1,2,A,-,09,21802,A,N,D,C,A,A,H,-,A,A,0,NA,NA,NA,NA,Y,NA,A,01,0,0,1,0,0,0,0,0,0,-,-,NA,NA,LOS ANGELES,LONG BEACH,-118.15460205078124,33.76457977294922
8882650,2019,2019-07-22,1942,2019-06-11,1110,39397,0336,2,5,7,1942,0,0,0,C,0,3A31,S WESTERN AV,W 31ST ST,0,NA,Y,A,-,N,NA,NA,NA,NA,NA,NA,NA,NA,NA,N,4,0,2,2,A,-,09,21801,A,N,B,C,A,A,H,-,A,D,0,NA,NA,NA,NA,Y,NA,A,01,0,0,2,0,0,0,0,0,0,-,-,NA,NA,LOS ANGELES,LOS ANGELES,-118.30892181396484,34.02648162841797
8882651,2019,2019-07-22,1942,2019-06-16,1910,42665,0394,7,5,7,1942,0,0,0,C,0,25T27,VERNON AV,MENLO AV,105,W,N,A,-,N,NA,NA,NA,NA,NA,NA,NA,NA,NA,N,4,0,1,2,A,-,03,22350,NA,N,C,C,A,A,H,-,A,D,0,NA,NA,NA,NA,Y,Y,A,01,0,0,1,0,0,0,0,0,0,-,-,NA,NA,LOS ANGELES,LOS ANGELES,-118.29037475585938,34.00368881225586
8882652,2019,2019-07-22,1942,2019-06-18,1740,42011,0308,2,5,7,1942,0,0,0,C,0,3A19,TOBERMAN ST,W 23RD ST,0,NA,Y,A,-,N,NA,NA,NA,NA,NA,NA,NA,NA,NA,N,4,0,1,2,A,-,09,21802,A,N,D,C,A,A,H,-,A,A,0,NA,NA,NA,NA,Y,NA,A,07,0,0,1,0,0,0,0,0,0,-,-,NA,NA,LOS ANGELES,LOS ANGELES,-118.28163909912108,34.034141540527344
8882653,2019,2019-07-22,1941,2019-06-13,1850,11392,NA,4,5,7,1941,0,0,0,NA,0,NA,7TH ST,ALAMITOS AV,0,NA,Y,A,-,N,NA,NA,NA,NA,NA,NA,NA,NA,NA,Y,4,0,1,2,A,-,07,21658,A,N,B,C,A,A,H,-,B,A,0,NA,NA,NA,NA,Y,NA,A,NA,0,0,1,0,0,0,0,0,0,-,-,NA,NA,LOS ANGELES,LONG BEACH,-118.1801986694336,33.77534103393555
8882654,2019,2019-07-22,1942,2019-06-09,2125,41933,0353,7,5,7,1942,0,0,0,C,0,25T23,OBAMA BL,CRENSHAW BL,23,E,N,A,-,N,NA,NA,NA,NA,NA,NA,NA,NA,NA,N,4,0,1,2,A,-,03,22350,NA,F,C,C,A,A,H,-,C,A,0,NA,NA,NA,NA,Y,NA,A,07,0,0,1,0,0,0,0,0,0,-,-,NA,NA,LOS ANGELES,LOS ANGELES,-118.335012,34.021413
8882655,2019,2019-07-22,1942,2019-06-18,2150,42118,0397,2,5,7,1942,0,0,0,C,0,3A99,W MARTIN LUTHER KING JR BL,DENKER AV,50,E,N,A,-,N,NA,NA,NA,NA,NA,NA,NA,NA,NA,N,4,0,1,2,A,-,09,21804,A,F,B,C,A,A,H,-,C,D,0,NA,NA,NA,NA,Y,NA,-,99,0,0,1,0,0,0,0,0,0,-,-,NA,NA,LOS ANGELES,LOS ANGELES,-118.30438232421876,34.01084899902344