CASE_ID,ACCIDENT_YEAR,PROC_DATE,JURIS,COLLISION_DATE,COLLISION_TIME,OFFICER_ID,REPORTING_DISTRICT,DAY_OF_WEEK,CHP_SHIFT,POPULATION,CNTY_CITY_LOC,SPECIAL_COND,BEAT_TYPE,CHP_BEAT_TYPE,CITY_DIVISION_LAPD,CHP_BEAT_CLASS,BEAT_NUMBER,PRIMARY_RD,SECONDARY_RD,DISTANCE,DIRECTION,INTERSECTION,WEATHER_1,WEATHER_2,STATE_HWY_IND,CALTRANS_COUNTY,CALTRANS_DISTRICT,STATE_ROUTE,ROUTE_SUFFIX,POSTMILE_PREFIX,POSTMILE,LOCATION_TYPE,RAMP_INTERSECTION,SIDE_OF_HWY,TOW_AWAY,COLLISION_SEVERITY,NUMBER_KILLED,NUMBER_INJURED,PARTY_COUNT,PRIMARY_COLL_FACTOR,PCF_CODE_OF_VIOL,PCF_VIOL_CATEGORY,PCF_VIOLATION,PCF_VIOL_SUBSECTION,HIT_AND_RUN,TYPE_OF_COLLISION,MVIW,PED_ACTION,ROAD_SURFACE,ROAD_COND_1,ROAD_COND_2,LIGHTING,CONTROL_DEVICE,CHP_ROAD_TYPE,PEDESTRIAN_ACCIDENT,BICYCLE_ACCIDENT,MOTORCYCLE_ACCIDENT,TRUCK_ACCIDENT,NOT_PRIVATE_PROPERTY,ALCOHOL_INVOLVED,STWD_VEHTYPE_AT_FAULT,CHP_VEHTYPE_AT_FAULT,COUNT_SEVERE_INJ,COUNT_VISIBLE_INJ,COUNT_COMPLAINT_PAIN,COUNT_PED_KILLED,COUNT_PED_INJURED,COUNT_BICYCLIST_KILLED,COUNT_BICYCLIST_INJURED,COUNT_MC_KILLED,COUNT_MC_INJURED,PRIMARY_RAMP,SECONDARY_RAMP,LATITUDE,LONGITUDE,COUNTY,CITY,POINT_X,POINT_Y
8882795,2019,2019-07-23,1942,2019-06-10,1030,38947,1017,1,5,7,1942,0,0,0,J,0,10A17,WHITE OAK AV,CANTLAY ST,45,S,N,A,-,N,NA,NA,NA,NA,NA,NA,NA,NA,NA,Y,4,0,2,2,A,-,09,21804,A,N,A,C,A,A,H,-,A,D,0,NA,NA,NA,NA,Y,NA,A,01,0,0,2,0,0,0,0,0,0,-,-,NA,NA,LOS ANGELES,LOS ANGELES,-118.51859283447266,34.20210647583008
8882797,2019,2019-07-23,1942,2019-06-04,1100,30452,1099,2,5,7,1942,0,0,0,J,0,10A99,N SEPULVEDA BL,ROYAL OAK RD,20,N,N,A,-,N,NA,NA,NA,NA,NA,NA,NA,NA,NA,Y,4,0,1,2,A,-,08,22107,NA,N,A,C,A,A,H,-,A,D,0,NA,NA,NA,NA,Y,NA,A,01,0,0,1,0,0,0,0,0,0,-,-,NA,NA,LOS ANGELES,LOS ANGELES,-118.47386169433594,34.14368438720703
8882798,2019,2019-07-23,1942,2019-06-05,0735,27792,1028,3,5,7,1942,0,0,0,J,0,10A17,VICTORY BL,FORBES AV,0,NA,Y,B,-,N,NA,NA,NA,NA,NA,NA,NA,NA,NA,Y,4,0,1,2,A,-,06,21750,A,N,D,C,A,A,H,-,A,A,0,NA,NA,NA,NA,Y,NA,A,01,0,0,1,0,0,0,0,0,0,-,-,NA,NA,LOS ANGELES,LOS ANGELES,-118.49916076660156,34.18661880493164
8882799,2019,2019-07-23,1942,2019-06-08,1845,39465,1033,6,5,7,1942,0,0,0,J,0,10A21,DONNA AV,VICTORY BL,60,N,N,A,-,N,NA,NA,NA,NA,NA,NA,NA,NA,NA,N,4,0,1,2,A,-,05,21202,A,N,A,G,A,A,H,-,B,D,0,NA,Y,NA,NA,Y,NA,L,04,0,0,1,0,0,0,1,0,0,-,-,NA,NA,LOS ANGELES,LOS ANGELES,-118.54824829101564,34.18691635131836
8882800,2019,2019-07-23,1942,2019-06-02,1320,39085,1771,7,5,7,1942,0,0,0,Q,0,17A81,MASON AV,PLUMMER ST,0,NA,Y,B,-,N,NA,NA,NA,NA,NA,NA,NA,NA,NA,Y,3,0,3,2,A,-,12,21453,A,N,D,-,A,A,H,-,A,A,0,NA,NA,NA,NA,Y,NA,A,01,0,1,2,0,0,0,0,0,0,-,-,NA,NA,LOS ANGELES,LOS ANGELES,-118.57978057861328,34.24272155761719
8882801,2019,2019-07-11,1942,2019-05-25,0855,32268,1743,6,5,7,1942,0,0,0,Q,0,17A35,RESEDA BL,CHATSWORTH ST,0,NA,Y,A,-,N,NA,NA,NA,NA,NA,NA,NA,NA,NA,Y,4,0,2,3,A,-,09,21801,A,N,A,C,A,A,H,-,A,A,0,NA,NA,NA,NA,Y,NA,A,01,0,0,2,0,0,0,0,0,0,-,-,NA,NA,LOS ANGELES,LOS ANGELES,-118.5361099243164,34.26454162597656
8882802,2019,2019-07-11,1942,2019-05-24,1125,43460,LOS A,5,5,7,1942,0,0,0,NA,0,17A49,DEVONSHIRE,MASON,100,E,N,A,-,N,NA,NA,NA,NA,NA,NA,NA,NA,NA,Y,4,0,2,2,A,-,09,21804,A,N,B,C,A,A,H,-,A,D,0,NA,NA,NA,NA,Y,NA,-,NA,0,0,2,0,0,0,0,0,0,-,-,NA,NA,LOS ANGELES,LOS ANGELES,-118.57950592041016,34.257259368896484
8882803,2019,2019-07-11,1942,2019-05-23,1740,38326,1718,4,5,7,1942,0,0,0,Q,0,17A49,SAN FERNANDO MISSION BL,GAYNOR AV,0,NA,Y,A,-,N,NA,NA,NA,NA,NA,NA,NA,NA,NA,N,4,0,2,2,A,-,09,21804,A,N,D,C,A,A,H,-,A,A,0,NA,NA,NA,NA,Y,NA,A,01,0,0,2,0,0,0,0,0,0,-,-,NA,NA,LOS ANGELES,LOS ANGELES,-118.48036956787108,34.271888732910156
8882805,2019,2019-07-11,1942,2019-05-26,1645,39085,1764,7,5,7,1942,0,0,0,Q,0,17A81,TAMPA AV,PLUMMER ST,30,N,N,B,C,N,NA,NA,NA,NA,NA,NA,NA,NA,NA,N,4,0,1,1,A,-,03,22350,NA,N,E,I,A,B,H,-,A,D,0,NA,NA,NA,NA,Y,NA,A,01,0,0,1,0,0,0,0,0,0,-,-,NA,NA,LOS ANGELES,LOS ANGELES,-118.5535888671875,34.24281311035156
8882806,2019,2019-07-29,1942,2019-05-26,1810,43161,1764,7,5,7,1942,0,0,0,Q,0,17X22,TAMPA AV,PLUMMER ST,0,NA,Y,B,-,N,NA,NA,NA,NA,NA,NA,NA,NA,NA,N,4,0,1,2,A,-,09,21801,A,N,H,C,A,B,H,-,A,A,0,NA,NA,NA,NA,Y,NA,A,07,0,0,1,0,0,0,0,0,0,-,-,NA,NA,LOS ANGELES,LOS ANGELES,-118.5535888671875,34.24272918701172
8882807,2019,2019-07-11,1942,2019-05-20,1505,33294,1717,1,5,7,1942,0,0,0,Q,0,17A49,SAN FERNANDO MISSION BL,WOODLEY AV,0,NA,Y,A,-,N,NA,NA,NA,NA,NA,NA,NA,NA,NA,N,3,0,1,2,A,-,10,21950,A,N,G,B,B,A,H,-,A,A,0,Y,NA,NA,NA,Y,NA,A,01,0,1,0,0,1,0,0,0,0,-,-,NA,NA,LOS ANGELES,LOS ANGELES,-118.48470306396484,34.27191925048828
8882809,2019,2019-07-11,1942,2019-05-27,0550,34599,1753,1,5,7,1942,0,0,0,Q,0,17A81,WINNETKA AV,LASSEN ST,0,NA,Y,A,-,N,NA,NA,NA,NA,NA,NA,NA,NA,NA,N,4,0,2,2,A,-,12,21453,A,N,D,C,A,A,H,-,B,A,0,NA,NA,NA,NA,Y,NA,A,01,0,0,2,0,0,0,0,0,0,-,-,NA,NA,LOS ANGELES,LOS ANGELES,-118.57122039794922,34.2499885559082
8882810,2019,2019-07-11,1942,2019-05-22,1540,36733,1737,3,5,7,1942,0,0,0,Q,0,17A35,HAYVENHURST AV,SAN FERNANDO MISSION BL,0,NA,Y,A,-,N,NA,NA,NA,NA,NA,NA,NA,NA,NA,Y,4,0,1,2,A,-,09,21801,A,N,D,C,A,A,H,-,A,D,0,NA,NA,NA,NA,Y,NA,A,01,0,0,1,0,0,0,0,0,0,-,-,NA,NA,LOS ANGELES,LOS ANGELES,-118.49343872070313,34.271968841552734
8882811,2019,2019-07-11,1942,2019-05-29,0650,27792,1028,3,5,7,1942,0,0,0,J,0,NA,BALBOA BL,SHERMAN WY,0,NA,N,B,-,N,NA,NA,NA,NA,NA,NA,NA,NA,NA,Y,4,0,1,2,D,-,00,NA,NA,N,D,C,A,A,H,-,A,A,0,NA,NA,NA,NA,Y,NA,-,-,0,0,1,0,0,0,0,0,0,-,-,NA,NA,LOS ANGELES,LOS ANGELES,-118.50112152099608,34.201229095458984
8882812,2019,2019-07-11,1942,2019-05-29,0935,39956,1785,3,5,7,1942,0,0,0,Q,0,17A1,NORDHOFF ST,RESEDA BL,0,NA,Y,A,-,N,NA,NA,NA,NA,NA,NA,NA,NA,NA,Y,4,0,2,2,A,-,08,22107,NA,N,C,C,A,A,H,-,A,A,0,NA,NA,NA,NA,Y,NA,A,07,0,0,2,0,0,0,0,0,0,-,-,NA,NA,LOS ANGELES,LOS ANGELES,-118.5360870361328,34.23543930053711
8882813,2019,2019-07-11,1942,2019-05-27,1905,36599,1779,1,5,7,1942,0,0,0,Q,0,17A95,LASSEN ST,AQUEDUCT AV,0,NA,Y,A,-,N,NA,NA,NA,NA,NA,NA,NA,NA,NA,Y,3,0,2,3,A,-,09,21802,A,N,D,C,A,A,H,-,A,A,0,NA,NA,NA,NA,Y,NA,A,01,0,1,1,0,0,0,0,0,0,-,-,NA,NA,LOS ANGELES,LOS ANGELES,-118.47402191162108,34.25008010864258
8882814,2019,2019-07-11,1942,2019-05-20,1745,43586,1783,1,5,7,1942,0,0,0,Q,0,17X22,PLUMMER ST,VANALDEN AV,0,NA,Y,A,-,N,NA,NA,NA,NA,NA,NA,NA,NA,NA,Y,4,0,2,2,A,-,12,21453,A,N,D,C,A,A,H,-,A,A,0,NA,NA,NA,NA,Y,NA,A,07,0,0,2,0,0,0,0,0,0,-,-,NA,NA,LOS ANGELES,LOS ANGELES,-118.54920196533205,34.24272918701172
8882815,2019,2019-07-11,1942,2019-05-31,1750,42794,1006,5,5,7,1942,0,0,0,J,0,10X88,ROSCOE ST,LOUISE AV,0,NA,Y,A,-,N,NA,NA,NA,NA,NA,NA,NA,NA,NA,Y,4,0,5,2,A,-,09,21801,A,N,D,C,A,A,H,-,A,A,0,NA,NA,NA,NA,Y,NA,-,NA,0,0,5,0,0,0,0,0,0,-,-,NA,NA,LOS ANGELES,LOS ANGELES,-118.50985717773438,34.22113037109375
8882817,2019,2019-07-11,1942,2019-05-28,1445,38687,1745,2,5,7,1942,0,0,0,Q,0,17A49,CHATSWORTH ST,BALBOA BL,114,W,N,A,-,N,NA,NA,NA,NA,NA,NA,NA,NA,NA,N,3,0,1,2,A,-,08,22107,NA,N,D,C,A,A,H,-,A,A,0,NA,NA,Y,NA,Y,NA,A,07,0,1,0,0,0,0,0,0,1,-,-,NA,NA,LOS ANGELES,LOS ANGELES,-118.5026397705078,34.26479721069336
8882818,2019,2019-07-11,1942,2019-05-29,1545,41125,1745,3,5,7,1942,0,0,0,Q,0,17A49,CHATSWORTH ST,WHITE OAK AV,0,NA,Y,A,-,N,NA,NA,NA,NA,NA,NA,NA,NA,NA,N,4,0,2,2,A,-,09,21801,A,N,A,C,A,A,H,-,A,A,0,NA,NA,NA,NA,Y,NA,A,01,0,0,2,0,0,0,0,0,0,-,-,NA,NA,LOS ANGELES,LOS ANGELES,-118.51976776123048,34.264869689941406
8882819,2019,2019-07-11,1942,2019-05-31,1715,42564,1011,5,5,7,1942,0,0,0,J,0,10X18,CORBIN AV,SATICOY ST,10,N,N,A,-,N,NA,NA,NA,NA,NA,NA,NA,NA,NA,N,4,0,2,2,A,-,09,21801,NA,N,A,C,A,A,H,-,A,A,0,NA,NA,NA,NA,Y,NA,-,NA,0,0,2,0,0,0,0,0,0,-,-,NA,NA,LOS ANGELES,LOS ANGELES,-118.56227111816406,34.20836639404297
8882820,2019,2019-07-11,1942,2019-05-29,1210,33294,1767,3,5,7,1942,0,0,0,Q,0,17A67,LINDLEY AV,LASSEN ST,0,NA,Y,A,-,N,NA,NA,NA,NA,NA,NA,NA,NA,NA,Y,3,0,2,2,A,-,12,21453,A,N,D,C,A,A,H,-,A,A,0,NA,NA,NA,NA,Y,NA,A,01,0,2,0,0,0,0,0,0,0,-,-,NA,NA,LOS ANGELES,LOS ANGELES,-118.52735137939452,34.25
8882821,2019,2019-07-10,1942,2019-05-27,1140,35481,1776,1,5,7,1942,0,0,0,Q,0,9TL54,NORDHOFF ST,BALBOA BL,315,E,N,A,-,N,NA,NA,NA,NA,NA,NA,NA,NA,NA,Y,4,0,2,2,A,-,07,21658,A,N,A,C,A,A,H,-,A,D,0,NA,NA,NA,NA,Y,NA,A,01,0,0,2,0,0,0,0,0,0,-,-,NA,NA,LOS ANGELES,LOS ANGELES,-118.50147247314452,34.23571014404297
8882822,2019,2019-07-10,1942,2019-05-30,1310,32319,1028,4,5,7,1942,0,0,0,J,0,10A17,HAYVENHURST AV,SHERMAN WY,0,NA,Y,A,-,N,NA,NA,NA,NA,NA,NA,NA,NA,NA,Y,3,0,1,2,A,-,09,21801,A,N,D,C,A,A,H,-,A,A,0,NA,NA,NA,NA,Y,NA,A,01,0,1,0,0,0,0,0,0,0,-,-,NA,NA,LOS ANGELES,LOS ANGELES,-118.4924087524414,34.201229095458984
8882823,2019,2019-07-10,1924,2019-05-31,1535,80431,46,5,5,5,1924,0,0,0,NA,0,8T3,REDONDO BEACH BL,CATALINA AV,0,NA,Y,A,-,N,NA,NA,NA,NA,NA,NA,NA,NA,NA,Y,4,0,2,2,A,-,09,21801,A,N,D,C,A,A,H,-,A,D,0,NA,NA,NA,NA,Y,NA,A,01,0,0,2,0,0,0,0,0,0,-,-,33.90180969238281,-118.29492950439452,LOS ANGELES,GARDENA,-118.29503631591795,33.89237976074219
8882824,2019,2019-07-10,1924,2019-05-30,0938,80434,29,4,5,5,1924,0,0,0,NA,0,0G3,CRENSHAW BL,MANHATTAN BEACH BL,0,NA,Y,A,-,N,NA,NA,NA,NA,NA,NA,NA,NA,NA,Y,3,0,1,3,A,-,09,21801,A,N,A,C,A,A,H,-,A,A,0,NA,NA,NA,NA,Y,NA,A,07,0,1,0,0,0,0,0,0,0,-,-,33.887428283691406,-118.32650756835938,LOS ANGELES,GARDENA,-118.3265380859375,33.88739013671875
8882825,2019,2019-07-10,1924,2019-05-29,0846,80370,21,3,5,5,1924,0,0,0,NA,0,8L3D,MARINE AV,VAN NESS AV,0,NA,Y,A,-,N,NA,NA,NA,NA,NA,NA,NA,NA,NA,N,4,0,1,2,A,-,09,21801,A,N,D,D,A,A,H,-,A,A,0,NA,NA,NA,NA,Y,NA,A,01,0,0,1,0,0,0,0,0,0,-,-,33.89466857910156,-118.31783294677734,LOS ANGELES,GARDENA,-118.31787109375,33.89466094970703
8882826,2019,2019-07-10,1924,2019-05-24,0926,80403,G15,5,5,5,1924,0,0,0,NA,0,8L7D,VAN NESS AV,139TH ST,135,S,N,A,-,N,NA,NA,NA,NA,NA,NA,NA,NA,NA,Y,3,0,2,2,A,-,08,22107,NA,N,B,E,A,A,H,-,A,D,0,NA,NA,NA,NA,Y,NA,A,07,0,1,1,0,0,0,0,0,0,-,-,33.905548095703125,-118.31781768798828,LOS ANGELES,GARDENA,-118.31786346435548,33.905189514160156
8882827,2019,2019-07-10,1924,2019-05-23,2058,80454,G27,4,5,5,1924,0,0,0,NA,0,8A4M,ROSECRANS AV,BERENDO AV,0,NA,Y,A,-,N,NA,NA,NA,NA,NA,NA,NA,NA,NA,Y,4,0,1,2,A,-,12,21453,A,N,D,C,A,A,H,-,C,A,0,NA,NA,NA,NA,Y,NA,A,07,0,0,1,0,0,0,0,0,0,-,-,33.90188980102539,-118.2939682006836,LOS ANGELES,GARDENA,-118.29390716552734,33.90190124511719
8882828,2019,2019-07-10,1924,2019-05-21,1718,80349,04,2,5,5,1924,0,0,0,NA,0,8T5,REDONDO BEACH BL,DENKER AV,0,NA,Y,A,-,N,NA,NA,NA,NA,NA,NA,NA,NA,NA,N,4,0,1,2,A,-,09,21801,A,N,D,C,A,A,H,-,A,A,0,NA,NA,Y,NA,Y,NA,A,01,0,0,1,0,0,0,0,0,1,-,-,33.889930725097656,-118.30477142333984,LOS ANGELES,GARDENA,-118.3047103881836,33.889949798583984
8882832,2019,2019-07-10,1900,2019-05-06,1510,620925,0563,1,5,3,1968,0,0,0,NA,0,55T1PM,DURFEE AV,PECK RD,0,NA,Y,A,-,N,NA,NA,NA,NA,NA,NA,NA,NA,NA,N,3,0,1,2,A,-,12,21453,A,N,D,C,A,A,H,-,A,A,0,NA,NA,NA,NA,Y,NA,A,07,0,1,0,0,0,0,0,0,0,-,-,34.03620147705078,-118.0385971069336,LOS ANGELES,SOUTH EL MONTE,-118.03855895996094,34.036251068115234
8882833,2019,2019-07-10,1942,2019-05-03,0540,41158,1685,5,5,7,1942,0,0,0,P,0,16A81,STAGG ST,LANKERSHIM BL,0,NA,Y,A,-,N,NA,NA,NA,NA,NA,NA,NA,NA,NA,N,3,0,1,2,A,-,10,21950,NA,N,G,B,B,A,H,-,C,A,0,Y,NA,NA,NA,Y,NA,N,60,0,1,0,0,1,0,0,0,0,-,-,NA,NA,LOS ANGELES,LOS ANGELES,-118.38777923583984,34.212100982666016
8882834,2019,2019-07-10,1942,2019-05-04,1450,42314,1653,6,5,7,1942,0,0,0,P,0,16A23,TELFAIR AV,MONTAGUE ST,700,N,N,A,-,N,NA,NA,NA,NA,NA,NA,NA,NA,NA,N,3,0,1,2,A,-,11,21954,A,N,G,B,D,A,H,-,A,D,0,Y,NA,NA,NA,Y,NA,N,60,0,1,0,0,1,0,0,0,0,-,-,NA,NA,LOS ANGELES,LOS ANGELES,-118.41133880615234,34.2501106262207
8882835,2019,2019-07-10,1942,2019-05-03,0850,40634,1689,5,5,7,1942,0,0,0,P,0,NA,SUNLAND BL,CROCKETT ST,180,E,N,A,-,N,NA,NA,NA,NA,NA,NA,NA,NA,NA,Y,3,0,1,3,A,-,03,22350,NA,N,C,C,A,A,H,-,A,D,0,NA,NA,NA,NA,Y,NA,A,07,0,1,0,0,0,0,0,0,0,-,-,NA,NA,LOS ANGELES,LOS ANGELES,-118.36775970458984,34.220603942871094
8882836,2019,2019-07-29,1942,2019-05-01,1400,40695,1656,3,5,7,1942,0,0,0,P,0,16A59,FOOTHILL BL,ORO VISTA,0,NA,Y,A,-,N,NA,NA,NA,NA,NA,NA,NA,NA,NA,Y,3,0,1,2,A,-,09,21801,NA,N,D,C,A,A,H,-,A,A,0,NA,NA,NA,NA,Y,NA,-,NA,0,1,0,0,0,0,0,0,0,-,-,NA,NA,LOS ANGELES,LOS ANGELES,-118.31575775146484,34.25968933105469
8882837,2019,2019-07-10,1942,2019-05-02,1150,35867,1657,4,5,7,1942,0,0,0,P,0,16A59,VALMONT ST,TUJUNGA CANYON BL,15,W,N,B,-,N,NA,NA,NA,NA,NA,NA,NA,NA,NA,Y,3,0,1,2,D,-,00,NA,NA,N,E,I,A,A,H,-,A,D,0,NA,NA,NA,NA,Y,NA,-,-,0,1,0,0,0,0,0,0,0,-,-,NA,NA,LOS ANGELES,LOS ANGELES,-118.29110717773438,34.2523307800293
8882838,2019,2019-07-29,1942,2019-05-02,1450,42051,1677,4,5,7,1942,0,0,0,P,0,16A77,GLENOAKS BL,LANARK ST,0,NA,Y,A,-,N,NA,NA,NA,NA,NA,NA,NA,NA,NA,Y,3,0,3,2,A,-,09,21801,A,N,D,C,A,A,H,-,A,A,0,NA,NA,NA,NA,Y,NA,A,01,0,1,2,0,0,0,0,0,0,-,-,NA,NA,LOS ANGELES,LOS ANGELES,-118.35455322265624,34.21834945678711
8882839,2019,2019-07-10,1942,2019-05-01,2125,42043,1612,3,5,7,1942,0,0,0,P,0,16X2,PAXTON,BRADLEY,500,E,N,A,-,N,NA,NA,NA,NA,NA,NA,NA,NA,NA,NA,4,0,1,2,A,-,08,22107,NA,N,C,E,A,A,H,-,C,D,0,NA,NA,NA,NA,Y,NA,A,01,0,0,1,0,0,0,0,0,0,-,-,NA,NA,LOS ANGELES,LOS ANGELES,-118.42333221435548,34.275760650634766
8882840,2019,2019-07-10,1942,2019-05-01,1435,30830,1657,3,5,7,1942,0,0,0,P,0,16A59,COMMERCE AV,TUJUNGA CANYON BL,0,NA,Y,A,-,N,NA,NA,NA,NA,NA,NA,NA,NA,NA,N,4,0,1,2,A,-,11,21950,B,N,G,B,B,A,H,-,A,D,0,Y,NA,NA,NA,Y,NA,N,60,0,0,1,0,1,0,0,0,0,-,-,NA,NA,LOS ANGELES,LOS ANGELES,-118.28862762451172,34.25022888183594
8882842,2019,2019-07-10,1955,2019-05-17,2204,40510,01,5,5,6,1955,0,0,0,NA,0,005,MISSION BL,PARK AV,0,NA,Y,A,-,N,NA,NA,NA,NA,NA,NA,NA,NA,NA,N,3,0,1,2,A,-,09,21801,A,N,D,C,A,A,H,-,D,A,0,NA,NA,NA,NA,Y,NA,D,22,0,1,0,0,0,0,0,0,0,-,-,NA,NA,LOS ANGELES,POMONA,-117.75440979003906,34.054988861083984
8882846,2019,2019-07-10,1955,2019-05-21,0623,42489,084,2,5,6,1955,0,0,0,NA,0,004,GARY AV,OLIVE ST,0,NA,Y,A,-,N,NA,NA,NA,NA,NA,NA,NA,NA,NA,Y,4,0,1,2,A,-,03,22350,NA,N,D,C,A,A,H,-,A,A,0,NA,NA,NA,NA,Y,NA,A,01,0,0,1,0,0,0,0,0,0,-,-,NA,NA,LOS ANGELES,POMONA,-117.74919128417967,34.029659271240234
8882861,2019,2019-07-22,1941,2019-06-16,1915,11108,NA,7,5,7,1941,0,0,0,NA,0,NA,15TH PL,OCEAN BL,0,NA,Y,A,-,N,NA,NA,NA,NA,NA,NA,NA,NA,NA,N,4,0,2,2,A,-,15,21235,A,N,D,C,A,A,H,-,A,D,0,NA,NA,Y,NA,Y,NA,C,NA,0,0,2,0,0,0,0,0,2,-,-,NA,NA,LOS ANGELES,LONG BEACH,-118.16889190673828,33.76456069946289
8882862,2019,2019-08-15,1941,2019-06-13,0730,6033,NA,4,5,7,1941,0,0,0,NA,0,NA,CARSON AV,FACULTY,0,NA,Y,B,-,N,NA,NA,NA,NA,NA,NA,NA,NA,NA,Y,4,0,2,2,A,-,09,21802,A,N,D,C,A,A,H,-,A,A,0,NA,NA,NA,NA,Y,NA,A,NA,0,0,2,0,0,0,0,0,0,-,-,NA,NA,LOS ANGELES,LONG BEACH,-118.13739013671876,33.83238983154297
8882863,2019,2019-07-23,1942,2019-06-19,1135,38687,1636,3,5,7,1942,0,0,0,P,0,16A35,SUNLAND BL,NOHLES DR,150,W,N,A,-,N,NA,NA,NA,NA,NA,NA,NA,NA,NA,N,4,0,1,3,A,-,05,21460,A,F,B,C,A,A,H,-,A,A,0,NA,NA,NA,NA,Y,NA,-,99,0,0,1,0,0,0,0,0,0,-,-,NA,NA,LOS ANGELES,LOS ANGELES,-118.33458709716795,34.25979232788086
8882864,2019,2019-07-23,1942,2019-06-07,1240,32263,1757,5,5,7,1942,0,0,0,Q,0,17A49,MAYALL ST,RUBIO AV,0,NA,N,A,-,N,NA,NA,NA,NA,NA,NA,NA,NA,NA,N,3,0,1,2,C,-,18,NA,NA,N,G,B,E,A,H,-,A,D,0,Y,NA,NA,NA,Y,NA,-,-,0,1,0,0,1,0,0,0,0,-,-,NA,NA,LOS ANGELES,LOS ANGELES,-118.49585723876952,34.25381088256836
8882865,2019,2019-07-22,1941,2019-06-16,2152,10850,NA,7,5,7,1941,0,0,0,NA,0,NA,3RD ST,ALAMITOS AV,0,NA,Y,A,-,N,NA,NA,NA,NA,NA,NA,NA,NA,NA,N,4,0,1,2,A,-,04,21703,NA,N,C,C,A,A,H,-,C,A,0,NA,NA,NA,NA,Y,NA,A,NA,0,0,1,0,0,0,0,0,0,-,-,NA,NA,LOS ANGELES,LONG BEACH,-118.18167877197266,33.77048873901367
8882866,2019,2019-07-22,1941,2019-06-14,1144,10807,NA,5,5,7,1941,0,0,0,NA,0,NA,PARAMOUNT BL,E 70TH ST,0,NA,Y,A,-,N,NA,NA,NA,NA,NA,NA,NA,NA,NA,N,4,0,1,2,A,-,09,21802,A,N,B,C,A,A,H,-,A,A,0,NA,NA,NA,NA,Y,NA,A,NA,0,0,1,0,0,0,0,0,0,-,-,NA,NA,LOS ANGELES,LONG BEACH,-118.16007232666016,33.88195037841797
8882867,2019,2019-07-23,1942,2019-06-14,2030,37613,1585,5,5,7,1942,0,0,0,O,0,15A85,VENTURA BL,VINELAND AV,290,E,N,A,-,N,NA,NA,NA,NA,NA,NA,NA,NA,NA,Y,3,0,1,2,A,-,09,21801,A,F,H,A,A,A,H,-,C,D,0,NA,NA,Y,NA,Y,NA,-,99,0,1,0,0,0,0,0,0,1,-,-,NA,NA,LOS ANGELES,LOS ANGELES,-118.36934661865234,34.140113830566406
8882868,2019,2019-07-23,1942,2019-06-08,1645,38399,1097,6,5,7,1942,0,0,0,J,0,19TL72,LOUISE AV,PORTICO PL,150,N,N,A,-,N,NA,NA,NA,NA,NA,NA,NA,NA,NA,Y,3,0,1,3,A,-,03,22350,NA,N,C,E,A,A,H,-,A,D,0,NA,NA,NA,NA,Y,NA,A,07,0,1,0,0,0,0,0,0,0,-,-,NA,NA,LOS ANGELES,LOS ANGELES,-118.508875,34.153657
8882869,2019,2019-08-15,1941,2019-06-14,0753,10997,NA,5,5,7,1941,0,0,0,NA,0,NA,WILLOW ST,BELLFLOWER BL,0,NA,N,B,-,N,NA,NA,NA,NA,NA,NA,NA,NA,NA,Y,4,0,1,3,A,-,12,21453,A,N,D,C,A,A,H,-,A,A,0,NA,NA,Y,NA,Y,NA,A,NA,0,0,1,0,0,0,0,0,0,-,-,NA,NA,LOS ANGELES,LONG BEACH,-118.12535858154295,33.803340911865234
8882870,2019,2019-07-23,1942,2019-06-13,0550,43202,1695,4,5,7,1942,0,0,0,P,0,16A23,VINELAND AV,SATICOY ST,35,N,N,A,-,N,NA,NA,NA,NA,NA,NA,NA,NA,NA,N,3,0,1,2,A,-,08,22107,NA,F,B,C,A,A,H,-,A,A,0,NA,NA,NA,NA,Y,Y,-,99,0,1,0,0,0,0,0,0,0,-,-,NA,NA,LOS ANGELES,LOS ANGELES,-118.37033081054688,34.208534240722656
8882871,2019,2019-07-23,1942,2019-06-06,2225,43421,1007,4,5,7,1942,0,0,0,J,0,10A3,ROSCOE BL,LOUISE AV,28,E,N,A,-,N,NA,NA,NA,NA,NA,NA,NA,NA,NA,N,2,0,1,2,A,-,11,21954,A,N,G,B,D,A,H,-,D,A,0,Y,NA,NA,NA,Y,NA,N,60,1,0,0,0,1,0,0,0,0,-,-,NA,NA,LOS ANGELES,LOS ANGELES,-118.509765625,34.22113037109375
8882872,2019,2019-07-23,1942,2019-06-16,0340,38948,1001,7,5,7,1942,0,0,0,J,0,1A83-W,ROSCOE BL,CALVIN AV,0,E,N,A,-,N,NA,NA,NA,NA,NA,NA,NA,NA,NA,N,3,0,1,2,A,-,03,22350,NA,F,G,B,E,A,H,-,C,D,0,Y,NA,NA,NA,Y,NA,-,99,0,1,0,0,1,0,0,0,0,-,-,NA,NA,LOS ANGELES,LOS ANGELES,-118.55574798583984,34.22045135498047
8882873,2019,2019-07-22,1941,2019-06-13,1633,11410,NA,4,5,7,1941,0,0,0,NA,0,NA,ATLANTIC AV,21ST ST,0,NA,Y,A,-,N,NA,NA,NA,NA,NA,NA,NA,NA,NA,Y,4,0,1,2,A,-,08,22107,NA,N,D,C,A,A,H,-,A,A,0,NA,NA,NA,NA,Y,NA,A,NA,0,0,1,0,0,0,0,0,0,-,-,NA,NA,LOS ANGELES,LONG BEACH,-118.18502807617188,33.7952995300293