CASE_ID,ACCIDENT_YEAR,PROC_DATE,JURIS,COLLISION_DATE,COLLISION_TIME,OFFICER_ID,REPORTING_DISTRICT,DAY_OF_WEEK,CHP_SHIFT,POPULATION,CNTY_CITY_LOC,SPECIAL_COND,BEAT_TYPE,CHP_BEAT_TYPE,CITY_DIVISION_LAPD,CHP_BEAT_CLASS,BEAT_NUMBER,PRIMARY_RD,SECONDARY_RD,DISTANCE,DIRECTION,INTERSECTION,WEATHER_1,WEATHER_2,STATE_HWY_IND,CALTRANS_COUNTY,CALTRANS_DISTRICT,STATE_ROUTE,ROUTE_SUFFIX,POSTMILE_PREFIX,POSTMILE,LOCATION_TYPE,RAMP_INTERSECTION,SIDE_OF_HWY,TOW_AWAY,COLLISION_SEVERITY,NUMBER_KILLED,NUMBER_INJURED,PARTY_COUNT,PRIMARY_COLL_FACTOR,PCF_CODE_OF_VIOL,PCF_VIOL_CATEGORY,PCF_VIOLATION,PCF_VIOL_SUBSECTION,HIT_AND_RUN,TYPE_OF_COLLISION,MVIW,PED_ACTION,ROAD_SURFACE,ROAD_COND_1,ROAD_COND_2,LIGHTING,CONTROL_DEVICE,CHP_ROAD_TYPE,PEDESTRIAN_ACCIDENT,BICYCLE_ACCIDENT,MOTORCYCLE_ACCIDENT,TRUCK_ACCIDENT,NOT_PRIVATE_PROPERTY,ALCOHOL_INVOLVED,STWD_VEHTYPE_AT_FAULT,CHP_VEHTYPE_AT_FAULT,COUNT_SEVERE_INJ,COUNT_VISIBLE_INJ,COUNT_COMPLAINT_PAIN,COUNT_PED_KILLED,COUNT_PED_INJURED,COUNT_BICYCLIST_KILLED,COUNT_BICYCLIST_INJURED,COUNT_MC_KILLED,COUNT_MC_INJURED,PRIMARY_RAMP,SECONDARY_RAMP,LATITUDE,LONGITUDE,COUNTY,CITY,POINT_X,POINT_Y
8884518,2019,2019-06-25,1953,2019-06-06,1014,8091,PASAD,4,5,6,1953,0,0,0,NA,0,002,LAKE AV,HOWARD ST,0,NA,Y,A,-,N,NA,NA,NA,NA,NA,NA,NA,NA,NA,N,4,0,1,2,A,-,03,22350,NA,N,C,C,A,A,H,-,A,D,0,NA,NA,NA,NA,Y,NA,A,01,0,0,1,0,0,0,0,0,0,-,-,NA,NA,LOS ANGELES,PASADENA,-118.1321029663086,34.17226028442383
8884522,2019,2019-06-25,1953,2019-06-05,2013,2039,1953,3,5,6,1953,0,0,0,NA,0,004,ROSEMEAD BL,HALSTEAD AV,265,N,N,A,-,N,NA,NA,NA,NA,NA,NA,NA,NA,NA,Y,3,0,1,1,A,-,03,22350,NA,N,A,I,A,A,H,-,C,D,0,NA,NA,NA,NA,Y,NA,A,01,0,1,0,0,0,0,0,0,0,-,-,NA,NA,LOS ANGELES,PASADENA,-118.0789031982422,34.155513763427734
8884526,2019,2019-06-25,1953,2019-06-05,1857,5595,NA,3,5,6,1953,0,0,0,NA,0,NA,S ALLEN AV,S ALLEN AV  193,0,N,N,A,-,N,NA,NA,NA,NA,NA,NA,NA,NA,NA,N,3,0,1,2,B,-,22,NA,NA,N,B,G,A,A,H,-,A,D,0,NA,Y,NA,NA,Y,NA,L,04,0,1,0,0,0,0,1,0,0,-,-,NA,NA,LOS ANGELES,PASADENA,-118.11315155029295,34.14254379272461
8884530,2019,2019-06-25,1953,2019-06-05,0931,3775,NA,3,5,6,1953,0,0,0,NA,0,005,COLORADO BL,PASADENA AV,0,NA,Y,A,-,N,NA,NA,NA,NA,NA,NA,NA,NA,NA,Y,3,0,3,2,A,-,12,21453,A,N,D,C,A,A,H,-,A,A,0,NA,NA,NA,NA,Y,NA,A,07,0,2,1,0,0,0,0,0,0,-,-,NA,NA,LOS ANGELES,PASADENA,-118.15415954589844,34.145748138427734
8884534,2019,2019-06-25,1953,2019-06-02,0400,0344,1953,7,5,6,1953,0,0,0,NA,0,003,ORANGE GROVE BL,ALLEN AV,0,NA,Y,A,-,N,NA,NA,NA,NA,NA,NA,NA,NA,NA,Y,4,0,1,2,A,-,12,21453,A,N,D,C,A,A,H,-,C,A,0,NA,NA,NA,NA,Y,NA,A,01,0,0,1,0,0,0,0,0,0,-,-,NA,NA,LOS ANGELES,PASADENA,-118.11318206787108,34.15789031982422
8884538,2019,2019-06-25,1953,2019-06-01,2343,0344,1953,6,5,6,1953,0,0,0,NA,0,001,ORANGE GROVE BL,DEL MAR BL,0,NA,Y,A,-,N,NA,NA,NA,NA,NA,NA,NA,NA,NA,N,3,0,2,2,A,-,12,21453,A,N,D,C,A,A,H,-,C,A,0,NA,NA,NA,NA,Y,NA,A,01,0,1,1,0,0,0,0,0,0,-,-,NA,NA,LOS ANGELES,PASADENA,-118.15946197509766,34.14073181152344
8884664,2019,2019-06-26,1942,2019-05-29,0910,33169,0778,3,5,7,1942,0,0,0,G,0,34M12,VENICE BL,7TH AV,115,E,N,A,-,N,NA,NA,NA,NA,NA,NA,NA,NA,NA,Y,3,0,1,2,A,-,03,22350,NA,N,A,J,A,A,H,-,A,D,0,NA,NA,Y,NA,Y,NA,C,02,0,1,0,0,0,0,0,0,1,-,-,NA,NA,LOS ANGELES,LOS ANGELES,-118.32440948486328,34.043548583984375
8884668,2019,2019-06-26,1942,2019-05-14,0450,39609,2074,2,5,7,1942,0,0,0,NA,0,20A1,PICO AV,IROLO,0,NA,Y,A,-,N,NA,NA,NA,NA,NA,NA,NA,NA,NA,Y,4,0,2,3,A,-,03,22350,NA,F,D,E,A,A,H,-,C,D,0,NA,NA,NA,NA,Y,NA,A,01,0,0,2,0,0,0,0,0,0,-,-,NA,NA,LOS ANGELES,LOS ANGELES,-118.30101776123048,34.0472297668457
8884672,2019,2019-07-08,1942,2019-05-31,1215,40914,2029,5,5,7,1942,0,0,0,NA,0,20A44,SHATTO PL,6TH ST,50,S,N,A,-,N,NA,NA,NA,NA,NA,NA,NA,NA,NA,N,3,0,1,2,A,-,10,21950,C,N,G,B,E,A,H,-,A,D,0,Y,NA,NA,NA,Y,NA,A,07,0,1,0,0,1,0,0,0,0,-,-,NA,NA,LOS ANGELES,LOS ANGELES,-118.28990173339844,34.06356430053711
8884676,2019,2019-07-08,1942,2019-05-29,1730,43418,2033,3,5,7,1942,0,0,0,NA,0,20A97,HOBART BL,WILSHIRE BL,55,S,N,A,-,N,NA,NA,NA,NA,NA,NA,NA,NA,NA,N,3,0,1,2,A,-,09,21804,A,N,H,G,A,A,H,-,A,D,0,NA,Y,NA,NA,Y,NA,A,07,0,1,0,0,0,0,1,0,0,-,-,NA,NA,LOS ANGELES,LOS ANGELES,-118.30536651611328,34.06156921386719
8884680,2019,2019-06-26,1942,2019-05-30,2100,40026,0743,4,5,7,1942,0,0,0,G,0,20A33,8TH ST,GENESEE AV,0,NA,Y,A,-,N,NA,NA,NA,NA,NA,NA,NA,NA,NA,N,2,0,1,2,A,-,10,21950,A,M,G,B,B,A,H,-,C,A,0,Y,NA,NA,NA,Y,NA,-,99,1,0,0,0,1,0,0,0,0,-,-,NA,NA,LOS ANGELES,LOS ANGELES,-118.35935974121094,34.060821533203125
8884684,2019,2019-06-26,1942,2019-05-05,2140,37770,0886,7,5,7,1942,0,0,0,H,0,14T47,ROXBURY DR,PICO BL,8,N,N,B,-,N,NA,NA,NA,NA,NA,NA,NA,NA,NA,N,3,0,1,2,A,-,10,21950,A,N,G,B,B,A,H,-,C,A,0,Y,NA,NA,NA,Y,NA,A,01,0,1,0,0,1,0,0,0,0,-,-,NA,NA,LOS ANGELES,LOS ANGELES,-118.40219879150392,34.05400085449219
8884688,2019,2019-06-26,1942,2019-05-31,1430,41054,2053,5,5,7,1942,0,0,0,NA,0,20A53,W OLYMPIC BL,S HARVARD BL,95,W,N,A,-,N,NA,NA,NA,NA,NA,NA,NA,NA,NA,N,3,0,2,2,A,-,09,21801,B,N,D,G,A,A,H,-,A,D,0,NA,Y,NA,NA,Y,NA,L,04,0,1,1,0,0,0,1,0,0,-,-,NA,NA,LOS ANGELES,LOS ANGELES,-118.30448150634766,34.0526008605957
8884692,2019,2019-06-26,1942,2019-05-22,0210,42451,0656,3,5,7,1942,0,0,0,F,0,6A77,VINE ST,SANTA MONICA BL,0,NA,Y,A,-,N,NA,NA,NA,NA,NA,NA,NA,NA,NA,N,3,0,2,2,A,-,09,21801,A,N,D,C,A,A,H,-,C,A,0,NA,NA,NA,NA,Y,NA,A,01,0,1,1,0,0,0,0,0,0,-,-,NA,NA,LOS ANGELES,LOS ANGELES,-118.32660675048828,34.09074020385742
8884696,2019,2019-06-26,1942,2019-05-23,1535,37700,0738,4,5,7,1942,0,0,0,G,0,7A17,W 3RD ST,S CITRUS AV,0,NA,Y,A,-,N,NA,NA,NA,NA,NA,NA,NA,NA,NA,Y,4,0,1,2,A,-,09,21802,A,N,D,C,A,A,H,-,A,A,0,NA,NA,NA,NA,Y,NA,A,07,0,0,1,0,0,0,0,0,0,-,-,NA,NA,LOS ANGELES,LOS ANGELES,-118.33968353271484,34.06890106201172
8884700,2019,2019-06-26,1942,2019-05-25,2025,37511,0764,6,5,7,1942,0,0,0,G,0,7A73,VENICE BL,HAUSER BL,0,NA,Y,A,-,N,NA,NA,NA,NA,NA,NA,NA,NA,NA,Y,4,0,2,2,A,-,09,21801,A,N,A,C,A,A,H,-,C,A,0,NA,NA,NA,NA,Y,NA,A,07,0,0,2,0,0,0,0,0,0,-,-,NA,NA,LOS ANGELES,LOS ANGELES,-118.35861206054688,34.04397964477539
8884703,2019,2019-06-26,1972,2019-05-30,1153,19767,NA,4,5,6,1972,0,0,0,NA,0,NA,ANZA AV,226TH ST,0,NA,Y,A,-,N,NA,NA,NA,NA,NA,NA,NA,NA,NA,N,4,0,1,2,A,-,09,21801,A,N,D,C,A,A,H,-,A,A,0,NA,NA,NA,NA,Y,NA,A,NA,0,0,1,0,0,0,0,0,0,-,-,NA,NA,LOS ANGELES,TORRANCE,-118.3599090576172,33.82366180419922
8884704,2019,2019-06-26,1942,2019-02-20,1005,34959,0733,3,5,7,1942,0,0,0,G,0,7A33,S CURSON AV,W 6TH ST,0,NA,Y,A,-,N,NA,NA,NA,NA,NA,NA,NA,NA,NA,N,4,0,1,2,A,-,10,21950,A,N,G,B,B,A,H,-,A,A,0,Y,NA,NA,NA,Y,NA,A,01,0,0,1,0,1,0,0,0,0,-,-,NA,NA,LOS ANGELES,LOS ANGELES,-118.35463714599608,34.06486129760742
8884708,2019,2019-06-26,1942,2019-05-10,1220,37700,0777,5,5,7,1942,0,0,0,G,0,7A85,VENICE BL,CRENSHAW BL,0,NA,Y,A,-,N,NA,NA,NA,NA,NA,NA,NA,NA,NA,Y,4,0,2,2,A,-,09,21801,A,N,A,C,A,A,H,-,A,A,0,NA,NA,NA,NA,Y,NA,A,01,0,0,2,0,0,0,0,0,0,-,-,NA,NA,LOS ANGELES,LOS ANGELES,-118.32840728759766,34.044700622558594
8884712,2019,2019-06-26,1942,2019-05-18,1730,42867,0753,6,5,7,1942,0,0,0,G,0,7A22,SAN VICENTE BL,GENESEE AV,0,NA,Y,A,-,N,NA,NA,NA,NA,NA,NA,NA,NA,NA,Y,4,0,1,2,A,-,09,21802,A,N,D,C,A,A,H,-,A,A,0,NA,NA,NA,NA,Y,NA,A,07,0,0,1,0,0,0,0,0,0,-,-,NA,NA,LOS ANGELES,LOS ANGELES,-118.36113739013672,34.057071685791016
8884716,2019,2019-06-26,1942,2019-05-22,1350,40849,0726,3,5,7,1942,0,0,0,G,0,7A22,3RD ST,DETROIT ST,0,NA,Y,A,-,N,NA,NA,NA,NA,NA,NA,NA,NA,NA,N,4,0,1,2,A,-,17,21228,NA,N,D,C,A,A,H,-,A,D,0,NA,NA,Y,NA,Y,NA,C,03,0,0,1,0,0,0,0,0,1,-,-,NA,NA,LOS ANGELES,LOS ANGELES,-118.34513854980467,34.06890106201172
8884720,2019,2019-06-26,1942,2019-05-24,1000,42750,0727,5,5,7,1942,0,0,0,G,0,7A17,HIGHLAND AV,1ST ST,0,NA,Y,A,-,N,NA,NA,NA,NA,NA,NA,NA,NA,NA,N,4,0,1,2,A,-,09,21802,A,N,B,C,A,A,H,-,A,A,0,NA,NA,NA,NA,Y,NA,A,01,0,0,1,0,0,0,0,0,0,-,-,NA,NA,LOS ANGELES,LOS ANGELES,-118.33865356445313,34.07358169555664
8884722,2019,2019-06-26,1909,2019-06-15,0158,584,1909,6,5,4,1909,0,0,0,NA,0,SOUTH,EASTERN AV,LIVE OAK ST,0,NA,Y,A,-,N,NA,NA,NA,NA,NA,NA,NA,NA,NA,Y,4,0,2,2,A,-,12,21453,A,N,D,C,A,A,H,-,C,A,0,NA,NA,NA,NA,Y,NA,A,01,0,0,2,0,0,0,0,0,0,-,-,NA,NA,LOS ANGELES,BELL GARDENS,-118.16512298583984,33.96575927734375
8884723,2019,2019-06-26,1942,2019-06-08,1350,42602,0705,6,5,7,1942,0,0,0,G,0,7A73,N LA BREA AV,WILLOUGHBY AV,200,N,N,A,-,N,NA,NA,NA,NA,NA,NA,NA,NA,NA,N,4,0,1,2,A,-,17,21235,G,F,G,B,F,A,H,-,A,D,0,Y,NA,Y,NA,Y,NA,C,03,0,0,1,0,1,0,0,0,0,-,-,NA,NA,LOS ANGELES,LOS ANGELES,-118.34407043457033,34.087650299072266
8884724,2019,2019-06-26,1942,2019-06-08,1235,40315,0849,6,5,7,1942,0,0,0,H,0,8TL26,OLYMPIC BL,WOOSTER ST,5,E,N,A,-,N,NA,NA,NA,NA,NA,NA,NA,NA,NA,N,3,0,1,2,A,-,08,22107,NA,N,B,C,A,A,H,-,A,A,0,NA,NA,Y,NA,Y,NA,A,01,0,1,0,0,0,0,0,0,1,-,-,NA,NA,LOS ANGELES,LOS ANGELES,-118.38242340087892,34.05936050415039
8884726,2019,2019-06-26,1909,2019-06-07,1052,563,1909,5,5,4,1909,0,0,0,NA,0,NORTH,FLORENCE AV,PERRY RD,0,NA,Y,A,-,N,NA,NA,NA,NA,NA,NA,NA,NA,NA,Y,4,0,2,2,A,-,09,21801,A,N,D,C,A,A,H,-,A,A,0,NA,NA,NA,NA,Y,NA,A,01,0,0,2,0,0,0,0,0,0,-,-,NA,NA,LOS ANGELES,BELL GARDENS,-118.1501235961914,33.96430969238281
8884727,2019,2019-06-26,1942,2019-06-18,1251,38721,0881,2,5,7,1942,0,0,0,H,0,8TL26,ARMACOST AV,MISSOURI AV,158,S,N,A,B,N,NA,NA,NA,NA,NA,NA,NA,NA,NA,N,3,0,1,2,C,-,18,NA,NA,N,E,G,A,A,H,-,A,A,0,NA,Y,NA,NA,Y,NA,-,-,0,1,0,0,0,0,1,0,0,-,-,NA,NA,LOS ANGELES,LOS ANGELES,-118.4551010131836,34.035911560058594
8884728,2019,2019-06-26,1942,2019-06-04,0800,42664,2091,2,5,7,1942,0,0,0,NA,0,6T7,CIMARRON ST,WASHINGTON BL,109,N,N,B,-,N,NA,NA,NA,NA,NA,NA,NA,NA,NA,N,3,0,1,2,A,-,21,22106,NA,N,G,B,F,A,H,-,A,D,0,Y,NA,NA,NA,Y,NA,A,01,0,1,0,0,1,0,0,0,0,-,-,NA,NA,LOS ANGELES,LOS ANGELES,-118.31553649902344,34.03990936279297
8884730,2019,2019-06-26,1909,2019-06-05,1515,563,1909,3,5,4,1909,0,0,0,NA,0,NORTH,FLORENCE AV,AJAX AV,0,NA,Y,A,-,N,NA,NA,NA,NA,NA,NA,NA,NA,NA,N,4,0,2,3,A,-,10,21950,A,N,G,B,B,A,H,-,A,A,0,Y,NA,NA,NA,Y,NA,A,08,0,0,2,0,2,0,0,0,0,-,-,NA,NA,LOS ANGELES,BELL GARDENS,-118.16329193115234,33.9676399230957
8884731,2019,2019-06-26,1942,2019-06-15,1930,39022,0753,6,5,7,1942,0,0,0,G,0,7T23,FAIRFAX AV,PACKARD ST,150,N,N,A,-,N,NA,NA,NA,NA,NA,NA,NA,NA,NA,N,4,0,1,2,A,-,10,21954,B,F,G,B,C,A,H,-,A,D,0,Y,NA,NA,NA,Y,NA,-,99,0,0,1,0,1,0,0,0,0,-,-,NA,NA,LOS ANGELES,LOS ANGELES,-118.36586761474608,34.05378723144531
8884732,2019,2019-06-26,1942,2019-06-06,2005,38090,835,4,5,7,1942,0,0,0,NA,0,6T7,SEPULVEDA BL,SANTA MONICA BL,20,N,N,C,-,N,NA,NA,NA,NA,NA,NA,NA,NA,NA,N,4,0,1,2,A,-,21,22106,NA,N,C,C,A,B,H,-,C,A,0,NA,NA,Y,NA,Y,NA,A,01,0,0,1,0,0,0,0,0,1,-,-,NA,NA,LOS ANGELES,LOS ANGELES,-118.44432830810548,34.04768371582031
8884734,2019,2019-07-08,1909,2019-06-01,2024,507,NA,6,5,4,1909,0,0,0,NA,0,NORTH,GARFIELD AV,LOVELAND ST,175,S,N,A,-,N,NA,NA,NA,NA,NA,NA,NA,NA,NA,Y,3,0,2,1,A,-,03,22350,NA,N,A,I,A,A,H,-,C,A,0,NA,NA,NA,NA,Y,NA,A,01,0,1,1,0,0,0,0,0,0,-,-,NA,NA,LOS ANGELES,BELL GARDENS,-118.14933013916016,33.96966552734375
8884735,2019,2019-06-26,1942,2019-06-16,1300,39655,2039,7,5,7,1942,0,0,0,NA,0,20A39,W 7TH ST,S WESTMORELAND AV,0,NA,Y,A,-,N,NA,NA,NA,NA,NA,NA,NA,NA,NA,N,4,0,1,2,A,-,05,21650,1,N,H,G,A,A,H,-,A,A,0,NA,Y,NA,NA,Y,NA,L,04,0,0,1,0,0,0,1,0,0,-,-,NA,NA,LOS ANGELES,LOS ANGELES,-118.28907775878906,34.05976104736328
8884736,2019,2019-06-26,1942,2019-06-09,2045,39022,2019,7,5,7,1942,0,0,0,NA,0,7TL23,1ST ST,NEW HAMPSHIRE AV,100,W,N,A,-,N,NA,NA,NA,NA,NA,NA,NA,NA,NA,Y,3,0,1,2,A,-,06,21760,C,F,H,G,A,A,H,-,C,D,0,NA,Y,NA,NA,Y,NA,A,01,0,1,0,0,0,0,1,0,0,-,-,NA,NA,LOS ANGELES,LOS ANGELES,-118.2932586669922,34.07273483276367
8884739,2019,2019-06-26,1942,2019-06-07,0847,41671,1426,5,5,7,1942,0,0,0,N,0,14A25,NATIONAL BL,SAWTELLE BL,150,E,N,B,-,N,NA,NA,NA,NA,NA,NA,NA,NA,NA,N,4,0,1,2,A,-,09,21804,A,N,H,G,A,A,H,-,A,D,0,NA,Y,NA,NA,Y,NA,A,07,0,0,1,0,0,0,1,0,0,-,-,NA,NA,LOS ANGELES,LOS ANGELES,-118.43098449707033,34.02644729614258
8884740,2019,2019-06-26,1942,2019-06-07,1031,41671,1465,5,5,7,1942,0,0,0,N,0,14A49,INGLEWOOD BL,MCDONALD ST,111,S,N,B,-,N,NA,NA,NA,NA,NA,NA,NA,NA,NA,N,3,0,1,2,A,-,09,21804,A,N,H,G,A,A,H,-,A,D,0,NA,Y,NA,NA,Y,NA,A,01,0,1,0,0,0,0,1,0,0,-,-,NA,NA,LOS ANGELES,LOS ANGELES,-118.41067504882813,33.9887809753418
8884741,2019,2019-06-26,1942,2019-05-25,0410,43491,0677,6,5,7,1942,0,0,0,F,0,6X99W3,SANTA MONICA,WILTON PL,30,E,N,A,-,N,NA,NA,NA,NA,NA,NA,NA,NA,NA,Y,4,0,1,2,A,-,04,21703,NA,F,C,C,A,A,H,-,C,D,0,NA,NA,NA,NA,Y,NA,-,99,0,0,1,0,0,0,0,0,0,-,-,NA,NA,LOS ANGELES,LOS ANGELES,-118.31346893310548,34.09075164794922
8884743,2019,2019-06-26,1942,2019-06-10,1640,41710,0822,1,5,7,1942,0,0,0,H,0,8A1-W2,SUNSET BL,PALISADES DR,642,E,N,A,-,N,NA,NA,NA,NA,NA,NA,NA,NA,NA,Y,4,0,1,1,A,-,03,22350,NA,N,E,I,A,A,H,-,A,D,0,NA,NA,Y,NA,Y,NA,C,02,0,0,1,0,0,0,0,0,1,-,-,NA,NA,LOS ANGELES,LOS ANGELES,-118.55099487304688,34.04320526123047
8884744,2019,2019-06-26,1942,2019-06-07,2042,42901,2081,5,5,7,1942,0,0,0,NA,0,20T59,VENICE BL,GRAMERCY PL,30,E,N,A,-,N,NA,NA,NA,NA,NA,NA,NA,NA,NA,Y,3,0,1,2,A,-,11,21954,A,N,G,B,D,A,H,-,C,D,0,Y,NA,NA,NA,Y,Y,N,60,0,1,0,0,1,0,0,0,0,-,-,NA,NA,LOS ANGELES,LOS ANGELES,-118.3129425048828,34.04356002807617
8884745,2019,2019-07-08,1942,2019-05-18,2245,36286,0667,6,5,7,1942,0,0,0,F,0,6A79,GOWER ST,SUNSET BL,100,S,N,C,-,N,NA,NA,NA,NA,NA,NA,NA,NA,NA,N,4,0,1,3,A,-,04,21703,NA,F,C,C,A,B,H,-,C,D,0,NA,NA,NA,NA,Y,NA,-,99,0,0,1,0,0,0,0,0,0,-,-,NA,NA,LOS ANGELES,LOS ANGELES,-118.3223114013672,34.09773635864258
8884747,2019,2019-07-08,1942,2019-06-11,1230,35729,0667,2,5,7,1942,0,0,0,F,0,20A97,BRONSON AV,SUNSET BL,20,S,N,A,-,N,NA,NA,NA,NA,NA,NA,NA,NA,NA,N,2,0,1,1,A,-,03,22350,NA,N,H,J,A,A,H,-,A,A,0,NA,NA,Y,NA,Y,NA,C,02,1,0,0,0,0,0,0,0,1,-,-,NA,NA,LOS ANGELES,LOS ANGELES,-118.3179931640625,34.097984313964844
8884748,2019,2019-06-26,1942,2019-06-08,1730,40315,0668,6,5,7,1942,0,0,0,F,0,8TL26,WESTERN AV,LEXINGTON AV,83,N,N,A,-,N,NA,NA,NA,NA,NA,NA,NA,NA,NA,N,3,0,2,2,A,-,03,22350,NA,N,H,G,A,A,H,-,A,A,0,NA,Y,NA,NA,Y,NA,L,04,0,1,1,0,0,0,1,0,0,-,-,NA,NA,LOS ANGELES,LOS ANGELES,-118.3092041015625,34.0931282043457
8884749,2019,2019-06-26,1942,2019-05-26,2120,43181,HOLLY,7,5,7,1942,0,0,0,NA,0,0647,VINE ST,SELMA AV,0,NA,Y,A,-,N,NA,NA,NA,NA,NA,NA,NA,NA,NA,Y,4,0,2,2,A,-,09,21801,A,N,A,C,A,B,H,-,B,A,0,NA,NA,NA,NA,Y,NA,A,01,0,0,2,0,0,0,0,0,0,-,-,NA,NA,LOS ANGELES,LOS ANGELES,-118.32666778564452,34.09980010986328
8884751,2019,2019-06-26,1942,2019-06-08,1128,35945,0645,6,5,7,1942,0,0,0,F,0,6A45,HOLLYWOOD BL,N ORANGE DR,153,E,N,A,-,N,NA,NA,NA,NA,NA,NA,NA,NA,NA,N,4,0,1,2,A,-,07,21658,A,N,D,C,A,A,H,-,A,A,0,NA,NA,Y,NA,Y,Y,C,03,0,0,1,0,0,0,0,0,1,-,-,NA,NA,LOS ANGELES,LOS ANGELES,-118.34121704101564,34.10154342651367
8884752,2019,2019-06-26,1942,2019-06-11,0910,42664,0715,2,5,7,1942,0,0,0,G,0,20T59,LA BREA AV,ROSEWOOD AV,187,S,N,A,-,N,NA,NA,NA,NA,NA,NA,NA,NA,NA,Y,4,0,1,2,A,-,09,21801,A,N,D,C,A,A,H,-,A,D,0,NA,NA,Y,NA,Y,NA,A,01,0,0,1,0,0,0,0,0,1,-,-,NA,NA,LOS ANGELES,LOS ANGELES,-118.34406280517578,34.07973861694336
8884753,2019,2019-06-26,1942,2019-05-25,0015,43607,0621,6,5,7,1942,0,0,0,F,0,6A31,LAUREL CANYON,MT OLYMPUS,100,N,N,A,-,N,NA,NA,NA,NA,NA,NA,NA,NA,NA,Y,2,0,1,2,A,-,08,22107,NA,N,B,C,A,A,H,-,C,D,0,NA,NA,Y,NA,Y,NA,A,07,1,0,0,0,0,0,0,0,0,-,-,NA,NA,LOS ANGELES,LOS ANGELES,-118.36610412597656,34.10395050048828
8884755,2019,2019-06-26,1942,2019-06-05,0905,37966,0882,3,5,7,1942,0,0,0,H,0,6TL7,SAWTELLE BL,OLYMPIC BL,115,N,N,A,-,N,NA,NA,NA,NA,NA,NA,NA,NA,NA,N,4,0,1,2,A,-,15,21235,A,N,D,C,A,A,H,-,A,D,0,NA,NA,Y,NA,Y,NA,C,03,0,0,1,0,0,0,0,0,1,-,-,NA,NA,LOS ANGELES,LOS ANGELES,-118.44143676757813,34.03843307495117
8884756,2019,2019-06-26,1942,2019-06-12,2250,40209,1464,3,5,7,1942,0,0,0,N,0,14A45,JEFFERSON BL,VILLAGE DR,0,NA,Y,A,-,N,NA,NA,NA,NA,NA,NA,NA,NA,NA,N,4,0,1,2,A,-,12,21453,A,F,D,G,A,A,H,-,C,A,0,NA,Y,NA,NA,Y,NA,-,99,0,0,1,0,0,0,1,0,0,-,-,NA,NA,LOS ANGELES,LOS ANGELES,-118.41636657714844,33.97822189331055
8884757,2019,2019-06-26,1942,2019-05-21,0830,38688,0625,2,5,7,1942,0,0,0,F,0,20TL59,CAHUENGA BL,PILGRIMAGE BRIDGE AV,260,N,N,A,-,N,NA,NA,NA,NA,NA,NA,NA,NA,NA,Y,4,0,3,4,A,-,03,22350,NA,N,C,C,A,A,H,-,A,A,0,NA,NA,NA,NA,Y,NA,A,01,0,0,3,0,0,0,0,0,0,-,-,NA,NA,LOS ANGELES,LOS ANGELES,NA,NA
8884759,2019,2019-06-26,1942,2019-06-09,0032,43471,1444,7,5,7,1942,0,0,0,N,0,14A25,WASHINGTON BL,ABBOTT KINNEY BL,60,E,N,A,-,N,NA,NA,NA,NA,NA,NA,NA,NA,NA,N,3,0,1,2,A,-,09,21804,A,N,D,C,A,A,H,-,C,A,0,NA,NA,Y,NA,Y,NA,C,03,0,1,0,0,0,0,0,0,0,-,-,NA,NA,LOS ANGELES,LOS ANGELES,-118.45196533203124,33.98833084106445
8884760,2019,2019-06-26,1942,2019-06-09,1545,42232,2053,7,5,7,1942,0,0,0,NA,0,20A53,OLYMPIC BL,OXFORD AV,0,NA,Y,A,-,N,NA,NA,NA,NA,NA,NA,NA,NA,NA,N,4,0,1,2,A,-,09,21804,A,N,B,B,A,A,H,-,A,D,0,NA,NA,NA,NA,Y,NA,M,94,0,0,1,0,0,0,0,0,0,-,-,NA,NA,LOS ANGELES,LOS ANGELES,-118.3074188232422,34.05266189575195
8884761,2019,2019-06-26,1942,2019-05-22,1950,41138,0656,3,5,7,1942,0,0,0,F,0,6A77,BARTON AV,N EL CENTRO AV,0,NA,Y,A,-,N,NA,NA,NA,NA,NA,NA,NA,NA,NA,N,4,0,1,2,A,-,09,21802,A,N,D,C,A,A,H,-,B,D,0,NA,NA,NA,NA,Y,NA,A,07,0,0,1,0,0,0,0,0,0,-,-,NA,NA,LOS ANGELES,LOS ANGELES,-118.32443237304688,34.08802032470703
8884763,2019,2019-06-26,1942,2019-06-12,1420,40452,0636,3,5,7,1942,0,0,0,F,0,6A63,N IVAR AV,HOLLYWOOD BL,7,S,N,A,-,N,NA,NA,NA,NA,NA,NA,NA,NA,NA,N,3,0,1,2,A,-,00,21235,B,N,H,G,A,A,H,-,A,A,0,NA,Y,NA,NA,Y,NA,L,04,0,1,0,0,0,0,1,0,0,-,-,NA,NA,LOS ANGELES,LOS ANGELES,-118.3281478881836,34.101600646972656
8884764,2019,2019-06-26,1942,2019-06-17,0811,41671,1437,1,5,7,1942,0,0,0,N,0,14A27,VENICE BL,SEPULVEDA BL,0,NA,Y,B,-,N,NA,NA,NA,NA,NA,NA,NA,NA,NA,N,4,0,1,2,A,-,05,21650,1,N,H,G,A,A,H,-,A,A,0,NA,Y,NA,NA,Y,NA,L,04,0,0,1,0,0,0,1,0,0,-,-,NA,NA,LOS ANGELES,LOS ANGELES,-118.41725158691406,34.01298141479492
8884765,2019,2019-06-26,1942,2019-05-24,1430,36940,0642,5,5,7,1942,0,0,0,F,0,6A31,N FAIRFAX AV,HOLLYWOOD BL,0,NA,Y,A,-,N,NA,NA,NA,NA,NA,NA,NA,NA,NA,N,4,0,1,3,A,-,04,21703,NA,N,-,C,A,A,H,-,A,D,0,NA,NA,NA,NA,Y,NA,A,07,0,0,1,0,0,0,0,0,0,-,-,NA,NA,LOS ANGELES,LOS ANGELES,-118.361572265625,34.10129928588867